CompanyID,BranchSite,BranchCode,BranchEmail,BranchMobile,BranchLandline,BranchAddress1,BranchAddress2,BranchCity,BranchState,BranchPostalCode,SiteIncharge,Account Branch Manager
COLLIERS - IDFC First Bank Limited (KA),80151 - IDFC - BANGALORE RESIDENCY ROAD BRANCH,80151,vamshi.pm@colliers.com,9113632680,,"RESIDENCY BUILDING, PLOT NO. 79, RESIDENCY ROAD, RICHMOND TOWN, RICHMOND TOWN, 560025","RESIDENCY BUILDING, PLOT NO. 79, RESIDENCY ROAD, RICHMOND TOWN, RICHMOND TOWN, 560025",BANGALORE,KARNATAKA,,,Anshu Kumar Maurya
COLLIERS - IDFC First Bank Limited(AP-TS),80201 - IDFC - HYDERABAD JUBILEE TOWN BRANCH,80201,vamshi.pm@colliers.com,8904597663,,"PLOT NO 83 84, PUNNAIAH PLAZA, NEAR JUBILEE HILLS CHECK POSY, ROAD NO 2, BANJARA HILLS, HYDERABAD 500 034.","PLOT NO 83 84, PUNNAIAH PLAZA, NEAR JUBILEE HILLS CHECK POSY, ROAD NO 2, BANJARA HILLS, HYDERABAD 500 034.",HYDERABAD,TELANGANA,,,DEEPAK KUMAR
COLLIERS - IDFC First Bank Limited (TN-KL),10107 / 80101 - IDFC - CHENNAI - KRM TOWERS,10107 / 80101,vamshi.pm@colliers.com,8754408908,,"KRM TOWERS, 7TH FLOOR, NO. 1 HARRINGTON ROAD, CHETPET, CHENNAI - 600 031, TAMIL NADU","KRM TOWERS, 7TH FLOOR, NO. 1 HARRINGTON ROAD, CHETPET, CHENNAI - 600 031, TAMIL NADU",CHENNAI,TAMIL NADU,,,PADAM LOCHAN MALLICK
COLLIERS - IDFC First Bank Limited (TN-KL),80102 - IDFC - NUNGAMBAKKAM BRANCH,80102,vamshi.pm@colliers.com,8754408908,,"TAHERA MANOR, GROUND FLOOR FIRST FLOOR,, NUNGAMBAKKAM HIGH ROAD,CHENNAI, NUNGAMBAKKAM, NUNGAMBAKKAM, 600034","TAHERA MANOR, GROUND FLOOR FIRST FLOOR,, NUNGAMBAKKAM HIGH ROAD,CHENNAI, NUNGAMBAKKAM, NUNGAMBAKKAM, 600034",CHENNAI,TAMIL NADU,,,PADAM LOCHAN MALLICK
COLLIERS - IDFC First Bank Limited (KA),80281 - IDFC - HUBBALLI BRANCH,80281,vamshi.pm@colliers.com,9113632680,,"GROUND FLOOR,PLOT NO. 26, CTS NO. 441/A, 5 A, CHALLAMARAD BUILDING , VIVEKANAND HOSPITAL ROAD, DESHPANDE NAGAR, HUBBALLI, KARNATAKA - 580029","GROUND FLOOR,PLOT NO. 26, CTS NO. 441/A, 5 A, CHALLAMARAD BUILDING , VIVEKANAND HOSPITAL ROAD, DESHPANDE NAGAR, HUBBALLI, KARNATAKA - 580029",HUBLI,KARNATAKA,,,Anshu Kumar Maurya
COLLIERS - IDFC First Bank Limited (KA),89302 - IDFC - HUBLI - REGIONAL OFFICE,89302,vamshi.pm@colliers.com,9113632680,,"SAI TOWERS , 1ST 2ND FLOOR, NEHRU NAGAR,, SURVEY NO. 611/B, GOKUL ROAD, HUBLI, HUBLI, HUBLI, 580030","SAI TOWERS , 1ST 2ND FLOOR, NEHRU NAGAR,, SURVEY NO. 611/B, GOKUL ROAD, HUBLI, HUBLI, HUBLI, 580030",HUBLI,KARNATAKA,,,Anshu Kumar Maurya
COLLIERS - IDFC First Bank Limited (KA),89101 - IDFC - PRIDE HULKUL - BANGALORE CONSUMER SALES HUB,89101,vamshi.pm@colliers.com,9113632680,,"2ND FLOOR PART,PRIDE HULKUL, 116, LALBAGH MAIN ROAD, BANGALORE 560027, BANGALORE, BANGALORE, 560027","2ND FLOOR PART,PRIDE HULKUL, 116, LALBAGH MAIN ROAD, BANGALORE 560027, BANGALORE, BANGALORE, 560027",BANGALORE,KARNATAKA,,,Anshu Kumar Maurya
COLLIERS - IDFC First Bank Limited(AP-TS),89102 - IDFC - KOTTURPURAM - CHENNAI CONSUMER SALES HUB,89102,vamshi.pm@colliers.com,9945092549,,"PLOT NO.7B GANDHI MANDAPAM ROAD, GANDHI MANDAPAM ROAD, KOTTURPURAM, CHENNAI, CHENNAI, 600085","PLOT NO.7B GANDHI MANDAPAM ROAD, GANDHI MANDAPAM ROAD, KOTTURPURAM, CHENNAI, CHENNAI, 600085",CHENNAI,TAMIL NADU,,,PADAM LOCHAN MALLICK
COLLIERS - IDFC First Bank Limited(AP-TS),80381 - IDFC - GUNTUR BRANCH,80381,vamshi.pm@colliers.com,8904597663,,"FIRST FLOOR, BG ARCADE,NAGARAM PALEM MAIN ROA, NEXT TO ALANKAR FUNCTION HALL, GUNTUR, GUNTUR, 522004","FIRST FLOOR, BG ARCADE,NAGARAM PALEM MAIN ROA, NEXT TO ALANKAR FUNCTION HALL, GUNTUR, GUNTUR, 522004",GUNTUR,ANDHRA PRADESH,,,DIWAKAR PANDIT
COLLIERS - IDFC First Bank Limited(AP-TS),80391 - IDFC - VIJAYWADA BRANCH,80391,vamshi.pm@colliers.com,8904597663,,"FIRST FLOOR, MADHURSREE BUILDING,, 61-3/1-12, SERVICE ROAD, NH-5, VIJAYWADA, VIJAYWADA, 520013","FIRST FLOOR, MADHURSREE BUILDING,, 61-3/1-12, SERVICE ROAD, NH-5, VIJAYWADA, VIJAYWADA, 520013",VIJAYAWADA,ANDHRA PRADESH,,,DIWAKAR PANDIT
COLLIERS - IDFC First Bank Limited (KA),80256 - IDFC - BELAGAVI BRANCH,80256,vamshi.pm@colliers.com,9113632680,,"GROUND FLOOR, CTS NO.187 G F, SHUKRAWAR PETH, AZAD TALKIES ROAD, TILAKWADI, BELAGAVI, KARNATAKA- 590006","GROUND FLOOR, CTS NO.187 G F, SHUKRAWAR PETH, AZAD TALKIES ROAD, TILAKWADI, BELAGAVI, KARNATAKA- 590006",BELGAUM,KARNATAKA,,,Anshu Kumar Maurya
COLLIERS - IDFC First Bank Limited(AP-TS),80401 - IDFC - RAJAHMUNDRY BRANCH,80401,vamshi.pm@colliers.com,8904597663,,"GROUND FLOOR, 79-02-03, PRASANTI ESTATES, V L, TILAK ROAD, RAJAHMUNDRY, ANDHRA PRADESH, RAJAHMUNDRY, RAJAHMUNDRY, 533103","GROUND FLOOR, 79-02-03, PRASANTI ESTATES, V L, TILAK ROAD, RAJAHMUNDRY, ANDHRA PRADESH, RAJAHMUNDRY, RAJAHMUNDRY, 533103",RAJAHMUNDRY,ANDHRA PRADESH,,,DIWAKAR PANDIT
COLLIERS - IDFC First Bank Limited (KA),80333 - IDFC - HOSUR BRANCH,80333,vamshi.pm@colliers.com,9113632680,,"NO. 942 WARD NO. 2, KUSHTAGI ROAD, TALUKA BADAMI, BAGALKOTE, HOSUR, HOSUR, 587114","NO. 942 WARD NO. 2, KUSHTAGI ROAD, TALUKA BADAMI, BAGALKOTE, HOSUR, HOSUR, 587114",HOSUR,KARNATAKA,,,Anshu Kumar Maurya
COLLIERS - IDFC First Bank Limited (TN-KL),80451 - IDFC - TIRUCHIRAPPALLI BRANCH,80451,vamshi.pm@colliers.com,8754408908,,"C 102 GROUND FLOOR, 11TH CROSS STREET, THILLAI NAGAR WEST, TIRUCHIRAPPALLI 620018.","C 102 GROUND FLOOR, 11TH CROSS STREET, THILLAI NAGAR WEST, TIRUCHIRAPPALLI 620018.",TIRUCHIRAPPALLI,TAMIL NADU,,,PADAM LOCHAN MALLICK
COLLIERS - IDFC First Bank Limited (KA),80471 - IDFC - SHIVAMOGGA BRANCH,80471,vamshi.pm@colliers.com,9113632680,,"GROUND FLOOR, KHATHA NO. 3598, ASSESSMENT NO. 314, WARD NO. 5, NEHRU ROAD, DURGIGUDI EXTENSION , SHIMOGA- 577201","GROUND FLOOR, KHATHA NO. 3598, ASSESSMENT NO. 314, WARD NO. 5, NEHRU ROAD, DURGIGUDI EXTENSION , SHIMOGA- 577201",SHIMOGA,KARNATAKA,,,Anshu Kumar Maurya
COLLIERS - IDFC First Bank Limited(AP-TS),80392 - IDFC - VIJAYAWADA GAYATRI NAGAR BRANCH,80392,vamshi.pm@colliers.com,8904597663,,"GROUND FLOOR, PUNNAIAH VAJRAMMA COMPLEX, 59-6-17, KANCHUKOTA VARI STREET, RAMACHANDRANAGAR, VIJAYAWADA, AP STATE, PIN CODE 520008","GROUND FLOOR, PUNNAIAH VAJRAMMA COMPLEX, 59-6-17, KANCHUKOTA VARI STREET, RAMACHANDRANAGAR, VIJAYAWADA, AP STATE, PIN CODE 520008",VIJAYAWADA,ANDHRA PRADESH,,,DIWAKAR PANDIT
COLLIERS - IDFC First Bank Limited (TN-KL),80531 - IDFC - COIMBATORE BRANCH,80531,vamshi.pm@colliers.com,8754408908,,"FIRST FLOOR , A.M.I. MIDTOWN BUILDING, , D.B.ROAD, , DOOR NO. 25A-2, RS PURAM, DB ROAD , COIMBATORE, 641002","FIRST FLOOR , A.M.I. MIDTOWN BUILDING, , D.B.ROAD, , DOOR NO. 25A-2, RS PURAM, DB ROAD , COIMBATORE, 641002",COIMBATORE,TAMIL NADU,,,PADAM LOCHAN MALLICK
COLLIERS - IDFC First Bank Limited (TN-KL),80551 - IDFC - MADURAI BRANCH,80551,vamshi.pm@colliers.com,8754408908,,"LOWER GROUND FIRST FLOOR 340 , MIG 80 FEET ROAD, ANNA NAGAR , MADURAI, 625020","LOWER GROUND FIRST FLOOR 340 , MIG 80 FEET ROAD, ANNA NAGAR , MADURAI, 625020",MADURAI,TAMIL NADU,,,PADAM LOCHAN MALLICK
COLLIERS - IDFC First Bank Limited (TN-KL),80591 - IDFC - SALEM BRANCH,80591,vamshi.pm@colliers.com,8754408908,,"GROUND FLOOR, DOOR NO 2 TO 8, MNJ COMPLEX, KALLIAPILLAI THOPPU,SKS HOSPITAL ROAD, OPP. PONNUSAMY KALYANA MANDAPAM, FAIRLANDS SALEM TAMIL NADU 636004 - TOLL FREE NO 18004198332","GROUND FLOOR, DOOR NO 2 TO 8, MNJ COMPLEX, KALLIAPILLAI THOPPU,SKS HOSPITAL ROAD, OPP. PONNUSAMY KALYANA MANDAPAM, FAIRLANDS SALEM TAMIL NADU 636004 - TOLL FREE NO 18004198332",SALEM,TAMIL NADU,,,PADAM LOCHAN MALLICK
COLLIERS - IDFC First Bank Limited (KA),80283 - IDFC - DHARWAD BRANCH,80283,vamshi.pm@colliers.com,9113632680,,"GROUND FLOOR, SURAJ ARCADE , JAYANAGAR, 1ST CROSS, SAPTHAPUR, DHARWAD 580001","GROUND FLOOR, SURAJ ARCADE , JAYANAGAR, 1ST CROSS, SAPTHAPUR, DHARWAD 580001",DHARWAD,KARNATAKA,,,Anshu Kumar Maurya
COLLIERS - IDFC First Bank Limited(AP-TS),80202 - IDFC - HYDERABAD - JUBILEE HILLS ROAD NO. 36 BRANCH,80202,vamshi.pm@colliers.com,8904597663,,"GROUND FLOOR, NO.8-2-293/82/A/1218, PLOT NO. 1218, JUBILEE HILLS CO-OP HOUSE BUILDING SOCIETY, ROAD NO. 36, JUBILEE HILLS, HYDERABAD, TELANGANA STATE, PINCODE 500033","GROUND FLOOR, NO.8-2-293/82/A/1218, PLOT NO. 1218, JUBILEE HILLS CO-OP HOUSE BUILDING SOCIETY, ROAD NO. 36, JUBILEE HILLS, HYDERABAD, TELANGANA STATE, PINCODE 500033",HYDERABAD,TELANGANA,,,DEEPAK KUMAR
COLLIERS - IDFC First Bank Limited (TN-KL),80104 - IDFC - PARRYS CORNER BRANCH,80104,vamshi.pm@colliers.com,8754408908,,"GROUND FLOOR, DOOR NO.3, DASS INDIA TOWERS, SECOND LINE BEACH ROAD, PARRYS CORNER, CHENNAI 600001","GROUND FLOOR, DOOR NO.3, DASS INDIA TOWERS, SECOND LINE BEACH ROAD, PARRYS CORNER, CHENNAI 600001",CHENNAI,TAMIL NADU,,,PADAM LOCHAN MALLICK
COLLIERS - IDFC First Bank Limited (KA),80152 - IDFC - KORAMANGALA BRANCH,80152,vamshi.pm@colliers.com,9113632680,,"GROUND FLOOR, ANUGOPAL PLAZA, NO 610, 6TH BLOCK, 80 FEET ROAD, KORAMANGALA, BENGALURU 560095","GROUND FLOOR, ANUGOPAL PLAZA, NO 610, 6TH BLOCK, 80 FEET ROAD, KORAMANGALA, BENGALURU 560095",BANGALORE,KARNATAKA,,,Anshu Kumar Maurya
COLLIERS - IDFC First Bank Limited (KA),80154 - IDFC - MALLESWARAM BRANCH,80154,vamshi.pm@colliers.com,9113632680,,"GROUND MEZZANINE FLOOR, SHANKARI HEIGHTS, 103, 15TH CROSS ROAD, BETWEEN SAMPIGE MARGOSA ROAD, MALLESWARAM, BENGALURU 560003","GROUND MEZZANINE FLOOR, SHANKARI HEIGHTS, 103, 15TH CROSS ROAD, BETWEEN SAMPIGE MARGOSA ROAD, MALLESWARAM, BENGALURU 560003",BANGALORE,KARNATAKA,,,Anshu Kumar Maurya
COLLIERS - IDFC First Bank Limited (TN-KL),80106 - IDFC - ANNA NAGAR BRANCH,80106,vamshi.pm@colliers.com,8754408908,,"FIRST FLOOR, TAMILVANNAN COMPLEX, BLOCK NO. AA 144, 3RD AVENUE, SHANTHI COLONY, ANNA NAGAR, CHENNAI 600040","FIRST FLOOR, TAMILVANNAN COMPLEX, BLOCK NO. AA 144, 3RD AVENUE, SHANTHI COLONY, ANNA NAGAR, CHENNAI 600040",CHENNAI,TAMIL NADU,,,PADAM LOCHAN MALLICK
COLLIERS - IDFC First Bank Limited (TN-KL),80105 - IDFC - ADYAR BRANCH,80105,vamshi.pm@colliers.com,8754408908,,"FIRST FLOOR, DOOR NO.9, 3RD AVENUE, INDIRA NAGAR, ADYAR, CHENNAI 600020","FIRST FLOOR, DOOR NO.9, 3RD AVENUE, INDIRA NAGAR, ADYAR, CHENNAI 600020",CHENNAI,TAMIL NADU,,,PADAM LOCHAN MALLICK
COLLIERS - IDFC First Bank Limited (TN-KL),80103 - IDFC - RA PURAM BRANCH,80103,vamshi.pm@colliers.com,8754408908,,"FIRST FLOOR, PREMISE NEW NO. 57, OLD NO.29, FIRST MAIN ROAD, OPP. BILLROTH HOSPITAL, R.A PURAM, CHENNAI 600028","FIRST FLOOR, PREMISE NEW NO. 57, OLD NO.29, FIRST MAIN ROAD, OPP. BILLROTH HOSPITAL, R.A PURAM, CHENNAI 600028",CHENNAI,TAMIL NADU,,,PADAM LOCHAN MALLICK
COLLIERS - IDFC First Bank Limited (KA),80153 - IDFC - WHITEFIELD BRANCH,80153,vamshi.pm@colliers.com,9113632680,,"GROUND FLOOR, ANMOL CARLSON COURT, FLAT NO. G-2, NEW KHATHA NO.180/614/G-02, WHITEFIELD MAIN ROAD, WHITE FIELD, OPP LOURDES CHURCH, BENGALURU 560066","GROUND FLOOR, ANMOL CARLSON COURT, FLAT NO. G-2, NEW KHATHA NO.180/614/G-02, WHITEFIELD MAIN ROAD, WHITE FIELD, OPP LOURDES CHURCH, BENGALURU 560066",BANGALORE,KARNATAKA,,,Anshu Kumar Maurya
COLLIERS - IDFC First Bank Limited (KA),80156 - IDFC - JAYANAGAR BRANCH,80156,vamshi.pm@colliers.com,9113632680,,"GROUND FLOOR, DOOR NEW NO.20, OLD NO.476, 9TH MAIN ROAD, 40TH CROSS, JAYANAGAR, 5TH BLOCK, OPP TO MAINLAND CHINA HOTEL, BENGALURU 560041","GROUND FLOOR, DOOR NEW NO.20, OLD NO.476, 9TH MAIN ROAD, 40TH CROSS, JAYANAGAR, 5TH BLOCK, OPP TO MAINLAND CHINA HOTEL, BENGALURU 560041",BANGALORE,KARNATAKA,,,Anshu Kumar Maurya
COLLIERS - IDFC First Bank Limited (KA),80155 - IDFC - INDIRANAGAR BRANCH,80155,vamshi.pm@colliers.com,9113632680,,"GROUND FLOOR, 303/A, MEENAKSHI TOWERS, 100 FT ROAD, INDIRANAGAR, BENGALURU 560008","GROUND FLOOR, 303/A, MEENAKSHI TOWERS, 100 FT ROAD, INDIRANAGAR, BENGALURU 560008",BANGALORE,KARNATAKA,,,Anshu Kumar Maurya
COLLIERS - IDFC First Bank Limited(AP-TS),80203 - IDFC - PARADISE SECUNDERABAD BRANCH,80203,vamshi.pm@colliers.com,8904597663,,"LEGEND CRYSTAL, FIRST FLOOR, SHOP NO -1, 1-7-79 AB, MANDALAY LANE, P G ROAD, SECUNDERABAD 500003","LEGEND CRYSTAL, FIRST FLOOR, SHOP NO -1, 1-7-79 AB, MANDALAY LANE, P G ROAD, SECUNDERABAD 500003",HYDERABAD,TELANGANA,,,DEEPAK KUMAR
COLLIERS - IDFC First Bank Limited (KA),80157 - IDFC - KALYAN NAGAR BRANCH,80157,vamshi.pm@colliers.com,9113632680,,"GROUND FLOOR, TRINITY COMPLEX, KALYAN NAGAR ORR, KAMMANAHALLI, BENGALURU 560043","GROUND FLOOR, TRINITY COMPLEX, KALYAN NAGAR ORR, KAMMANAHALLI, BENGALURU 560043",BANGALORE,KARNATAKA,,,Anshu Kumar Maurya
COLLIERS - IDFC First Bank Limited (KA),80158 - IDFC - SARJAPURA ROAD BRANCH,80158,vamshi.pm@colliers.com,9113632680,,"GROUND FLOOR, GRS TOWERS, SURVEY NUMBER 18/2A, SARJAPUR MAIN ROAD, BELLANDUR, BANGALORE 560102","GROUND FLOOR, GRS TOWERS, SURVEY NUMBER 18/2A, SARJAPUR MAIN ROAD, BELLANDUR, BANGALORE 560102",BANGALORE,KARNATAKA,,,Anshu Kumar Maurya
COLLIERS - IDFC First Bank Limited(AP-TS),80205 - IDFC - GACHIBOWLI BRANCH,80205,vamshi.pm@colliers.com,8904597663,,"FIRST FLOOR, SURVEY NO. 92/1, 92/3 TO 18, GHMC NO. 337/123 P 124 /1, VINAYAKNAGAR, GACHIBOWLI, HYDERABAD 500032 TELANGANA","FIRST FLOOR, SURVEY NO. 92/1, 92/3 TO 18, GHMC NO. 337/123 P 124 /1, VINAYAKNAGAR, GACHIBOWLI, HYDERABAD 500032 TELANGANA",HYDERABAD,TELANGANA,,,DEEPAK KUMAR
COLLIERS - IDFC First Bank Limited(AP-TS),80204 - IDFC - SOMAJIGUDA BRANCH,80204,vamshi.pm@colliers.com,8904597663,,"GROUND FLOOR, 6-3-1089/F, RVR TOWERS, RAJ BHAVAN ROAD, SOMAJIGUDA, HYDERABAD 500082 TELANGANA","GROUND FLOOR, 6-3-1089/F, RVR TOWERS, RAJ BHAVAN ROAD, SOMAJIGUDA, HYDERABAD 500082 TELANGANA",HYDERABAD,TELANGANA,,,DEEPAK KUMAR
COLLIERS - IDFC First Bank Limited (TN-KL),80108 - IDFC - T NAGAR BRANCH,80108,vamshi.pm@colliers.com,8754408908,,"GROUND FLOOR, NEW NO. 3, OLD NO.2, VENKATANARAYANA ROAD, DIAGONALLY OPP TO PANAGAL PARK, OPPOSITE TO T NAGAR SOCIAL CLUB, CHENNAI 600017","GROUND FLOOR, NEW NO. 3, OLD NO.2, VENKATANARAYANA ROAD, DIAGONALLY OPP TO PANAGAL PARK, OPPOSITE TO T NAGAR SOCIAL CLUB, CHENNAI 600017",CHENNAI,TAMIL NADU,,,PADAM LOCHAN MALLICK
COLLIERS - IDFC First Bank Limited (TN-KL),80107 - IDFC - EGATTUR BRANCH,80107,vamshi.pm@colliers.com,8754408908,,"FIRST FLOOR, D SQUARE,145/ 6A2, 6A3, EGATTUR, CHENNAI 603103","FIRST FLOOR, D SQUARE,145/ 6A2, 6A3, EGATTUR, CHENNAI 603103",CHENNAI,TAMIL NADU,,,PADAM LOCHAN MALLICK
COLLIERS - IDFC First Bank Limited (KA),80163 - IDFC - BANGALORE-KCA ENCLAVE,80163,vamshi.pm@colliers.com,9113632680,,"1ST, 3RD 4TH FLOOR, 582, KCA ENCLAVE, 80FT ROAD, BANGALORE 560095","1ST, 3RD 4TH FLOOR, 582, KCA ENCLAVE, 80FT ROAD, BANGALORE 560095",BANGALORE,KARNATAKA,,,Anshu Kumar Maurya
COLLIERS - IDFC First Bank Limited (KA),80162 - IDFC - BANGALORE-VIJAYNAGAR,80162,vamshi.pm@colliers.com,9113632680,,"1234/A, 1ST FLOOR, 1ST CROSS, 1ST STAGE, 2ND PHASE, EXTENSION, CHANDRA LAYOUT VIJAY NAGAR NEAR CHANDRA LAYOUT BUS STOP, OPP CORPORATION BANK, KARNATAKA 560041","1234/A, 1ST FLOOR, 1ST CROSS, 1ST STAGE, 2ND PHASE, EXTENSION, CHANDRA LAYOUT VIJAY NAGAR NEAR CHANDRA LAYOUT BUS STOP, OPP CORPORATION BANK, KARNATAKA 560041",BANGALORE,KARNATAKA,,,Anshu Kumar Maurya
COLLIERS - IDFC First Bank Limited (KA),80161 - IDFC - BANGLORE-VG COMPLEX,80161,vamshi.pm@colliers.com,9113632680,,"VG COMPLEX, .23, 2ND FLOOR, HESARAGATTA ROAD, DEFENCE COLONY, BENGALURU, KARANATAKA 560073","VG COMPLEX, .23, 2ND FLOOR, HESARAGATTA ROAD, DEFENCE COLONY, BENGALURU, KARANATAKA 560073",BANGALORE,KARNATAKA,,,Anshu Kumar Maurya
COLLIERS - IDFC First Bank Limited (KA),80259 - IDFC - BELGAUM - MEENAKSHI TOWER,80259,vamshi.pm@colliers.com,9113632680,,"2ND FLOOR, MEENAKSHI TOWERS, KHANPUR ROAD, TILAKWADI, ABOVE DOMINOS PIZZA, BELGAUM 590016","2ND FLOOR, MEENAKSHI TOWERS, KHANPUR ROAD, TILAKWADI, ABOVE DOMINOS PIZZA, BELGAUM 590016",BELGAUM,KARNATAKA,,,Anshu Kumar Maurya
COLLIERS - IDFC First Bank Limited(AP-TS),80116 - IDFC - CHENNAI-AMARASRI 1ST FLR 3RD FLR - 2 FLRS,80116,vamshi.pm@colliers.com,9945092549,,", AMARASRI 455, 1ST FLOOR, ANNA SALAI, TEYNAMPET, CHENNAI TAMIL NADU, 600 018",", AMARASRI 455, 1ST FLOOR, ANNA SALAI, TEYNAMPET, CHENNAI TAMIL NADU, 600 018",CHENNAI,TAMIL NADU,,,PADAM LOCHAN MALLICK
COLLIERS - IDFC First Bank Limited (TN-KL),80114 - IDFC - CHENNAI-AMBATTUR,80114,vamshi.pm@colliers.com,8754408908,,", DEEPTI TOWER, 2ND FLOOR, RED HILLS ROAD, VINAYAGAPURAM, AMBATTUR, CHENNAI, TAMILNADU 600053.",", DEEPTI TOWER, 2ND FLOOR, RED HILLS ROAD, VINAYAGAPURAM, AMBATTUR, CHENNAI, TAMILNADU 600053.",CHENNAI,TAMIL NADU,,,PADAM LOCHAN MALLICK
COLLIERS - IDFC First Bank Limited (TN-KL),80112 - IDFC - CHENNAI-PERAMBUR,80112,vamshi.pm@colliers.com,8754408908,,", 327/46, 1ST FLOOR, PAPER MILLS ROAD, PERAMBUR CHENNAI 600011, TAMILNADU",", 327/46, 1ST FLOOR, PAPER MILLS ROAD, PERAMBUR CHENNAI 600011, TAMILNADU",CHENNAI,TAMIL NADU,,,PADAM LOCHAN MALLICK
COLLIERS - IDFC First Bank Limited (TN-KL),80113 - IDFC - CHENNAI-TAMBARAM,80113,vamshi.pm@colliers.com,8754408908,,"CHANDRA ARCADE, NO. 10, 1ST FLOOR, DURISAMI PILLAI STREET, WEST TAMBARAM, CHENNAI, TAMIL NADU - 600045","CHANDRA ARCADE, NO. 10, 1ST FLOOR, DURISAMI PILLAI STREET, WEST TAMBARAM, CHENNAI, TAMIL NADU - 600045",CHENNAI,TAMIL NADU,,,PADAM LOCHAN MALLICK
COLLIERS - IDFC First Bank Limited (TN-KL),80671 - IDFC - COCHIN-GRACE CORNER,80671,vamshi.pm@colliers.com,8754408908,,", GRACE CORNER, 1ST FLOOR, 54/3106B, KALOORKADVANTHRA ROAD, KADAVANTHRA - 682020",", GRACE CORNER, 1ST FLOOR, 54/3106B, KALOORKADVANTHRA ROAD, KADAVANTHRA - 682020",COCHIN,KERALA,,,PADAM LOCHAN MALLICK
COLLIERS - IDFC First Bank Limited (TN-KL),80532 - IDFC - COIMBATORE- PEELAMEDU,80532,vamshi.pm@colliers.com,8754408908,,"3RD FLOOR, MAYFLOWER SIGNATURE, NO. 365, AVANASHI ROAD, PEELAMEDU, COIMBATORE - 641004","3RD FLOOR, MAYFLOWER SIGNATURE, NO. 365, AVANASHI ROAD, PEELAMEDU, COIMBATORE - 641004",COIMBATORE,TAMIL NADU,,,PADAM LOCHAN MALLICK
COLLIERS - IDFC First Bank Limited(AP-TS),80382 - IDFC - GUNTUR-WEST KRISHNA PLAZA,80382,vamshi.pm@colliers.com,8904597663,,"DOOR NO.5-87-55, 1ST FLOOR, WEST KRISHNA PLAZA, LAXMIPURAM MAIN ROAD, GUNTUR, ANDHRA PRADESH -522007","DOOR NO.5-87-55, 1ST FLOOR, WEST KRISHNA PLAZA, LAXMIPURAM MAIN ROAD, GUNTUR, ANDHRA PRADESH -522007",GUNTUR,ANDHRA PRADESH,,,DIWAKAR PANDIT
COLLIERS - IDFC First Bank Limited (TN-KL),80711 - IDFC - HOSUR-GKV TOWERS,80711,vamshi.pm@colliers.com,8754408908,,"12ND FLOOR, GKV TOWERS NO. 28/29, OPP SUB COLELCTORS OFFICEDEHKANIKOTA ROAD, HOSUR TAMIL NADU - 635109","12ND FLOOR, GKV TOWERS NO. 28/29, OPP SUB COLELCTORS OFFICEDEHKANIKOTA ROAD, HOSUR TAMIL NADU - 635109",HOSUR,TAMIL NADU,,,PADAM LOCHAN MALLICK
COLLIERS - IDFC First Bank Limited (KA),80284 - IDFC - HUBLI-CHALLAMARAD BUILDING,80284,vamshi.pm@colliers.com,9113632680,,"PLOT NO 26, 2ND FLOOR, CHALLAMARAD BUILDING, VIVEKANANDA HOSPITAL ROAD, DESHPANDE NAGAR, HUBBALLI - 580029","PLOT NO 26, 2ND FLOOR, CHALLAMARAD BUILDING, VIVEKANANDA HOSPITAL ROAD, DESHPANDE NAGAR, HUBBALLI - 580029",HUBLI,KARNATAKA,,,Anshu Kumar Maurya
COLLIERS - IDFC First Bank Limited(AP-TS),80209 - IDFC - HYDERABAD- BN REDDY NAGAR,80209,vamshi.pm@colliers.com,8904597663,,"HOUSE NO C-174, MUNICIPAL NO. 6-2-695 6-2-695/1, 1ST FLOOR, YUVA COMPLEX, ABOVE BANK OF MAHARASHTRA, BN REDDY NAGAR ROAD, NEAR GANESH TEMPLE, VANASTHALIPURAM, HYDERABAD 500070","HOUSE NO C-174, MUNICIPAL NO. 6-2-695 6-2-695/1, 1ST FLOOR, YUVA COMPLEX, ABOVE BANK OF MAHARASHTRA, BN REDDY NAGAR ROAD, NEAR GANESH TEMPLE, VANASTHALIPURAM, HYDERABAD 500070",HYDERABAD,TELANGANA,,,DEEPAK KUMAR
COLLIERS - IDFC First Bank Limited(AP-TS),80211 - IDFC - HYDERABAD-BHEL,80211,vamshi.pm@colliers.com,8904597663,,"PLOT NO.12/PART, DOOR NO. 23-36, 2ND FLOOR, YADHU NIVAS JYOTHINAGAR COLONY, BHEL, RAMACHANDRAPURAM SANGA REDDY DISTRICT. TELANGANA - 502032","PLOT NO.12/PART, DOOR NO. 23-36, 2ND FLOOR, YADHU NIVAS JYOTHINAGAR COLONY, BHEL, RAMACHANDRAPURAM SANGA REDDY DISTRICT. TELANGANA - 502032",HYDERABAD,TELANGANA,,,DEEPAK KUMAR
COLLIERS - IDFC First Bank Limited(AP-TS),80207/ 80206 - IDFC - VEER CHAMBERS LOAN CENTRE,80207/ 80206,vamshi.pm@colliers.com,8904597663,,"GROUND FLOOR, 1-10-63/1/1, VEER CHAMBERS , CHIKOTI GARDENS, BEGUMPET, HYDERABAD- 500016","GROUND FLOOR, 1-10-63/1/1, VEER CHAMBERS , CHIKOTI GARDENS, BEGUMPET, HYDERABAD- 500016",HYDERABAD,TELANGANA,,,DEEPAK KUMAR
COLLIERS - IDFC First Bank Limited(AP-TS),80402 - IDFC - KAKINADA-PJR COMPLEX,80402,vamshi.pm@colliers.com,8904597663,,"DOOR NO. 26-6-20,1ST FLOOR, PJR COMPLEX, ABOVE KARNATAKA BANK, GANJAMAVARI STREET, MASJID CENTRE, KAKINADA, ANDHRA PRADESH-533001","DOOR NO. 26-6-20,1ST FLOOR, PJR COMPLEX, ABOVE KARNATAKA BANK, GANJAMAVARI STREET, MASJID CENTRE, KAKINADA, ANDHRA PRADESH-533001",KAKINADA,ANDHRA PRADESH,,,DIWAKAR PANDIT
COLLIERS - IDFC First Bank Limited (TN-KL),80552 - IDFC - MADURAI-BYPASS ROAD,80552,vamshi.pm@colliers.com,8754408908,,"79/2, 1ST FLOOR, BYPASS ROAD, NEXT TO RATHINA HOSPITAL, MADURAI, TAMIL NADU PIN 625010","79/2, 1ST FLOOR, BYPASS ROAD, NEXT TO RATHINA HOSPITAL, MADURAI, TAMIL NADU PIN 625010",MADURAI,TAMIL NADU,,,PADAM LOCHAN MALLICK
COLLIERS - IDFC First Bank Limited (TN-KL),80115 - IDFC - PONDICHERRY-VALLALAR SALAI,80115,vamshi.pm@colliers.com,8754408908,,"2ND FLOOR VIVEK ARCADE NO. 40,45 FEET ROAD, VALLALAR SALAI, PONDICHERRY-605011 UNION TERRITORY OF INDIA","2ND FLOOR VIVEK ARCADE NO. 40,45 FEET ROAD, VALLALAR SALAI, PONDICHERRY-605011 UNION TERRITORY OF INDIA",PONDICHERRY,PUDUCHERRY,,,PADAM LOCHAN MALLICK
COLLIERS - IDFC First Bank Limited(AP-TS),80403 - IDFC - RAJAHMUNDRY-SAI SRI COMPLEX,80403,vamshi.pm@colliers.com,8904597663,,"DOOR NO. 80-31-4/11, 2ND FLOOR, SAI SRI COMPLEX, JN ROAD, NEAR RAMALAYAM JUNCTION, RAJAHMUNDRY , ANDHRA PRADESH - 533103","DOOR NO. 80-31-4/11, 2ND FLOOR, SAI SRI COMPLEX, JN ROAD, NEAR RAMALAYAM JUNCTION, RAJAHMUNDRY , ANDHRA PRADESH - 533103",RAJAHMUNDRY,ANDHRA PRADESH,,,DIWAKAR PANDIT
COLLIERS - IDFC First Bank Limited (TN-KL),80592 - IDFC - SALEM-BHIMARATHA ARACADE,80592,vamshi.pm@colliers.com,8754408908,,"2ND FLOOR, KANDASWARNA, BHIMARATHA ARACADE, BRINDAVAN RD, FAIRLANDS, SALEM, ABOVE CHOLAMANDALAM FINANCE LTD, TAMIL NADU -636016","2ND FLOOR, KANDASWARNA, BHIMARATHA ARACADE, BRINDAVAN RD, FAIRLANDS, SALEM, ABOVE CHOLAMANDALAM FINANCE LTD, TAMIL NADU -636016",SALEM,TAMIL NADU,,,PADAM LOCHAN MALLICK
COLLIERS - IDFC First Bank Limited(AP-TS),80452 - IDFC - TIRUCHIRAPPALLI ASSET OUTLET,80452,vamshi.pm@colliers.com,9945092549,,"D17, 4TH FLOOR, NORTHEAST EXTENSION, 1ST CROSS, THILLAI NAGAR,TIRUCHIRAPPALLI - 620018","D17, 4TH FLOOR, NORTHEAST EXTENSION, 1ST CROSS, THILLAI NAGAR,TIRUCHIRAPPALLI - 620018",TIRUCHIRAPPALLI,TAMIL NADU,,,PADAM LOCHAN MALLICK
COLLIERS - IDFC First Bank Limited (TN-KL),80691 - IDFC - TRIVANDRUM-FELICITY SQUARE,80691,vamshi.pm@colliers.com,8754408908,,"FELICITY SQUARE TC 26/56, 5TH FLOOR, M. G ROAD, TRIVANDRUM 695 001. KERALA","FELICITY SQUARE TC 26/56, 5TH FLOOR, M. G ROAD, TRIVANDRUM 695 001. KERALA",TRIVANDRUM,KERALA,,,PADAM LOCHAN MALLICK
COLLIERS - IDFC First Bank Limited (TN-KL),80651 - IDFC - VELLORE ASSET OUTLET,80651,vamshi.pm@colliers.com,8754408908,,"First floor, Above Bandhan Bank, 18 BOLD NO., 71NEW NO, Anna Salai, Vellore, Tamil Nadu 632001","First floor, Above Bandhan Bank, 18 BOLD NO., 71NEW NO, Anna Salai, Vellore, Tamil Nadu 632001",VELLORE,TAMIL NADU,,,PADAM LOCHAN MALLICK
COLLIERS - IDFC First Bank Limited(AP-TS),80393 - IDFC - VIJAYWADA-LABBIPET,80393,vamshi.pm@colliers.com,8904597663,,"DOOR NO. 40-2-5A, GROUND FLOOR, LABBIPET, BACKSIDE KALNANIKATEN, MG ROAD, VIJAYWADA, ANDHRA PRADESH 520010","DOOR NO. 40-2-5A, GROUND FLOOR, LABBIPET, BACKSIDE KALNANIKATEN, MG ROAD, VIJAYWADA, ANDHRA PRADESH 520010",VIJAYAWADA,ANDHRA PRADESH,,,DIWAKAR PANDIT
COLLIERS - IDFC First Bank Limited(AP-TS),80413 - IDFC - VISAKAPATNAM-DWARAKA PLAZA,80413,vamshi.pm@colliers.com,8904597663,,"DOOR NO. 47-10-20/18, 2ND FLOOR, DWARAKA PLAZA, DWARAKANAGAR, VISAKHAPATNAM- 530016","DOOR NO. 47-10-20/18, 2ND FLOOR, DWARAKA PLAZA, DWARAKANAGAR, VISAKHAPATNAM- 530016",VISAKHAPATNAM,ANDHRA PRADESH,,,DIWAKAR PANDIT
COLLIERS - IDFC First Bank Limited(AP-TS),80771 - IDFC - TIRUPATHI,80771,vamshi.pm@colliers.com,8904597663,,"1st FLOOR, 23-8-153/3H, SRI BALAJI CO-OPERATIVE HOUSE BUILDING SOCIETY, NEW BALAJI COLONY, A.I.R BY PASS ROAD, CHITTOOR, TIRUPATI, AP 517501 ABOVE SWAYAMVAR SHOWROOM","1st FLOOR, 23-8-153/3H, SRI BALAJI CO-OPERATIVE HOUSE BUILDING SOCIETY, NEW BALAJI COLONY, A.I.R BY PASS ROAD, CHITTOOR, TIRUPATI, AP 517501 ABOVE SWAYAMVAR SHOWROOM",TIRUPATHI,ANDHRA PRADESH,,,DIWAKAR PANDIT
COLLIERS - IDFC First Bank Limited (TN-KL),80751 - IDFC - NAGERCOIL,80751,vamshi.pm@colliers.com,8754408908,,"2ND FLOOR, 85, WCC ROAD, NAGERCOIL,OPP WCC COLLEGE, ABOVE, SYNDICATE BANK,KANYAKUMARI DISTRICT, TAMILNADU-629001","2ND FLOOR, 85, WCC ROAD, NAGERCOIL,OPP WCC COLLEGE, ABOVE, SYNDICATE BANK,KANYAKUMARI DISTRICT, TAMILNADU-629001",NAGERCOIL,TAMIL NADU,,,PADAM LOCHAN MALLICK
COLLIERS - IDFC First Bank Limited(AP-TS),80167 - IDFC - R T NAGAR BRANCH,80167,janakiraman.k@colliers.com,9945092549,,"GROUND FLOOR, BASAVA CHETANA, MATADAHALLI FURTHER EXTENSION,NO172/1, MLA LAYOUT , R . T. NAGAR, BANGALORE - 560032","GROUND FLOOR, BASAVA CHETANA, MATADAHALLI FURTHER EXTENSION,NO172/1, MLA LAYOUT , R . T. NAGAR, BANGALORE - 560032",BANGALORE,KARNATAKA,,,Anshu Kumar Maurya
COLLIERS - IDFC First Bank Limited (KA),80171 - IDFC - BANASHANKARI 3RD STAGE BRANCH,80171,vamshi.pm@colliers.com,9113632680,,"GROUND FLOOR, PREMISES NO. 77, PID NO. 55-445-77,HOSAKEREHALLI VILLAGE, 100 FEET RING ROAD, BANGALORE , 560085","GROUND FLOOR, PREMISES NO. 77, PID NO. 55-445-77,HOSAKEREHALLI VILLAGE, 100 FEET RING ROAD, BANGALORE , 560085",BANGALORE,KARNATAKA,,,Anshu Kumar Maurya
COLLIERS - IDFC First Bank Limited (KA),80169 - IDFC - RAJAJINAGAR BRANCH,80169,vamshi.pm@colliers.com,9113632680,,"GROUND FLOOR,1ST MAIN ROAD, 4TH BLOCK,4TH BLOCK, SITE NO. 1016/39,MANI COMPLEX,RAJAJI NAGAR, DR. RAJKUMAR ROAD,BANGALORE 560010.","GROUND FLOOR,1ST MAIN ROAD, 4TH BLOCK,4TH BLOCK, SITE NO. 1016/39,MANI COMPLEX,RAJAJI NAGAR, DR. RAJKUMAR ROAD,BANGALORE 560010.",BANGALORE,KARNATAKA,,,Anshu Kumar Maurya
COLLIERS - IDFC First Bank Limited (TN-KL),80121 - IDFC - KILPAUK BRANCH,80121,vamshi.pm@colliers.com,8754408908,,"PLOT NO. 80, OLD DOOR NO.73,NEW DOOR NO. 58, NEW AVADI ROAD,KILPAUK, CHENNAI- 600010","PLOT NO. 80, OLD DOOR NO.73,NEW DOOR NO. 58, NEW AVADI ROAD,KILPAUK, CHENNAI- 600010",CHENNAI,TAMIL NADU,,,PADAM LOCHAN MALLICK
COLLIERS - IDFC First Bank Limited (TN-KL),80119 - IDFC - ASHOK NAGAR BRANCH,80119,vamshi.pm@colliers.com,8754408908,,"GROUND FLOOR , MAHALAXMI BUILDING,46/43, 10TH AVENUE,ASHOK NAGAR, OPPOSITE INDUSIND BANK,NEXT TO TNSC BANK, CHENNAI 600083","GROUND FLOOR , MAHALAXMI BUILDING,46/43, 10TH AVENUE,ASHOK NAGAR, OPPOSITE INDUSIND BANK,NEXT TO TNSC BANK, CHENNAI 600083",CHENNAI,TAMIL NADU,,,PADAM LOCHAN MALLICK
COLLIERS - IDFC First Bank Limited (KA),80172 - IDFC - HSR LAYOUT BRANCH,80172,vamshi.pm@colliers.com,9113632680,,"GROUND FLOOR , SITE NO. 4 5TH, 27TH MAIN, 1ST SECTOR,HSR LAYOUT , BENGALURU - 560102","GROUND FLOOR , SITE NO. 4 5TH, 27TH MAIN, 1ST SECTOR,HSR LAYOUT , BENGALURU - 560102",BANGALORE,KARNATAKA,,,Anshu Kumar Maurya
COLLIERS - IDFC First Bank Limited (KA),80173 - IDFC - BASAVANAGUDI BRANCH,80173,vamshi.pm@colliers.com,9113632680,,"GR FLR NO 8/3, PID NO. 49-6-8/3, BULL TEMPLE ROAD, BASAVANAGUDI, BANGALORE 560004","GR FLR NO 8/3, PID NO. 49-6-8/3, BULL TEMPLE ROAD, BASAVANAGUDI, BANGALORE 560004",BANGALORE,KARNATAKA,,,Anshu Kumar Maurya
COLLIERS - IDFC First Bank Limited (TN-KL),80122 - IDFC - DR. RADHAKRISHNAN SALAI BRANCH,80122,vamshi.pm@colliers.com,8754408908,,"GROUND FLOOR,NO. 1, R.S NO. 1731/78, DR. RADHAKRISHNAN SALAI, IV STREET,OPPOSITE TO AURAS CORPORATE CENTRE,MYLAPORE, CHENNAI - 600004","GROUND FLOOR,NO. 1, R.S NO. 1731/78, DR. RADHAKRISHNAN SALAI, IV STREET,OPPOSITE TO AURAS CORPORATE CENTRE,MYLAPORE, CHENNAI - 600004",CHENNAI,TAMIL NADU,,,PADAM LOCHAN MALLICK
COLLIERS - IDFC First Bank Limited (KA),80174 - IDFC - THUBARAHALLI BRANCH,80174,vamshi.pm@colliers.com,9113632680,,"GROUND FLOOR, NAPA EAST NO. 710, VARTHUR ROAD , THUBARAHALLI , KARNATAKA , BANGALORE- 560066","GROUND FLOOR, NAPA EAST NO. 710, VARTHUR ROAD , THUBARAHALLI , KARNATAKA , BANGALORE- 560066",BANGALORE,KARNATAKA,,,Anshu Kumar Maurya
COLLIERS - IDFC First Bank Limited (KA),80168 - IDFC - FRAZER TOWN BRANCH,80168,vamshi.pm@colliers.com,9113632680,,"GR FLR, SHOP NO 3, OPP KOTAK BANK, CLEVELAND TOWN, PULIKESHI NAGAR, COLES ROAD, BANGALORE 560005.","GR FLR, SHOP NO 3, OPP KOTAK BANK, CLEVELAND TOWN, PULIKESHI NAGAR, COLES ROAD, BANGALORE 560005.",BANGALORE,KARNATAKA,,,Anshu Kumar Maurya
COLLIERS - IDFC First Bank Limited (TN-KL),80124 - IDFC - KK NAGAR BRANCH,80124,vamshi.pm@colliers.com,8754408908,,"GROUND FLOOR , DOOR NO.1068, RADHIKAS DIAMOND,MUNNUSWAMY SALAI,K.K. NAGAR WEST, CHENNAI -600078","GROUND FLOOR , DOOR NO.1068, RADHIKAS DIAMOND,MUNNUSWAMY SALAI,K.K. NAGAR WEST, CHENNAI -600078",CHENNAI,TAMIL NADU,,,PADAM LOCHAN MALLICK
COLLIERS - IDFC First Bank Limited (TN-KL),80123 - IDFC - GANDHI NAGAR- ADYAR BRIDGE ROAD BRANCH,80123,vamshi.pm@colliers.com,8754408908,,"GROUND FLOOR, PREMISES NO. 23, AMAL DAZ HEIGHTS,ADYAR BRIDGE ROAD, ADYAR, CHENNAI -600020","GROUND FLOOR, PREMISES NO. 23, AMAL DAZ HEIGHTS,ADYAR BRIDGE ROAD, ADYAR, CHENNAI -600020",CHENNAI,TAMIL NADU,,,PADAM LOCHAN MALLICK
COLLIERS - IDFC First Bank Limited (KA),80176 - IDFC - CUNNINGHAM ROAD BRANCH,80176,vamshi.pm@colliers.com,9113632680,,"GROUND FLOOR, NO. 30/1WEST ,LEEMANS COMPLEX,CUNNINGHAM ROAD SAMPANGI RAMASWAMY TEMPLE ROADBANGALORE - 560051, KARNATAKA.","GROUND FLOOR, NO. 30/1WEST ,LEEMANS COMPLEX,CUNNINGHAM ROAD SAMPANGI RAMASWAMY TEMPLE ROADBANGALORE - 560051, KARNATAKA.",BANGALORE,KARNATAKA,,,Anshu Kumar Maurya
COLLIERS - IDFC First Bank Limited (KA),80177 - IDFC - SANJAY NAGAR BRANCH,80177,vamshi.pm@colliers.com,9113632680,,"GROUND FLOOR, PROPERTY NO. 118119,GEDDALAHALLI VILLAGE, GEDDALAHALLI D. RAJGOPAL ROADERSTWHILE- SANJAY NAGAR MAIN ROAD BANGALORE - 560094","GROUND FLOOR, PROPERTY NO. 118119,GEDDALAHALLI VILLAGE, GEDDALAHALLI D. RAJGOPAL ROADERSTWHILE- SANJAY NAGAR MAIN ROAD BANGALORE - 560094",BANGALORE,KARNATAKA,,,Anshu Kumar Maurya
COLLIERS - IDFC First Bank Limited (KA),80159 - IDFC - BANGALORE-RP PRIDE -KORAMANGALA,80159,vamshi.pm@colliers.com,9113632680,,"IDFC FIRST BANK LTD,C-1, RP PRIDE, 1ST 2ND FLOOR, 20TH MAIN ROAD, KHB 5TH BLOCK, NEAR GANAPATI TEMPLE, KORAMANGALA, BANGALORE, KARNATAKA -560095","IDFC FIRST BANK LTD,C-1, RP PRIDE, 1ST 2ND FLOOR, 20TH MAIN ROAD, KHB 5TH BLOCK, NEAR GANAPATI TEMPLE, KORAMANGALA, BANGALORE, KARNATAKA -560095",BANGALORE,KARNATAKA,,,Anshu Kumar Maurya
COLLIERS - IDFC First Bank Limited (TN-KL),80911 - IDFC - MAHINDRA WORLD CITY PARANUR BRANCH,80911,vamshi.pm@colliers.com,8754408908,,"GROUND FLOOR, UNIT NO. 7, BLOCK A, PLOT NO. 28THE CANOPY BUILDING, MAHINDRA WORLD CITY, CHENGALPATTU TALUKA, KANCHEEPURAM DISTRICTTAMIL NADU - 603002","GROUND FLOOR, UNIT NO. 7, BLOCK A, PLOT NO. 28THE CANOPY BUILDING, MAHINDRA WORLD CITY, CHENGALPATTU TALUKA, KANCHEEPURAM DISTRICTTAMIL NADU - 603002",CHENNAI,TAMIL NADU,,,PADAM LOCHAN MALLICK
COLLIERS - IDFC First Bank Limited (KA),80175 - IDFC - CHANDRA LAYOUT BRANCH,80175,vamshi.pm@colliers.com,9113632680,,"GROUND FLOOR, PID NO. 39-117-1210/B, OLD WARD NO. 39,NEW NO. 128,1ST STAGE,2ND PHASE,CHANDRA LAYOUT,BENGALURU, KARNATAKA 560040","GROUND FLOOR, PID NO. 39-117-1210/B, OLD WARD NO. 39,NEW NO. 128,1ST STAGE,2ND PHASE,CHANDRA LAYOUT,BENGALURU, KARNATAKA 560040",BANGALORE,KARNATAKA,,,Anshu Kumar Maurya
COLLIERS - IDFC First Bank Limited (KA),80179 - IDFC - ITPB BRANCH,80179,vamshi.pm@colliers.com,9113632680,,"UNIT NO. S-09, LOWER GROUND FLOOR, CONCOURSE INNOVATOR BUILDINGPLOT NO. 111/1,SADARMANGALA VILLAGE, KRISHNARAJAPURAM HOBLI, , ITPB, WHITEFIELD ROAD, BANGALORE 560066","UNIT NO. S-09, LOWER GROUND FLOOR, CONCOURSE INNOVATOR BUILDINGPLOT NO. 111/1,SADARMANGALA VILLAGE, KRISHNARAJAPURAM HOBLI, , ITPB, WHITEFIELD ROAD, BANGALORE 560066",BANGALORE,KARNATAKA,,,Anshu Kumar Maurya
COLLIERS - IDFC First Bank Limited (KA),80181 - IDFC - VIDYARANYAPURA BRANCH,80181,vamshi.pm@colliers.com,9113632680,,"GROUND FLOOR, NO. 1160/705,HMT LAYOUT, VIDYARANYAPURA MAIN ROAD, BANGALORE 560097, KARNATAKA","GROUND FLOOR, NO. 1160/705,HMT LAYOUT, VIDYARANYAPURA MAIN ROAD, BANGALORE 560097, KARNATAKA",BANGALORE,KARNATAKA,,,Anshu Kumar Maurya
COLLIERS - IDFC First Bank Limited (KA),80182 - IDFC - BTM LAYOUT BRANCH,80182,vamshi.pm@colliers.com,9113632680,,"LISS ARCADE NO. 775, GROUND FLOOR16TH MAIN ROAD, BTM LAYOUT2ND STAGE, BANGALORE , KARNATAKA- 560076","LISS ARCADE NO. 775, GROUND FLOOR16TH MAIN ROAD, BTM LAYOUT2ND STAGE, BANGALORE , KARNATAKA- 560076",BANGALORE,KARNATAKA,,,Anshu Kumar Maurya
COLLIERS - IDFC First Bank Limited (KA),80183 - IDFC - BANGALORE - SAHAKAR NAGAR BRANCH,80183,vamshi.pm@colliers.com,9113632680,,"GROUND FLOOR, 555,KODIGEHALLI,YELHANKA HOBLI, 60 FEET MAIN ROAD, F BLOCK , SAHAKARA NAGAR, BANGALORE, KARNATAKA- 560092","GROUND FLOOR, 555,KODIGEHALLI,YELHANKA HOBLI, 60 FEET MAIN ROAD, F BLOCK , SAHAKARA NAGAR, BANGALORE, KARNATAKA- 560092",BANGALORE,KARNATAKA,,,Anshu Kumar Maurya
COLLIERS - IDFC First Bank Limited (KA),80184 - IDFC - JEEVAN BIMA NAGAR BRANCH,80184,vamshi.pm@colliers.com,9113632680,,"GROUND FLOOR, PID NO. 74-12-M-28, 10TH MAIN ROAD, KODIHALLI VILLAGE, JEEVAN BHIMA NAGAR, OPPOSITE BELONG .CO. SOFTWARE COMPANY, BANGALORE KARNATAKA STATE 560075","GROUND FLOOR, PID NO. 74-12-M-28, 10TH MAIN ROAD, KODIHALLI VILLAGE, JEEVAN BHIMA NAGAR, OPPOSITE BELONG .CO. SOFTWARE COMPANY, BANGALORE KARNATAKA STATE 560075",BANGALORE,KARNATAKA,,,Anshu Kumar Maurya
COLLIERS - IDFC First Bank Limited(AP-TS),80185 - IDFC - BANGALORE JP NAGAR 7TH PHASE BRANCH,80185,janakiraman.k@colliers.com,9945092549,,"GROUND FLOOR, 1112/49,14TH CROSS, KOTHNUR MAIN ROAD, PUTTENAHALLI, J P NAGAR 7TH PHASE , J P NAGAR , BANGALORE, KARNATAKA STATE - 560078","GROUND FLOOR, 1112/49,14TH CROSS, KOTHNUR MAIN ROAD, PUTTENAHALLI, J P NAGAR 7TH PHASE , J P NAGAR , BANGALORE, KARNATAKA STATE - 560078",BANGALORE,KARNATAKA,,,Anshu Kumar Maurya
COLLIERS - IDFC First Bank Limited (KA),80186 - IDFC - BANGALORE - RAJA RAJESHWARI NAGAR BRANCH,80186,vamshi.pm@colliers.com,9113632680,,"GROUND FLOOR, 876,KUVEMPU CIRCLE, JAWAHARLAL NEHRU MAIN ROAD, BEML LAYOUT 4TH STAGE,RAJA RAJESHWARINAGAR,BANGALORE-560098","GROUND FLOOR, 876,KUVEMPU CIRCLE, JAWAHARLAL NEHRU MAIN ROAD, BEML LAYOUT 4TH STAGE,RAJA RAJESHWARINAGAR,BANGALORE-560098",BANGALORE,KARNATAKA,,,Anshu Kumar Maurya
COLLIERS - IDFC First Bank Limited (TN-KL),80125 - IDFC - BESANT NAGAR BRANCH,80125,vamshi.pm@colliers.com,8754408908,,"GROUND FLOOR, KKV TOWERS, T24,7TH AVENUE, BESANT NAGAR , OPP. VAILANKANI SHRINE, CHENNAI 600090","GROUND FLOOR, KKV TOWERS, T24,7TH AVENUE, BESANT NAGAR , OPP. VAILANKANI SHRINE, CHENNAI 600090",CHENNAI,TAMIL NADU,,,PADAM LOCHAN MALLICK
COLLIERS - IDFC First Bank Limited (TN-KL),80126 - IDFC - VELACHERY BRANCH,80126,vamshi.pm@colliers.com,8754408908,,"GROUND FLOOR, NO. 6/1, ANAND GARDEN, BYE PASS ROAD,NEAR MURUGAN KALAYANA MANDABAM,GANGAI NAGAR, VELACHERY, CHENNAI - 600042","GROUND FLOOR, NO. 6/1, ANAND GARDEN, BYE PASS ROAD,NEAR MURUGAN KALAYANA MANDABAM,GANGAI NAGAR, VELACHERY, CHENNAI - 600042",CHENNAI,TAMIL NADU,,,PADAM LOCHAN MALLICK
COLLIERS - IDFC First Bank Limited (TN-KL),80127 - IDFC - THIRUVANMIYUR BRANCH,80127,vamshi.pm@colliers.com,8754408908,,"GROUND FLOOR, 54 EAST COAST ROAD, SURVEY NO.- BLOCK NO. 36, T.S.NO. 22/7 , THIRUVANMIYUR CHENNAI- 600041","GROUND FLOOR, 54 EAST COAST ROAD, SURVEY NO.- BLOCK NO. 36, T.S.NO. 22/7 , THIRUVANMIYUR CHENNAI- 600041",CHENNAI,TAMIL NADU,,,PADAM LOCHAN MALLICK
COLLIERS - IDFC First Bank Limited (TN-KL),80128 - IDFC - CHENNAI - TEYNAMPET BRANCH,80128,vamshi.pm@colliers.com,8754408908,,"GROUND FLOOR, NEW NO. 67,OLD NO. 32, KAVIGNAR, BHARATHIDASAN ROAD, TEYNAMPET,CHENNAI, TAMIL NADU - 600018","GROUND FLOOR, NEW NO. 67,OLD NO. 32, KAVIGNAR, BHARATHIDASAN ROAD, TEYNAMPET,CHENNAI, TAMIL NADU - 600018",CHENNAI,TAMIL NADU,,,PADAM LOCHAN MALLICK
COLLIERS - IDFC First Bank Limited(AP-TS),80129 - IDFC - CHENNAI KODAMBAKKAM BRANCH,80129,vamshi.pm@colliers.com,9945092549,,"GROUND FLOOR, 320,148/1, BLOCK NO.7, ARCOT ROAD, N.S.K.SALAI, KODAMBAKKAM, CHENNAI - 600024","GROUND FLOOR, 320,148/1, BLOCK NO.7, ARCOT ROAD, N.S.K.SALAI, KODAMBAKKAM, CHENNAI - 600024",CHENNAI,TAMIL NADU,,,PADAM LOCHAN MALLICK
COLLIERS - IDFC First Bank Limited (TN-KL),80131 - IDFC - ANNA NAGAR WEST BRANCH,80131,vamshi.pm@colliers.com,8754408908,,"GROUND FLOOR, DOOR NO. 82, OLD DOOR NO. 1420,13TH MAIN ROAD, H- BLOCK , ANNA NAGAR ,CHENNAI ,TAMIL NADU - 600 040","GROUND FLOOR, DOOR NO. 82, OLD DOOR NO. 1420,13TH MAIN ROAD, H- BLOCK , ANNA NAGAR ,CHENNAI ,TAMIL NADU - 600 040",CHENNAI,TAMIL NADU,,,PADAM LOCHAN MALLICK
COLLIERS - IDFC First Bank Limited (TN-KL),80132 - IDFC - PERAMBUR BRANCH,80132,vamshi.pm@colliers.com,8754408908,,"GROUND FLOOR , NEW NO 24, OLD NUMBER 87, SRP KOIL STREET , AGARAM JUNCTION, PERAMBUR, CHENNAI, TAMIL NADU 600082.","GROUND FLOOR , NEW NO 24, OLD NUMBER 87, SRP KOIL STREET , AGARAM JUNCTION, PERAMBUR, CHENNAI, TAMIL NADU 600082.",CHENNAI,TAMIL NADU,,,PADAM LOCHAN MALLICK
COLLIERS - IDFC First Bank Limited (TN-KL),80133 - IDFC - CHENNAI - ARUMBAKKAM BRANCH,80133,vamshi.pm@colliers.com,8754408908,,"GROUND FLOOR, NO.427-ANEW NO. 789, POONAMALLEE HIGH ROAD, ARUMBAKKAM, CHENNAI, TAMIL NADU 600106","GROUND FLOOR, NO.427-ANEW NO. 789, POONAMALLEE HIGH ROAD, ARUMBAKKAM, CHENNAI, TAMIL NADU 600106",CHENNAI,TAMIL NADU,,,PADAM LOCHAN MALLICK
COLLIERS - IDFC First Bank Limited(AP-TS),80215 - IDFC - HYDERABAD KUKATPALLY BRANCH,80215,vamshi.pm@colliers.com,9945092549,,"PLOT NO. 2122, SR ESTATES , A S RAJU NAGAR, KUKATPALLY MAIN ROAD, BALANAGAR MANDAL, HYDERABAD, STATE - TELANGANA- 500072","PLOT NO. 2122, SR ESTATES , A S RAJU NAGAR, KUKATPALLY MAIN ROAD, BALANAGAR MANDAL, HYDERABAD, STATE - TELANGANA- 500072",HYDERABAD,TELANGANA,,,DEEPAK KUMAR
COLLIERS - IDFC First Bank Limited(AP-TS),80217 - IDFC - MANIKONDA BRANCH,80217,vamshi.pm@colliers.com,8904597663,,"GROUND FLOOR, SHOP NO.1, SHREE ENCLAVE COMMERCIAL COMPLEX, MANIKONDA JAGIR VILLAGE, GANDIPET MANDAL, RANGA REDDY DISTRICT, TELANGANA - 500089","GROUND FLOOR, SHOP NO.1, SHREE ENCLAVE COMMERCIAL COMPLEX, MANIKONDA JAGIR VILLAGE, GANDIPET MANDAL, RANGA REDDY DISTRICT, TELANGANA - 500089",HYDERABAD,TELANGANA,,,DEEPAK KUMAR
COLLIERS - IDFC First Bank Limited(AP-TS),80218 - IDFC - HYDERABAD-KARKHANA BRANCH,80218,vamshi.pm@colliers.com,8904597663,,"GROUND FLOOR, BUILDING NO. 256/GF/FF/SF,HOUSE NO. 2-13-21, ARUN PRAKASH ARCADE , KARKHANA, SECUNDERABAD CANTONMENT AREA, SECUNDERABAD, TELANGANA -500009","GROUND FLOOR, BUILDING NO. 256/GF/FF/SF,HOUSE NO. 2-13-21, ARUN PRAKASH ARCADE , KARKHANA, SECUNDERABAD CANTONMENT AREA, SECUNDERABAD, TELANGANA -500009",HYDERABAD,TELANGANA,,,DEEPAK KUMAR
COLLIERS - IDFC First Bank Limited(AP-TS),80219 - IDFC - HYDERABAD TOLI CHOWKI BRANCH,80219,vamshi.pm@colliers.com,9945092549,,"GROUND FLOOR, 8-1-523/261,BRINDAVAN COLONY, TOLICHOWKI, SHAIKPET VILLAGE, HYDERABAD, TELANGANA STATE - 500008","GROUND FLOOR, 8-1-523/261,BRINDAVAN COLONY, TOLICHOWKI, SHAIKPET VILLAGE, HYDERABAD, TELANGANA STATE - 500008",HYDERABAD,TELANGANA,,,DEEPAK KUMAR
COLLIERS - IDFC First Bank Limited(AP-TS),80221 - IDFC - HYDERABAD - HIMAYAT NAGAR BRANCH,80221,vamshi.pm@colliers.com,9945092549,,"GROUND FLOOR, 3-6-12,3-6-13,AL-SAMAD COMPLEX,OPP.T.T.D,HIMAYATNAGAR,HYDERABAD,TELANGANA-500029","GROUND FLOOR, 3-6-12,3-6-13,AL-SAMAD COMPLEX,OPP.T.T.D,HIMAYATNAGAR,HYDERABAD,TELANGANA-500029",HYDERABAD,TELANGANA,,,DEEPAK KUMAR
COLLIERS - IDFC First Bank Limited(AP-TS),80222 - IDFC - HI TECH CITYBRANCH,80222,vamshi.pm@colliers.com,8904597663,,"GROUND FLOOR, PLOT NO. 13/1, 1311, SY. NO. 64,SECTOR II,HUDA TECHNO ENCLAVE, MADHAPUR VILLAGE, SERILINGAMPALLY-500081","GROUND FLOOR, PLOT NO. 13/1, 1311, SY. NO. 64,SECTOR II,HUDA TECHNO ENCLAVE, MADHAPUR VILLAGE, SERILINGAMPALLY-500081",HYDERABAD,TELANGANA,,,DEEPAK KUMAR
COLLIERS - IDFC First Bank Limited(AP-TS),80223 - IDFC - HYDERABAD-BANJARA HILLS ROAD NO. 12 BRANCH,80223,vamshi.pm@colliers.com,8904597663,,"1ST FLOOR , PLOT NO, 284-A,R.NO.12,MANTHRI SUDHA ,M.L.A COLONY, SHAIKPET VILLAGE, MCH, BANJARA HILLS, HYDERABAD, TELANGANA- 500034","1ST FLOOR , PLOT NO, 284-A,R.NO.12,MANTHRI SUDHA ,M.L.A COLONY, SHAIKPET VILLAGE, MCH, BANJARA HILLS, HYDERABAD, TELANGANA- 500034",HYDERABAD,TELANGANA,,,DEEPAK KUMAR
COLLIERS - IDFC First Bank Limited(AP-TS),80224 - IDFC - EAST MARREDPALLY BRANCH,80224,vamshi.pm@colliers.com,8904597663,,"GROUND FLOOR, AMG PLAZA, GHMC NO.10-2-277/A, ENTRENCHMENT ROAD,WEST MARREDPALLY , SECUNDERABADHYDERABAD,TELANGANA- PIN CODE 500026","GROUND FLOOR, AMG PLAZA, GHMC NO.10-2-277/A, ENTRENCHMENT ROAD,WEST MARREDPALLY , SECUNDERABADHYDERABAD,TELANGANA- PIN CODE 500026",HYDERABAD,TELANGANA,,,DEEPAK KUMAR
COLLIERS - IDFC First Bank Limited(AP-TS),80225 - IDFC - HYDERABAD - S.R.NAGAR BRANCH,80225,vamshi.pm@colliers.com,8904597663,,"GROUND FLOOR, DOOR NO. 7-1-621/93, SANJEEVA REDDY NAGAR MAIN ROAD, HYDERABAD -TELANGANA 500038","GROUND FLOOR, DOOR NO. 7-1-621/93, SANJEEVA REDDY NAGAR MAIN ROAD, HYDERABAD -TELANGANA 500038",HYDERABAD,TELANGANA,,,DEEPAK KUMAR
COLLIERS - IDFC First Bank Limited (TN-KL),"80514 - IDFC - M.G. ROAD, KOCHI BRANCH",80514,vamshi.pm@colliers.com,8754408908,,"GROUND FLOOR, NO. 1335/1, TELSTAR BUILDING, M.G ROAD, RAVIPURAM, ERNAKULAM, COCHIN, KERALA-682016","GROUND FLOOR, NO. 1335/1, TELSTAR BUILDING, M.G ROAD, RAVIPURAM, ERNAKULAM, COCHIN, KERALA-682016",COCHIN,KERALA,,,PADAM LOCHAN MALLICK
COLLIERS - IDFC First Bank Limited (TN-KL),80693 - IDFC - THIRUVANANTHAPURAM BRANCH,80693,vamshi.pm@colliers.com,8754408908,,"TC 23/ 3125 7, PRADEEPS , OPP. SPENCERS SUPERMARKET,VELLAYAMBALAM SASTHAMANGALAM ROAD,VELLAYAMBALAM,THIRUVANANTHAPURAM - 695010","TC 23/ 3125 7, PRADEEPS , OPP. SPENCERS SUPERMARKET,VELLAYAMBALAM SASTHAMANGALAM ROAD,VELLAYAMBALAM,THIRUVANANTHAPURAM - 695010",THIRUVANANTHAPURAM,KERALA,,,PADAM LOCHAN MALLICK
COLLIERS - IDFC First Bank Limited (TN-KL),80931 - IDFC - CALICUT BRANCH,80931,vamshi.pm@colliers.com,8754408908,,"GROUND FLOOR, SURVEY NO . 87/1/3/6, EEPEES ARCADE,YMCA CROSS ROAD, KASABA VILLAGE, KOZHIKODE TALUK,KOZHIKODE DISTRICT,KERALA STATE, PINCODE -673001","GROUND FLOOR, SURVEY NO . 87/1/3/6, EEPEES ARCADE,YMCA CROSS ROAD, KASABA VILLAGE, KOZHIKODE TALUK,KOZHIKODE DISTRICT,KERALA STATE, PINCODE -673001",KOZHIKODE,KERALA,,,PADAM LOCHAN MALLICK
COLLIERS - IDFC First Bank Limited(AP-TS),"10602 - IDFC - AUROBINDO GALAXY - 14, 15 20th FLRS",10602,vamshi.pm@colliers.com,9945092549,,"14TH 15TH , AB WING , GALAXY, PLOT NO.1, PART OF SY.NO.83/1, HYDERABAD KNOWLEDGE CITY, TSIIC, RAIDURG, SERILINGAMPALLY, RANGA REDDY, HYDERABAD, TELENGANA -500081","14TH 15TH , AB WING , GALAXY, PLOT NO.1, PART OF SY.NO.83/1, HYDERABAD KNOWLEDGE CITY, TSIIC, RAIDURG, SERILINGAMPALLY, RANGA REDDY, HYDERABAD, TELENGANA -500081",HYDERABAD,TELANGANA,,,DEEPAK KUMAR
COLLIERS - IDFC First Bank Limited (TN-KL),80534 - IDFC - TIRUPPUR BRANCH,80534,vamshi.pm@colliers.com,8754408908,,"GROUND FLOOR, ALAGENDRA TOWER, NEAR BUNGALOW STOP, AVINASHI ROAD, TIRUPPUR, TAMIL NADU-641603","GROUND FLOOR, ALAGENDRA TOWER, NEAR BUNGALOW STOP, AVINASHI ROAD, TIRUPPUR, TAMIL NADU-641603",TIRUPPUR,TAMIL NADU,,,PADAM LOCHAN MALLICK
COLLIERS - IDFC First Bank Limited (TN-KL),80792 - IDFC - ERODE BRANCH,80792,vamshi.pm@colliers.com,8754408908,,"GROUND FLOOR, NEW DOOR NO. 407, PERUNDURAI ROAD, ERODE- TAMIL NADU - 638011","GROUND FLOOR, NEW DOOR NO. 407, PERUNDURAI ROAD, ERODE- TAMIL NADU - 638011",ERODE,TAMIL NADU,,,PADAM LOCHAN MALLICK
COLLIERS - IDFC First Bank Limited (KA),80187 - IDFC - MANYATA EMBASSY TECH PARK BRANCH,80187,vamshi.pm@colliers.com,9113632680,,"GROUND FLOOR, UNIT NO. G6,MFAR MANYATA TECH PARK- GREENHEART PHASE IV, NAGAVARA VILLAGE,KASABA HOBLI,BANGALORE NORTH TALUK, BANGALORE - 560045","GROUND FLOOR, UNIT NO. G6,MFAR MANYATA TECH PARK- GREENHEART PHASE IV, NAGAVARA VILLAGE,KASABA HOBLI,BANGALORE NORTH TALUK, BANGALORE - 560045",BANGALORE,KARNATAKA,,,Anshu Kumar Maurya
COLLIERS - IDFC First Bank Limited (KA),80188 - IDFC - BANGALORE - KADUGODI BRANCH,80188,vamshi.pm@colliers.com,9113632680,,"GROUND FLOOR, SRI RAM ARCADE, 84,SEEGEHALLI, KADUGODI POST, BANGALORE 560067","GROUND FLOOR, SRI RAM ARCADE, 84,SEEGEHALLI, KADUGODI POST, BANGALORE 560067",BANGALORE,KARNATAKA,,,Anshu Kumar Maurya
COLLIERS - IDFC First Bank Limited (KA),80178 - IDFC - SADASHIVA NAGAR BRANCH,80178,vamshi.pm@colliers.com,9113632680,,"GROUND FLOOR, G-6, 239, SNS CHAMBERS,SANKEY ROAD, SADASHIVA NAGAR,BANGALORE, KARNATAKA- 560080","GROUND FLOOR, G-6, 239, SNS CHAMBERS,SANKEY ROAD, SADASHIVA NAGAR,BANGALORE, KARNATAKA- 560080",BANGALORE,KARNATAKA,,,Anshu Kumar Maurya
COLLIERS - IDFC First Bank Limited (KA),80189 - IDFC - BANGALORE - ELECTRONIC CITY BRANCH,80189,vamshi.pm@colliers.com,9113632680,,"GRND FLR, PID NO.354/156/155,HOUSE LIST NO.1551/155/156,NEELADRI NAGAR , ELECTRONICS CITY PHASE 1, DODDATHOGUR VILLAGE, BEGUR HOBLI, BANGALORE -560100","GRND FLR, PID NO.354/156/155,HOUSE LIST NO.1551/155/156,NEELADRI NAGAR , ELECTRONICS CITY PHASE 1, DODDATHOGUR VILLAGE, BEGUR HOBLI, BANGALORE -560100",BANGALORE,KARNATAKA,,,Anshu Kumar Maurya
COLLIERS - IDFC First Bank Limited (TN-KL),80135 - IDFC - VALASARAVAKKAM BRANCH,80135,vamshi.pm@colliers.com,8754408908,,"7/ GA, GROUND FLOOR, JAMALS LAMECH GARDENS, ARCOT ROAD, LAMEK STREET, JANAKI NAGAR ALWARTHIRUNAGAR, VALASARAVAKKAM, CHENNAI 600087","7/ GA, GROUND FLOOR, JAMALS LAMECH GARDENS, ARCOT ROAD, LAMEK STREET, JANAKI NAGAR ALWARTHIRUNAGAR, VALASARAVAKKAM, CHENNAI 600087",CHENNAI,TAMIL NADU,,,PADAM LOCHAN MALLICK
COLLIERS - IDFC First Bank Limited (TN-KL),80137 - IDFC - NANGANALLUR BRANCH,80137,vamshi.pm@colliers.com,8754408908,,"RAMS PLAZA, GROUND FLOOR, PLOT NO. 80-B1,NCBS COLONY,1ST MAIN ROAD ,NANGANALLUR, CHENNAI, TAMIL NADU -600061","RAMS PLAZA, GROUND FLOOR, PLOT NO. 80-B1,NCBS COLONY,1ST MAIN ROAD ,NANGANALLUR, CHENNAI, TAMIL NADU -600061",CHENNAI,TAMIL NADU,,,PADAM LOCHAN MALLICK
COLLIERS - IDFC First Bank Limited (TN-KL),80138 - IDFC - CHENNAI - KOTTIVAKKAM BRANCH,80138,vamshi.pm@colliers.com,8754408908,,"GROUND FLOOR, NO. 4/579, OLD MAHABALIPURAM ROAD, RAMALINGA NAGAR, KOTTIVAKKAM, CHENNAI 600041","GROUND FLOOR, NO. 4/579, OLD MAHABALIPURAM ROAD, RAMALINGA NAGAR, KOTTIVAKKAM, CHENNAI 600041",CHENNAI,TAMIL NADU,,,PADAM LOCHAN MALLICK
COLLIERS - IDFC First Bank Limited(AP-TS),81012 - IDFC - NUZVID BRANCH,81012,vamshi.pm@colliers.com,8904597663,,"GRD FLR,DOOR NO.7-317/6,BANGINAPALLITHOTA,MAHESH MANSIONS,OPP. RCMS CHURCH,VIJAYAWADA RD,NUZVID,KRISHNA DIST,AP-521201","GRD FLR,DOOR NO.7-317/6,BANGINAPALLITHOTA,MAHESH MANSIONS,OPP. RCMS CHURCH,VIJAYAWADA RD,NUZVID,KRISHNA DIST,AP-521201",NUZVID,ANDHRA PRADESH,,,DIWAKAR PANDIT
COLLIERS - IDFC First Bank Limited (KA),80191 - IDFC - BANGALORE - YELAHANKA BRANCH,80191,vamshi.pm@colliers.com,9113632680,,"UNIT NO. 107 108, GROUND FLOOR, PRESTIGE PLAZA, MOTHER DAIRY ROAD, MANDALKUNTE VILLAGE, CHIKKABOMMASANDRA, YELAHANKA, BANGALORE -560065","UNIT NO. 107 108, GROUND FLOOR, PRESTIGE PLAZA, MOTHER DAIRY ROAD, MANDALKUNTE VILLAGE, CHIKKABOMMASANDRA, YELAHANKA, BANGALORE -560065",BANGALORE,KARNATAKA,,,Anshu Kumar Maurya
COLLIERS - IDFC First Bank Limited (KA),80192 - IDFC - BANGALORE - BANNERGHATTA ROADBRANCH,80192,vamshi.pm@colliers.com,9113632680,,"GROUND FLOOR, NO. 29/2,VIJAYSHREE LAYOUT, HULIMAVU, BANGALORE SOUTH ,BANNERGHATTA ROAD, BANGALORE, KARNATAKA - 560076.","GROUND FLOOR, NO. 29/2,VIJAYSHREE LAYOUT, HULIMAVU, BANGALORE SOUTH ,BANNERGHATTA ROAD, BANGALORE, KARNATAKA - 560076.",BANGALORE,KARNATAKA,,,Anshu Kumar Maurya
COLLIERS - IDFC First Bank Limited (TN-KL),80142 - IDFC - CHENNAI - EGMORE BRANCH,80142,vamshi.pm@colliers.com,8754408908,,"GROUND FLOOR, FAGUN MANSION, 74,ETHIRAJ SALAI, CHENNAI, TAMIL NADU - 600008","GROUND FLOOR, FAGUN MANSION, 74,ETHIRAJ SALAI, CHENNAI, TAMIL NADU - 600008",CHENNAI,TAMIL NADU,,,PADAM LOCHAN MALLICK
COLLIERS - IDFC First Bank Limited(AP-TS),81841 - IDFC - NIZAMABAD BRANCH,81841,vamshi.pm@colliers.com,8904597663,,"GROUND, PART 1ST FLOOR ,PNO. 1-13-47 AND 1-13-48,VINAYAK NAGAR, NIZAMABAD ,TELANGANA, KARNATAKA-503001","GROUND, PART 1ST FLOOR ,PNO. 1-13-47 AND 1-13-48,VINAYAK NAGAR, NIZAMABAD ,TELANGANA, KARNATAKA-503001",Nizamabad,TELANGANA,,,DEEPAK KUMAR
COLLIERS - IDFC First Bank Limited(AP-TS),81013 - IDFC - MBL- VUYYUR,81013,vamshi.pm@colliers.com,8904597663,,"OPP VEERAMATALLI TEMPLE, BANDAR ROAD, VUYYURU-521165","OPP VEERAMATALLI TEMPLE, BANDAR ROAD, VUYYURU-521165",VIJAYAWADA,ANDHRA PRADESH,,,DIWAKAR PANDIT
COLLIERS - IDFC First Bank Limited (KA),80194 - IDFC - MBL - BANGALORE-YAHALANKA NEW TOWN,80194,vamshi.pm@colliers.com,9113632680,,"ABOVE BANDHAN BANK/ADJACENT TO HDFC BANK YELAHANKA BRANCH, 13TH A MAIN ROAD, YELAHANKA NEW TOWN","ABOVE BANDHAN BANK/ADJACENT TO HDFC BANK YELAHANKA BRANCH, 13TH A MAIN ROAD, YELAHANKA NEW TOWN",BANGALORE,KARNATAKA,,,Anshu Kumar Maurya
COLLIERS - IDFC First Bank Limited (KA),80193 - IDFC - MBL - RAMMOORTHY NAGAR,80193,vamshi.pm@colliers.com,9113632680,,"3RD B MAIN ROAD, RAMAMURTHI NAGAR MAIN RD, RAMAMURTHY NAGAR, GOVINDPURA, DOORAVANI NAGAR, BENGALURU, KARNATAKA 560016","3RD B MAIN ROAD, RAMAMURTHI NAGAR MAIN RD, RAMAMURTHY NAGAR, GOVINDPURA, DOORAVANI NAGAR, BENGALURU, KARNATAKA 560016",BANGALORE,KARNATAKA,,,Anshu Kumar Maurya
COLLIERS - IDFC First Bank Limited(AP-TS),89103 - IDFC - VIJAYWADA - REGIONAL OFFICE,89103,vamshi.pm@colliers.com,8904597663,,"3RD4TH FLOOR, H NO. 54-18-37, PLOT NO. 26, ITI COLLEGE ROAD, SRINAGAR BANK COLONY, VIJAYWADA, KRISHNA DISTRICT , ANDHRA PRADESH-520008","3RD4TH FLOOR, H NO. 54-18-37, PLOT NO. 26, ITI COLLEGE ROAD, SRINAGAR BANK COLONY, VIJAYWADA, KRISHNA DISTRICT , ANDHRA PRADESH-520008",VIJAYAWADA,ANDHRA PRADESH,,,DIWAKAR PANDIT
COLLIERS - IDFC First Bank Limited (TN-KL),80536 - IDFC - COIMBATORE - AVINASHI ROAD BRANCH,80536,vamshi.pm@colliers.com,8754408908,,"GROUND FLOOR, 1010,1011, AVINASHI ROAD , DOOR NOS. 279,280,UPPILIPALAYAM, COIMBATORE MUNICIPAL LIMIT, COIMBATORE TALUK, COIMBATORE -641018","GROUND FLOOR, 1010,1011, AVINASHI ROAD , DOOR NOS. 279,280,UPPILIPALAYAM, COIMBATORE MUNICIPAL LIMIT, COIMBATORE TALUK, COIMBATORE -641018",COIMBATORE,TAMIL NADU,,,PADAM LOCHAN MALLICK
COLLIERS - IDFC First Bank Limited(AP-TS),80893 - IDFC - NELLORE BRANCH,80893,vamshi.pm@colliers.com,8904597663,,"GROUND FLOOR, 16/2/431, MINI BYPASS ROAD, OPPOSITE MILLINEUM SUBSTATION, SRINIVASA AGRAHARAM, NELLORE, ANDHRA PRADESH- 524001","GROUND FLOOR, 16/2/431, MINI BYPASS ROAD, OPPOSITE MILLINEUM SUBSTATION, SRINIVASA AGRAHARAM, NELLORE, ANDHRA PRADESH- 524001",NELLORE,ANDHRA PRADESH,,,DIWAKAR PANDIT
COLLIERS - IDFC First Bank Limited (TN-KL),80144 - IDFC - CHENNAI - MOGAPPAIR BRANCH,80144,vamshi.pm@colliers.com,8754408908,,"GROUND FLOOR, BLOCK NO. 2/PC-8,KAMBER SALAI, MOGAPPAIR WEST, CHENNAI ,TAMIL NADU - 600037","GROUND FLOOR, BLOCK NO. 2/PC-8,KAMBER SALAI, MOGAPPAIR WEST, CHENNAI ,TAMIL NADU - 600037",CHENNAI,TAMIL NADU,,,PADAM LOCHAN MALLICK
COLLIERS - IDFC First Bank Limited(AP-TS),80228 - IDFC - HYDERABAD -NALLAGANDLA BRANCH,80228,vamshi.pm@colliers.com,8904597663,,"GROUND FLR, 23/I, OPP. APARNA CYBER LIFE, GOPANNAPALLY ROAD, NALLAGANDLA VILLAGE, SERILINGAMPALLY MANDAL, RANGA REDDY DISTRICT , HYDERABAD, TELANGANA- 500019","GROUND FLR, 23/I, OPP. APARNA CYBER LIFE, GOPANNAPALLY ROAD, NALLAGANDLA VILLAGE, SERILINGAMPALLY MANDAL, RANGA REDDY DISTRICT , HYDERABAD, TELANGANA- 500019",HYDERABAD,TELANGANA,,,DEEPAK KUMAR
COLLIERS - IDFC First Bank Limited (KA),80196 - IDFC - SALES HUB - HSR LAYOUT,80196,vamshi.pm@colliers.com,9113632680,,"NO. 5, 1ST SECTOR, 27TH MAIN, PHASE 3, AGARA VILLAGE, HSR LAYOUT, BANGALURU, PINCODE - 560102.","NO. 5, 1ST SECTOR, 27TH MAIN, PHASE 3, AGARA VILLAGE, HSR LAYOUT, BANGALURU, PINCODE - 560102.",BANGALORE,KARNATAKA,,,Anshu Kumar Maurya
COLLIERS - IDFC First Bank Limited(AP-TS),80229 - IDFC - HYDERABAD - JNTU BRANCH,80229,vamshi.pm@colliers.com,8904597663,,"UNIT NO G 7, GROUND FLOOR, MANJEERA MAJESTIC COMMERCIAL, JNTU HI- TECH CITY ROAD, PLOT NO. 15-31-S3/MMC, KPHB-JNTU ROAD, HYDERABAD-500072,TELANGANA","UNIT NO G 7, GROUND FLOOR, MANJEERA MAJESTIC COMMERCIAL, JNTU HI- TECH CITY ROAD, PLOT NO. 15-31-S3/MMC, KPHB-JNTU ROAD, HYDERABAD-500072,TELANGANA",HYDERABAD,TELANGANA,,,DEEPAK KUMAR
COLLIERS - IDFC First Bank Limited (TN-KL),80653 - IDFC - VELLORE BRANCH,80653,vamshi.pm@colliers.com,8754408908,,"GROUND FLOOR, NO. 82, OFFICERS LINE , KRISHNA NAGAR , VELLORE 632001, TAMIL NADU","GROUND FLOOR, NO. 82, OFFICERS LINE , KRISHNA NAGAR , VELLORE 632001, TAMIL NADU",VELLORE,TAMIL NADU,,,PADAM LOCHAN MALLICK
COLLIERS - IDFC First Bank Limited (KA),80195 - IDFC - BANGALORE - LANGFORD ROAD BRANCH,80195,vamshi.pm@colliers.com,9113632680,,"GROUND FLOOR ,NO.20, LANGFORD ROAD, SHANTHINAGAR, BANGALORE-560027","GROUND FLOOR ,NO.20, LANGFORD ROAD, SHANTHINAGAR, BANGALORE-560027",BANGALORE,KARNATAKA,,,Anshu Kumar Maurya
COLLIERS - IDFC First Bank Limited(AP-TS),80197 - IDFC - BANGALORE UTTARAHALLI BRANCH,80197,janakiraman.k@colliers.com,9945092549,,"GROUND AND FIRST FLOOR, 101201, SAI KRISHNA ARCADE, UTTARAHALLI MAIN ROAD, UTTARAHALLI, BANGALORE- 560061","GROUND AND FIRST FLOOR, 101201, SAI KRISHNA ARCADE, UTTARAHALLI MAIN ROAD, UTTARAHALLI, BANGALORE- 560061",BANGALORE,KARNATAKA,,,Anshu Kumar Maurya
COLLIERS - IDFC First Bank Limited(AP-TS),81036 - IDFC - KAKINADA BRANCH,81036,vamshi.pm@colliers.com,8904597663,,"GROUND FLOOR, DOOR NO-5-1-42, BESIDE II TOWN POLICE STATION, MAIN ROAD,KAKINADA, ANDHRA PRADESH - 533001","GROUND FLOOR, DOOR NO-5-1-42, BESIDE II TOWN POLICE STATION, MAIN ROAD,KAKINADA, ANDHRA PRADESH - 533001",KAKINADA,ANDHRA PRADESH,,,DIWAKAR PANDIT
COLLIERS - IDFC First Bank Limited(AP-TS),80231 - IDFC - HYDERABAD - KAVURI HILLS BRANCH,80231,vamshi.pm@colliers.com,8904597663,,"GROUND FLOOR, 1-65/8283/A, 1-65/8283/B, KAVURI HILLS, GUTTALA BEGUMPET, SERILINGAMPALLY CIRCLE, SERILINGAMPALLY MANDAL, RANGA REDDY DISTRICT , HYDERABAD- 500033","GROUND FLOOR, 1-65/8283/A, 1-65/8283/B, KAVURI HILLS, GUTTALA BEGUMPET, SERILINGAMPALLY CIRCLE, SERILINGAMPALLY MANDAL, RANGA REDDY DISTRICT , HYDERABAD- 500033",HYDERABAD,TELANGANA,,,DEEPAK KUMAR
COLLIERS - IDFC First Bank Limited (TN-KL),81051 - IDFC - KOLLAM BRANCH,81051,vamshi.pm@colliers.com,8754408908,,"GROUND FLOOR 12/2367- 1186 BLOCK 212, SRINIZ TOWER, HIGH SCHOOL JUNCTION, THEVALLY PO, KOLLAM 691009","GROUND FLOOR 12/2367- 1186 BLOCK 212, SRINIZ TOWER, HIGH SCHOOL JUNCTION, THEVALLY PO, KOLLAM 691009",KOLLAM,KERALA,,,PADAM LOCHAN MALLICK
COLLIERS - IDFC First Bank Limited (TN-KL),81071 - IDFC - KOTTAYAM BRANCH,81071,vamshi.pm@colliers.com,8754408908,,"GROUND FLOOR, MUNICIPALITY DOOR NO. 1476/B, CHERUKARA TOWERS, LOGOS JUNCTION,KOTTAYAM,KERALA-686001","GROUND FLOOR, MUNICIPALITY DOOR NO. 1476/B, CHERUKARA TOWERS, LOGOS JUNCTION,KOTTAYAM,KERALA-686001",KOTTAYAM,KERALA,,,PADAM LOCHAN MALLICK
COLLIERS - IDFC First Bank Limited (TN-KL),81091 - IDFC - PALAKKAD BRANCH,81091,vamshi.pm@colliers.com,8754408908,,"GROUND FLOOR, 24/822, AGM ARCADE, KUNNATHURMEDU, COIMBATORE ROAD, KALMANDAPAM, PALAKKAD, KERALA - 678013","GROUND FLOOR, 24/822, AGM ARCADE, KUNNATHURMEDU, COIMBATORE ROAD, KALMANDAPAM, PALAKKAD, KERALA - 678013",Palakkad,KERALA,,,PADAM LOCHAN MALLICK
COLLIERS - IDFC First Bank Limited (TN-KL),81111 - IDFC - TIRUNELVELI - VANNARAPETTAI BRANCH,81111,vamshi.pm@colliers.com,8754408908,,"GROUND FLOOR, WARD NO.9, DOOR NOS 2/3 AND 2/4 ,BLOCK NO.5, VANNARAPETTAI BYE PASS ROAD, PALAYAMKOTTAI, THIRUNELVELI-627003","GROUND FLOOR, WARD NO.9, DOOR NOS 2/3 AND 2/4 ,BLOCK NO.5, VANNARAPETTAI BYE PASS ROAD, PALAYAMKOTTAI, THIRUNELVELI-627003",TIRUNELVELI,TAMIL NADU,,,PADAM LOCHAN MALLICK
COLLIERS - IDFC First Bank Limited (KA),81105 - IDFC - BANGALORE - JP NAGAR 5TH PHASE BRANCH,81105,vamshi.pm@colliers.com,9113632680,,"GROUND FLOOR, 305, ANAND NR ONYX, 100 FEET RING ROAD, 15TH CROSS, JP NAGAR 5TH PHASE, BENGALURU- 560078","GROUND FLOOR, 305, ANAND NR ONYX, 100 FEET RING ROAD, 15TH CROSS, JP NAGAR 5TH PHASE, BENGALURU- 560078",BANGALORE,KARNATAKA,,,Anshu Kumar Maurya
COLLIERS - IDFC First Bank Limited (KA),81106 - IDFC - BANGALORE -BANASHANKARI BRANCH,81106,vamshi.pm@colliers.com,9113632680,,"GROUND FLOOR, NO. 573,30TH MAIN ROAD , KATTARUGUPPE BSK 3RD STAGE BDA , BANASHANKARI, BANGALORE -560085","GROUND FLOOR, NO. 573,30TH MAIN ROAD , KATTARUGUPPE BSK 3RD STAGE BDA , BANASHANKARI, BANGALORE -560085",BANGALORE,KARNATAKA,,,Anshu Kumar Maurya
COLLIERS - IDFC First Bank Limited (KA),81107 - IDFC - JALAHALLI CROSS BRANCH,81107,vamshi.pm@colliers.com,9113632680,,"GROUND FLOOR, NO.628,KHATA NO.54,WARD NO.39,TUMKUR MAIN ROAD, YESHWANTHAPUR HOBLI, NEAR JALAHALLI CROSS ROAD , NETAJI NAGARA, BANGALORE, KARNATAKA-560057","GROUND FLOOR, NO.628,KHATA NO.54,WARD NO.39,TUMKUR MAIN ROAD, YESHWANTHAPUR HOBLI, NEAR JALAHALLI CROSS ROAD , NETAJI NAGARA, BANGALORE, KARNATAKA-560057",BANGALORE,KARNATAKA,,,Anshu Kumar Maurya
COLLIERS - IDFC First Bank Limited (KA),81101 - IDFC - BANGALORE - BASAVESHWARA NAGAR BRANCH,81101,vamshi.pm@colliers.com,9113632680,,"GROUND FLOOR, NO. 28,BHIMA JYOTHI LIC COLONY, DR MC MODI HOSPITAL ROAD, 2ND STAGE, OPP SWAMI VIVEKANANDA PARK, BASAVESHWARANAGAR, BANGALORE-560079","GROUND FLOOR, NO. 28,BHIMA JYOTHI LIC COLONY, DR MC MODI HOSPITAL ROAD, 2ND STAGE, OPP SWAMI VIVEKANANDA PARK, BASAVESHWARANAGAR, BANGALORE-560079",BANGALORE,KARNATAKA,,,Anshu Kumar Maurya
COLLIERS - IDFC First Bank Limited (KA),81102 - IDFC - BANGALORE - AECS LAYOUT BRANCH,81102,vamshi.pm@colliers.com,9113632680,,"AVALON ARCADE, NO.313/314,AECS B BLOCK, KUNDALAHALLI, AECS LAYOUT, BANGALORE-560037","AVALON ARCADE, NO.313/314,AECS B BLOCK, KUNDALAHALLI, AECS LAYOUT, BANGALORE-560037",BANGALORE,KARNATAKA,,,Anshu Kumar Maurya
COLLIERS - IDFC First Bank Limited (KA),81103 - IDFC - BANGALORE - KASTURI NAGAR BRANCH,81103,vamshi.pm@colliers.com,9113632680,,"GROUND FLOOR, 425 , S. G. TOWER, 2ND MAIN ROAD 2M, EAST OF NGEF LAYOUT, PID NO.84-138-2M-425 KASTURI NAGAR, BANGALORE - 560043","GROUND FLOOR, 425 , S. G. TOWER, 2ND MAIN ROAD 2M, EAST OF NGEF LAYOUT, PID NO.84-138-2M-425 KASTURI NAGAR, BANGALORE - 560043",BANGALORE,KARNATAKA,,,Anshu Kumar Maurya
COLLIERS - IDFC First Bank Limited(AP-TS),80146 - IDFC - CHENNAI THURAIPAKKAM BRANCH,80146,vamshi.pm@colliers.com,9945092549,,"UPPER GROUND FLOOR, 3/330, OLD MAHABALIPURAM SALAI I.T. HIGHWAY, RAJIV GANDHI ROAD, THURAIPAKKAM VILLAGE, CHENNAI- 600097","UPPER GROUND FLOOR, 3/330, OLD MAHABALIPURAM SALAI I.T. HIGHWAY, RAJIV GANDHI ROAD, THURAIPAKKAM VILLAGE, CHENNAI- 600097",CHENNAI,TAMIL NADU,,,PADAM LOCHAN MALLICK
COLLIERS - IDFC First Bank Limited (TN-KL),80147 - IDFC - CHENNAI - PURASAWALKAM BRANCH,80147,vamshi.pm@colliers.com,8754408908,,"GROUND FLOOR , BLOCK 1, 92 A, DR. ALAGAPPA ROAD, VEPERY, PURASAWALKAM, CHENNAI - 600084","GROUND FLOOR , BLOCK 1, 92 A, DR. ALAGAPPA ROAD, VEPERY, PURASAWALKAM, CHENNAI - 600084",CHENNAI,TAMIL NADU,,,PADAM LOCHAN MALLICK
COLLIERS - IDFC First Bank Limited (TN-KL),80537 - IDFC - COIMBATORE - SAIBABA COLONY BRANCH,80537,vamshi.pm@colliers.com,8754408908,,"UPPER GROUND FLOOR, PLOT NO.1 DOOR NO. 1 2, ,SF NO.375,394 395/1, T.S NO.151,RAMALINGAM NAGAR, SAIBABA COLONY, NSR ROAD, COIMBATORE-641011","UPPER GROUND FLOOR, PLOT NO.1 DOOR NO. 1 2, ,SF NO.375,394 395/1, T.S NO.151,RAMALINGAM NAGAR, SAIBABA COLONY, NSR ROAD, COIMBATORE-641011",COIMBATORE,TAMIL NADU,,,PADAM LOCHAN MALLICK
COLLIERS - IDFC First Bank Limited (KA),81109 - IDFC - BANGALORE - VIJAYANAGAR BRANCH,81109,vamshi.pm@colliers.com,9113632680,,"GROUND FLOOR, NO.7/1707-7, 17TH CROSS ROAD, MARUTHI MANDIR WARD , MAGADI ROAD CHORD ROAD EXTENSION ,VIJAYANAGAR, BANGALORE , KARNATAKA- 560040","GROUND FLOOR, NO.7/1707-7, 17TH CROSS ROAD, MARUTHI MANDIR WARD , MAGADI ROAD CHORD ROAD EXTENSION ,VIJAYANAGAR, BANGALORE , KARNATAKA- 560040",BANGALORE,KARNATAKA,,,Anshu Kumar Maurya
COLLIERS - IDFC First Bank Limited (KA),81176 - IDFC - KENGERI SATELLITE TOWN BRANCH,81176,vamshi.pm@colliers.com,9113632680,,"UPPER GROUND FLOOR, PID NO.1814,1ST MAIN ROAD, KENGERI SATELLITE TOWNSHIP, STAGE 1,BANGALORE- 560060","UPPER GROUND FLOOR, PID NO.1814,1ST MAIN ROAD, KENGERI SATELLITE TOWNSHIP, STAGE 1,BANGALORE- 560060",BANGALORE,KARNATAKA,,,Anshu Kumar Maurya
COLLIERS - IDFC First Bank Limited (KA),81178 - IDFC - BANGALORE - NAGARBHAVI BRANCH,81178,vamshi.pm@colliers.com,9113632680,,"GROUND FLOOR, SITE NO. 8, OPP UNITY LIFE LINE HOSPITAL, 2ND STAGE, 1ST BLOCK, NAGARBHAVI, BANGALORE, KARNATAKA- 560072","GROUND FLOOR, SITE NO. 8, OPP UNITY LIFE LINE HOSPITAL, 2ND STAGE, 1ST BLOCK, NAGARBHAVI, BANGALORE, KARNATAKA- 560072",BANGALORE,KARNATAKA,,,Anshu Kumar Maurya
COLLIERS - IDFC First Bank Limited (KA),81182 - IDFC - BANGALORE - JAYANAGAR 7TH BLOCK BRANCH,81182,vamshi.pm@colliers.com,9113632680,,"GROUND FLOOR, NO.1OLD NO.106/C, PID NO. 59-89-1, 30TH CROSS ROAD, 7TH BLOCK , JAYANAGAR, BANGALORE - 560070","GROUND FLOOR, NO.1OLD NO.106/C, PID NO. 59-89-1, 30TH CROSS ROAD, 7TH BLOCK , JAYANAGAR, BANGALORE - 560070",BANGALORE,KARNATAKA,,,Anshu Kumar Maurya
COLLIERS - IDFC First Bank Limited(AP-TS),81281 - IDFC - KOLHAPUR CIRCLE BELAGAVI,81281,janakiraman.k@colliers.com,9945092549,,"GROUND FLOOR, VISHWA GURU BUILDING, NEAR SHIVA HOTEL, KOLHAPUR CIRCLE, BELGAUM, PIN CODE - 590001","GROUND FLOOR, VISHWA GURU BUILDING, NEAR SHIVA HOTEL, KOLHAPUR CIRCLE, BELGAUM, PIN CODE - 590001",BELGAUM,KARNATAKA,,,Anshu Kumar Maurya
COLLIERS - IDFC First Bank Limited(AP-TS),80417 - IDFC - MBL - VISHAKAHAPATNAM GAJUWAKA,80417,vamshi.pm@colliers.com,8904597663,,"SRI VENKATESHWARA COMPLEX, 1ST FLOOR, DOORS NO 26-17-19, NH 5 HIGHWAY , BESIDE R K HOSPITAL, GAJUWAKA, ANDHRA PRADESH- 530026","SRI VENKATESHWARA COMPLEX, 1ST FLOOR, DOORS NO 26-17-19, NH 5 HIGHWAY , BESIDE R K HOSPITAL, GAJUWAKA, ANDHRA PRADESH- 530026",VISAKHAPATNAM,ANDHRA PRADESH,,,DIWAKAR PANDIT
COLLIERS - IDFC First Bank Limited (KA),81382 - IDFC - MBL - TUMKUR,81382,vamshi.pm@colliers.com,9113632680,,"1ST CROSS ST, S S CIRCLE, S.S.PURAM, TUMAKURU, KARNATAKA-572102","1ST CROSS ST, S S CIRCLE, S.S.PURAM, TUMAKURU, KARNATAKA-572102",TUMKUR,KARNATAKA,,,Anshu Kumar Maurya
COLLIERS - IDFC First Bank Limited (TN-KL),80793 - IDFC - MBL - ERODE,80793,vamshi.pm@colliers.com,8754408908,,"9/11, 1ST FLOOR, PERUNDURAI ROAD, OPP. SUDHA HOSPITAL, ERODE - 638011","9/11, 1ST FLOOR, PERUNDURAI ROAD, OPP. SUDHA HOSPITAL, ERODE - 638011",ERODE,TAMIL NADU,,,PADAM LOCHAN MALLICK
COLLIERS - IDFC First Bank Limited (TN-KL),81471 - IDFC - MBL - DINDIGUL,81471,vamshi.pm@colliers.com,8754408908,,"MKS TOWERS, NO. 9, YMR PATTY, ARTHI THEATER ROAD, DINDIGUL - 624001","MKS TOWERS, NO. 9, YMR PATTY, ARTHI THEATER ROAD, DINDIGUL - 624001",DINDIGUL,TAMIL NADU,,,PADAM LOCHAN MALLICK
COLLIERS - IDFC First Bank Limited (TN-KL),81481 - IDFC - MBL - KARUR,81481,vamshi.pm@colliers.com,8754408908,,"12-A2, VV TOWERS, COVAI MAIN ROAD, KARUR - 639002","12-A2, VV TOWERS, COVAI MAIN ROAD, KARUR - 639002",KARUR,TAMIL NADU,,,PADAM LOCHAN MALLICK
COLLIERS - IDFC First Bank Limited (TN-KL),81491 - IDFC - MBL - KUMBAKONAM,81491,vamshi.pm@colliers.com,8754408908,,"78,79, VEKAAY ELIGHTS, SARANGABANI SOUTH STREET, KUMBAKONAM - 612001","78,79, VEKAAY ELIGHTS, SARANGABANI SOUTH STREET, KUMBAKONAM - 612001",KUMBAKONAM,TAMIL NADU,,,PADAM LOCHAN MALLICK
COLLIERS - IDFC First Bank Limited(AP-TS),80874 - IDFC - MBL - WARANGAL,80874,vamshi.pm@colliers.com,8904597663,,"2-5-478, ADALATH CIRCLE, HANAMKONDA, WARANGAL URBAN DISTRICT, TELANGANA. PIN 506002","2-5-478, ADALATH CIRCLE, HANAMKONDA, WARANGAL URBAN DISTRICT, TELANGANA. PIN 506002",WARANGAL,TELANGANA,,,DEEPAK KUMAR
COLLIERS - IDFC First Bank Limited(AP-TS),80896 - IDFC - MBL - NELLOR,80896,vamshi.pm@colliers.com,8904597663,,"1ST FLOOR, D NO. 26-3-485, BAKTAVASTLA NAGAR, MINI BYPASS ROAD, NELLORE ANDHRA PRADESH -524004","1ST FLOOR, D NO. 26-3-485, BAKTAVASTLA NAGAR, MINI BYPASS ROAD, NELLORE ANDHRA PRADESH -524004",NELLORE,ANDHRA PRADESH,,,DIWAKAR PANDIT
COLLIERS - IDFC First Bank Limited(AP-TS),81045 - IDFC - MBL - ELURU,81045,vamshi.pm@colliers.com,8904597663,,"1ST FLOOR, SRIYA COMPLEX, MAID ROAD, NEAR GOVT ITI COLLEGE, SATRAMPADU, ELURU, WEST GODAVARI, ANDHRA PRADESH- 534007","1ST FLOOR, SRIYA COMPLEX, MAID ROAD, NEAR GOVT ITI COLLEGE, SATRAMPADU, ELURU, WEST GODAVARI, ANDHRA PRADESH- 534007",ELURU,ANDHRA PRADESH,,,DIWAKAR PANDIT
COLLIERS - IDFC First Bank Limited(AP-TS),81019 - IDFC - MBL - VIJAYAWADA BHAVANIPURAM,81019,vamshi.pm@colliers.com,8904597663,,"1ST FLOOR, D.NO.-76-18-53, RAJU BROTHERS COMPLEX, BYPASS ROAD, VIJAYWADA MUNICIPAL CORPORATION, VIJAYWADA, ANDHRA PRADESH- 520012","1ST FLOOR, D.NO.-76-18-53, RAJU BROTHERS COMPLEX, BYPASS ROAD, VIJAYWADA MUNICIPAL CORPORATION, VIJAYWADA, ANDHRA PRADESH- 520012",VIJAYAWADA,ANDHRA PRADESH,,,DIWAKAR PANDIT
COLLIERS - IDFC First Bank Limited (TN-KL),81442 - IDFC - MBL - PUDUKOTAI,81442,vamshi.pm@colliers.com,8754408908,,"FIRST FLOOR, T.S NO. 3047/2, EAST 2ND STREET , ANNA STATUE, TOWN MUNICIPALITY PUDUKKOTTAI , PUDUKKOTTAI, TAMILNADU-622003","FIRST FLOOR, T.S NO. 3047/2, EAST 2ND STREET , ANNA STATUE, TOWN MUNICIPALITY PUDUKKOTTAI , PUDUKKOTTAI, TAMILNADU-622003",PUDUKKOTTAI,TAMIL NADU,,,PADAM LOCHAN MALLICK
COLLIERS - IDFC First Bank Limited (TN-KL),80545 - IDFC - MBL - SULUR,80545,vamshi.pm@colliers.com,8754408908,,"NO 14, AVT COMPLEX, AVT NAGAR, KALANGAL ROAD, SULUR, COIMBATORE - 641402","NO 14, AVT COMPLEX, AVT NAGAR, KALANGAL ROAD, SULUR, COIMBATORE - 641402",COIMBATORE,TAMIL NADU,,,PADAM LOCHAN MALLICK
COLLIERS - IDFC First Bank Limited (KA),81773 - IDFC - K G ROAD BRANCH,81773,vamshi.pm@colliers.com,9113632680,,"GROUND FLOOR , 35, BUILDING NO.5, DEVANGA TOWER, NEW JAIL EXTENSION, KEMPEGOWDA ROAD, GANDHINAGAR, BENGALURU, KARNATAKA- 560002","GROUND FLOOR , 35, BUILDING NO.5, DEVANGA TOWER, NEW JAIL EXTENSION, KEMPEGOWDA ROAD, GANDHINAGAR, BENGALURU, KARNATAKA- 560002",BANGALORE,KARNATAKA,,,Anshu Kumar Maurya
COLLIERS - IDFC First Bank Limited(AP-TS),81633 - IDFC - NALGONDA BRANCH,81633,vamshi.pm@colliers.com,8904597663,,"GROUND FLOOR, DOOR NO. 5-9-404 , WARD NO. 5, BLOCK 9, NEAR PETROL BUNK , MIRYALAGUDA ROAD,NALGONDA, TELANGANA - 508207","GROUND FLOOR, DOOR NO. 5-9-404 , WARD NO. 5, BLOCK 9, NEAR PETROL BUNK , MIRYALAGUDA ROAD,NALGONDA, TELANGANA - 508207",NALGONDA,TELANGANA,,,DEEPAK KUMAR
COLLIERS - IDFC First Bank Limited(AP-TS),81634 - IDFC - MIRYALAGUDA BRANCH,81634,vamshi.pm@colliers.com,8904597663,,"GROUND FLOOR, DOOR NO. 19-158 AND 19-158/A/1, PLOT NO.118, BLOCK NO.19, REDDY COLONY, MIRYALAGUDA VILLAGE, NALGONDA DISTRICT,TELANGANA- 508207","GROUND FLOOR, DOOR NO. 19-158 AND 19-158/A/1, PLOT NO.118, BLOCK NO.19, REDDY COLONY, MIRYALAGUDA VILLAGE, NALGONDA DISTRICT,TELANGANA- 508207",MIRYALAGUDA,TELANGANA,,,DEEPAK KUMAR
COLLIERS - IDFC First Bank Limited(AP-TS),81803 - IDFC - HYDERABAD-KOTHAPET BRANCH,81803,vamshi.pm@colliers.com,8904597663,,"GROUND FLOOR, DOOR NO. 11-9-11, WARD NO.11, BLOCK NO.9, LAXMI NAGAR COLONY,KOTHAPET, SAROOR NAGAR VILLAGE, SAROOR NAGAR MANDAL, RANGA REDDY DISTRICT, HYDERABAD, TELANGANA-500035","GROUND FLOOR, DOOR NO. 11-9-11, WARD NO.11, BLOCK NO.9, LAXMI NAGAR COLONY,KOTHAPET, SAROOR NAGAR VILLAGE, SAROOR NAGAR MANDAL, RANGA REDDY DISTRICT, HYDERABAD, TELANGANA-500035",HYDERABAD,TELANGANA,,,DEEPAK KUMAR
COLLIERS - IDFC First Bank Limited(AP-TS),81813 - IDFC - HYDERABAD - A S RAO NAGAR BRANCH,81813,vamshi.pm@colliers.com,8904597663,,"GROUND FLOOR, PLOT NOS. 168-170, DOOR NO. 1-7-43/318/168, MAHESH NAGAR, KAMLA NAGAR MAIN ROAD, KAPRA MUNICIPALITY, KEESARA MANDAL, MEDCHAL MALKAJGIRI DISTRICT, HYDERABAD, TELANGANA - 500062","GROUND FLOOR, PLOT NOS. 168-170, DOOR NO. 1-7-43/318/168, MAHESH NAGAR, KAMLA NAGAR MAIN ROAD, KAPRA MUNICIPALITY, KEESARA MANDAL, MEDCHAL MALKAJGIRI DISTRICT, HYDERABAD, TELANGANA - 500062",HYDERABAD,TELANGANA,,,DEEPAK KUMAR
COLLIERS - IDFC First Bank Limited (KA),81703 - IDFC - RAICHUR BRANCH,81703,vamshi.pm@colliers.com,9113632680,,"UPPER GROUND FLOOR, MUNICIPAL NOS.12-10-78/2B, 12-10-78/3B, 12-10-78/4B, 12-10-78/5B, 12-10-78/6B, 12-10-78/7, B. VAIKUNTAM COMPLEX, NEW MYDAWADI, SIYA TALAB, RAICHUR , KARNATAKA- 584101","UPPER GROUND FLOOR, MUNICIPAL NOS.12-10-78/2B, 12-10-78/3B, 12-10-78/4B, 12-10-78/5B, 12-10-78/6B, 12-10-78/7, B. VAIKUNTAM COMPLEX, NEW MYDAWADI, SIYA TALAB, RAICHUR , KARNATAKA- 584101",RAICHUR,KARNATAKA,,,Anshu Kumar Maurya
COLLIERS - IDFC First Bank Limited (TN-KL),80595 - IDFC - SALEM - GUGAI BRANCH,80595,vamshi.pm@colliers.com,8754408908,,"GROUND FLOOR, GUGAI TRICHY MAIN ROAD, E DIVISION, BLOCK 53, SALEM CORPORATION , SALEM DISTRICT, TAMILNADU-636006","GROUND FLOOR, GUGAI TRICHY MAIN ROAD, E DIVISION, BLOCK 53, SALEM CORPORATION , SALEM DISTRICT, TAMILNADU-636006",SALEM,TAMIL NADU,,,PADAM LOCHAN MALLICK
COLLIERS - IDFC First Bank Limited(AP-TS),81831 - IDFC - CHENNAI IYYAPANTHANGAL BRANCH,81831,vamshi.pm@colliers.com,9945092549,,"UPPER GROUND FLOOR, 1ST FLOOR, 1/472, MOUNT POONAMALLEE ROAD, KANCHEEPURAM DISTRICT, IYYAPPANTHANGAL VILLAGE, IYYAPANTHANGAL, CHENNAI- 600056","UPPER GROUND FLOOR, 1ST FLOOR, 1/472, MOUNT POONAMALLEE ROAD, KANCHEEPURAM DISTRICT, IYYAPPANTHANGAL VILLAGE, IYYAPANTHANGAL, CHENNAI- 600056",CHENNAI,TAMIL NADU,,,PADAM LOCHAN MALLICK
COLLIERS - IDFC First Bank Limited(AP-TS),80242 - IDFC - HYDERABAD-UPPAL BRANCH,80242,vamshi.pm@colliers.com,8904597663,,"GROUND FLOOR, HOUSE NO.2-6-106/NR, MAIN ROAD, BHARATH NAGAR, UPPAL MANDAL, MEDCHAL MALKAJGIRI DISTRICT, UPPAL, HYDERABAD, TELANGANA 500039","GROUND FLOOR, HOUSE NO.2-6-106/NR, MAIN ROAD, BHARATH NAGAR, UPPAL MANDAL, MEDCHAL MALKAJGIRI DISTRICT, UPPAL, HYDERABAD, TELANGANA 500039",HYDERABAD,TELANGANA,,,DEEPAK KUMAR
COLLIERS - IDFC First Bank Limited (TN-KL),81832 - IDFC - CHENNAI - MOUNT ROAD BRANCH,81832,vamshi.pm@colliers.com,8754408908,,"GROUND FLOOR, 249190,191,192, UNIT 2 2C, MOUNT ROAD, CATHEDRAL POST, ANNA SALAI, THOUSAND LIGHT, CHENNAI - 600006","GROUND FLOOR, 249190,191,192, UNIT 2 2C, MOUNT ROAD, CATHEDRAL POST, ANNA SALAI, THOUSAND LIGHT, CHENNAI - 600006",CHENNAI,TAMIL NADU,,,PADAM LOCHAN MALLICK
COLLIERS - IDFC First Bank Limited (KA),80199 - IDFC - BANGALORE - JAKKUR BRANCH,80199,vamshi.pm@colliers.com,9113632680,,"GROUND FLOOR, 31/33,WARD NO.5,METROPOLITAN CO-OPERATIVE HOUSING SOCIETY, JAKKUR, MCHS LAYOUT, BANGALORE - 560064","GROUND FLOOR, 31/33,WARD NO.5,METROPOLITAN CO-OPERATIVE HOUSING SOCIETY, JAKKUR, MCHS LAYOUT, BANGALORE - 560064",BANGALORE,KARNATAKA,,,Anshu Kumar Maurya
COLLIERS - IDFC First Bank Limited(AP-TS),81802 - IDFC - Kokapet,81802,vamshi.pm@colliers.com,8904597663,,"Plot no-4, S.no-160, 60 feet Road, Brindavan Colony, Narsingi, Kokapet,Hyderabad,TS-500075","Plot no-4, S.no-160, 60 feet Road, Brindavan Colony, Narsingi, Kokapet,Hyderabad,TS-500075",HYDERABAD,TELANGANA,,,DEEPAK KUMAR
COLLIERS - IDFC First Bank Limited (KA),81185 - IDFC - BANGALORE - HSR LAYOUT SECTOR 3 BRANCH,81185,vamshi.pm@colliers.com,9113632680,,"GROUND FLOOR, 1084, 18TH CROSS,14TH MAIN, HSR LAYOUT SECTOR 3, BANGALORE,KARNATAKA-560102","GROUND FLOOR, 1084, 18TH CROSS,14TH MAIN, HSR LAYOUT SECTOR 3, BANGALORE,KARNATAKA-560102",BANGALORE,KARNATAKA,,,Anshu Kumar Maurya
COLLIERS - IDFC First Bank Limited(AP-TS),80243 - IDFC - HYDERABAD - BEGUMPET BRANCH,80243,vamshi.pm@colliers.com,8904597663,,"GROUND FLOOR, 1-10-63/1/1, VEER CHAMBERS, CHIKOTI GARDENS, BEGUMPET, HYDERABAD- 500016","GROUND FLOOR, 1-10-63/1/1, VEER CHAMBERS, CHIKOTI GARDENS, BEGUMPET, HYDERABAD- 500016",HYDERABAD,TELANGANA,,,DEEPAK KUMAR
COLLIERS - IDFC First Bank Limited (TN-KL),81833 - IDFC - CHENNAI - NEELANKARAI BRANCH,81833,vamshi.pm@colliers.com,8754408908,,"GROUND AND FIRST FLOOR, S.NO./63/29,DOOR NO.4, EAST COAST ROAD, SHOLINGANALLUR TALUK, NEELANKARAI, CHENNAI- 600115","GROUND AND FIRST FLOOR, S.NO./63/29,DOOR NO.4, EAST COAST ROAD, SHOLINGANALLUR TALUK, NEELANKARAI, CHENNAI- 600115",CHENNAI,TAMIL NADU,,,PADAM LOCHAN MALLICK
COLLIERS - IDFC First Bank Limited (KA),81187 - IDFC - BANGALORE - KORAMANGALA 7TH BLOCK BRANCH,81187,vamshi.pm@colliers.com,9113632680,,"GROUND FLOOR, 9, KORAMANGALA INDUSTRIAL LAYOUT, PID-67-3-9,KORAMANGALA, BANGALORE , KARNATAKA- 560034","GROUND FLOOR, 9, KORAMANGALA INDUSTRIAL LAYOUT, PID-67-3-9,KORAMANGALA, BANGALORE , KARNATAKA- 560034",BANGALORE,KARNATAKA,,,Anshu Kumar Maurya
COLLIERS - IDFC First Bank Limited(AP-TS),81186 - IDFC - Bangalore Girinagar Branch,81186,janakiraman.k@colliers.com,9945092549,,"IDFC FIRST BANK LTD, Ground Floor N.P. Arcade, No.245/1, Opp. HDFC Bank Canara Bank, 4th Cross Road, Near St.Vincent Pallotti Church, OMBR Layout, Banaswadi, Bangalore-560043.","IDFC FIRST BANK LTD, Ground Floor N.P. Arcade, No.245/1, Opp. HDFC Bank Canara Bank, 4th Cross Road, Near St.Vincent Pallotti Church, OMBR Layout, Banaswadi, Bangalore-560043.",BANGALORE,KARNATAKA,,,Anshu Kumar Maurya
COLLIERS - IDFC First Bank Limited(AP-TS),"81153 - IDFC - Bangalore Kanakapura Road, Raghuvanahalli Branch",81153,janakiraman.k@colliers.com,9945092549,,"IDFC FIRST BANK LTD, Ground Floor No. 80 Feet Road, KSIT College Road, Raghuvanahalli, Kanakapura Road, Bangalore-560062.","IDFC FIRST BANK LTD, Ground Floor No. 80 Feet Road, KSIT College Road, Raghuvanahalli, Kanakapura Road, Bangalore-560062.",BANGALORE,KARNATAKA,,,Anshu Kumar Maurya
COLLIERS - IDFC First Bank Limited(AP-TS),80198 - IDFC - Bangalore Banaswadi Branch,80198,janakiraman.k@colliers.com,9945092549,,"IDFC FIRST BANK LTD, Ground Floor N.P. Arcade, No.245/1, Opp. HDFC Bank Canara Bank, 4th Cross Road, Near St.Vincent Pallotti Church, OMBR Layout, Banaswadi, Bangalore-560043.","IDFC FIRST BANK LTD, Ground Floor N.P. Arcade, No.245/1, Opp. HDFC Bank Canara Bank, 4th Cross Road, Near St.Vincent Pallotti Church, OMBR Layout, Banaswadi, Bangalore-560043.",BANGALORE,KARNATAKA,,,Anshu Kumar Maurya
COLLIERS - IDFC First Bank Limited(AP-TS),81563 - IDFC - Karimnagar,81563,vamshi.pm@colliers.com,8904597663,,"Ground Floor, Door No. 8-5-403/3, Vasantha Sagar Complex, Kaman road, Raghavendra Nagar, Karimnagar - 505001, TS","Ground Floor, Door No. 8-5-403/3, Vasantha Sagar Complex, Kaman road, Raghavendra Nagar, Karimnagar - 505001, TS",HYDERABAD,TELANGANA,,,DEEPAK KUMAR
COLLIERS - IDFC First Bank Limited(AP-TS),81104 - IDFC - Bangalore Seshadripuram Branch.,81104,janakiraman.k@colliers.com,9811432667,9811432667,"IDFC FIRST BANK LTD, Ground Floor, Opp. Gandhi Bhavan, Near Shivananda circle, Kumar park east, Seshadripuram, Bangalore, Karnataka 560001.","IDFC FIRST BANK LTD, Ground Floor, Opp. Gandhi Bhavan, Near Shivananda circle, Kumar park east, Seshadripuram, Bangalore, Karnataka 560001.",BANGALORE,KARNATAKA,,,Anshu Kumar Maurya
COLLIERS - IDFC First Bank Limited (KA),80285 - IDFC - Hubli,80285,vamshi.pm@colliers.com,9113632680,,"Eureka Junction, Travellers Bungalow Road, Deshpande Nagar, Hubballi, Karnataka 580029. Landmark ICICI Bank Ltd,","Eureka Junction, Travellers Bungalow Road, Deshpande Nagar, Hubballi, Karnataka 580029. Landmark ICICI Bank Ltd,",HUBLI,KARNATAKA,,,Anshu Kumar Maurya
COLLIERS - IDFC First Bank Limited (KA),80494 - IDFC - Bellary,80494,vamshi.pm@colliers.com,9113632680,,"Ground floor, No. 8A T.S.234235,Parvathi Nagar Main Road Dodda Sharanappa Compound Ballari KA 583101","Ground floor, No. 8A T.S.234235,Parvathi Nagar Main Road Dodda Sharanappa Compound Ballari KA 583101",BELLARY,KARNATAKA,,,Anshu Kumar Maurya
COLLIERS - IDFC First Bank Limited (TN-KL),80672 - IDFC - Kochi Thrippunithura,80672,vamshi.pm@colliers.com,8754408908,,"Upper Ground floor, K Mall, Kizhakkekkotta Junction, Ernakulam District, Tripunithura, Kerala- 682301","Upper Ground floor, K Mall, Kizhakkekkotta Junction, Ernakulam District, Tripunithura, Kerala- 682301",ERNAKULAM,KERALA,,,PADAM LOCHAN MALLICK
COLLIERS - IDFC First Bank Limited (TN-KL),80932 - IDFC - Kannur Urban Branch,80932,vamshi.pm@colliers.com,8754408908,,"Ground floor, Building no. 1320/1,ward 51, New Bus stand Road, Azhikode, Kannur, Kerala - 670001","Ground floor, Building no. 1320/1,ward 51, New Bus stand Road, Azhikode, Kannur, Kerala - 670001",Kannur,KERALA,,,PADAM LOCHAN MALLICK
COLLIERS - IDFC First Bank Limited(AP-TS),80733 - IDFC - Thrissur Patturakkal Urban branch,80733,vamshi.pm@colliers.com,9945092549,,"Ground floor, 28/ 352-4 to 8, Thiruvambady, Thrissivaperur, Thissur village, Kerala- 680020","Ground floor, 28/ 352-4 to 8, Thiruvambady, Thrissivaperur, Thissur village, Kerala- 680020",THRISSUR,KERALA,,,PADAM LOCHAN MALLICK
COLLIERS - IDFC First Bank Limited (TN-KL),80538 - IDFC - Pollachi,80538,vamshi.pm@colliers.com,8754408908,,"Ground floor, 12/3 Artin Avenue Kamaraj Road Mahalingapuram, Pollachi, Tamil Nadu 642002","Ground floor, 12/3 Artin Avenue Kamaraj Road Mahalingapuram, Pollachi, Tamil Nadu 642002",COIMBATORE,TAMIL NADU,,,PADAM LOCHAN MALLICK
COLLIERS - IDFC First Bank Limited (TN-KL),81582 - IDFC - Sembakkam Branch,81582,vamshi.pm@colliers.com,8754408908,,"Ground floor, Plot no. 1B, Kancheepuram District, Tambaram Taluk, Rajakeelpakkam Village, Velachery Main Road, District of Selaiyur, Rajakilpakkam , Tamil Nadu- 600073","Ground floor, Plot no. 1B, Kancheepuram District, Tambaram Taluk, Rajakeelpakkam Village, Velachery Main Road, District of Selaiyur, Rajakilpakkam , Tamil Nadu- 600073",CHENNAI,TAMIL NADU,,,PADAM LOCHAN MALLICK
COLLIERS - IDFC First Bank Limited(AP-TS),80226 - IDFC - HYDERABAD - MIYAPUR BRANCH,80226,vamshi.pm@colliers.com,8904597663,,"GROUND FLOOR, PLOT NO.67 SYN. 68, DOOR NO.1-121/KZ/67, MIYAPUR VILLAGE, SERILINGAMPALLY MANDAL, RANGA REDDY DISTRICT, TELANGANA- 500049","GROUND FLOOR, PLOT NO.67 SYN. 68, DOOR NO.1-121/KZ/67, MIYAPUR VILLAGE, SERILINGAMPALLY MANDAL, RANGA REDDY DISTRICT, TELANGANA- 500049",HYDERABAD,TELANGANA,,,DEEPAK KUMAR
COLLIERS - IDFC First Bank Limited(AP-TS),80233 - IDFC - Kondapur,80233,vamshi.pm@colliers.com,8904597663,,"Ground floor, 1-51/191/6364/GF-1, Botonical Gardens, Kondapur, Serilingampally","Ground floor, 1-51/191/6364/GF-1, Botonical Gardens, Kondapur, Serilingampally",HYDERABAD,TELANGANA,,,DEEPAK KUMAR
COLLIERS - IDFC First Bank Limited(AP-TS),81812 - IDFC - Chintal,81812,vamshi.pm@colliers.com,8904597663,,"Ground floor, DN- 48-261/116/NR, Sagar Enclave, Ganesh Nagar, Quthabullapur, Ranga Reddy district ,Chintal, Balanagar, Hyderabad-500037","Ground floor, DN- 48-261/116/NR, Sagar Enclave, Ganesh Nagar, Quthabullapur, Ranga Reddy district ,Chintal, Balanagar, Hyderabad-500037",HYDERABAD,TELANGANA,,,DEEPAK KUMAR
COLLIERS - IDFC First Bank Limited(AP-TS),80872 - IDFC - WARANGAL BRANCH,80872,vamshi.pm@colliers.com,8904597663,,"GROUND FLOOR, BUILDING NO. 157, GMR GS CPLX,NAKKALA GUTTA, HANAMKONDA, WARANGAL,TELANGANA STATE- 506001","GROUND FLOOR, BUILDING NO. 157, GMR GS CPLX,NAKKALA GUTTA, HANAMKONDA, WARANGAL,TELANGANA STATE- 506001",WARANGAL,TELANGANA,,,DEEPAK KUMAR
COLLIERS - IDFC First Bank Limited(AP-TS),81321 - IDFC - Anantapur,81321,vamshi.pm@colliers.com,8904597663,,"Ground Floor, 6-5-462-1 6-5-462-2, SYNo-61/1A4, 62/1B,138/1B, Plot No-25 26,Srinagar Colony, Ward No-6, Anantapur-515001 Andhra Pradesh.","Ground Floor, 6-5-462-1 6-5-462-2, SYNo-61/1A4, 62/1B,138/1B, Plot No-25 26,Srinagar Colony, Ward No-6, Anantapur-515001 Andhra Pradesh.",ANANTAPUR,ANDHRA PRADESH,,,DIWAKAR PANDIT
COLLIERS - IDFC First Bank Limited(AP-TS),80416 - IDFC - MVP Colony,80416,vamshi.pm@colliers.com,8904597663,,"PL Chambers, D.NO.1-83-4/1, MVP Double Rd, Sector 1, MVP Colony, Visakhapatnam, Andhra Pradesh 530017","PL Chambers, D.NO.1-83-4/1, MVP Double Rd, Sector 1, MVP Colony, Visakhapatnam, Andhra Pradesh 530017",VISAKHAPATNAM,ANDHRA PRADESH,,,DIWAKAR PANDIT
COLLIERS - IDFC First Bank Limited (TN-KL),80547 - IDFC - COIMBATORE KAMARAJ ROAD,80547,vamshi.pm@colliers.com,8754408908,,"Ground floor, No. 451, Kamaraj Road, Coimbatore, Peelamedu Post, Tamil Nadu 641004 Singanalluru branch","Ground floor, No. 451, Kamaraj Road, Coimbatore, Peelamedu Post, Tamil Nadu 641004 Singanalluru branch",COIMBATORE,TAMIL NADU,,,PADAM LOCHAN MALLICK
COLLIERS - IDFC First Bank Limited (TN-KL),80694 - IDFC - PATTOM,80694,vamshi.pm@colliers.com,8754408908,,"Ground floor Basant Building, Vrindavan Gardens, Pattom, Thiruvananthapuram, Kerala 695004","Ground floor Basant Building, Vrindavan Gardens, Pattom, Thiruvananthapuram, Kerala 695004",THIRUVANANTHAPURAM,KERALA,,,PADAM LOCHAN MALLICK
COLLIERS - IDFC First Bank Limited (TN-KL),10603 - IDFC - CHENNAI TECH HUB,10603,vamshi.pm@colliers.com,8754408908,,"INTERNATIONAL TECH PARK GROUND FLOOR, 78 PINNACLE BUILDING, CSIR ROAD, THARAMANI 600113","INTERNATIONAL TECH PARK GROUND FLOOR, 78 PINNACLE BUILDING, CSIR ROAD, THARAMANI 600113",CHENNAI,TAMIL NADU,,,PADAM LOCHAN MALLICK
COLLIERS - IDFC First Bank Limited (TN-KL),80136 - IDFC - Sowcarpet,80136,vamshi.pm@colliers.com,8754408908,,"No 68, Ground Floor, Diagonal to Apollo Hospital, Mint St, Sowcarpet, Chennai, Tamil Nadu 600079","No 68, Ground Floor, Diagonal to Apollo Hospital, Mint St, Sowcarpet, Chennai, Tamil Nadu 600079",CHENNAI,TAMIL NADU,,,PADAM LOCHAN MALLICK
COLLIERS - IDFC First Bank Limited (TN-KL), - IDFC - Calavalas Centenary Centre - Chennai,,vamshi.pm@colliers.com,8754408908,,"IDFC FIRST Bank Ltd Calavalas Centenary Centre 9, Club House Road Chennai 600002","IDFC FIRST Bank Ltd Calavalas Centenary Centre 9, Club House Road Chennai 600002",CHENNAI,TAMIL NADU,,,PADAM LOCHAN MALLICK
COLLIERS - IDFC First Bank Limited (KA),10601 - IDFC - Fortius Origin,10601,vamshi.pm@colliers.com,9113632680,,"7, 80 Feet Rd, Koramangala 1A Block, Koramangala 3 Block, Koramangala, Bengaluru, Karnataka 560034","7, 80 Feet Rd, Koramangala 1A Block, Koramangala 3 Block, Koramangala, Bengaluru, Karnataka 560034",BANGALORE,KARNATAKA,,,Anshu Kumar Maurya
COLLIERS - IDFC First Bank Limited (KA),80251 - IDFC - CHIKKODI BRANCH,80251,vamshi.pm@colliers.com,9113632680,,"CHAVAN PLAZA, -1, RK COLONY, NEAR GOVT HOSPIT, CHIKKODI, BELGAUM DISTRICT, KARNATAK, CHIKKODI, CHIKKODI, 591201","CHAVAN PLAZA, -1, RK COLONY, NEAR GOVT HOSPIT, CHIKKODI, BELGAUM DISTRICT, KARNATAK, CHIKKODI, CHIKKODI, 591201",CHIKKODI,KARNATAKA,591201,,Anshu Kumar Maurya
COLLIERS - IDFC First Bank Limited (KA),80252 - IDFC - GOKAK BRANCH,80252,vamshi.pm@colliers.com,9113632680,,"GROUND FLOOR FIRST FLOOR, ASSESSMENT NO.2982, PID NO.26-2-9-41, BAFNA CHOWK, RAVIWARPETH , GOKAK, KARNATAKA - 591307","GROUND FLOOR FIRST FLOOR, ASSESSMENT NO.2982, PID NO.26-2-9-41, BAFNA CHOWK, RAVIWARPETH , GOKAK, KARNATAKA - 591307",GOKAK,KARNATAKA,591307,,Anshu Kumar Maurya
COLLIERS - IDFC First Bank Limited (KA),80253 - IDFC - HONAGA BRANCH,80253,vamshi.pm@colliers.com,9113632680,,"821/1069,, PB ROAD, HONAGA, BELGAUM, KARNATAKA, HONAGA, HONAGA, 591156","821/1069,, PB ROAD, HONAGA, BELGAUM, KARNATAKA, HONAGA, HONAGA, 591156",HONAGA,KARNATAKA,591156,,Anshu Kumar Maurya
COLLIERS - IDFC First Bank Limited (KA),80303 - IDFC - SHIGGAON BRANCH,80303,vamshi.pm@colliers.com,9113632680,,"GROUND FLOOR AND FIRST FLOOR , KURSAPUR COMPLEX,, SHIGGAON, HAVERI DISTRICT, SHIGGAON, SHIGGAON, 581205","GROUND FLOOR AND FIRST FLOOR , KURSAPUR COMPLEX,, SHIGGAON, HAVERI DISTRICT, SHIGGAON, SHIGGAON, 581205",SHIGGAON,KARNATAKA,581205,,Anshu Kumar Maurya
COLLIERS - IDFC First Bank Limited (KA),80302 - IDFC - MAKARVALLI BRANCH,80302,vamshi.pm@colliers.com,9113632680,,"GROUND FLOOR, SIRSI SHIMOGA, HIGHWAY ROAD,MAKARVALLI, HAVERI,, MAKARVALLI, MAKARVALLI, 581110","GROUND FLOOR, SIRSI SHIMOGA, HIGHWAY ROAD,MAKARVALLI, HAVERI,, MAKARVALLI, MAKARVALLI, 581110",MAKARVALLI,KARNATAKA,581110,,Anshu Kumar Maurya
COLLIERS - IDFC First Bank Limited (KA),80331 - IDFC - JAMKHANDI BRANCH,80331,vamshi.pm@colliers.com,9113632680,,"GROUND FLOOR, LASKARI COMPLEX,, MAIGUR ROAD,BAGALKOTE DISTRICT,JAMKHANDI, JAMKHANDI, JAMKHANDI, 587301","GROUND FLOOR, LASKARI COMPLEX,, MAIGUR ROAD,BAGALKOTE DISTRICT,JAMKHANDI, JAMKHANDI, JAMKHANDI, 587301",JAMKHANDI,KARNATAKA,587301,,Anshu Kumar Maurya
COLLIERS - IDFC First Bank Limited (KA),80254 - IDFC - RAMDURGA BRANCH,80254,vamshi.pm@colliers.com,9113632680,,"HOUSE NO. 82/A, NAVI PETH PO, RAMDURGA TALUKA, BELGAUM, KARNATAKA, RAMDURGA, NAVI PETH, 591123","HOUSE NO. 82/A, NAVI PETH PO, RAMDURGA TALUKA, BELGAUM, KARNATAKA, RAMDURGA, NAVI PETH, 591123",RAMDURGA,KARNATAKA,591123,,Anshu Kumar Maurya
COLLIERS - IDFC First Bank Limited (KA),80351 - IDFC - KOPPAL BRANCH,80351,vamshi.pm@colliers.com,9113632680,,"GROUND AND FIRST FLOOR, BASAVA COMPLEX, HOSPET HUBLI ROAD, HUDCO COLONY,KOPPAL, HUDCO KOPPAL - 583231","GROUND AND FIRST FLOOR, BASAVA COMPLEX, HOSPET HUBLI ROAD, HUDCO COLONY,KOPPAL, HUDCO KOPPAL - 583231",KOPPAL,KARNATAKA,583231,,Anshu Kumar Maurya
COLLIERS - IDFC First Bank Limited (KA),80352 - IDFC - GANGAWATI BRANCH,80352,vamshi.pm@colliers.com,9113632680,,"GROUND FLOOR, JULAI NAGAR,, INDIRA CIRCLE, GANGAWATI, KARNATAKA, GANGAWATI, GANGAWATI, 583227","GROUND FLOOR, JULAI NAGAR,, INDIRA CIRCLE, GANGAWATI, KARNATAKA, GANGAWATI, GANGAWATI, 583227",GANGAWATI,KARNATAKA,583227,,Anshu Kumar Maurya
COLLIERS - IDFC First Bank Limited (KA),80301 - IDFC - HAVERI BRANCH,80301,vamshi.pm@colliers.com,9113632680,,"GROUND FIRST FLOOR, CTS NO. 3336/6B, HANAGAL ROAD , HAVERI , KARNATAKA - 581110","GROUND FIRST FLOOR, CTS NO. 3336/6B, HANAGAL ROAD , HAVERI , KARNATAKA - 581110",HAVERI,KARNATAKA,581110,,Anshu Kumar Maurya
COLLIERS - IDFC First Bank Limited (KA),80304 - IDFC - RANEBENNUR BRANCH,80304,vamshi.pm@colliers.com,9113632680,,"GROUND FLOOR, PLOT NO.11, CMC NO. 550/893A, WARD NO. VIIB , UMASHANKAR NAGAR,HAVERI DIST, RANEBENNUR, KARNATAKA- 581115","GROUND FLOOR, PLOT NO.11, CMC NO. 550/893A, WARD NO. VIIB , UMASHANKAR NAGAR,HAVERI DIST, RANEBENNUR, KARNATAKA- 581115",RANEBENNUR,KARNATAKA,581115,,Anshu Kumar Maurya
COLLIERS - IDFC First Bank Limited (KA),80255 - IDFC - MUCHANDI BRANCH,80255,vamshi.pm@colliers.com,9113632680,,"GROUND FLOOR, 620 C/O, BALARAM FAKIRA MOTARI, BHAGYALAKSHMI NIVAS,GOKUL NAGAR,GOKAK RD, MUCHANDI, MUCHANDI, 590016","GROUND FLOOR, 620 C/O, BALARAM FAKIRA MOTARI, BHAGYALAKSHMI NIVAS,GOKUL NAGAR,GOKAK RD, MUCHANDI, MUCHANDI, 590016",MUCHANDI,KARNATAKA,590016,,Anshu Kumar Maurya
COLLIERS - IDFC First Bank Limited (KA),80353 - IDFC - KUSHTAGI BRANCH,80353,vamshi.pm@colliers.com,9113632680,,"GROUND AND FIRST FLOOR, ILLAHI COMPLEX, NO. 5953, MURUDI BHIMAJI CIRCLE, KOPPAL ROAD, DISTRICT - KOPPAL, KUSHTAGI, KARNATAKA STATE- 584121","GROUND AND FIRST FLOOR, ILLAHI COMPLEX, NO. 5953, MURUDI BHIMAJI CIRCLE, KOPPAL ROAD, DISTRICT - KOPPAL, KUSHTAGI, KARNATAKA STATE- 584121",KUSHTAGI,KARNATAKA,584121,,Anshu Kumar Maurya
COLLIERS - IDFC First Bank Limited (KA),80332 - IDFC - MUDHOL BRANCH,80332,vamshi.pm@colliers.com,9113632680,,"GROUND FLOOR NO. 4026A/149, OPP PWD IB,, YADAWAD ROAD, SIDRAMESHWAR NAGAR, MUDHOL, MUDHOL, 587313","GROUND FLOOR NO. 4026A/149, OPP PWD IB,, YADAWAD ROAD, SIDRAMESHWAR NAGAR, MUDHOL, MUDHOL, 587313",MUDHOL,KARNATAKA,587313,,Anshu Kumar Maurya
COLLIERS - IDFC First Bank Limited (KA),80282 - IDFC - BETADUR BRANCH,80282,vamshi.pm@colliers.com,9113632680,,"BETADUR POST, KUNDGOL TQ., DHARWAD DISTRICT, KARNATAKA - 581207, BETADUR, DHARWARD, 581207","BETADUR POST, KUNDGOL TQ., DHARWAD DISTRICT, KARNATAKA - 581207, BETADUR, DHARWARD, 581207",BETADUR,KARNATAKA,581207,,Anshu Kumar Maurya
COLLIERS - IDFC First Bank Limited (KA),80431 - IDFC - DAVANGERE BRANCH,80431,vamshi.pm@colliers.com,9113632680,,"GROUND FLOOR AND FIRST FLOOR, DOOR NO. 1776/A85 A86, SIDDAVEERAPPA LAYOUT, SHAMANUR ROAD, DAVANGERE, DAVANGERE, 577004","GROUND FLOOR AND FIRST FLOOR, DOOR NO. 1776/A85 A86, SIDDAVEERAPPA LAYOUT, SHAMANUR ROAD, DAVANGERE, DAVANGERE, 577004",DAVANGERE,KARNATAKA,577004,,Anshu Kumar Maurya
COLLIERS - IDFC First Bank Limited(AP-TS),80411 - IDFC - VIZAG BRANCH,80411,vamshi.pm@colliers.com,8904597663,,"GR FLOOR, 43-9-146 147, TSN COLONY MAIN ROA, DONDAPARTHY, VISHAKHAPATNAM, AP, VIZAG, VIZAG, 530016","GR FLOOR, 43-9-146 147, TSN COLONY MAIN ROA, DONDAPARTHY, VISHAKHAPATNAM, AP, VIZAG, VIZAG, 530016",VISAKHAPATNAM,ANDHRA PRADESH,530016,,DIWAKAR PANDIT
COLLIERS - IDFC First Bank Limited (KA),80257 - IDFC - ATHANI BRANCH,80257,vamshi.pm@colliers.com,9113632680,,"GROUND FLOOR, DOOR NO. 1224 B, , PLOT NO. 4, ATHANI GOKAK ROAD,, ATHANI - 591304","GROUND FLOOR, DOOR NO. 1224 B, , PLOT NO. 4, ATHANI GOKAK ROAD,, ATHANI - 591304",ATHANI,KARNATAKA,591304,,Anshu Kumar Maurya
COLLIERS - IDFC First Bank Limited (KA),80432 - IDFC - CHANNAGIRI BRANCH,80432,vamshi.pm@colliers.com,9113632680,,"GROUND AND FIRST FLOOR ,PROPERTY NO. 14-6-53B , N H 13, CHITRADURGA MAIN ROAD, KASBA HOBLI, CHANNAGIRI VILLAGE, TALUK CHANNAGIRI , DAVANGERE KARNATAKA- 577213","GROUND AND FIRST FLOOR ,PROPERTY NO. 14-6-53B , N H 13, CHITRADURGA MAIN ROAD, KASBA HOBLI, CHANNAGIRI VILLAGE, TALUK CHANNAGIRI , DAVANGERE KARNATAKA- 577213",CHANNAGIRI,KARNATAKA,577213,,Anshu Kumar Maurya
COLLIERS - IDFC First Bank Limited (KA),80491 - IDFC - HUVINAHADAGALI BRANCH,80491,vamshi.pm@colliers.com,9113632680,,"GROUND FLOOR, SHRI VEERABHADRESHWARA COMPLEX,DOOR NO. 460/38, 460/39 460/4310TH WARD, MYLARA BYPASS ROAD, HUVINA HADAGALI TOWN, BELLARY DISTRICT 583219. KARNATAKA STATE.","GROUND FLOOR, SHRI VEERABHADRESHWARA COMPLEX,DOOR NO. 460/38, 460/39 460/4310TH WARD, MYLARA BYPASS ROAD, HUVINA HADAGALI TOWN, BELLARY DISTRICT 583219. KARNATAKA STATE.",HUVINAHADAGALI,KARNATAKA,583219,,Anshu Kumar Maurya
COLLIERS - IDFC First Bank Limited (KA),80433 - IDFC - HONALLI BRANCH,80433,vamshi.pm@colliers.com,9113632680,,"GROUND FLOOR, NO. 1013, OPP. NEW KSRTC BUS STAND,, SHIKARIPURA ROAD, HONALLI, HIREKAL MUTT VILLAGE,, DAVANGERE DISTRICT, PINCODE 577217 KARNATAKA","GROUND FLOOR, NO. 1013, OPP. NEW KSRTC BUS STAND,, SHIKARIPURA ROAD, HONALLI, HIREKAL MUTT VILLAGE,, DAVANGERE DISTRICT, PINCODE 577217 KARNATAKA",HONALLI,KARNATAKA,577217,,Anshu Kumar Maurya
COLLIERS - IDFC First Bank Limited (KA),80258 - IDFC - BAILAHONGAL BRANCH,80258,vamshi.pm@colliers.com,9113632680,,"GROUND FLOOR, BESIDES PRASANNA MEDICALS, TMC NO 486/B/1/2/3/5/6/7, CTS NO 3416 , NEAR INCHAL CROSS, BELGAUM ROAD , , BAILHONGAL 591102","GROUND FLOOR, BESIDES PRASANNA MEDICALS, TMC NO 486/B/1/2/3/5/6/7, CTS NO 3416 , NEAR INCHAL CROSS, BELGAUM ROAD , , BAILHONGAL 591102",BAILHONGAL,KARNATAKA,591102,,Anshu Kumar Maurya
COLLIERS - IDFC First Bank Limited(AP-TS),80412 - IDFC - VISAKHAPATNAM - DABA GARDEN BRANCH,80412,vamshi.pm@colliers.com,8904597663,,"FIRST FLOOR ,VINAY SHAKT, DABAGARDENS MAIN ROAD, VISAKHAPATNAM, ANDHRA PRADESH- 530 002","FIRST FLOOR ,VINAY SHAKT, DABAGARDENS MAIN ROAD, VISAKHAPATNAM, ANDHRA PRADESH- 530 002",VISAKHAPATNAM,ANDHRA PRADESH,530002,,DIWAKAR PANDIT
COLLIERS - IDFC First Bank Limited(AP-TS),81043 - IDFC - AMALAPURUM BRANCH,81043,vamshi.pm@colliers.com,8904597663,,"1ST 2ND FLOOR, DOOR NO.4-2-60/4,VADDIGUDEM ROAD, OPP. MUNICIPAL PARK, EAST GODAVARI, AMALAPURAM,EAST GODAVARI, ANDHRA PRADESH- 533201","1ST 2ND FLOOR, DOOR NO.4-2-60/4,VADDIGUDEM ROAD, OPP. MUNICIPAL PARK, EAST GODAVARI, AMALAPURAM,EAST GODAVARI, ANDHRA PRADESH- 533201",EAST GODAVARI,ANDHRA PRADESH,533201,,DIWAKAR PANDIT
COLLIERS - IDFC First Bank Limited(AP-TS),80418 - IDFC - ANAKAPALLI BRANCH,80418,vamshi.pm@colliers.com,8904597663,,"GROUND AND PART 1ST FLOOR, D.NO.10-16-29, WARD-10, BLOCK 16, GNT ROAD, NEAR SARVEPALLI COLLEGE, ANAKAPALLI TOWN, VISHAKAPATNAM, ANDHRA PRADESH-531002","GROUND AND PART 1ST FLOOR, D.NO.10-16-29, WARD-10, BLOCK 16, GNT ROAD, NEAR SARVEPALLI COLLEGE, ANAKAPALLI TOWN, VISHAKAPATNAM, ANDHRA PRADESH-531002",VISAKHAPATNAM,ANDHRA PRADESH,531002,,DIWAKAR PANDIT
COLLIERS - IDFC First Bank Limited (KA),80492 - IDFC - KOTTURU BRANCH,80492,vamshi.pm@colliers.com,9113632680,,"GROUND FLOOR NO 1472, 1483/1 AND 1484, SRI LAXMI VARI ARCADE, NEAR APME YARD, WARD NO 4, HARAPANAHALLI ROAD, KOTTUR , BELLARI DISTRICT 583134","GROUND FLOOR NO 1472, 1483/1 AND 1484, SRI LAXMI VARI ARCADE, NEAR APME YARD, WARD NO 4, HARAPANAHALLI ROAD, KOTTUR , BELLARI DISTRICT 583134",KOTTURU,KARNATAKA,583134,,Anshu Kumar Maurya
COLLIERS - IDFC First Bank Limited (KA),80472 - IDFC - SHIKARIPURA BRANCH,80472,vamshi.pm@colliers.com,9113632680,,"GROUND FLOOR , SITE NO. 1, E KHATA NO 13-3-107A, SS ROAD, OPP KEB, SHIKARIPURA, SHIMOGA DISTRICT, PIN - 577427","GROUND FLOOR , SITE NO. 1, E KHATA NO 13-3-107A, SS ROAD, OPP KEB, SHIKARIPURA, SHIMOGA DISTRICT, PIN - 577427",SHIKARIPURA,KARNATAKA,577427,,Anshu Kumar Maurya
COLLIERS - IDFC First Bank Limited (KA),80611 - IDFC - MANGALURU BRANCH,80611,vamshi.pm@colliers.com,9113632680,,"GROUND FLOOR ,LALBAGH TOWERS , BALLALBAGH CIRCLE,M.G ROAD , MANGALURU, KARNATAKA, 575003","GROUND FLOOR ,LALBAGH TOWERS , BALLALBAGH CIRCLE,M.G ROAD , MANGALURU, KARNATAKA, 575003",MANGALURU,KARNATAKA,575003,,Anshu Kumar Maurya
COLLIERS - IDFC First Bank Limited(AP-TS),81901 - IDFC - DHARMAVARAM BRANCH,81901,vamshi.pm@colliers.com,8904597663,,"GROUND FLOOR, PLOT NO. 38, PARTHASARATHI NAGAR, SRI SATHYA SAI DISTRICT, DHARMAVARAM , ANDHRA PRADESH- 515671","GROUND FLOOR, PLOT NO. 38, PARTHASARATHI NAGAR, SRI SATHYA SAI DISTRICT, DHARMAVARAM , ANDHRA PRADESH- 515671",DHARMAVARAM,ANDHRA PRADESH,515671,,DIWAKAR PANDIT
COLLIERS - IDFC First Bank Limited (KA),80831 - IDFC - BASAVANA BAGEWADI BRANCH,80831,vamshi.pm@colliers.com,9113632680,,"GROUND FLOOR, PUJARI COMPLEX,LAND SY. NO. 1132,RADHAKISHAN NAGAR, BASAVANABAGEWADI. DIST. VIJAYAPUR, PIN CODE 586203, KARNATAKA","GROUND FLOOR, PUJARI COMPLEX,LAND SY. NO. 1132,RADHAKISHAN NAGAR, BASAVANABAGEWADI. DIST. VIJAYAPUR, PIN CODE 586203, KARNATAKA",BASAVANA BAGEWADI,KARNATAKA,586203,,Anshu Kumar Maurya
COLLIERS - IDFC First Bank Limited (KA),80811 - IDFC - SANKESHWAR BRANCH,80811,vamshi.pm@colliers.com,9113632680,,"FIRST FLOOR, CTS NO.3782, POST ROAD,SANKESHWAR, TALUKA. HUKKERI, DIST BELAGAVI, PINCODE 591313, KARNATAKA","FIRST FLOOR, CTS NO.3782, POST ROAD,SANKESHWAR, TALUKA. HUKKERI, DIST BELAGAVI, PINCODE 591313, KARNATAKA",SANKESHWAR,KARNATAKA,591313,,Anshu Kumar Maurya
COLLIERS - IDFC First Bank Limited (KA),80354 - IDFC - KARATAGI BRANCH,80354,vamshi.pm@colliers.com,9113632680,,"GROUND FLOOR, DOOR NO. 4-1-27/2/1 TO 4-1-27/2/4,CHINIWAL COMPLEX, R G MAIN ROAD.,KARATAGI , PINCODE 583229. KARATAGI, KOPPAL DIST., KARNATAKA","GROUND FLOOR, DOOR NO. 4-1-27/2/1 TO 4-1-27/2/4,CHINIWAL COMPLEX, R G MAIN ROAD.,KARATAGI , PINCODE 583229. KARATAGI, KOPPAL DIST., KARNATAKA",KARATAGI,KARNATAKA,583229,,Anshu Kumar Maurya
COLLIERS - IDFC First Bank Limited (KA),80335 - IDFC - BILAGI BRANCH,80335,vamshi.pm@colliers.com,9113632680,,"DOOR NO 287, GROUND FLOOR,PI D NO. 1-5-2, GUDUR COMPLEX , WARD NO. 2,BILAGI TALUKA, DIST. BAGALKOT KARNATAKA - 587116","DOOR NO 287, GROUND FLOOR,PI D NO. 1-5-2, GUDUR COMPLEX , WARD NO. 2,BILAGI TALUKA, DIST. BAGALKOT KARNATAKA - 587116",BILAGI,KARNATAKA,587116,,Anshu Kumar Maurya
COLLIERS - IDFC First Bank Limited (KA),80334 - IDFC - BANHATTI BRANCH,80334,vamshi.pm@colliers.com,9113632680,,"KM CENTRE, FIRST FLOOR, NO. 1650,CITY SURVEY NO. 8916/2,RABKAVI BANHATTI, PINCODE 587311. KARNATAKA STATE.,","KM CENTRE, FIRST FLOOR, NO. 1650,CITY SURVEY NO. 8916/2,RABKAVI BANHATTI, PINCODE 587311. KARNATAKA STATE.,",BANHATTI,KARNATAKA,587311,,Anshu Kumar Maurya
COLLIERS - IDFC First Bank Limited (KA),80851 - IDFC - MUNDARGI BRANCH,80851,vamshi.pm@colliers.com,9113632680,,"GROUND FLOOR, GHH ENCLAVE,TMC NO.1602/B/13, HESANUR CIRCLE, MUNDARGI KARNATAKA - 582118","GROUND FLOOR, GHH ENCLAVE,TMC NO.1602/B/13, HESANUR CIRCLE, MUNDARGI KARNATAKA - 582118",MUNDARGI,KARNATAKA,582118,,Anshu Kumar Maurya
COLLIERS - IDFC First Bank Limited (KA),80473 - IDFC - SAGARA BRANCH,80473,vamshi.pm@colliers.com,9113632680,,"FIRST FLOOR, NO. 12, BENGALURU HONNAVAR ROAD, NH 206, BESIDE MESCOM PREMISES, SAGARA, KARNATAKA STATE, PINCODE 577401","FIRST FLOOR, NO. 12, BENGALURU HONNAVAR ROAD, NH 206, BESIDE MESCOM PREMISES, SAGARA, KARNATAKA STATE, PINCODE 577401",SAGARA,KARNATAKA,577401,,Anshu Kumar Maurya
COLLIERS - IDFC First Bank Limited (KA),80951 - IDFC - CHIKMANGLUR BRANCH,80951,vamshi.pm@colliers.com,9113632680,,"GROUND FLOOR, RAO HEIGHTS, HANUMATHAPPA CIRCLE, KM ROAD, CHIKMAGALUR- 577101 , KARNATAKA STATE","GROUND FLOOR, RAO HEIGHTS, HANUMATHAPPA CIRCLE, KM ROAD, CHIKMAGALUR- 577101 , KARNATAKA STATE",CHIKMANGLUR,KARNATAKA,577101,,Anshu Kumar Maurya
COLLIERS - IDFC First Bank Limited (KA),80952 - IDFC - KADUR BRANCH,80952,vamshi.pm@colliers.com,9113632680,,"GROUND FLOOR, UB ROAD, NEAR GOVT. KSRTC BUS STAND, OPP. TO DARSHAN EYE CARE, KARNATAKA STATE,DISTRICT CHIKMAGALUR, KADUR - 577548","GROUND FLOOR, UB ROAD, NEAR GOVT. KSRTC BUS STAND, OPP. TO DARSHAN EYE CARE, KARNATAKA STATE,DISTRICT CHIKMAGALUR, KADUR - 577548",KADUR,KARNATAKA,577548,,Anshu Kumar Maurya
COLLIERS - IDFC First Bank Limited (KA),80971 - IDFC - SIRSI BRANCH,80971,vamshi.pm@colliers.com,9113632680,,"S. NO. 448, S.Y NO. 544-8/9, ANAND BHAVAN, HOSPET ROAD, MUNICIPAL TOWN, SIRSI KASABA , SIRSI TALUK, DIST. UTTARA KANADA DISTRICT, KARNATAKA STATE, PIN- 581401","S. NO. 448, S.Y NO. 544-8/9, ANAND BHAVAN, HOSPET ROAD, MUNICIPAL TOWN, SIRSI KASABA , SIRSI TALUK, DIST. UTTARA KANADA DISTRICT, KARNATAKA STATE, PIN- 581401",SIRSI,KARNATAKA,581401,,Anshu Kumar Maurya
COLLIERS - IDFC First Bank Limited (KA),80991 - IDFC - HOSADURGA BRANCH,80991,vamshi.pm@colliers.com,9113632680,,"GROUND FLOOR, HOLALKERE ROAD, HOSADURGA TALUK, HOSADURGA, BHAGIRATHA DELUX LODGE, DISTRICT CHITRADURGA, KARNATAKA STATE , PINCODE- 577527","GROUND FLOOR, HOLALKERE ROAD, HOSADURGA TALUK, HOSADURGA, BHAGIRATHA DELUX LODGE, DISTRICT CHITRADURGA, KARNATAKA STATE , PINCODE- 577527",HOSADURGA,KARNATAKA,577527,,Anshu Kumar Maurya
COLLIERS - IDFC First Bank Limited(AP-TS),81651 - IDFC - JAGTIAL BRANCH,81651,vamshi.pm@colliers.com,8904597663,,"UPPER GROUND FIRST FLOOR, D. NO. 3-6-93, BLOCK NO.6, NIZAMABAD MAIN ROAD, SIVAR VANINAGAR, JAGTIAL MANDAL DISTRICT, STATE TELANGANA - 505327","UPPER GROUND FIRST FLOOR, D. NO. 3-6-93, BLOCK NO.6, NIZAMABAD MAIN ROAD, SIVAR VANINAGAR, JAGTIAL MANDAL DISTRICT, STATE TELANGANA - 505327",JAGITIAL,TELANGANA,505327,,DEEPAK KUMAR
COLLIERS - IDFC First Bank Limited(AP-TS),81921 - IDFC - KAMAREDDY BRANCH,81921,vamshi.pm@colliers.com,8904597663,,"GROUND FLOOR, SY NO. 747, BLOCK NO.3, WARD NO. 5, KAMAREDDY TS-503111","GROUND FLOOR, SY NO. 747, BLOCK NO.3, WARD NO. 5, KAMAREDDY TS-503111",KAMAREDDY,TELANGANA,503111,,DEEPAK KUMAR
COLLIERS - IDFC First Bank Limited (KA),80992 - IDFC - CHITRADURGA BRANCH,80992,vamshi.pm@colliers.com,9113632680,,"GROUND 1ST FLOOR, 4TH BLOCK, WARD NO. 7, VASAVI MAHAL ROAD, CHITRADURGA CITY, KARNATAKA -577501","GROUND 1ST FLOOR, 4TH BLOCK, WARD NO. 7, VASAVI MAHAL ROAD, CHITRADURGA CITY, KARNATAKA -577501",CHITRADURGA,KARNATAKA,577501,,Anshu Kumar Maurya
COLLIERS - IDFC First Bank Limited (KA),80993 - IDFC - HIRIYUR BRANCH,80993,vamshi.pm@colliers.com,9113632680,,"GROUND FLOOR,OPP. MAHA TVS SHOWROOM , BESIDES RELIANCE PETROL BUNK, MYSORE ROAD, HIRIYUR, - 577598","GROUND FLOOR,OPP. MAHA TVS SHOWROOM , BESIDES RELIANCE PETROL BUNK, MYSORE ROAD, HIRIYUR, - 577598",HIRIYUR,KARNATAKA,577598,,Anshu Kumar Maurya
COLLIERS - IDFC First Bank Limited (KA),80953 - IDFC - TARIKERE BRANCH,80953,vamshi.pm@colliers.com,9113632680,,"1ST FLOOR, SRI MALATESHA COMPLEX, ABOVE PAL MOBILES,OM CIRCLE, KODI CAMP, BH ROAD, NH-206,CHICKMAGLUR DISTRICT, TARIKERE, KARNATAKA 577228","1ST FLOOR, SRI MALATESHA COMPLEX, ABOVE PAL MOBILES,OM CIRCLE, KODI CAMP, BH ROAD, NH-206,CHICKMAGLUR DISTRICT, TARIKERE, KARNATAKA 577228",TARIKERE,KARNATAKA,577228,,Anshu Kumar Maurya
COLLIERS - IDFC First Bank Limited(AP-TS),80395 - IDFC - HANUMAN JUNCTION BRANCH,80395,vamshi.pm@colliers.com,8904597663,,"GRD 1ST FLR, OLD DOOR NO. 9-36,NEW DOOR NO.9-37,NEW NO. 15/37,GUDIVADA RD, HANUMAN JUNCTION, KRISHNA DIST, AP,-521105","GRD 1ST FLR, OLD DOOR NO. 9-36,NEW DOOR NO.9-37,NEW NO. 15/37,GUDIVADA RD, HANUMAN JUNCTION, KRISHNA DIST, AP,-521105",HANUMAN JUNCTION,ANDHRA PRADESH,521105,,DIWAKAR PANDIT
COLLIERS - IDFC First Bank Limited(AP-TS),80396 - IDFC - JAGGAYYAPET BRANCH,80396,vamshi.pm@colliers.com,8904597663,,"GROUND FLOOR, 6-1138, OPP RTC BUS DEPO, KODAD ROAD, JAGGAYYAPET, KRISHNA DISTRICT. ANDHRA PRADESH PINCODE 521175","GROUND FLOOR, 6-1138, OPP RTC BUS DEPO, KODAD ROAD, JAGGAYYAPET, KRISHNA DISTRICT. ANDHRA PRADESH PINCODE 521175",JAGGAYAPET,ANDHRA PRADESH,521175,,DIWAKAR PANDIT
COLLIERS - IDFC First Bank Limited(AP-TS),80408 - IDFC - JANGAREDDYGUDEM BRANCH,80408,vamshi.pm@colliers.com,8904597663,,"GROUND 1ST FLOOR, SURVEY NO. 292/5, KOVUR ROAD, JANGAREDDIGUDEM, ANDHRA PRADESH- 534447","GROUND 1ST FLOOR, SURVEY NO. 292/5, KOVUR ROAD, JANGAREDDIGUDEM, ANDHRA PRADESH- 534447",JANGAREDDY GUDEM,ANDHRA PRADESH,534447,,DIWAKAR PANDIT
COLLIERS - IDFC First Bank Limited (KA),80852 - IDFC - GADAG BRANCH,80852,vamshi.pm@colliers.com,9113632680,,"GROUND FLOOR, BEVINS PLAZA, OPP. TILAK PARK, PATEL ROAD, DISTRICT GADAG, KARNATAKA. PIN CODE 582103.","GROUND FLOOR, BEVINS PLAZA, OPP. TILAK PARK, PATEL ROAD, DISTRICT GADAG, KARNATAKA. PIN CODE 582103.",GADAG,KARNATAKA,582103,,Anshu Kumar Maurya
COLLIERS - IDFC First Bank Limited(AP-TS),80399 - IDFC - MACHILIPATNAM BRANCH,80399,vamshi.pm@colliers.com,8904597663,,"GROUND FLOOR, BESIDES SAMAS SHOWROOM, MAIN ROAD, MACHALIPATNAM, KRISHNA ANDHRA PRADESH 521001","GROUND FLOOR, BESIDES SAMAS SHOWROOM, MAIN ROAD, MACHALIPATNAM, KRISHNA ANDHRA PRADESH 521001",MACHILIPATNAM,ANDHRA PRADESH,521001,,DIWAKAR PANDIT
COLLIERS - IDFC First Bank Limited(AP-TS),81011 - IDFC - GUDIVADA BRANCH,81011,vamshi.pm@colliers.com,8904597663,,"1ST FLOOR, NO. 11-90, ELURU ROAD, REVENUE WARD -11, GUDIVADA, KRISHNA DIST. A.P. PIN CODE- 521301","1ST FLOOR, NO. 11-90, ELURU ROAD, REVENUE WARD -11, GUDIVADA, KRISHNA DIST. A.P. PIN CODE- 521301",GUDIVADA,ANDHRA PRADESH,521301,,DIWAKAR PANDIT
COLLIERS - IDFC First Bank Limited(AP-TS),80387 - IDFC - NARASARAOPET BRANCH,80387,vamshi.pm@colliers.com,8904597663,,"GROUND FLOOR, D NO. 7-2-60, OLD POLICE STATION ROAD, NEAR MARKET CENTER, NARASARAOPET, ANDHRA PRADESH., PIN CODE 522601","GROUND FLOOR, D NO. 7-2-60, OLD POLICE STATION ROAD, NEAR MARKET CENTER, NARASARAOPET, ANDHRA PRADESH., PIN CODE 522601",NARASARAOPET,ANDHRA PRADESH,522601,,DIWAKAR PANDIT
COLLIERS - IDFC First Bank Limited(AP-TS),80384 - IDFC - CHILAKALURIPET BRANCH,80384,vamshi.pm@colliers.com,8904597663,,"DOOR NO. 21-245,S.NO.56/1,1ST FLOOR, POLICE STATION CENTRE, CHILAKALURIPET, DIST. GUNTUR, ANDHRA PRADESH- 522616","DOOR NO. 21-245,S.NO.56/1,1ST FLOOR, POLICE STATION CENTRE, CHILAKALURIPET, DIST. GUNTUR, ANDHRA PRADESH- 522616",CHILAKALURIPET,ANDHRA PRADESH,522616,,DIWAKAR PANDIT
COLLIERS - IDFC First Bank Limited(AP-TS),80385 - IDFC - TENALI BRANCH,80385,vamshi.pm@colliers.com,8904597663,,"GROUND FLOOR, WARD NO. 8, BLOCK NO.6, T.S.NO. 289, TENALI MUNICIPALITY, TENALI SUB- REGISTRY, GUNTUR DIST , ANDHRA PRADESH - 522201","GROUND FLOOR, WARD NO. 8, BLOCK NO.6, T.S.NO. 289, TENALI MUNICIPALITY, TENALI SUB- REGISTRY, GUNTUR DIST , ANDHRA PRADESH - 522201",TENALI,ANDHRA PRADESH,522201,,DIWAKAR PANDIT
COLLIERS - IDFC First Bank Limited(AP-TS),80386 - IDFC - MANGALAGIRI BRANCH,80386,vamshi.pm@colliers.com,8904597663,,"GRD FLR, DOOR NO. 3-110 , SRI GURUKRUPA, 3RD FLOOR, M CENTRE, MAIN BAZAAR, MANGALAGIRI, GUNTUR DIST., AP- 522503","GRD FLR, DOOR NO. 3-110 , SRI GURUKRUPA, 3RD FLOOR, M CENTRE, MAIN BAZAAR, MANGALAGIRI, GUNTUR DIST., AP- 522503",MANGALAGIRI,ANDHRA PRADESH,522503,,DIWAKAR PANDIT
COLLIERS - IDFC First Bank Limited(AP-TS),81031 - IDFC - TANUKU BRANCH,81031,vamshi.pm@colliers.com,8904597663,,"GROUND FLOOR AND FIRST FLOOR , 29-2-1, VELPUR ROAD, REVENUE WARD NO. 9, TANUKU MUNICIPALITY, TANUKU SUB REGISTRY , WEST GODAVARI DIST , TANUKU 534211","GROUND FLOOR AND FIRST FLOOR , 29-2-1, VELPUR ROAD, REVENUE WARD NO. 9, TANUKU MUNICIPALITY, TANUKU SUB REGISTRY , WEST GODAVARI DIST , TANUKU 534211",TANUKU,ANDHRA PRADESH,534211,,DIWAKAR PANDIT
COLLIERS - IDFC First Bank Limited(AP-TS),81015 - IDFC - IBRAHIMPATNAM GOLLAPUDI BRANCH,81015,vamshi.pm@colliers.com,8904597663,,"GROUND FLOOR, OPP, ANDHRA HOSPITAL F.NO. 101, VENKATA NUVUS ELITE, GOLLAPUDI, PINCODE 521225","GROUND FLOOR, OPP, ANDHRA HOSPITAL F.NO. 101, VENKATA NUVUS ELITE, GOLLAPUDI, PINCODE 521225",GOLLAPUDI,ANDHRA PRADESH,521225,,DIWAKAR PANDIT
COLLIERS - IDFC First Bank Limited(AP-TS),81033 - IDFC - CHINAMIRAM BRANCH,81033,vamshi.pm@colliers.com,8904597663,,"GROUND FLOOR, DOOR NO. 7-6, ASST NO. 1317, R.S. NO. 100/4, CHINNAMIRAM VILLAGE, BHIMAVARAM, WEST GODAVARI, ANDHRA PRADESH - 534204","GROUND FLOOR, DOOR NO. 7-6, ASST NO. 1317, R.S. NO. 100/4, CHINNAMIRAM VILLAGE, BHIMAVARAM, WEST GODAVARI, ANDHRA PRADESH - 534204",CHINNAMIRAM,ANDHRA PRADESH,534204,,DIWAKAR PANDIT
COLLIERS - IDFC First Bank Limited (KA),80972 - IDFC - KARWAR BRANCH,80972,vamshi.pm@colliers.com,9113632680,,"GROUND FLOOR , SHOP NO. 899/G/3, MENZIES GRANDE, SHOP NO.78, BLOCK-2, MULLA STOP, KAJUBAG MAIN ROAD, BAAD CIRCLE, KARWAR CITY ,DISTRICT - UTTARA KANNADA , KARNATAKA - 581301","GROUND FLOOR , SHOP NO. 899/G/3, MENZIES GRANDE, SHOP NO.78, BLOCK-2, MULLA STOP, KAJUBAG MAIN ROAD, BAAD CIRCLE, KARWAR CITY ,DISTRICT - UTTARA KANNADA , KARNATAKA - 581301",KARWAR,KARNATAKA,581301,,Anshu Kumar Maurya
COLLIERS - IDFC First Bank Limited (KA),80336 - IDFC - BAGALKOT BRANCH,80336,vamshi.pm@colliers.com,9113632680,,"UG34,UG35,UGS 17 UGS 18 , GROUND FLOOR AND FIRST FLOOR,T.P.NO. 48/11, STATION ROAD, MELLIGERI TOWERS , D BLOCK , RAILWAY STATION ROAD , BAGALKOT, KARNATAKA -587101","UG34,UG35,UGS 17 UGS 18 , GROUND FLOOR AND FIRST FLOOR,T.P.NO. 48/11, STATION ROAD, MELLIGERI TOWERS , D BLOCK , RAILWAY STATION ROAD , BAGALKOT, KARNATAKA -587101",BAGALKOT,KARNATAKA,587101,,Anshu Kumar Maurya
COLLIERS - IDFC First Bank Limited (KA),81081 - IDFC - HOSAPETE BRANCH,81081,vamshi.pm@colliers.com,9113632680,,"GROUND FLOOR, 5TH WARD, 5/460, DOOR NO. 209, ROTARY CLUB PREMISES, A-NO-216, STATION ROAD, HOSPET, BALLARI BELLARY, KARNATAKA 583201","GROUND FLOOR, 5TH WARD, 5/460, DOOR NO. 209, ROTARY CLUB PREMISES, A-NO-216, STATION ROAD, HOSPET, BALLARI BELLARY, KARNATAKA 583201",HOSAPETE,KARNATAKA,583201,,Anshu Kumar Maurya
COLLIERS - IDFC First Bank Limited(AP-TS),81061 - IDFC - CHIRALA BRANCH,81061,vamshi.pm@colliers.com,8904597663,,"GROUND FLOOR, 14-19-105/ GF6, RAJA RAMOHANA RAI ROAD, REVENUE WARD NO.14, SWARNA COMPLEX , BLOCK NO. 7, CHIRALA MUNICIPALITY , CHIRALA SUB-REGISTRY, PRAKASHAM DIST , CHIRALA - 523155","GROUND FLOOR, 14-19-105/ GF6, RAJA RAMOHANA RAI ROAD, REVENUE WARD NO.14, SWARNA COMPLEX , BLOCK NO. 7, CHIRALA MUNICIPALITY , CHIRALA SUB-REGISTRY, PRAKASHAM DIST , CHIRALA - 523155",CHIRALA,ANDHRA PRADESH,523155,,DIWAKAR PANDIT
COLLIERS - IDFC First Bank Limited (KA),81151 - IDFC - MBL - BIDADI,81151,vamshi.pm@colliers.com,9113632680,,"SECOND FLOOR, ABOVE UCO BANK, OPP. FEDERAL BANK, NALLIGUDA TANK ROAD, BIDADI, KARNATAKA-562109","SECOND FLOOR, ABOVE UCO BANK, OPP. FEDERAL BANK, NALLIGUDA TANK ROAD, BIDADI, KARNATAKA-562109",BIDADI,KARNATAKA,562109,,Anshu Kumar Maurya
COLLIERS - IDFC First Bank Limited (KA),81108 - IDFC - MBL - JIGANI,81108,vamshi.pm@colliers.com,9113632680,,"ABOVE CANARA BANK, OPP. ICICI BANK BP PETROL PUMP, NEAR APC CIRCLE, JIGANI INDUSTRIAL AREA, BANNERGHATTA-ANEKAL ROAD, JIGANI, KARNATAKA-560105","ABOVE CANARA BANK, OPP. ICICI BANK BP PETROL PUMP, NEAR APC CIRCLE, JIGANI INDUSTRIAL AREA, BANNERGHATTA-ANEKAL ROAD, JIGANI, KARNATAKA-560105",JIGANI,KARNATAKA,560105,,Anshu Kumar Maurya
COLLIERS - IDFC First Bank Limited (TN-KL),81161 - IDFC - MBL - THIRUVALLUR,81161,vamshi.pm@colliers.com,8754408908,,"2717, KAKALUR BYPASS ROAD, TIRUVALLUR - 602001","2717, KAKALUR BYPASS ROAD, TIRUVALLUR - 602001",THIRUVALLUR,TAMIL NADU,602001,,PADAM LOCHAN MALLICK
COLLIERS - IDFC First Bank Limited (TN-KL),81261 - IDFC - THOOTHUKUDI BRANCH,81261,vamshi.pm@colliers.com,8754408908,,"GROUND FLOOR, TUTICORIN CORPORATION TOWN, DOOR NO. 185, WARD NO.4, BLOCK 23, T.S.NO. 3533/1, PALAYAMKOTTAI ROAD, NORTHERN CIRCLE CORPORATION WARDNO.36, THOOTHUKUDI, TAMIL NADU- 628001","GROUND FLOOR, TUTICORIN CORPORATION TOWN, DOOR NO. 185, WARD NO.4, BLOCK 23, T.S.NO. 3533/1, PALAYAMKOTTAI ROAD, NORTHERN CIRCLE CORPORATION WARDNO.36, THOOTHUKUDI, TAMIL NADU- 628001",THOOTHUKUDI,TAMIL NADU,628001,,PADAM LOCHAN MALLICK
COLLIERS - IDFC First Bank Limited (KA),81291 - IDFC - UDUPI BRANCH,81291,vamshi.pm@colliers.com,9113632680,,"GROUND FLOOR, DOOR NO.13-3-22A1, COURT ROAD, AJJARAKADU WARD, OLD MBC ROAD, MOODANINDABARU VILLAGE, UDUPI, KARNATAKA- 576101","GROUND FLOOR, DOOR NO.13-3-22A1, COURT ROAD, AJJARAKADU WARD, OLD MBC ROAD, MOODANINDABARU VILLAGE, UDUPI, KARNATAKA- 576101",UDUPI,KARNATAKA,576101,,Anshu Kumar Maurya
COLLIERS - IDFC First Bank Limited(AP-TS),80895 - IDFC - KAVALI BRANCH,80895,vamshi.pm@colliers.com,8904597663,,"GROUND AND FIRST FLOOR, DOOR NO. 7-1-3A,3B,JANDA NAGAR , GNT ROAD, KAVALI TRUNK ROAD, SPSR NELLORE DISTRICT, ANDHRA PRADESH- 524201","GROUND AND FIRST FLOOR, DOOR NO. 7-1-3A,3B,JANDA NAGAR , GNT ROAD, KAVALI TRUNK ROAD, SPSR NELLORE DISTRICT, ANDHRA PRADESH- 524201",KAVALI,ANDHRA PRADESH,524201,,DIWAKAR PANDIT
COLLIERS - IDFC First Bank Limited(AP-TS),81017 - IDFC - GUDUR BRANCH,81017,vamshi.pm@colliers.com,8904597663,,"GROUND FLOOR FIRST FLOOR, 6/163-3, NEAR LIC BUILDING, REVENURE WARD NO.7, DHUDALA KAALUVA NEAR CHENNA KESAVA SWAMY TEMPLE, GUDUR MUNICIPALITY, SPSR NELLORE DISTRICT, ANDHRA PRADESH-524101","GROUND FLOOR FIRST FLOOR, 6/163-3, NEAR LIC BUILDING, REVENURE WARD NO.7, DHUDALA KAALUVA NEAR CHENNA KESAVA SWAMY TEMPLE, GUDUR MUNICIPALITY, SPSR NELLORE DISTRICT, ANDHRA PRADESH-524101",GUDUR,ANDHRA PRADESH,524101,,DIWAKAR PANDIT
COLLIERS - IDFC First Bank Limited(AP-TS),81762 - IDFC - MADANAPALLE BRANCH,81762,vamshi.pm@colliers.com,8904597663,,"GROUND FLOOR AND PART OF 1ST FLOOR, 15/196-1,KAMMAGADDA STREET, BURMA VIDDI, KAMMAPALLI VILLAGE, MADANAPALLE MANDAL, ANNAMAYYA DISTRICT, ANDHRA PRADESH - 517325","GROUND FLOOR AND PART OF 1ST FLOOR, 15/196-1,KAMMAGADDA STREET, BURMA VIDDI, KAMMAPALLI VILLAGE, MADANAPALLE MANDAL, ANNAMAYYA DISTRICT, ANDHRA PRADESH - 517325",MADANAPALLE,ANDHRA PRADESH,517325,,DIWAKAR PANDIT
COLLIERS - IDFC First Bank Limited (TN-KL),81392 - IDFC - MBL - TIRUPATTUR,81392,vamshi.pm@colliers.com,8754408908,,"PLOT NO. 348/2, 1ST FLOOR, BMS COMPLEX, SAIBABA COLONY, VANIYAMBADI ROAD, TIRUPATTUR - 635601","PLOT NO. 348/2, 1ST FLOOR, BMS COMPLEX, SAIBABA COLONY, VANIYAMBADI ROAD, TIRUPATTUR - 635601",TIRUPATTUR,TAMIL NADU,635601,,PADAM LOCHAN MALLICK
COLLIERS - IDFC First Bank Limited (TN-KL),80712 - IDFC - MBL - KRISHNAGIRI,80712,vamshi.pm@colliers.com,8754408908,,"SUMANKALI COMPLEX, NO. 14, 4TH CROSS, CO-OPERATIVE COLONY, KRISHNAGIRI - 635001","SUMANKALI COMPLEX, NO. 14, 4TH CROSS, CO-OPERATIVE COLONY, KRISHNAGIRI - 635001",KRISHNAGIRI,TAMIL NADU,635001,,PADAM LOCHAN MALLICK
COLLIERS - IDFC First Bank Limited (TN-KL),81431 - IDFC - MBL - NAMAKKAL,81431,vamshi.pm@colliers.com,8754408908,,"NEAR TLS BUILDING, SALEM ROAD, NAMAKKAL-637001","NEAR TLS BUILDING, SALEM ROAD, NAMAKKAL-637001",NAMAKKAL,TAMIL NADU,637001,,PADAM LOCHAN MALLICK
COLLIERS - IDFC First Bank Limited (TN-KL),81451 - IDFC - MBL - SIVAKASI,81451,vamshi.pm@colliers.com,8754408908,,"NO. 1351A, 1ST FLOOR, GNANANGIRI ROAD, SIVAKASI EAST, SIVAKASI - 626189","NO. 1351A, 1ST FLOOR, GNANANGIRI ROAD, SIVAKASI EAST, SIVAKASI - 626189",SIVAKASI,TAMIL NADU,626189,,PADAM LOCHAN MALLICK
COLLIERS - IDFC First Bank Limited (TN-KL),81461 - IDFC - MBL - THENI,81461,vamshi.pm@colliers.com,8754408908,,"265/2, 40FT THITTASALAI ROAD, SOLAIMALAI AIYYANAR KOVIL THERU, MADURAI ROAD, THENI-625531.","265/2, 40FT THITTASALAI ROAD, SOLAIMALAI AIYYANAR KOVIL THERU, MADURAI ROAD, THENI-625531.",THENI,TAMIL NADU,625531,,PADAM LOCHAN MALLICK
COLLIERS - IDFC First Bank Limited (TN-KL),81252 - IDFC - MBL - THANJAVUR,81252,vamshi.pm@colliers.com,8754408908,,"1ST FLOOR, NO.85, CAUVERY NAGAR, 4TH STREET, PUDUKOTTAI MAIN ROAD, THANJAVUR, TAMIL NADU 613008.","1ST FLOOR, NO.85, CAUVERY NAGAR, 4TH STREET, PUDUKOTTAI MAIN ROAD, THANJAVUR, TAMIL NADU 613008.",THANJAVUR,TAMIL NADU,613008,,PADAM LOCHAN MALLICK
COLLIERS - IDFC First Bank Limited (TN-KL),81531 - IDFC - MBL - PERAMBALUR,81531,vamshi.pm@colliers.com,8754408908,,"SNO 430/2, FIRST FLOOR, MADANAGOPALAPURAM, SANGUPET, TRICHY-PERAMBALUR ROAD, PERAMBALUR-621212.","SNO 430/2, FIRST FLOOR, MADANAGOPALAPURAM, SANGUPET, TRICHY-PERAMBALUR ROAD, PERAMBALUR-621212.",PERAMBALUR,TAMIL NADU,621212,,PADAM LOCHAN MALLICK
COLLIERS - IDFC First Bank Limited (TN-KL),81541 - IDFC - MBL - TIRUVANNAMALAI,81541,vamshi.pm@colliers.com,8754408908,,"VIJAY PALAZA, OLD NO. 104/1, NEW NO. 150/2, VELLORE ROAD, VENGIKAL, TIRUVANNAMALAI - 606604","VIJAY PALAZA, OLD NO. 104/1, NEW NO. 150/2, VELLORE ROAD, VENGIKAL, TIRUVANNAMALAI - 606604",TIRUVANNAMALAI,TAMIL NADU,606604,,PADAM LOCHAN MALLICK
COLLIERS - IDFC First Bank Limited(AP-TS),81551 - IDFC - MBL - SIDDIPET,81551,vamshi.pm@colliers.com,8904597663,,"-18 -81, 1ST FLOOR VIJAYLAXMI BUILDING, ABOVE TWILLS, NEAR HOUSING BOARD COLONY, HYDERABAD ROAD, SIDDIPET, TELANGANA STATE - 502103","-18 -81, 1ST FLOOR VIJAYLAXMI BUILDING, ABOVE TWILLS, NEAR HOUSING BOARD COLONY, HYDERABAD ROAD, SIDDIPET, TELANGANA STATE - 502103",SIDDIPET,TELANGANA,502103,,DEEPAK KUMAR
COLLIERS - IDFC First Bank Limited(AP-TS),81661 - IDFC - MANCHERIAL BRANCH,81661,vamshi.pm@colliers.com,8904597663,,"UPPER GROUND 2ND FLOOR, D.NO. 10-86/1, BLOCK-10, BEHIND SRINIVAS TALKIES , MUNICIPALITY ROAD, MANCHERIAL, TELANGANA - 504208","UPPER GROUND 2ND FLOOR, D.NO. 10-86/1, BLOCK-10, BEHIND SRINIVAS TALKIES , MUNICIPALITY ROAD, MANCHERIAL, TELANGANA - 504208",MANCHIRYALA,TELANGANA,504208,,DEEPAK KUMAR
COLLIERS - IDFC First Bank Limited (TN-KL),80914 - IDFC - MBL - KANCHIPURAM,80914,vamshi.pm@colliers.com,8754408908,,"VKR COMPLEX,2ND FLOOR, NO. 81, 82, 83, VILAKKADAI KOVIL STREET, KANCHIPURAM - 631501","VKR COMPLEX,2ND FLOOR, NO. 81, 82, 83, VILAKKADAI KOVIL STREET, KANCHIPURAM - 631501",KANCHEEPURAM,TAMIL NADU,631501,,PADAM LOCHAN MALLICK
COLLIERS - IDFC First Bank Limited(AP-TS),81732 - IDFC - MAHABUBNAGAR BRANCH,81732,vamshi.pm@colliers.com,8904597663,,"GROUND AND FIRST FLOOR, DOOR NO. 1-6-147/2 1-6-147/4, BLOCK NO.6, SUBHASHNAGAR, MAHBUBNAGAR, TELANGANA- 509001","GROUND AND FIRST FLOOR, DOOR NO. 1-6-147/2 1-6-147/4, BLOCK NO.6, SUBHASHNAGAR, MAHBUBNAGAR, TELANGANA- 509001",MAHBUBNAGAR,TELANGANA,509001,,DEEPAK KUMAR
COLLIERS - IDFC First Bank Limited(AP-TS),81039 - IDFC - MANDAPETA BRANCH,81039,vamshi.pm@colliers.com,8904597663,,"GROUND AND FIRST FLOOR, 4-1-21, DWARAPUDI ROAD, REVENUE WARD NO.2, 11TH WARD, NEXT TO SRI KRISHNA MAHAL, RAVULAPALEM, MANDAPETA ROAD , MANDAPETA , ANDHRA PRADESH -533308","GROUND AND FIRST FLOOR, 4-1-21, DWARAPUDI ROAD, REVENUE WARD NO.2, 11TH WARD, NEXT TO SRI KRISHNA MAHAL, RAVULAPALEM, MANDAPETA ROAD , MANDAPETA , ANDHRA PRADESH -533308",MANDAPETA,ANDHRA PRADESH,533308,,DIWAKAR PANDIT
COLLIERS - IDFC First Bank Limited(AP-TS),81042 - IDFC - NARASAPURAM BRANCH,81042,vamshi.pm@colliers.com,8904597663,,"1ST FLOOR, DOOR NO. 5-4-23, DR. KRISHNAIAH COMPLEX, STEAMER ROAD,NEXT TO JANAKI HOSPITAL, NARASARAPURAM, WEST GODAVARI DISTRICT , ANDHRA PRADESH - 534275","1ST FLOOR, DOOR NO. 5-4-23, DR. KRISHNAIAH COMPLEX, STEAMER ROAD,NEXT TO JANAKI HOSPITAL, NARASARAPURAM, WEST GODAVARI DISTRICT , ANDHRA PRADESH - 534275",NARASAPURAM,ANDHRA PRADESH,534275,,DIWAKAR PANDIT
COLLIERS - IDFC First Bank Limited(AP-TS),81064 - IDFC - MBL - ONGOLE,81064,vamshi.pm@colliers.com,8904597663,,"1ST FLOOR, DOOR NO.5-35, SHREE GANESH COMPLEX, OPP. LAMBADI DONKA, KURNOOL ROAD, ONGOLE, ANDHRA PRADESH -523002","1ST FLOOR, DOOR NO.5-35, SHREE GANESH COMPLEX, OPP. LAMBADI DONKA, KURNOOL ROAD, ONGOLE, ANDHRA PRADESH -523002",ONGOLE,ANDHRA PRADESH,523002,,DIWAKAR PANDIT
COLLIERS - IDFC First Bank Limited(AP-TS),81671 - IDFC - PEDDAPALLI BRANCH,81671,vamshi.pm@colliers.com,8904597663,,"GROUND AND FIRST FLOOR, DOOR NO. 4-1-89 90, BLOCK 1, AMARA NAGAR, MASJID ROAD, PEDDAPALLI , TELANGANA 505172","GROUND AND FIRST FLOOR, DOOR NO. 4-1-89 90, BLOCK 1, AMARA NAGAR, MASJID ROAD, PEDDAPALLI , TELANGANA 505172",PEDDAPALLI,TELANGANA,505172,,DEEPAK KUMAR
COLLIERS - IDFC First Bank Limited (KA),80571 - IDFC - MYSURU BRANCH,80571,vamshi.pm@colliers.com,9113632680,,"GROUND FLOOR, 1ST BLOCK, JAYALAKSHMIPURAM, DEVARAJA MOHALLA, KALIDAS ROAD, MYSORE, PINCODE 570002, KARNATAKA STATE","GROUND FLOOR, 1ST BLOCK, JAYALAKSHMIPURAM, DEVARAJA MOHALLA, KALIDAS ROAD, MYSORE, PINCODE 570002, KARNATAKA STATE",MYSORE,KARNATAKA,570002,,Anshu Kumar Maurya
COLLIERS - IDFC First Bank Limited (KA),80572 - IDFC - MYSORE- SIDDU COMPLEX,80572,vamshi.pm@colliers.com,9113632680,,"657 A,B,C,D,E,F,G 1ST FLOOR, SIDDU COMPLEX, VISHWAMANAVA DOUBLE ROAD, SARASWATHIPURAM, MYSORE 570009","657 A,B,C,D,E,F,G 1ST FLOOR, SIDDU COMPLEX, VISHWAMANAVA DOUBLE ROAD, SARASWATHIPURAM, MYSORE 570009",MYSORE,KARNATAKA,570009,,Anshu Kumar Maurya
COLLIERS - IDFC First Bank Limited (TN-KL),81432 - IDFC - MBL - KUMARAPALYAM,81432,vamshi.pm@colliers.com,8754408908,,"1ST FLOOR, KMS COMPLEX, ANANGOOR ROAD, KUMARAPALAYAM, NAMAKKAL-638183","1ST FLOOR, KMS COMPLEX, ANANGOOR ROAD, KUMARAPALAYAM, NAMAKKAL-638183",KUMARAPALYAM,TAMIL NADU,638183,,PADAM LOCHAN MALLICK
COLLIERS - IDFC First Bank Limited (TN-KL),80543 - IDFC - MBL - POLLACHI,80543,vamshi.pm@colliers.com,8754408908,,"1ST FLOOR, DOOR NO.110, UDUMALAI MAIN ROAD, M.K.PATTI POST, POLLACHI , COIMBATORE-642003","1ST FLOOR, DOOR NO.110, UDUMALAI MAIN ROAD, M.K.PATTI POST, POLLACHI , COIMBATORE-642003",POLLACHI,TAMIL NADU,642003,,PADAM LOCHAN MALLICK
COLLIERS - IDFC First Bank Limited (TN-KL),81433 - IDFC - MBL - THIRUCHEGODU,81433,vamshi.pm@colliers.com,8754408908,,"1ST FLOOR,DOOR NO. 357/41,KATCHERI STREET, SKBS TOWER, VELUR ROAD, TIRUCHENGODU ,NAMAKKAL , TAMILNADU - 637211","1ST FLOOR,DOOR NO. 357/41,KATCHERI STREET, SKBS TOWER, VELUR ROAD, TIRUCHENGODU ,NAMAKKAL , TAMILNADU - 637211",TIRUCHENGODE,TAMIL NADU,637211,,PADAM LOCHAN MALLICK
COLLIERS - IDFC First Bank Limited (TN-KL),80555 - IDFC - MBL - THIRUMANGALAM,80555,vamshi.pm@colliers.com,8754408908,,"1ST FLOOR, SRI RAM TEX, NO. 407/7D, SAKKUBAI COMPLEX, MADURAI MAIN ROAD, THIRUMANGALAM, MADURAI, TAMIL NADU- 625706","1ST FLOOR, SRI RAM TEX, NO. 407/7D, SAKKUBAI COMPLEX, MADURAI MAIN ROAD, THIRUMANGALAM, MADURAI, TAMIL NADU- 625706",THIRUMANGALAM,TAMIL NADU,625706,,PADAM LOCHAN MALLICK
COLLIERS - IDFC First Bank Limited (TN-KL),81434 - IDFC - MBL - RASIPURAM,81434,vamshi.pm@colliers.com,8754408908,,"GROUND FLOOR, BLOCK NO.7, DOOR NO. 37, KAVERI STREET, AVR ROUNDANA, THERADI STREET, RASIPURAM, TAMILNADU- 637408","GROUND FLOOR, BLOCK NO.7, DOOR NO. 37, KAVERI STREET, AVR ROUNDANA, THERADI STREET, RASIPURAM, TAMILNADU- 637408",RASIPURAM,TAMIL NADU,637408,,PADAM LOCHAN MALLICK
COLLIERS - IDFC First Bank Limited (TN-KL),81721 - IDFC - MBL - KARAIKUDI,81721,vamshi.pm@colliers.com,8754408908,,"2ND FLOOR, NO . 77, KOPPU NILAIYAM, SEKKALAI ROAD, KARAIKUDI, TAMIL NADU-630001","2ND FLOOR, NO . 77, KOPPU NILAIYAM, SEKKALAI ROAD, KARAIKUDI, TAMIL NADU-630001",KARAIKUDI,TAMIL NADU,630001,,PADAM LOCHAN MALLICK
COLLIERS - IDFC First Bank Limited (TN-KL),80655 - IDFC - MBL - GUDIAYATHAM,80655,vamshi.pm@colliers.com,8754408908,,"2ND FLOOR, NO. 254, SANTHAPETTIAH, GUDIYATHAM , TAMIL NADU- 632602","2ND FLOOR, NO. 254, SANTHAPETTIAH, GUDIYATHAM , TAMIL NADU- 632602",GUDIAYATHAM,TAMIL NADU,632602,,PADAM LOCHAN MALLICK
COLLIERS - IDFC First Bank Limited (TN-KL),81583 - IDFC - MBL - CHENGALPET,81583,vamshi.pm@colliers.com,8754408908,,"1ST FLOOR, NO.16, THIMARAJAKULAM, GST ROAD , CHENGALPATTU TALUK, CHENGALPATTU - 603001","1ST FLOOR, NO.16, THIMARAJAKULAM, GST ROAD , CHENGALPATTU TALUK, CHENGALPATTU - 603001",CHENGALPATTU,TAMIL NADU,603001,,PADAM LOCHAN MALLICK
COLLIERS - IDFC First Bank Limited (TN-KL),80544 - IDFC - MBL - AVINASHI,80544,vamshi.pm@colliers.com,8754408908,,"1ST FLOOR, N0. 57/A/83, 57/28, RAMANATHAPURAM, CHEYUR MAIN ROAD, AVINASHI, TIRUPPUR- 641654","1ST FLOOR, N0. 57/A/83, 57/28, RAMANATHAPURAM, CHEYUR MAIN ROAD, AVINASHI, TIRUPPUR- 641654",AVINASHI,TAMIL NADU,641654,,PADAM LOCHAN MALLICK
COLLIERS - IDFC First Bank Limited (TN-KL),81522 - IDFC - MBL - VILLUPURAM,81522,vamshi.pm@colliers.com,8754408908,,"1ST FLOOR, 5/2B2, ELLIES CHATHIRAM ROAD, TRICHY MAIN ROAD,NEAR CHENNAI SILKS, VILLUPURAM, TAMIL NADU - 605602","1ST FLOOR, 5/2B2, ELLIES CHATHIRAM ROAD, TRICHY MAIN ROAD,NEAR CHENNAI SILKS, VILLUPURAM, TAMIL NADU - 605602",VILUPPURAM,TAMIL NADU,605602,,PADAM LOCHAN MALLICK
COLLIERS - IDFC First Bank Limited (TN-KL),81422 - IDFC - MBL - DHARMAPURI,81422,vamshi.pm@colliers.com,8754408908,,"1ST FLOOR, 103D/ A1, SALEM ROAD , DHARMAPURI- 636701","1ST FLOOR, 103D/ A1, SALEM ROAD , DHARMAPURI- 636701",DHARMAPURI,TAMIL NADU,636701,,PADAM LOCHAN MALLICK
COLLIERS - IDFC First Bank Limited (TN-KL),81412 - IDFC - MBL - KALLAKURICHI,81412,vamshi.pm@colliers.com,8754408908,,"1ST FLOOR, DOOR NO.74, VINAYAGA TOWERS, SALEM MAIN ROAD, KALLAKKURICHI TOWN, KALLAKKURICHI, TAMIL NADU-606202","1ST FLOOR, DOOR NO.74, VINAYAGA TOWERS, SALEM MAIN ROAD, KALLAKKURICHI TOWN, KALLAKKURICHI, TAMIL NADU-606202",KALLAKKURICHI,TAMIL NADU,606202,,PADAM LOCHAN MALLICK
COLLIERS - IDFC First Bank Limited (TN-KL),80594 - IDFC - MBL - ATTUR,80594,vamshi.pm@colliers.com,8754408908,,"1ST FLOOR, KRM COMPLEX,GANDHIPURAM WARD NO.6, VINAGHAPURAM, NARASINGAPURAM POST, SALEM CUDDALORE ROAD, ATTUR, TAMIL NADU- 636108","1ST FLOOR, KRM COMPLEX,GANDHIPURAM WARD NO.6, VINAGHAPURAM, NARASINGAPURAM POST, SALEM CUDDALORE ROAD, ATTUR, TAMIL NADU- 636108",ATTUR,TAMIL NADU,636108,,PADAM LOCHAN MALLICK
COLLIERS - IDFC First Bank Limited (TN-KL),80546 - IDFC - MBL - PERIYANAKAPALAYAM,80546,vamshi.pm@colliers.com,8754408908,,"1ST FLOOR, NO.640, METTUPALAYAM MAIN ROAD, PERIYANAICKENPALAYM, DISTRICT COIMBATORE, TAILNADU- 641020","1ST FLOOR, NO.640, METTUPALAYAM MAIN ROAD, PERIYANAICKENPALAYM, DISTRICT COIMBATORE, TAILNADU- 641020",PERIYANAKAPALAYAM,TAMIL NADU,641020,,PADAM LOCHAN MALLICK
COLLIERS - IDFC First Bank Limited(AP-TS),81731 - IDFC - MBL - MAHBUBNAGAR,81731,vamshi.pm@colliers.com,8904597663,,"1ST FLOOR, ROAD NO.3, H.NO. 7-5-113/7, PADMAVATHI COLONY, LAXMI NAGAR, MAHBUBNAGAR, TELANGANA - 509001","1ST FLOOR, ROAD NO.3, H.NO. 7-5-113/7, PADMAVATHI COLONY, LAXMI NAGAR, MAHBUBNAGAR, TELANGANA - 509001",MAHBUBNAGAR,TELANGANA,509001,,DEEPAK KUMAR
COLLIERS - IDFC First Bank Limited (KA),80574 - IDFC - KARNATAKA-DEVARAJA URS ROAD BRANCH,80574,vamshi.pm@colliers.com,9113632680,,"GROUND AND FIRST FLOOR, 123/C DEWANS ROAD, D DEVARAJ URS RD, SUBBARAYANAKERE, CHAMRAJPURA, MYSURU, KARNATAKA- 570001","GROUND AND FIRST FLOOR, 123/C DEWANS ROAD, D DEVARAJ URS RD, SUBBARAYANAKERE, CHAMRAJPURA, MYSURU, KARNATAKA- 570001",MYSORE,KARNATAKA,570001,,Anshu Kumar Maurya
COLLIERS - IDFC First Bank Limited (TN-KL),80511 - IDFC - ERNAKULAM BRANCH,80511,vamshi.pm@colliers.com,8754408908,,"GROUND MEZZANINE FLOOR, VANKAARATH TOWERS, NH BYPASS JUNCTION, PALARIVATTOM, COCHIN, KERALA STATE 682024","GROUND MEZZANINE FLOOR, VANKAARATH TOWERS, NH BYPASS JUNCTION, PALARIVATTOM, COCHIN, KERALA STATE 682024",COCHIN,KERALA,682031,,PADAM LOCHAN MALLICK
COLLIERS - IDFC First Bank Limited(AP-TS),81611 - IDFC - SURYAPET BRANCH,81611,vamshi.pm@colliers.com,8904597663,,"GROUND FLOOR, DNO. 1-2-270/57, WARD NO. 1, BLOCK NO.2, M G ROAD, BESIDE NEO HOSPITAL, DIST SURYAPET, TELANGANA - 508213","GROUND FLOOR, DNO. 1-2-270/57, WARD NO. 1, BLOCK NO.2, M G ROAD, BESIDE NEO HOSPITAL, DIST SURYAPET, TELANGANA - 508213",SURYAPET,TELANGANA,508213,,DEEPAK KUMAR
COLLIERS - IDFC First Bank Limited (TN-KL),80134 - IDFC - PONDICHERRY BRANCH,80134,vamshi.pm@colliers.com,8754408908,,"GROUND FLOOR, DOOR NO. 129, BLOCK NO. 19,MISSION STREETCATHEDRAL STREET, PUDUCHERRY- 605001","GROUND FLOOR, DOOR NO. 129, BLOCK NO. 19,MISSION STREETCATHEDRAL STREET, PUDUCHERRY- 605001",PONDICHERRY,PUDUCHERRY,605001,,PADAM LOCHAN MALLICK
COLLIERS - IDFC First Bank Limited (KA),81702 - IDFC - LINGSUGUR BRANCH,81702,vamshi.pm@colliers.com,9113632680,,"GROUND FLOOR, FLAT NO. 52, M.D.R COMPLEX, KALBURGI ROAD , VILLAGE KARADAKAL SHIVARA , TALUKA- LINGSUGUR, DISTRICT- RAICHUR, KARNATAKA- 584122","GROUND FLOOR, FLAT NO. 52, M.D.R COMPLEX, KALBURGI ROAD , VILLAGE KARADAKAL SHIVARA , TALUKA- LINGSUGUR, DISTRICT- RAICHUR, KARNATAKA- 584122",LINGSUGUR,KARNATAKA,584122,,Anshu Kumar Maurya
COLLIERS - IDFC First Bank Limited(AP-TS),81622 - IDFC - JANGAON BRANCH,81622,vamshi.pm@colliers.com,8904597663,,"UPPER GROUND AND 1ST FLOOR, HYD 3/1, WARD NO.2, BALAJI NAGAR, TOWN DISTRICT JANGAON, TELANGANA- 506167","UPPER GROUND AND 1ST FLOOR, HYD 3/1, WARD NO.2, BALAJI NAGAR, TOWN DISTRICT JANGAON, TELANGANA- 506167",JANGAON,TELANGANA,506167,,DEEPAK KUMAR
COLLIERS - IDFC First Bank Limited (KA),80261 - IDFC - BAILHONGAL - OFFICE - RURAL,80261,vamshi.pm@colliers.com,9113632680,,"1ST FLOOR, TMC NO. 422/H1/55/A1/34,BAILHOGAL VILLAGE, BELGAUM ROAD, BAILHONGAL, BELGAUM, 591102","1ST FLOOR, TMC NO. 422/H1/55/A1/34,BAILHOGAL VILLAGE, BELGAUM ROAD, BAILHONGAL, BELGAUM, 591102",BAILHONGAL,KARNATAKA,591102,,Anshu Kumar Maurya
COLLIERS - IDFC First Bank Limited (KA),80262 - IDFC - RAMDURGA - OFFICE - RURAL,80262,vamshi.pm@colliers.com,9113632680,,"2ND FLOOR , SHOP NO.1, PATTAN COMPLEX, GUNIPETH, RAMDURGA , KARNATAKA - 591123","2ND FLOOR , SHOP NO.1, PATTAN COMPLEX, GUNIPETH, RAMDURGA , KARNATAKA - 591123",RAMDURGA,KARNATAKA,591123,,Anshu Kumar Maurya
COLLIERS - IDFC First Bank Limited(AP-TS),81046 - IDFC - MBL - TADEPALLIGUDEM,81046,vamshi.pm@colliers.com,8904597663,,"1ST FLOOR,DOOR NO. 10-1-96, C/O. SVR IRON COMPANY, BESIDE HP PETROL PUMP, JAYALAKSHMI CENTRE, TADEPALLIGUDEM, WEST GODAVARI, AP - 534102","1ST FLOOR,DOOR NO. 10-1-96, C/O. SVR IRON COMPANY, BESIDE HP PETROL PUMP, JAYALAKSHMI CENTRE, TADEPALLIGUDEM, WEST GODAVARI, AP - 534102",West Godavari,ANDHRA PRADESH,534102,,DIWAKAR PANDIT
COLLIERS - IDFC First Bank Limited(AP-TS),81851 - IDFC - ADILABAD BRANCH,81851,vamshi.pm@colliers.com,8904597663,,"GROUND AND FIRST FLOOR, DOOR NO.4-2-177/1/3, CINEMA ROAD, BHUKTAPUR, ADILABAD MANDAL, ADILABAD, TELANGANA 504001","GROUND AND FIRST FLOOR, DOOR NO.4-2-177/1/3, CINEMA ROAD, BHUKTAPUR, ADILABAD MANDAL, ADILABAD, TELANGANA 504001",ADILABAD,TELANGANA,504001,,DEEPAK KUMAR
COLLIERS - IDFC First Bank Limited(AP-TS),81552 - IDFC - SIDDIPET BRANCH,81552,vamshi.pm@colliers.com,8904597663,,"GROUND FIRST FLOOR, BLOCK NO.1, RANGADAMPALLY, MYTHRIVANAM , HYDERABAD ROAD, SIDDIPET,TELANGANA-502103","GROUND FIRST FLOOR, BLOCK NO.1, RANGADAMPALLY, MYTHRIVANAM , HYDERABAD ROAD, SIDDIPET,TELANGANA-502103",SIDDIPET,TELANGANA,502103,,DEEPAK KUMAR
COLLIERS - IDFC First Bank Limited (KA),81891 - IDFC - YADGIR BRANCH,81891,vamshi.pm@colliers.com,9113632680,,"GROUND AND 1ST FLOOR, SURVEY NO.253/2 AND 245/1,YADGIRB,BIJAPUR HYDERABAD ROAD, YADGIR TALUK, YADGIR DISTRICT , GULBARGA, KARNATAKA - 585201","GROUND AND 1ST FLOOR, SURVEY NO.253/2 AND 245/1,YADGIRB,BIJAPUR HYDERABAD ROAD, YADGIR TALUK, YADGIR DISTRICT , GULBARGA, KARNATAKA - 585201",YADGIR,KARNATAKA,585201,,Anshu Kumar Maurya
COLLIERS - IDFC First Bank Limited(AP-TS),81784 - IDFC - TADPATRI BRANCH,81784,vamshi.pm@colliers.com,8904597663,,"GROUND AND 1ST FLOOR, SHOP NO. 1 TO 6, PREMISES NO. 15/1 15/2, WARD NO.15, SKANDHANSHI TRADE CENTER, GANDHINAGAR, TADPATRI, ANANTAPUR, ANDHRA PRADESH - 515411","GROUND AND 1ST FLOOR, SHOP NO. 1 TO 6, PREMISES NO. 15/1 15/2, WARD NO.15, SKANDHANSHI TRADE CENTER, GANDHINAGAR, TADPATRI, ANANTAPUR, ANDHRA PRADESH - 515411",ANANTAPUR,ANDHRA PRADESH,515411,,DIWAKAR PANDIT
COLLIERS - IDFC First Bank Limited(AP-TS),81561 - IDFC - MBL - KARIMNAGAR,81561,vamshi.pm@colliers.com,8904597663,,"3/7/943, FIRST FLOOR, GVV COMPLEX, JAGTIAL RD, KARIMNAGAR, TELANGANA STATE, 505001","3/7/943, FIRST FLOOR, GVV COMPLEX, JAGTIAL RD, KARIMNAGAR, TELANGANA STATE, 505001",KARIMNAGAR,TELANGANA,505001,,DEEPAK KUMAR
COLLIERS - IDFC First Bank Limited (TN-KL),80732 - IDFC - THRISSUR - EAST FORT THRISSUR BRANCH,80732,vamshi.pm@colliers.com,8754408908,,"GROUND FLOOR, EAST FORT TOWER, OPP. LOURD CHURCH, EAST FORT ROAD, THRISSUR, KERALA- 680005","GROUND FLOOR, EAST FORT TOWER, OPP. LOURD CHURCH, EAST FORT ROAD, THRISSUR, KERALA- 680005",THRISSUR,KERALA,680005,,PADAM LOCHAN MALLICK
COLLIERS - IDFC First Bank Limited(AP-TS),81815 - IDFC - GHATKESAR BRANCH,81815,vamshi.pm@colliers.com,8904597663,,"GROUND FLOOR, DNO.9-133,BLOCK-9,VILLAGE- GHATKESAR MANDAL , DISTRICT-MEDCHAL- MALKAJGIRI MAL, TELAGANA- 501301","GROUND FLOOR, DNO.9-133,BLOCK-9,VILLAGE- GHATKESAR MANDAL , DISTRICT-MEDCHAL- MALKAJGIRI MAL, TELAGANA- 501301",GHATKESAR,TELANGANA,501301,,DEEPAK KUMAR
COLLIERS - IDFC First Bank Limited(AP-TS),80773 - IDFC - Tirupati,80773,vamshi.pm@colliers.com,8904597663,,"Ground floor, Door No. 8-160/1, New Balaji Colony, MR Palli circle, Air Bypass Road, Tirupati, Andhra Pradesh-517501.","Ground floor, Door No. 8-160/1, New Balaji Colony, MR Palli circle, Air Bypass Road, Tirupati, Andhra Pradesh-517501.",TIRUPATHI,ANDHRA PRADESH,517501,,DIWAKAR PANDIT
COLLIERS - IDFC First Bank Limited (TN-KL),80675 - IDFC -80675- KOCHI - KAKKANAD BRANCH,80675,vamshi.pm@colliers.com,8754408908,,GROUND FLOOR BLOCK 7 THECKETHIL HOUSE HOYSALA PROJECTS KANAYANNUR KAKKANAD COCHIN 682030,GROUND FLOOR BLOCK 7 THECKETHIL HOUSE HOYSALA PROJECTS KANAYANNUR KAKKANAD COCHIN 682030,KAKKANAD,KERALA,682030,,PADAM LOCHAN MALLICK
COLLIERS - IDFC First Bank Limited(AP-TS),81044 - IDFC - TUNI BRANCH,81044,vamshi.pm@colliers.com,8904597663,,"GROUND 1ST FLOOR,D NO. 6-7-1, CHANNAKANTARAO COMPLEX, BALAJI ROAD, TUNI, EAST GODAVARI DISTRICT , ANDHRA PRADESH 533401","GROUND 1ST FLOOR,D NO. 6-7-1, CHANNAKANTARAO COMPLEX, BALAJI ROAD, TUNI, EAST GODAVARI DISTRICT , ANDHRA PRADESH 533401",EAST GODAVARI,ANDHRA PRADESH,533401,,DIWAKAR PANDIT
COLLIERS - IDFC First Bank Limited (KA),80834 - IDFC - Vijayapura Branch,80834,vamshi.pm@colliers.com,9113632680,,"Ground floor, Old Adat Bazar, ward no.3, Vijayapura, Karnataka - 586101","Ground floor, Old Adat Bazar, ward no.3, Vijayapura, Karnataka - 586101",Vijaypura,KARNATAKA,586101,,Anshu Kumar Maurya
COLLIERS - IDFC First Bank Limited(AP-TS),81782 - IDFC - HINDUPUR BRANCH,81782,vamshi.pm@colliers.com,8904597663,,"No 7-7-79, Ground And First Floor, Ward No 7, Vasavi Dharmasala Road, Beside Post Office, Hindupur, Anantapur, Andhra Pradesh - 515201","No 7-7-79, Ground And First Floor, Ward No 7, Vasavi Dharmasala Road, Beside Post Office, Hindupur, Anantapur, Andhra Pradesh - 515201",ANANTAPUR,ANDHRA PRADESH,515201,,DIWAKAR PANDIT
