Company Account Name,Branch Site / Name *,Branch Code,Contact Email *,Mobile Number *,Landline Number,Postal Code,City / District * ,State / Province * ,Address Line 1,Address Line 2,Site Incharge,Site UserName,SitePassword,
EFS-YES BANK,EFS-YES BANK-Worli,0001-Worli,Vengad.Eswaran@efsme.com,9036591904,9036591904,400018,Greater Mumbai,Maharashtra,"Ground And First Floor,Moti Mahal,Dr. Annie Besant Road,,Next To City Bakery, Worli, 400018",,Vangad Eswaran,Vangad-0001,Vangad_eswaran@1037,
EFS-YES BANK,EFS-YES BANK-Fortune Global,0002-Fortune Global,Vengad.Eswaran@efsme.com,9036591904,9036591904,122002,Gurgaon,Haryana,"Yes Bank Limited, G5, G6, Ff12 & Ff14, Fortune Global Arcade, Sikenderpur, Mehrauli - Guragon Road, Gurgaon - 122 002, Haryana",,Vangad Eswaran,Vangad-0002,Vangad_eswaran@1037,
EFS-YES BANK,EFS-YES BANK-Chanakyapuri (Malcha Market ),0003-Chanakyapuri (Malcha Market ),Vengad.Eswaran@efsme.com,9036591904,9036591904,110021,New Delhi,Delhi,"11/48, Diplomatic Enclave ,Malcha Marg , Chanakyapuri, New Delhi-110021",,Vangad Eswaran,Vangad-0003,Vangad_eswaran@1037,
EFS-YES BANK,EFS-YES BANK-Nariman Point,0004-Nariman Point,Vengad.Eswaran@efsme.com,9036591904,9036591904,400021,Greater Mumbai,Maharashtra,"1 A Mittal Chambers,Ground Floor,Nariman Point,Opposite Inox Cinema.Mumbai-400021",,Vangad Eswaran,Vangad-0004,Vangad_eswaran@1037,
EFS-YES BANK,EFS-YES BANK-Chennai 1 - Nungambakkam,0005-Chennai 1 - Nungambakkam,Vengad.Eswaran@efsme.com,9036591904,9036591904,600034,Chennai,Tamil Nadu,"Yes Bank Ltd , No. 143/1, Uttamar Gandhi Salai,Nungambakkam,Chennai – 600 034(Opp. Hotel Park)",,Vangad Eswaran,Vangad-0005,Vangad_eswaran@1037,
EFS-YES BANK,EFS-YES BANK-Hyderabad,0006-Hyderabad,Vengad.Eswaran@efsme.com,9036591904,9036591904,500082,Hyderabad,Telangana,"Ground Floor, ""Mayank Towers"", Survey No. 31 (Old). 31/2(New), Raj Bhavan Road, Next To Standard Chartered Bank, Somajiguda, Hyderabad 500082. ",,Vangad Eswaran,Vangad-0006,Vangad_eswaran@1037,
EFS-YES BANK,EFS-YES BANK-Ahmedabad,0007-Ahmedabad,Vengad.Eswaran@efsme.com,9036591904,9036591904,380009,Ahmedabad,Gujarat,"Unit No.G/3,102-103, ""C.G.Centre”, C.G.Road, Ahmedabad  - 380 009",,Vangad Eswaran,Vangad-0007,Vangad_eswaran@1037,
EFS-YES BANK,EFS-YES BANK-Pune-Prabhat Road,0008-Pune-Prabhat Road,Vengad.Eswaran@efsme.com,9036591904,9036591904,411004,Pune,Maharashtra,"Shop No. 1, Ivory Tower, Lane No. 8, CTS No. 39/6 & 7, Opposite Hotel President, Prabhat Road, Erandwane, Pune - 411004",,Vangad Eswaran,Vangad-0008,Vangad_eswaran@1037,
EFS-YES BANK,EFS-YES BANK-Baroda,0009-Baroda,Vengad.Eswaran@efsme.com,9036591904,9036591904,390007,Vadodara,Gujarat,"Gr+ Mezz, Corner Square, Race Course Circle, Baroda  390007",,Vangad Eswaran,Vangad-0009,Vangad_eswaran@1037,
EFS-YES BANK,EFS-YES BANK-Andheri (W),0010-Andheri (W),Vengad.Eswaran@efsme.com,9036591904,9036591904,400053,Greater Mumbai,Maharashtra,"Ground Floor, Valecha Chambers, Plot B6, New Link Road, Andheri West, Mumbai, 400053",,Vangad Eswaran,Vangad-0010,Vangad_eswaran@1037,
EFS-YES BANK,EFS-YES BANK-Surat,0011-Surat,Vengad.Eswaran@efsme.com,9036591904,9036591904,395001,Surat,Gujarat,"Gr. Floor, Mangaldeep, Near Rto, Ring Road, Surat 395001",,Vangad Eswaran,Vangad-0011,Vangad_eswaran@1037,
EFS-YES BANK,EFS-YES BANK-Mandi Gobindgarh,0012-Mandi Gobindgarh,Vengad.Eswaran@efsme.com,9036591904,9036591904,147301,Mandi Gobindgarh,Punjab,"Ground Floor, Hukum Chand Building, Post Office Road, Mandi Gobindgarh, Distt. Fatehgarh Sahib, Punjab-147301",,Vangad Eswaran,Vangad-0012,Vangad_eswaran@1037,
EFS-YES BANK,EFS-YES BANK-Srinagar,0013-Srinagar,Vengad.Eswaran@efsme.com,9036591904,9036591904,190001,Srinagar,Jammu & Kashmir,"Aksa Mall, I.G Airport Road, Srinagar, 190001",,Vangad Eswaran,Vangad-0013,Vangad_eswaran@1037,
EFS-YES BANK,EFS-YES BANK-Noida,0014-Noida,Vengad.Eswaran@efsme.com,9036591904,9036591904,201301,Noida,Uttar Pradesh,"Plot No. 38, Block H 1 A, Sector 63, Noida, 201301",,Vangad Eswaran,Vangad-0014,Vangad_eswaran@1037,
EFS-YES BANK,EFS-YES BANK-Chandigarh,0015-Chandigarh,Vengad.Eswaran@efsme.com,9036591904,9036591904,160017,Chandigarh,Chandigarh,Sco 151-152 Sector 9C Chandigarh 160017,,Vangad Eswaran,Vangad-0015,Vangad_eswaran@1037,
EFS-YES BANK,EFS-YES BANK-South Extension,0016-South Extension,Vengad.Eswaran@efsme.com,9036591904,9036591904,110048,New Delhi,Delhi,"E-18, first and ground floor, South extension Part 2, new delhi -110048",,Vangad Eswaran,Vangad-0016,Vangad_eswaran@1037,
EFS-YES BANK,EFS-YES BANK-Russel Street,0017-Russel Street,Vengad.Eswaran@efsme.com,9036591904,9036591904,700071,Kolkata,West Bengal,"Kanak Tower, 7A Anandilal Podder Sarani, Kolkata-700071",,Vangad Eswaran,Vangad-0017,Vangad_eswaran@1037,
EFS-YES BANK,EFS-YES BANK-Lucknow,0018-Lucknow,Vengad.Eswaran@efsme.com,9036591904,9036591904,226001,Lucknow,Uttar Pradesh,"12, Rani Laxmi Bai Marg, Tulsi Complex, Hazratganj, Lucknow-226001",,Vangad Eswaran,Vangad-0018,Vangad_eswaran@1037,
EFS-YES BANK,EFS-YES BANK-Madgaon,0019-Madgaon,Vengad.Eswaran@efsme.com,9036591904,9036591904,403601,Margao,Goa,"Gr Floor,Plaza Centre,Abade Faria Road,Margaon, Goa, 403601.",,Vangad Eswaran,Vangad-0019,Vangad_eswaran@1037,
EFS-YES BANK,EFS-YES BANK-Faridabad,0020-Faridabad,Vengad.Eswaran@efsme.com,9036591904,9036591904,121002,Faridabad,Haryana,"Sco-4, Ground & Ii Floor, Sector -16 Faridabad, 121002",,Vangad Eswaran,Vangad-0020,Vangad_eswaran@1037,
EFS-YES BANK,EFS-YES BANK-Nashik,0021-Nashik,Vengad.Eswaran@efsme.com,9036591904,9036591904,422005,Nashik,Maharashtra,"Ground Floor,Shop No A3 & A4, “Metro 99”, Kulkarni Baug, Plot No 55&60, Revenue Survey No 715/B, Off College Road, Nashik 422005",,Vangad Eswaran,Vangad-0021,Vangad_eswaran@1037,
EFS-YES BANK,EFS-YES BANK-Bangalore,0022-Bangalore,Vengad.Eswaran@efsme.com,9036591904,9036591904,560001,Bangalore,Karnataka,"Ground Floor, Prestige Obelisk, Municipal No. 3, Kasturba Road, Bangalore 560001",,Vangad Eswaran,Vangad-0022,Vangad_eswaran@1037,
EFS-YES BANK,EFS-YES BANK-Ludhiana,0023-Ludhiana,Vengad.Eswaran@efsme.com,9036591904,9036591904,141003,Ludhiana,Punjab,"B-Xx, 2427-928, Govind Nagar, Ferozepur Road, Ludhiana, 141003",,Vangad Eswaran,Vangad-0023,Vangad_eswaran@1037,
EFS-YES BANK,EFS-YES BANK-Jaipur,0024-Jaipur,Vengad.Eswaran@efsme.com,9036591904,9036591904,302001,Jaipur,Rajasthan,"Ground Floor , O-19A , Ashok Marg, Near Ahinsa Circle , C-Scheme, Jaipur 302001, Rajasthan.",,Vangad Eswaran,Vangad-0024,Vangad_eswaran@1037,
EFS-YES BANK,EFS-YES BANK-Surajpur,0025-Surajpur,Vengad.Eswaran@efsme.com,9036591904,9036591904,201306,Surajpur,Uttar Pradesh,"Mayank Arcade, Ground Floor Dsc Road (Surajpur Dadari Road), Surajpur, 201306",,Vangad Eswaran,Vangad-0025,Vangad_eswaran@1037,
EFS-YES BANK,EFS-YES BANK-Manesar,0026-Manesar,Vengad.Eswaran@efsme.com,9036591904,9036591904,122050,Manesar,Haryana,"Gc 1,2,3 & 3A,Raheja Square, Imt Manesar, Gurgoan - 122050",,Vangad Eswaran,Vangad-0026,Vangad_eswaran@1037,
EFS-YES BANK,EFS-YES BANK-Panjim,0027-Panjim,Vengad.Eswaran@efsme.com,9036591904,9036591904,403001,Panjim,Goa,"Yes Bank Ltd, Gr. Floor, Santo Agostinho, 18Th June Road, Panjim - Goa. 403001",,Vangad Eswaran,Vangad-0027,Vangad_eswaran@1037,
EFS-YES BANK,EFS-YES BANK-Nagpur,0028-Nagpur,Vengad.Eswaran@efsme.com,9036591904,9036591904,440001,Nagpur,Maharashtra,"206/1A, Swami Sadan Appt , Opp G.P.O Square, Vip Road, Civil Lines, Nagpur -440001",,Vangad Eswaran,Vangad-0028,Vangad_eswaran@1037,
EFS-YES BANK,EFS-YES BANK-Aurangabad,0029-Aurangabad,Vengad.Eswaran@efsme.com,9036591904,9036591904,431001,Aurangabad,Maharashtra,"A-7, Abc Complex, Adalat Road, Near Baba Petrol Pump, Aurangabad - Maharashtra. 431 001.",,Vangad Eswaran,Vangad-0029,Vangad_eswaran@1037,
EFS-YES BANK,EFS-YES BANK-Rajouri Garden,0030-Rajouri Garden,Vengad.Eswaran@efsme.com,9036591904,9036591904,110027,New Delhi,Delhi,"Yes Bank Ltd |A-42 Vishal Enclave Opp Tdi Mall |Rajouri Garden , New Delhi-110027",,Vangad Eswaran,Vangad-0030,Vangad_eswaran@1037,
EFS-YES BANK,EFS-YES BANK-Rudrapur,0031-Rudrapur,Vengad.Eswaran@efsme.com,9036591904,9036591904,263153,Rudrapur,Uttarakhand,"C-53,54,60 & 61, Nainital Road, Rudrapur, Dist. Udham Singh Nagar, Uttarakhand-263153",,Vangad Eswaran,Vangad-0031,Vangad_eswaran@1037,
EFS-YES BANK,EFS-YES BANK-Baddi,0032-Baddi,Vengad.Eswaran@efsme.com,9036591904,9036591904,173205,Baddi,Himachal Pradesh,"Ground Floor Shop 2,3 & 4 Mg Plaza Nh 21 Baddi Distt. Solan 173205",,Vangad Eswaran,Vangad-0032,Vangad_eswaran@1037,
EFS-YES BANK,EFS-YES BANK-Bhilwara,0033-Bhilwara,Vengad.Eswaran@efsme.com,9036591904,9036591904,311001,Bhilwara,Rajasthan,"Gr & Ist Flr, Kanchi Heights, Badal Complex, Gangapur Road, Bhilwara, Rajasthan- 311001 Landmark: Near Nahar Petrol Pump",,Vangad Eswaran,Vangad-0033,Vangad_eswaran@1037,
EFS-YES BANK,EFS-YES BANK-Bhiwadi,0034-Bhiwadi,Vengad.Eswaran@efsme.com,9036591904,9036591904,301019,Bhiwadi,Rajasthan,"Ground Floor, 294/295 E, Riico Industrial Area, Bhiwadi, Rajasthan-301019",,Vangad Eswaran,Vangad-0034,Vangad_eswaran@1037,
EFS-YES BANK,EFS-YES BANK-Coimbatore,0036-Coimbatore,Vengad.Eswaran@efsme.com,9036591904,9036591904,641037,Coimbatore,Tamil Nadu,"Manchester Krishna Landmark, Avinashi Road , Coimbatore - 641037",,Vangad Eswaran,Vangad-0036,Vangad_eswaran@1037,
EFS-YES BANK,EFS-YES BANK-Dharuheda,0037-Dharuheda,Vengad.Eswaran@efsme.com,9036591904,9036591904,122106,Dharuheda,Haryana,Gr And Ist Flr Jamabandi 2003/2004 Khewat - 128 Khatoli - 140 Mustir 167 Auila 6/2 On Nh 8 Dist Rewari Dharuhera Haryana 122106,,Vangad Eswaran,Vangad-0037,Vangad_eswaran@1037,
EFS-YES BANK,EFS-YES BANK-Ghaziabad,0038-Ghaziabad,Vengad.Eswaran@efsme.com,9036591904,9036591904,201002,Ghaziabad,Uttar Pradesh,"Gr 1St, Iind And Iiird Floor C 37 Rdc Raj Nagar, Ghaziabad-201002",,Vangad Eswaran,Vangad-0038,Vangad_eswaran@1037,
EFS-YES BANK,EFS-YES BANK-Hinjavadi,0039-Hinjavadi,Vengad.Eswaran@efsme.com,9036591904,9036591904,411 057,Hinjavadi,Maharashtra,"Ground Floor, “Om Heights”, S. No. 6, Hinjawadi, Taluka Mulshi,District Pune 411 057, Maharashtra",,Vangad Eswaran,Vangad-0039,Vangad_eswaran@1037,
EFS-YES BANK,EFS-YES BANK-Indore,0040-Indore,Vengad.Eswaran@efsme.com,9036591904,9036591904,452001,Indore,Madhya Pradesh,"Yes Bank Ltd,9/1/1 M.G Road,Adjoining Treasure Island-452001",,Vangad Eswaran,Vangad-0040,Vangad_eswaran@1037,
EFS-YES BANK,EFS-YES BANK-Jodhpur,0041-Jodhpur,Vengad.Eswaran@efsme.com,9036591904,9036591904,"42001
",Jodhpur,Rajasthan,"Ground Floor, 117/4, Pwd Colony, Jodhpur, Rajasthan- 342001. 
",,Vangad Eswaran,Vangad-0041,Vangad_eswaran@1037,
EFS-YES BANK,EFS-YES BANK-Kapurthala,0042-Kapurthala,Vengad.Eswaran@efsme.com,9036591904,9036591904,144601,Kapurthala,Punjab,"D 12/170. Leader Mall, Link Road, Jalandhar Road Kapurthala 144601",,Vangad Eswaran,Vangad-0042,Vangad_eswaran@1037,
EFS-YES BANK,EFS-YES BANK-Kolhapur,0043-Kolhapur,Vengad.Eswaran@efsme.com,9036591904,9036591904,416003,Kolhapur,Maharashtra,"Ground Floor ,Insignai Commercial Complex,Shiivaji Park,Tararani Chk,Kawala Naka, Kolhapur, 416003.",,Vangad Eswaran,Vangad-0043,Vangad_eswaran@1037,
EFS-YES BANK,EFS-YES BANK-Moradabad,0044-Moradabad,Vengad.Eswaran@efsme.com,9036591904,9036591904,244001,Moradabad,Uttar Pradesh,"Yes Bank Ltd, Ground Floor,Rastogi Complex,Khasra No. 267,Gram Majhola,Delhi Road,Near Public Dharam Kanta, Moradabad-244001",,Vangad Eswaran,Vangad-0044,Vangad_eswaran@1037,
EFS-YES BANK,EFS-YES BANK-Cadell Road,0045-Cadell Road,Vengad.Eswaran@efsme.com,9036591904,9036591904,400016,Greater Mumbai,Maharashtra,"Grnd Floor, Cadel Court,,230-232,Veer Sawarkar,Marg, Cadel Road, Shivaji Park, 400016",,Vangad Eswaran,Vangad-0045,Vangad_eswaran@1037,
EFS-YES BANK,EFS-YES BANK-Vizag,0046-Vizag,Vengad.Eswaran@efsme.com,9036591904,9036591904,530007,Visakhapatnam,Andhra Pradesh,"Ground And First Floor, “Sun Tower”, T.S.No.1187 Of Block No.53, Waltair Main Road, Vishakhapatnam -530007, Andhra Pradesh. Landmark: Opp. Lazarus Hospital",,Vangad Eswaran,Vangad-0046,Vangad_eswaran@1037,
EFS-YES BANK,EFS-YES BANK-Raipur,0047-Raipur,Vengad.Eswaran@efsme.com,9036591904,9036591904,492001,Raipur,Chattisgarh,"Yes Bank Limited, Ground & First Floor, Golchha Chambers, Civil Lines, Sant Kabir Chowk, Near Holy Hearts School, Main Road Raipur, Chhattisgarh Pin Code- 492001",,Vangad Eswaran,Vangad-0047,Vangad_eswaran@1037,
EFS-YES BANK,EFS-YES BANK-Thippasandra,0048-Thippasandra,Vengad.Eswaran@efsme.com,9036591904,9036591904,560075,Bangalore,Karnataka,"Plot # 27, Indiranagar 80 Feet Road, Hal 3Rd Stage, New Thippasandra Post, Bangalore 560075",,Vangad Eswaran,Vangad-0048,Vangad_eswaran@1037,
EFS-YES BANK,EFS-YES BANK-Udaipur,0049-Udaipur,Vengad.Eswaran@efsme.com,9036591904,9036591904,313004,Udaipur,Rajasthan,"Ground Floor And Part 1St Floor Of ‘Goverdhan Plaza’, 29, N.N.Acharya Marg, Udaipur – 313004 (Rajasthan)",,Vangad Eswaran,Vangad-0049,Vangad_eswaran@1037,
EFS-YES BANK,EFS-YES BANK-Agra,0050-Agra,Vengad.Eswaran@efsme.com,9036591904,9036591904,282002,Agra,Uttar Pradesh,116/8 Sanjay Place Near Sanjay Cinema Hall Agra Up 282002,,Vangad Eswaran,Vangad-0050,Vangad_eswaran@1037,
EFS-YES BANK,EFS-YES BANK-Amritsar,0051-Amritsar,Vengad.Eswaran@efsme.com,9036591904,9036591904,143001,Amritsar,Punjab,"42, Gyan Sadan, The Mall Road, Near Ritz Hotel, Amritsar, 143001",,Vangad Eswaran,Vangad-0051,Vangad_eswaran@1037,
EFS-YES BANK,EFS-YES BANK-Boisar,0052-Boisar,Vengad.Eswaran@efsme.com,9036591904,9036591904,401501,Boisar,Maharashtra,"Sarosh Niwas Gr Floor Khodaram Baug Opp Harmony Shopping Complex Tal Palghar Tarapur ,401501",,Vangad Eswaran,Vangad-0052,Vangad_eswaran@1037,
EFS-YES BANK,EFS-YES BANK-Kashipur,0053-Kashipur,Vengad.Eswaran@efsme.com,9036591904,9036591904,244713,Kashipur,Uttarakhand,"257 Ground Floor, Ramnagar Road, Kashipur-244713",,Vangad Eswaran,Vangad-0053,Vangad_eswaran@1037,
EFS-YES BANK,EFS-YES BANK-Green Park,0055-Green Park,Vengad.Eswaran@efsme.com,9036591904,9036591904,110016,New Delhi,Delhi,"A/2A, Ground Floor, Main Aurbindo Marg, Green Park, New Delhi-110016",,Vangad Eswaran,Vangad-0055,Vangad_eswaran@1037,
EFS-YES BANK,EFS-YES BANK-Muktsar,0056-Muktsar,Vengad.Eswaran@efsme.com,9036591904,9036591904,152026,Muktsar,Punjab,"Unit No 8004/1, Kotkapura Road, Muktsar, 152026",,Vangad Eswaran,Vangad-0056,Vangad_eswaran@1037,
EFS-YES BANK,EFS-YES BANK-Rajpura,0057-Rajpura,Vengad.Eswaran@efsme.com,9036591904,9036591904,140401,Rajpura,Punjab,"Shop No 5E-6E, Dalima Vihar Caliber Market, Rajpura, 140401",,Vangad Eswaran,Vangad-0057,Vangad_eswaran@1037,
EFS-YES BANK,EFS-YES BANK-Chembur,0058-Chembur,Vengad.Eswaran@efsme.com,9036591904,9036591904,400071,Greater Mumbai,Maharashtra,"Shrikant Chambers, Near R K Studio,Chembur Mumbai 400071",,Vangad Eswaran,Vangad-0058,Vangad_eswaran@1037,
EFS-YES BANK,EFS-YES BANK-Rai,0059-Rai,Vengad.Eswaran@efsme.com,9036591904,9036591904,131029,Rai,Haryana,"Ground Floor ,Shopping Complex ,Hsiidc Po Rai  Dist Sonepat -131029",,Vangad Eswaran,Vangad-0059,Vangad_eswaran@1037,
EFS-YES BANK,EFS-YES BANK-Saket,0061-Saket,Vengad.Eswaran@efsme.com,9036591904,9036591904,110017,New Delhi,Delhi,"E-31, Ground Floor, Pvr Road, Saket, New Delhi - 110017",,Vangad Eswaran,Vangad-0061,Vangad_eswaran@1037,
EFS-YES BANK,EFS-YES BANK-Vashi,0062-Vashi,Vengad.Eswaran@efsme.com,9036591904,9036591904,400703,Navi Mumbai,Maharashtra,"Ground Floor, Shop No. 23,23A,24,25,26,32&35, Mahavir Center, Plot No.77, Sector 17, Vashi, Navi Mumbai – 400703",,Vangad Eswaran,Vangad-0062,Vangad_eswaran@1037,
EFS-YES BANK,EFS-YES BANK-Mangalore,0063-Mangalore,Vengad.Eswaran@efsme.com,9036591904,9036591904,575001,Mangalore,Karnataka,"Shop No 108-120,Ground Floor, Opp. Sharavu Ganapathi Temple, Ghs Road, Off K S Rao Road, Mangalore 575001",,Vangad Eswaran,Vangad-0063,Vangad_eswaran@1037,
EFS-YES BANK,EFS-YES BANK-Bhavnagar,0064-Bhavnagar,Vengad.Eswaran@efsme.com,9036591904,9036591904,364001,Bhavnagar,Gujarat,"Shop No. G1 & G2, Eva Surbhi, Opp. Aksharwadi Temple, Waghavadi Road, Bhavnagar, Gujarat, Pin : 364 001.",,Vangad Eswaran,Vangad-0064,Vangad_eswaran@1037,
EFS-YES BANK,EFS-YES BANK-Guwahati,0065-Guwahati,Vengad.Eswaran@efsme.com,9036591904,9036591904,781005,Guwahati,Assam,"Ground & First Floor, Building No. – 115, Goyal Enclave, G.S Road, Bhangagarh, Guwahati - 781 005",,Vangad Eswaran,Vangad-0065,Vangad_eswaran@1037,
EFS-YES BANK,EFS-YES BANK-Kapashera,0066-Kapashera,Vengad.Eswaran@efsme.com,9036591904,9036591904,110037,Kapashera,Delhi,"Ground Floor Khasra No. 919-933, Old Delhi Gurgaon Road, Kapashera Village, New Delhi - 110037 ",,Vangad Eswaran,Vangad-0066,Vangad_eswaran@1037,
EFS-YES BANK,EFS-YES BANK-Durg-Bhilai,0067-Durg-Bhilai,Vengad.Eswaran@efsme.com,9036591904,9036591904,490023,Durg Bhilai,Chattisgarh,"Plot No 32, Shivnath Complex, Ground Floor,G.E Road, Supela Durg Bhilai Chhattisgarh 490023",,Vangad Eswaran,Vangad-0067,Vangad_eswaran@1037,
EFS-YES BANK,EFS-YES BANK-Vasai,0068-Vasai,Vengad.Eswaran@efsme.com,9036591904,9036591904,401202,Greater Mumbai,Maharashtra,"Ground Floor,,Gurudwara Shree Gurusingh Sabha,,Plot No 17/A,Ambadi Road,Vasai Road, Vasai (W), 401202",,Vangad Eswaran,Vangad-0068,Vangad_eswaran@1037,
EFS-YES BANK,EFS-YES BANK-New Friends Colony,0069-New Friends Colony,Vengad.Eswaran@efsme.com,9036591904,9036591904,110025,New Delhi,Delhi,"Ground, Mezzanine & First Floor, Plot No-22, Community Centre, New Friends Colony, New Delhi-110025",,Vangad Eswaran,Vangad-0069,Vangad_eswaran@1037,
EFS-YES BANK,EFS-YES BANK-Panipat,0070-Panipat,Vengad.Eswaran@efsme.com,9036591904,9036591904,132103,Panipat,Haryana,"Ground Floor, Sheela Shoppe, Sanjay Chowk., 132103",,Vangad Eswaran,Vangad-0070,Vangad_eswaran@1037,
EFS-YES BANK,EFS-YES BANK-Jalandhar,0071-Jalandhar,Vengad.Eswaran@efsme.com,9036591904,9036591904,144001,Jalandhar,Punjab,"Satnam Complex, Bmc Chowk, Jalandhar - 144 001, (Punjab) ",,Vangad Eswaran,Vangad-0071,Vangad_eswaran@1037,
EFS-YES BANK,EFS-YES BANK-Mathura,0072-Mathura,Vengad.Eswaran@efsme.com,9036591904,9036591904,281001,Mathura,Uttar Pradesh,"Heera Celebration, Ugf, 64/372/373, Opposite Kaila Devi Temple, Dampier Nagar, Mathura - 281001",,Vangad Eswaran,Vangad-0072,Vangad_eswaran@1037,
EFS-YES BANK,EFS-YES BANK-Kanpur,0073-Kanpur,Vengad.Eswaran@efsme.com,9036591904,9036591904,208001,Kanpur,Uttar Pradesh,"14-113 Padam Tower ,Civil Lines Kanpur 208001",,Vangad Eswaran,Vangad-0073,Vangad_eswaran@1037,
EFS-YES BANK,EFS-YES BANK-Bareilly,0074-Bareilly,Vengad.Eswaran@efsme.com,9036591904,9036591904,243001,Bareilly,Uttar Pradesh,"Mahalaxmi Towers Plot No 12 & 13,112 Civil Lines Bareilly 243001",,Vangad Eswaran,Vangad-0074,Vangad_eswaran@1037,
EFS-YES BANK,EFS-YES BANK-Vapi,0075-Vapi,Vengad.Eswaran@efsme.com,9036591904,9036591904,396195,Vapi,Gujarat,"Ground Floor, Fortune Hotel Galaxy Complex, Commercial Plot No C7/ 67/P, N H No 8, Gidc, Vapi 396 195, Gujrat",,Vangad Eswaran,Vangad-0075,Vangad_eswaran@1037,
EFS-YES BANK,EFS-YES BANK-Durgapur,0076-Durgapur,Vengad.Eswaran@efsme.com,9036591904,9036591904,713216,Durgapur,West Bengal,"Upper Gr Floor, City Plaza, Next To City Residency, Durgapur, Wb, 713216",,Vangad Eswaran,Vangad-0076,Vangad_eswaran@1037,
EFS-YES BANK,EFS-YES BANK-Thane 1 - TALAUPALI THANE,0077-Thane 1 - TALAUPALI THANE,Vengad.Eswaran@efsme.com,9036591904,9036591904,400602,Thane,Maharashtra,"Ground And First Floor,Nirmal Deep Opp.Talao Pali,Dr. Moose Road, 400602",,Vangad Eswaran,Vangad-0077,Vangad_eswaran@1037,
EFS-YES BANK,EFS-YES BANK-Andheri (E),0078-Andheri (E),Vengad.Eswaran@efsme.com,9036591904,9036591904,400059,Greater Mumbai,Maharashtra,"Gr. Floor, Shop No. 1 & 2Nd Floor, Office No. 205, “Dynasty Business Park”, “A” Wing Of Building No. 2, Plot Bearing Cs No. 57, 58, 14, 11 &13, Andheri Kurla Road, Andheri –East, Mumbai 400 059.",,Vangad Eswaran,Vangad-0078,Vangad_eswaran@1037,
EFS-YES BANK,EFS-YES BANK-Salem,0079-Salem,Vengad.Eswaran@efsme.com,9036591904,9036591904,636004,Salem,Tamil Nadu,"Ground Floor, 5-315 Junction Main Road , Salem - 636004",,Vangad Eswaran,Vangad-0079,Vangad_eswaran@1037,
EFS-YES BANK,EFS-YES BANK-Ranchi,0080-Ranchi,Vengad.Eswaran@efsme.com,9036591904,9036591904,834001,Ranchi,Jharkhand,"Yes Bank Ltd.,Ground And First Floor, Crosswindz, 41 Court Road, Ranchi, Jharkhand - 834001",,Vangad Eswaran,Vangad-0080,Vangad_eswaran@1037,
EFS-YES BANK,EFS-YES BANK-Rourkela,0081-Rourkela,Vengad.Eswaran@efsme.com,9036591904,9036591904,769012,Rourkela,Odisha,"Holding No 72, Ground Floor Plot No 304, Udit Nagar, Rourkela, Odisha 769012",,Vangad Eswaran,Vangad-0081,Vangad_eswaran@1037,
EFS-YES BANK,EFS-YES BANK-Fort,0082-Fort,Vengad.Eswaran@efsme.com,9036591904,9036591904,400001,Greater Mumbai,Maharashtra,"Shop No 6 And 7,Ground Floor, Botawalla Bldg,2/12 Horniman Circle,Mumbai-400001",,Vangad Eswaran,Vangad-0082,Vangad_eswaran@1037,
EFS-YES BANK,EFS-YES BANK-Model Town,0083-Model Town,Vengad.Eswaran@efsme.com,9036591904,9036591904,110009,New Delhi,Delhi,"Yes Bank Ltd.,B-7,Ground Floor,Gujranwala Town Part-1,Opposite Model Town,New Delhi-110009",,Vangad Eswaran,Vangad-0083,Vangad_eswaran@1037,
EFS-YES BANK,EFS-YES BANK-Chhatarpur,0084-Chhatarpur,Vengad.Eswaran@efsme.com,9036591904,9036591904,110074,New Delhi,Delhi,"311/30, Ground Floor And First Floor, Chattarpur Main Road, Chattarpur, New Delhi-110074",,Vangad Eswaran,Vangad-0084,Vangad_eswaran@1037,
EFS-YES BANK,EFS-YES BANK-Atta,0085-Atta,Vengad.Eswaran@efsme.com,9036591904,9036591904,201301,Atta,Uttar Pradesh,"Ground & Part Of 1St Floor, Vinayak Hospitall, Nh-1 Atta,Sec-27,Noida, 201301",,Vangad Eswaran,Vangad-0085,Vangad_eswaran@1037,
EFS-YES BANK,EFS-YES BANK-Pathankot,0086-Pathankot,Vengad.Eswaran@efsme.com,9036591904,9036591904,145001,Pathankot,Punjab,"Ground Floor & Part First Floor, Patel Chowk, Improvement Trust Building Part-1, SCF-10, Pathankot, Punjab – 145001",,Vangad Eswaran,Vangad-0086,Vangad_eswaran@1037,
EFS-YES BANK,EFS-YES BANK-Gajraula,0087-Gajraula,Vengad.Eswaran@efsme.com,9036591904,9036591904,244235,Gajraula,Uttar Pradesh,Shop No 74 Indra Chowk Kavi Nagar Gajraula 244235,,Vangad Eswaran,Vangad-0087,Vangad_eswaran@1037,
EFS-YES BANK,EFS-YES BANK-Aligarh,0088-Aligarh,Vengad.Eswaran@efsme.com,9036591904,9036591904,202001,Aligarh,Uttar Pradesh,"Ground floor, Fairview mall, Plot no. 97 d (old no. 13), Hafeez manzil, Mahabir park, Marris road, Aligarh, UP-202001",,Vangad Eswaran,Vangad-0088,Vangad_eswaran@1037,
EFS-YES BANK,EFS-YES BANK-Jhajjar,0089-Jhajjar,Vengad.Eswaran@efsme.com,9036591904,9036591904,124201,Jhajjar,Haryana,"Ground Floor Of, Kadian Complex, Ward No.-1, Kanwar Colony, New Rohtak Road, Jhajjar , Haryana – 124201",,Vangad Eswaran,Vangad-0089,Vangad_eswaran@1037,
EFS-YES BANK,EFS-YES BANK-Jammu,0090-Jammu,Vengad.Eswaran@efsme.com,9036591904,9036591904,180004,Jammu,Jammu & Kashmir,"20 B/C Green Belt Gandhi Nagar Jammu, 180004",,Vangad Eswaran,Vangad-0090,Vangad_eswaran@1037,
EFS-YES BANK,EFS-YES BANK-Shimla,0091-Shimla,Vengad.Eswaran@efsme.com,9036591904,9036591904,171001,Shimla,Himachal Pradesh,Cart Road Timber House Gf Shimla 171001,,Vangad Eswaran,Vangad-0091,Vangad_eswaran@1037,
EFS-YES BANK,EFS-YES BANK-Kishangarh,0092-Kishangarh,Vengad.Eswaran@efsme.com,9036591904,9036591904,301405,Kishangarh,Rajasthan,"Gr. Flr, Khasra No. 512, Haryali Store, Tijara Road, Kishangarh 301405, Alwar, Rajasthan",,Vangad Eswaran,Vangad-0092,Vangad_eswaran@1037,
EFS-YES BANK,EFS-YES BANK-Bhubaneswar,0093-Bhubaneswar,Vengad.Eswaran@efsme.com,9036591904,9036591904,751007,Bhubhaneshwar,Odisha,"Plot No. 31, Bapuji Nagar, Janpath,Bhubaneswar,Orissa 751007",,Vangad Eswaran,Vangad-0093,Vangad_eswaran@1037,
EFS-YES BANK,EFS-YES BANK-Chas Bokaro,0094-Chas Bokaro,Vengad.Eswaran@efsme.com,9036591904,9036591904,827013,Chas Bokaro,Jharkhand,"Golden Palace, Ground Floor, Bye Pass Road, Chas Bokaro, Jharkhand - 827013 ",,Vangad Eswaran,Vangad-0094,Vangad_eswaran@1037,
EFS-YES BANK,EFS-YES BANK-Sriperumbudur,0095-Sriperumbudur,Vengad.Eswaran@efsme.com,9036591904,9036591904,602105,Sriperumbudur,Tamil Nadu,"Yes Bank Ltd,Ground Floor, Shiohm Inn, No 2 Car Street, Kothanda Nadar Nagar, Sriperumbudur – 602 105.",,Vangad Eswaran,Vangad-0095,Vangad_eswaran@1037,
EFS-YES BANK,EFS-YES BANK-Kochi,0096-Kochi,Vengad.Eswaran@efsme.com,9036591904,9036591904,682011,Kochi,Kerala,"First Floor, Puthuran Plaza, Northern Side, Kpcc Junction, M. G. Road, Kochi, Kerala- 682011.",,Vangad Eswaran,Vangad-0096,Vangad_eswaran@1037,
EFS-YES BANK,EFS-YES BANK-Secunderabad,0097-Secunderabad,Vengad.Eswaran@efsme.com,9036591904,9036591904,500003,Hyderabad,Telangana,"Ground Floor, Agravanshi Plaza, Bearing No 1-8-387, Huda Lane, Off S.P. Road, Secunderabad, Telanagana-500003",,Vangad Eswaran,Vangad-0097,Vangad_eswaran@1037,
EFS-YES BANK,EFS-YES BANK-Rajkot,0098-Rajkot,Vengad.Eswaran@efsme.com,9036591904,9036591904,360001,Rajkot,Gujarat,"Gr Floor & 1St Floor, Nath Edifice, Dr. Yagnik Road & Race Course Road, Rajkot - 360 001.",,Vangad Eswaran,Vangad-0098,Vangad_eswaran@1037,
EFS-YES BANK,EFS-YES BANK-Thane 2,0099-Thane 2,Vengad.Eswaran@efsme.com,9036591904,9036591904,400601,Thane,Maharashtra,"Shop No.4, 5 And 6,Vasundhara, Kanakia Spaces,Pokhran Road No.2, 400601",,Vangad Eswaran,Vangad-0099,Vangad_eswaran@1037,
EFS-YES BANK,EFS-YES BANK-Ahmadnagar,0100-Ahmadnagar,Vengad.Eswaran@efsme.com,9036591904,9036591904,414003,Ahmadnagar,Maharashtra,"Ground Floor, Unit No 1-5 Mark Square Apt, Next To Maruti Showroom, Ahmednagar, Maharashtra - 414003",,Vangad Eswaran,Vangad-0100,Vangad_eswaran@1037,
EFS-YES BANK,EFS-YES BANK-Bodakdev,0101-Bodakdev,Vengad.Eswaran@efsme.com,9036591904,9036591904,380054,Ahmedabad,Gujarat,"Shop No. 1, Shapath – 3, Near Gnfc Towers, S.G. Highway, Bodakdev, Ahmedabad – 380 054",,Vangad Eswaran,Vangad-0101,Vangad_eswaran@1037,
EFS-YES BANK,EFS-YES BANK-Waluj,0102-Waluj,Vengad.Eswaran@efsme.com,9036591904,9036591904,431136,Waluj,Maharashtra,"Ground Floor,Vardhaman Complex,Plot No C-252/1, Mahavir Chowk, Midc Area, Waluj, Pin code- 431136",,Vangad Eswaran,Vangad-0102,Vangad_eswaran@1037,
EFS-YES BANK,EFS-YES BANK-Chennai 2 (Parry's),0103-Chennai 2 (Parry's),Vengad.Eswaran@efsme.com,9036591904,9036591904,600001,Chennai,Tamil Nadu,"Yes Bank Ltd , No:3,Dass India Towers Second Line Beach , Parrys, Chennai  600001",,Vangad Eswaran,Vangad-0103,Vangad_eswaran@1037,
EFS-YES BANK,EFS-YES BANK-Wazirabad,0104-Wazirabad,Vengad.Eswaran@efsme.com,9036591904,9036591904,122002,Wazirabad,Haryana,"Yes Bank Ltd Ground Floor, Shop No 1, 2 & 5 A, Ocus Techno Polis, Golf Course Road, Wazirabad, Gurgaon, Haryana- 122002.",,Vangad Eswaran,Vangad-0104,Vangad_eswaran@1037,
EFS-YES BANK,EFS-YES BANK-Gurgaon 2 (Sec-14),0105-Gurgaon 2 (Sec-14),Vengad.Eswaran@efsme.com,9036591904,9036591904,122001,Gurgaon,Haryana,"Yes Bank Ltd, Vidhi Plaza, Sco 25 Sector-14, Huda Market, Gurgaon-122001",,Vangad Eswaran,Vangad-0105,Vangad_eswaran@1037,
EFS-YES BANK,EFS-YES BANK-Punjabi Bagh,0106-Punjabi Bagh,Vengad.Eswaran@efsme.com,9036591904,9036591904,110026,New Delhi,Delhi,Yes Bank Ltd 10 West Avenue Road West Punjabi Bagh Delhi-110026,,Vangad Eswaran,Vangad-0106,Vangad_eswaran@1037,
EFS-YES BANK,EFS-YES BANK-Shakarpur,0107-Shakarpur,Vengad.Eswaran@efsme.com,9036591904,9036591904,110092,Shakarpur,Delhi,"S 529, Ground Floor, School Block, Mother Dairy Road , Shakarpur , Delhi - 110092",,Vangad Eswaran,Vangad-0107,Vangad_eswaran@1037,
EFS-YES BANK,EFS-YES BANK-Baghpat,0108-Baghpat,Vengad.Eswaran@efsme.com,9036591904,9036591904,250609,Baghpat,Uttar Pradesh,"Ground Floor, Premises Bearing No. 116, Ward No. 16, Delhi Road, Baghpat, Pin- 250609",,Vangad Eswaran,Vangad-0108,Vangad_eswaran@1037,
EFS-YES BANK,EFS-YES BANK-Mohali,0109-Mohali,Vengad.Eswaran@efsme.com,9036591904,9036591904,160071,Mohali,Punjab,"Yes Bank Limited, SCO 538, Sector70, Mohali , Punjab - 160071",,Vangad Eswaran,Vangad-0109,Vangad_eswaran@1037,
EFS-YES BANK,EFS-YES BANK-Panchkula,0110-Panchkula,Vengad.Eswaran@efsme.com,9036591904,9036591904,134109,Panchkula,Haryana,Sco 24 Huda Complex Sector 11 Panchkula 134109,,Vangad Eswaran,Vangad-0110,Vangad_eswaran@1037,
EFS-YES BANK,EFS-YES BANK-Rajsamand,0111-Rajsamand,Vengad.Eswaran@efsme.com,9036591904,9036591904,313324,Rajsamand,Rajasthan,"Ground Floor, Shree Hemdeep Complex, Plot No. 1 & 2, Kankroli, Rajsamand, Rajasthan - 313324.",,Vangad Eswaran,Vangad-0111,Vangad_eswaran@1037,
EFS-YES BANK,EFS-YES BANK-Kosi Kalan,0112-Kosi Kalan,Vengad.Eswaran@efsme.com,9036591904,9036591904,281403,Kosi Kalan,Uttar Pradesh,"Municipal No. 118/A1/1, Khewat No. 244, Khasra No. 1281, Agarsen Nagar, Kosi Kalan, Mathura,Up – 281403",,Vangad Eswaran,Vangad-0112,Vangad_eswaran@1037,
EFS-YES BANK,EFS-YES BANK-Jhansi,0113-Jhansi,Vengad.Eswaran@efsme.com,9036591904,9036591904,284001,Jhansi,Uttar Pradesh,"Ground Floor 1087,Civil Lines, Nh 25,Jhansi - Shivpuri Road, Jhansiuttar Pradesh 284001",,Vangad Eswaran,Vangad-0113,Vangad_eswaran@1037,
EFS-YES BANK,EFS-YES BANK-Alwar,0114-Alwar,Vengad.Eswaran@efsme.com,9036591904,9036591904,301001,Alwar,Rajasthan,"Ground Floor (Left Side) Of Plot No 29, Scheme No 2, Lajpat Nagar, Alwar 301001, Rajasthan. Landmark – Opp. Icici Bank
",,Vangad Eswaran,Vangad-0114,Vangad_eswaran@1037,
EFS-YES BANK,EFS-YES BANK-Dehradun,0115-Dehradun,Vengad.Eswaran@efsme.com,9036591904,9036591904,248001,Dehradun,Uttarakhand,"Ground Floor, 56, Rajpur Road, Dehradun 248001, Uttarakhand. Land Mark – Building of Hotel Classic International
",,Vangad Eswaran,Vangad-0115,Vangad_eswaran@1037,
EFS-YES BANK,EFS-YES BANK-Allahabad,0116-Allahabad,Vengad.Eswaran@efsme.com,9036591904,9036591904,211001,Allahabad,Uttar Pradesh,"4/43, Ground Floor, S.P. Marg, Civil Lines, Allahabad, Uttar Pradesh -211001",,Vangad Eswaran,Vangad-0116,Vangad_eswaran@1037,
EFS-YES BANK,EFS-YES BANK-Goregaon,0117-Goregaon,Vengad.Eswaran@efsme.com,9036591904,9036591904,400062,Greater Mumbai,Maharashtra,"Ground And 1St Floor,Shp No:E,,F Of A.K.Plaza,Junction Of Veer,Savarkar Flyover,S.V.Rd,Goregaon-W, 400062",,Vangad Eswaran,Vangad-0117,Vangad_eswaran@1037,
EFS-YES BANK,EFS-YES BANK-Khandsa,0118-Khandsa,Vengad.Eswaran@efsme.com,9036591904,9036591904,122001,Khandsa,Haryana,"Yes Bank Ltd, SCO 85, Sector 10A Market, Khandsa Road, Gurgaon 122001",,Vangad Eswaran,Vangad-0118,Vangad_eswaran@1037,
EFS-YES BANK,EFS-YES BANK-Bhopal,0119-Bhopal,Vengad.Eswaran@efsme.com,9036591904,9036591904,462011,Bhopal,Madhya Pradesh,"Yes Bank Ltd.,  Gr Floor, Plot No. 215,  Mp Nagar, Phase 1, Bhopal, Madhya Pradesh-462011",,Vangad Eswaran,Vangad-0119,Vangad_eswaran@1037,
EFS-YES BANK,EFS-YES BANK-Ambala Cantt,0120-Ambala Cantt,Vengad.Eswaran@efsme.com,9036591904,9036591904,133001,Ambala,Haryana,"4307, Shanti Complex, Ambala Jagadhri Road, Ambala Cantt-133001, Haryana",,Vangad Eswaran,Vangad-0120,Vangad_eswaran@1037,
EFS-YES BANK,EFS-YES BANK-Bahadurgarh,0121-Bahadurgarh,Vengad.Eswaran@efsme.com,9036591904,9036591904,124507,Bahadurgarh,Haryana,"Yes Bank Ltd G. Floor, Venus Plaza, Nehru Park, Delhi-Rohtak Highway, Bahadurgarh, Haryana - 124507",,Vangad Eswaran,Vangad-0121,Vangad_eswaran@1037,
EFS-YES BANK,EFS-YES BANK-Ulhasnagar,0122-Ulhasnagar,Vengad.Eswaran@efsme.com,9036591904,9036591904,421003,Ulhasnagar,Maharashtra,"Maruti Arcade, Ground And,Mazzanine Floor, Opp.,Ulhasnagar Municipal Corporation,421003",,Vangad Eswaran,Vangad-0122,Vangad_eswaran@1037,
EFS-YES BANK,EFS-YES BANK-Hosur,0123-Hosur,Vengad.Eswaran@efsme.com,9036591904,9036591904,635109,Hosur,Tamil Nadu,"Gr.Floor.Gsn Arcade,Survey No: 6/25/B1, Besides Vemala Kalyana Mandapam Bye Pass Road Hosur 635109",,Vangad Eswaran,Vangad-0123,Vangad_eswaran@1037,
EFS-YES BANK,EFS-YES BANK-Vijayawada,0124-Vijayawada,Vengad.Eswaran@efsme.com,9036591904,9036591904,520010,Vijayawada, Andhra Pradesh,"Kranti Arcade, D No. 40/1/59, Near Benz Circle, M.G. Road, Vijaywada- 520010",,Vangad Eswaran,Vangad-0124,Vangad_eswaran@1037,
EFS-YES BANK,EFS-YES BANK-Kalyan Dombivli,0125-Kalyan Dombivli,Vengad.Eswaran@efsme.com,9036591904,9036591904,421301,Kalyan - Dombivili,Maharashtra,"Ground Floor,Shop No:,1,2,3, Shreya Palace, Opp Adarsh,Hindi School,Santoshi Mata Road,421301",,Vangad Eswaran,Vangad-0125,Vangad_eswaran@1037,
EFS-YES BANK,EFS-YES BANK-Pilani,0126-Pilani,Vengad.Eswaran@efsme.com,9036591904,9036591904,333001,Pilani,Rajasthan,"Plot No.-1, Vidhya Vihar, Ward No.- 11, Pilani, Rajasthan, Pin 333001
",,Vangad Eswaran,Vangad-0126,Vangad_eswaran@1037,
EFS-YES BANK,EFS-YES BANK-Indirapuram,0127-Indirapuram,Vengad.Eswaran@efsme.com,9036591904,9036591904,201012,Ghaziabad,Uttar Pradesh,"Ground Floor, BG 16,17, Aditya City Center, Plot No 3, Vaibhav Khand, Indirapuram, Ghaziabad Uttar Pradesh 201012 ",,Vangad Eswaran,Vangad-0127,Vangad_eswaran@1037,
EFS-YES BANK,EFS-YES BANK-Howrah,0128-Howrah,Vengad.Eswaran@efsme.com,9036591904,9036591904,711101,Howrah,West Bengal,"Yes Bank , Howrah Branch , Krishna Enclave, 2/1, Bhajan Lal Lohia Lane,, Ps Golabari, Howrah, West Bengal 711101",,Vangad Eswaran,Vangad-0128,Vangad_eswaran@1037,
EFS-YES BANK,EFS-YES BANK-Cheeka,0129-Cheeka,Vengad.Eswaran@efsme.com,9036591904,9036591904,136034,Cheeka,Haryana,"Yes Bank Ltd ,Kaithal Road, Cheeka-136034",,Vangad Eswaran,Vangad-0129,Vangad_eswaran@1037,
EFS-YES BANK,EFS-YES BANK-Kundli,0130-Kundli,Vengad.Eswaran@efsme.com,9036591904,9036591904,131028,Kundli,Haryana,"Yes Bank Ltd . Sco-23,Shoping Complex,Hsiidc Kundli Haryana 131028",,Vangad Eswaran,Vangad-0130,Vangad_eswaran@1037,
EFS-YES BANK,EFS-YES BANK-Neemrana,0131-Neemrana,Vengad.Eswaran@efsme.com,9036591904,9036591904,301701,Neemrana,Rajasthan,"Ground Floor, 166-167, Riico Industrial Area Shopping Complex,Po Neemrana, Dist Alwar, Rajasthan- 301701",,Vangad Eswaran,Vangad-0131,Vangad_eswaran@1037,
EFS-YES BANK,EFS-YES BANK-Dhand,0132-Dhand,Vengad.Eswaran@efsme.com,9036591904,9036591904,136020,Dhand,Haryana,"Yes Bank Ltd. H.No,400, Kurukshetra Road, Dhand -136020",,Vangad Eswaran,Vangad-0132,Vangad_eswaran@1037,
EFS-YES BANK,EFS-YES BANK-Kasna,0133-Kasna,Vengad.Eswaran@efsme.com,9036591904,9036591904,201310,Kasna,Uttar Pradesh,"Ground Floor, GNS Plaza, Shop no- G-5,G-6, G-7, G-8,  Plot no- 7/1, Site-IV, Kasna , Tehsil –Sadar, Distt.–Gautambudh Nagar ,Greater Noida, U.P-201310",,Vangad Eswaran,Vangad-0133,Vangad_eswaran@1037,
EFS-YES BANK,EFS-YES BANK-Bandra,0134-Bandra,Vengad.Eswaran@efsme.com,9036591904,9036591904,400050,Greater Mumbai,Maharashtra,"Grnd And Mezzanine Flr,Shop No G-01,,893,Notan Chambers,Turner Rd,,Bandra(W), 400050",,Vangad Eswaran,Vangad-0134,Vangad_eswaran@1037,
EFS-YES BANK,EFS-YES BANK-Kondhave Khurd,0135-Kondhave Khurd,Vengad.Eswaran@efsme.com,9036591904,9036591904,411048,Kondhave Khurd,Maharashtra,"Ground Floor, Shop No: 4, Aditya Business Center, Plot No: 40-44, S.No. 1/A (Part), Nibm Junction, Kondhave Khurd, Pune, Maharashtra - 411 048.",,Vangad Eswaran,Vangad-0135,Vangad_eswaran@1037,
EFS-YES BANK,EFS-YES BANK-Connaught Place,0136-Connaught Place,Vengad.Eswaran@efsme.com,9036591904,9036591904,110001,New Delhi,Delhi,"56 Janpath, Alps Building, New Delhi - 110001",,Vangad Eswaran,Vangad-0136,Vangad_eswaran@1037,
EFS-YES BANK,EFS-YES BANK-Sankhol,0137-Sankhol,Vengad.Eswaran@efsme.com,9036591904,9036591904,124502,Sankhol,Haryana,"Ground Floor,(Western Side) Khewat No 368,Hotel Vc Kassaur, Nh 10,Po And Mauza Sankhol Sankhol,Bahadurgarh Haryana 124502 ",,Vangad Eswaran,Vangad-0137,Vangad_eswaran@1037,
EFS-YES BANK,EFS-YES BANK-Katra,0138-Katra,Vengad.Eswaran@efsme.com,9036591904,9036591904,182301,Katra,Jammu & Kashmir,"C/0 Hotel Bhawani Paradise ,Jammu Katra Road Katra, 182301",,Vangad Eswaran,Vangad-0138,Vangad_eswaran@1037,
EFS-YES BANK,EFS-YES BANK-Dundahera,0139-Dundahera,Vengad.Eswaran@efsme.com,9036591904,9036591904,122016,Dundahera,Haryana,"G.F.,Plot No 14/2, Milestone, Infotech Centre, Old Gurgaon Road, Dundahera, Gurgaon-122016",,Vangad Eswaran,Vangad-0139,Vangad_eswaran@1037,
EFS-YES BANK,EFS-YES BANK-Badshahpur,0140-Badshahpur,Vengad.Eswaran@efsme.com,9036591904,9036591904,122101,Badshahpur,Haryana,"Ground Floor, Unit No-5,Block - 2,Vatika Business Park, Sohna Road, Badshahpur, Gurgaon-122101",,Vangad Eswaran,Vangad-0140,Vangad_eswaran@1037,
EFS-YES BANK,EFS-YES BANK-Bawal,0141-Bawal,Vengad.Eswaran@efsme.com,9036591904,9036591904,123501,Bawal,Haryana,"Shop No. 1 & 2, Opposite Chhotu Ram  Chowk, Railway Road, Bawal, 123501",,Vangad Eswaran,Vangad-0141,Vangad_eswaran@1037,
EFS-YES BANK,EFS-YES BANK-Phullanwal,0142-Phullanwal,Vengad.Eswaran@efsme.com,9036591904,9036591904,141108,Phullanwal,Punjab,"Pakhowal Road, Opp South End Gardens Marriage Palace, Vpo Phullanwal,Distt. Ludhiana, 141108",,Vangad Eswaran,Vangad-0142,Vangad_eswaran@1037,
EFS-YES BANK,EFS-YES BANK-Sahnewal,0143-Sahnewal,Vengad.Eswaran@efsme.com,9036591904,9036591904,141120,Sahnewal,Punjab,"Yes Bank Ltd, Gr. Floor, Bldg. No 9, Grain Market, Sahnewal-141120",,Vangad Eswaran,Vangad-0143,Vangad_eswaran@1037,
EFS-YES BANK,EFS-YES BANK-Nawansahar,0144-Nawansahar,Vengad.Eswaran@efsme.com,9036591904,9036591904,144514,Nawansahar,Punjab,"Gr. Floor,Property No.1/148,Banga Road,Nawanshahr,Punjab-144514",,Vangad Eswaran,Vangad-0144,Vangad_eswaran@1037,
EFS-YES BANK,EFS-YES BANK-Zirakpur,0145-Zirakpur,Vengad.Eswaran@efsme.com,9036591904,9036591904,140603,Zirakpur,Punjab,"Sco 8&9 (Gf) Hotel Kingston, Balaji Enclave, Patiala Highway, Zirakpur - 140603",,Vangad Eswaran,Vangad-0145,Vangad_eswaran@1037,
EFS-YES BANK,EFS-YES BANK-Ropar,0146-Ropar,Vengad.Eswaran@efsme.com,9036591904,9036591904,140001,Ropar,Punjab,"Yes Bank Ltd , Sco 42 , Ground Floor , Beant Singh Aman Nagar , Bela Road , Roopnagar , Pin No 140001 Punjab",,Vangad Eswaran,Vangad-0146,Vangad_eswaran@1037,
EFS-YES BANK,EFS-YES BANK-Derabassi,0147-Derabassi,Vengad.Eswaran@efsme.com,9036591904,9036591904,140507,Derabassi,Punjab,"Ground Floor, Paras Complex, Ambala Chandigarh Road Nh 2 Derabassi Pin-140507",,Vangad Eswaran,Vangad-0147,Vangad_eswaran@1037,
EFS-YES BANK,EFS-YES BANK-Kharar,0148-Kharar,Vengad.Eswaran@efsme.com,9036591904,9036591904,140301,Kharar,Punjab,"Ground Floor, SC0 52-53, City Heart, Kharar Main Road, Kharar, Punjab – 140301",,Vangad Eswaran,Vangad-0148,Vangad_eswaran@1037,
EFS-YES BANK,EFS-YES BANK-Nakodar,0149-Nakodar,Vengad.Eswaran@efsme.com,9036591904,9036591904,144040,Nakodar,Punjab,"S Kumar Complex, Noormahal Road, Nakodar - 144040",,Vangad Eswaran,Vangad-0149,Vangad_eswaran@1037,
EFS-YES BANK,EFS-YES BANK-Itanagar,0150-Itanagar,Vengad.Eswaran@efsme.com,9036591904,9036591904,791111,Itanagar,Arunachal Pradesh,Yes Bank Ltd L K Building Ground Floor E Sector Opp Arunachal Pradesh Civil Secretariat Itanagar  Pin-791111,,Vangad Eswaran,Vangad-0150,Vangad_eswaran@1037,
EFS-YES BANK,EFS-YES BANK-Silchar,0151-Silchar,Vengad.Eswaran@efsme.com,9036591904,9036591904,788001,Silchar,Assam,"Ground Floor, Basundhara Building, Shillong Patty, Silchar, Assam-788001",,Vangad Eswaran,Vangad-0151,Vangad_eswaran@1037,
EFS-YES BANK,EFS-YES BANK-Shillong,0152-Shillong,Vengad.Eswaran@efsme.com,9036591904,9036591904,793001,Shillong,Meghalaya,"Yes Bank Ltd, Ground And First Floor, Rpg Complex, Keating Road, Meghalaya793001",,Vangad Eswaran,Vangad-0152,Vangad_eswaran@1037,
EFS-YES BANK,EFS-YES BANK-Aizawal,0153-Aizawal,Vengad.Eswaran@efsme.com,9036591904,9036591904,796001,Aizawl,Mizoram,"Yes Bank Ltd, Aizawl Branch, Mission Veng, New Street , J Thang Huama Building, Opp Sbi Mission Veng Branch, 796001",,Vangad Eswaran,Vangad-0153,Vangad_eswaran@1037,
EFS-YES BANK,EFS-YES BANK-Gangtok,0154-Gangtok,Vengad.Eswaran@efsme.com,9036591904,9036591904,737101,Gangtok,Sikkim,"Yes Bank Ltd, Ground Floor, Hungry Jack Plaza, Nh-31A, Gangtok,Sikkim -737101 ",,Vangad Eswaran,Vangad-0154,Vangad_eswaran@1037,
EFS-YES BANK,EFS-YES BANK-Agartala,0155-Agartala,Vengad.Eswaran@efsme.com,9036591904,9036591904,799001,Agartala,Tripura,"Yes Bank Ltd,Agartala Branch,Paradise Chowmohani,Hospital Road, Opp.-Lici Branch 1,Agartala - 799001",,Vangad Eswaran,Vangad-0155,Vangad_eswaran@1037,
EFS-YES BANK,EFS-YES BANK-Bangalore - Malleswaram,0156-Bangalore - Malleswaram,Vengad.Eswaran@efsme.com,9036591904,9036591904,560003,Bangalore,Karnataka,"Ground & First Floor, Plot No.:93, 7Th Cross, Sampige Road, Malleshwaram Bangalore 560003",,Vangad Eswaran,Vangad-0156,Vangad_eswaran@1037,
EFS-YES BANK,EFS-YES BANK-Ganaur,0157-Ganaur,Vengad.Eswaran@efsme.com,9036591904,9036591904,131101,Ganaur,Haryana,"Pushp Complex, Mc Road, Ganaur 131101",,Vangad Eswaran,Vangad-0157,Vangad_eswaran@1037,
EFS-YES BANK,EFS-YES BANK-Shamshabad,0158-Shamshabad,Vengad.Eswaran@efsme.com,9036591904,9036591904,501218,Shamshabad,Telangana,"Yes Bank Ltd, Ground Floor, H. No:11-3/5/1, Plot No. 222,233,234 & 235, Madhura Nagar, Phase - 1, Shamshabad, Rr Dist, 501218",,Vangad Eswaran,Vangad-0158,Vangad_eswaran@1037,
EFS-YES BANK,EFS-YES BANK-Gohana,0159-Gohana,Vengad.Eswaran@efsme.com,9036591904,9036591904,130301,Gohana,Haryana,"Ground Floor, Khasra No 1333 (0-16), Samta Chowk, Near Old Bus Stand Gohana -130301",,Vangad Eswaran,Vangad-0159,Vangad_eswaran@1037,
EFS-YES BANK,EFS-YES BANK-Bidhan Nagar,0160-Bidhan Nagar,Vengad.Eswaran@efsme.com,9036591904,9036591904,700091,Salt lake,West Bengal,"Ground Floor, Cimsys Towers, Y-13, Sector – V, Salt Lake City, Kolkata 700 091",,Vangad Eswaran,Vangad-0160,Vangad_eswaran@1037,
EFS-YES BANK,EFS-YES BANK-Sushant Lok,0161-Sushant Lok,Vengad.Eswaran@efsme.com,9036591904,9036591904,122001,Gurgaon,Haryana,"Yes Bank Limited, Ground Floor, Unit No - 004, Unitech Trade Centre, Sushant Lok - 1, Gurgaon - 122 001, Haryana",,Vangad Eswaran,Vangad-0161,Vangad_eswaran@1037,
EFS-YES BANK,EFS-YES BANK-Metro,0162-Metro,Vengad.Eswaran@efsme.com,9036591904,9036591904,400020,Greater Mumbai,Maharashtra,"Metro House,,Mahatma Gandhi Road,,Dhobi Talao,Mumbai-400020",,Vangad Eswaran,Vangad-0162,Vangad_eswaran@1037,
EFS-YES BANK,EFS-YES BANK-Juhu,0163-Juhu,Vengad.Eswaran@efsme.com,9036591904,9036591904,400049 ,Greater Mumbai,Maharashtra,Duru Kripa Nutan Lakshmi Chs Road No 10 Jvpd Scheme Vile Parle West Mumbai 49,,Vangad Eswaran,Vangad-0163,Vangad_eswaran@1037,
EFS-YES BANK,EFS-YES BANK-Borivali,0164-Borivali,Vengad.Eswaran@efsme.com,9036591904,9036591904,400092,Greater Mumbai,Maharashtra,"Shop No 1,2,3,4 And 5,Ground Floor,Abhilasha-1,Punjabi Lane, Borivali(W), 400092",,Vangad Eswaran,Vangad-0164,Vangad_eswaran@1037,
EFS-YES BANK,EFS-YES BANK-Janakpuri,0165-Janakpuri,Vengad.Eswaran@efsme.com,9036591904,9036591904,110058,New Delhi,Delhi,"G9 -12, Plot No. 54B, B Block Community Centre, Mahatta Towers, Janakpuri, New Delhi-110058",,Vangad Eswaran,Vangad-0165,Vangad_eswaran@1037,
EFS-YES BANK,EFS-YES BANK-Chandni Chowk,0166-Chandni Chowk,Vengad.Eswaran@efsme.com,9036591904,9036591904,110006,New Delhi,Delhi,"Ground Floor, 1936, Shankar Terrace, Fountain Chowk, Chandni Chowk, Delhi - 110006",,Vangad Eswaran,Vangad-0166,Vangad_eswaran@1037,
EFS-YES BANK,EFS-YES BANK-Jind,0167-Jind,Vengad.Eswaran@efsme.com,9036591904,9036591904,126102,Jind,Haryana,"Yes Bank Ltd Ground Floor, SCO No. 1, Huda District Shopping Centre, Jind- 126102.",,Vangad Eswaran,Vangad-0167,Vangad_eswaran@1037,
EFS-YES BANK,EFS-YES BANK-Karnal,0168-Karnal,Vengad.Eswaran@efsme.com,9036591904,9036591904,132001,Karnal,Haryana,"Sco 253, Sector 12, Ue, Karnal, 132001",,Vangad Eswaran,Vangad-0168,Vangad_eswaran@1037,
EFS-YES BANK,EFS-YES BANK-Kaithal,0169-Kaithal,Vengad.Eswaran@efsme.com,9036591904,9036591904,136027,Kaithal,Haryana,"Ground Floor, Sar Complex, Plot No. 153/2, 156, 158/10,Gobind Nagar, Dhand Road, Kaithal – 136027.",,Vangad Eswaran,Vangad-0169,Vangad_eswaran@1037,
EFS-YES BANK,EFS-YES BANK-Yamuna nagar,0170-Yamuna nagar,Vengad.Eswaran@efsme.com,9036591904,9036591904,135001,Yamuna Nagar,Haryana,"Yes Bank Ltd B/194,Shivaji Park, Model Town  Yamunanagar-135001 ",,Vangad Eswaran,Vangad-0170,Vangad_eswaran@1037,
EFS-YES BANK,EFS-YES BANK-Bhatinda,0171-Bhatinda,Vengad.Eswaran@efsme.com,9036591904,9036591904,151001,Bhatinda,Punjab,"Oracle Building, M.C No. 2683, Guru Kanshi Marg, G.T Road, Bathinda, 151001",,Vangad Eswaran,Vangad-0171,Vangad_eswaran@1037,
EFS-YES BANK,EFS-YES BANK-DLF Cyber City ( Gurgaon -4),0172-DLF Cyber City ( Gurgaon -4),Vengad.Eswaran@efsme.com,9036591904,9036591904,122002,Gurgaon,Haryana,"Yes Bank Limited, Ground Floor, Building No - 8, Tower - C, Dlf Cyber City, Gurgaon - 122 002, Haryana",,Vangad Eswaran,Vangad-0172,Vangad_eswaran@1037,
EFS-YES BANK,EFS-YES BANK-Tohana,0173-Tohana,Vengad.Eswaran@efsme.com,9036591904,9036591904,125120,Tohana,Haryana,"Ground Floor,Opposite Mc Office,Chd Road Tohana -125120",,Vangad Eswaran,Vangad-0173,Vangad_eswaran@1037,
EFS-YES BANK,EFS-YES BANK-Samalkha,0174-Samalkha,Vengad.Eswaran@efsme.com,9036591904,9036591904,132101,Samalkha,Haryana,"81-82, Ground Floor, New Anaj Mandi Samalkha-132101",,Vangad Eswaran,Vangad-0174,Vangad_eswaran@1037,
EFS-YES BANK,EFS-YES BANK-DayalBagh,0175-DayalBagh,Vengad.Eswaran@efsme.com,9036591904,9036591904,282005,DayalBagh,Uttar Pradesh,48 A Heera Bagh Colony Dayalbagh Road Agra-282005,,Vangad Eswaran,Vangad-0175,Vangad_eswaran@1037,
EFS-YES BANK,EFS-YES BANK-Sachin,0176-Sachin,Vengad.Eswaran@efsme.com,9036591904,9036591904,394230,Sachin,Gujarat,"Show Room No. 11, 12 & 13 On Ground Floor, Sidhi Vinayak Residency, Block No. 171, S.No.480 At Mouje Sachin, Surat, Gujarat- 394 230",,Vangad Eswaran,Vangad-0176,Vangad_eswaran@1037,
EFS-YES BANK,EFS-YES BANK-Bhiwandi,0177-Bhiwandi,Vengad.Eswaran@efsme.com,9036591904,9036591904,421302,Bhiwandi,Maharashtra,"Shop No 6, Dhamankar Plaza,Dhamankar Naka,,Telipada, Bhiwandi, 421302",,Vangad Eswaran,Vangad-0177,Vangad_eswaran@1037,
EFS-YES BANK,EFS-YES BANK-Jorhat,0178-Jorhat,Vengad.Eswaran@efsme.com,9036591904,9036591904,785001,Jorhat,Assam,"Ground Floor, R K Mahabir Prasad,Bldg, Holding No.6 Of 65,,Ward No 6, A. T. Road 785001",,Vangad Eswaran,Vangad-0178,Vangad_eswaran@1037,
EFS-YES BANK,EFS-YES BANK-Asansol,0179-Asansol,Vengad.Eswaran@efsme.com,9036591904,9036591904,713303,Asansol,West Bengal,"85 Gt Road,,Ground Floor, Laxmi Narayan Complex,Murgasol,Asansol 713303",,Vangad Eswaran,Vangad-0179,Vangad_eswaran@1037,
EFS-YES BANK,EFS-YES BANK-Adityapur,0180-Adityapur,Vengad.Eswaran@efsme.com,9036591904,9036591904,831013,Adityapur,Jharkhand,"Ground Floor, Pm Comlex Main Road Adityapur 831013",,Vangad Eswaran,Vangad-0180,Vangad_eswaran@1037,
EFS-YES BANK,EFS-YES BANK-Saharanpur,0181-Saharanpur,Vengad.Eswaran@efsme.com,9036591904,9036591904,247001,Saharanpur,Uttar Pradesh,"2B/28, Ground Floor, Banka Complex, Mission Compound, Saharanpur, 247001",,Vangad Eswaran,Vangad-0181,Vangad_eswaran@1037,
EFS-YES BANK,EFS-YES BANK-Modinagar,0182-Modinagar,Vengad.Eswaran@efsme.com,9036591904,9036591904,201204,Modinagar,Uttar Pradesh,"Ground Floor, Jindal Bhawan Opp Amber Cinema Modinagar, 201204",,Vangad Eswaran,Vangad-0182,Vangad_eswaran@1037,
EFS-YES BANK,EFS-YES BANK-Hyderabad 2 (Hi Tech City),0183-Hyderabad 2 (Hi Tech City),Vengad.Eswaran@efsme.com,9036591904,9036591904,500081,Hyderabad,Telangana,"Ground Floor, Sun Towers, Sector-1, Huda Techno Enclave Of Madhapur Village, R.R District. Andhra Pradesh- 500081  ",,Vangad Eswaran,Vangad-0183,Vangad_eswaran@1037,
EFS-YES BANK,EFS-YES BANK-Pitampura,0184-Pitampura,Vengad.Eswaran@efsme.com,9036591904,9036591904,110034,New Delhi,Delhi,"Ground Floor, Anchor No. 2, D Mall, Plot No.1, Netaji Subhash Place, Pitampura, New Delhi–110034",,Vangad Eswaran,Vangad-0184,Vangad_eswaran@1037,
EFS-YES BANK,EFS-YES BANK-Meera Bagh,0185-Meera Bagh,Vengad.Eswaran@efsme.com,9036591904,9036591904,110063,New Delhi,Delhi,"Yes Bank Ltd - B 379, Ground Floor, Meera Bagh, Outer Ring Road, New Delhi -110063",,Vangad Eswaran,Vangad-0185,Vangad_eswaran@1037,
EFS-YES BANK,EFS-YES BANK-Gandhinagar,0186-Gandhinagar,Vengad.Eswaran@efsme.com,9036591904,9036591904,382016,Gandhinagar,Gujarat,"Ground Floor, Poornima Guest House, Plot No. 285, Sector 16, Gandhinagar - 382016",,Vangad Eswaran,Vangad-0186,Vangad_eswaran@1037,
EFS-YES BANK,EFS-YES BANK-Warangal,0187-Warangal,Vengad.Eswaran@efsme.com,9036591904,9036591904,506002,Warangal,Telangana,"Shop No. G1, G2, G9, G10 & G11, Nirmala Mall, Jpn Road, Warangal, Andhra Pradesh - 506002.",,Vangad Eswaran,Vangad-0187,Vangad_eswaran@1037,
EFS-YES BANK,EFS-YES BANK-Bardoli,0188-Bardoli,Vengad.Eswaran@efsme.com,9036591904,9036591904,394601,Bardoli,Gujarat,"Shop No. 201,202 & 203 On U. Gr. Floor, City Centre, Station Road, Bardoli , 394601",,Vangad Eswaran,Vangad-0188,Vangad_eswaran@1037,
EFS-YES BANK,EFS-YES BANK-Lamington Road,0189-Lamington Road,Vengad.Eswaran@efsme.com,9036591904,9036591904,400004,Greater Mumbai,Maharashtra,"Ground And First Floor,,396/410, Shamita Terrace,Lamington Road, 400004",,Vangad Eswaran,Vangad-0189,Vangad_eswaran@1037,
EFS-YES BANK,EFS-YES BANK-Kolkata Dalhousie,0190-Kolkata Dalhousie,Vengad.Eswaran@efsme.com,9036591904,9036591904,700001,Kolkata,West Bengal,"Stephen House,56 A Hemanta Basu,,Sarani,Ground And Mezzanine Floor,Kolkata-700001",,Vangad Eswaran,Vangad-0190,Vangad_eswaran@1037,
EFS-YES BANK,EFS-YES BANK-Chittaurgarh,0191-Chittaurgarh,Vengad.Eswaran@efsme.com,9036591904,9036591904,312001,Chittaurgarh,Rajasthan,"Ground Floor, S.S Plaza( Khasra No 2245) , Chittorgarh Bhilwada Road, Po Chittorgarh ( Rajasthan ) Pin - 312001",,Vangad Eswaran,Vangad-0191,Vangad_eswaran@1037,
EFS-YES BANK,EFS-YES BANK-Sadar Bazaar,0192-Sadar Bazaar,Vengad.Eswaran@efsme.com,9036591904,9036591904,110006,New Delhi,Delhi,"Ground  & Mezzanine Floor, In out of Property  No-2612,2730 to 2732  , Opposite Sadar Bazar Police station, Sadar Thana Road,Delhi-110006 ",,Vangad Eswaran,Vangad-0192,Vangad_eswaran@1037,
EFS-YES BANK,EFS-YES BANK-Anand,0193-Anand,Vengad.Eswaran@efsme.com,9036591904,9036591904,388001,Anand,Gujarat,"Ground Floor, Maruti Sunand, Amul Dairy Road, Anand, Gujarat - 388001",,Vangad Eswaran,Vangad-0193,Vangad_eswaran@1037,
EFS-YES BANK,EFS-YES BANK-Vallabh Vidya Nagar,0194-Vallabh Vidya Nagar,Vengad.Eswaran@efsme.com,9036591904,9036591904,388120,Vallabh Vidya Nagar,Gujarat,"Shop no.G/4, Ground Floor, Neelkanth Estate, Plot no.K/154 & K/155, C. S. no.1634, Vallabh Vidhyanagar, Anand, Gujarat : 388 120",,Vangad Eswaran,Vangad-0194,Vangad_eswaran@1037,
EFS-YES BANK,EFS-YES BANK-Mulund,0195-Mulund,Vengad.Eswaran@efsme.com,9036591904,9036591904,400080,Greater Mumbai,Maharashtra,"Shop No.C1 And C3,C Wing,,Sagar Garden,Lbs Marg,Mulund(West), 400080",,Vangad Eswaran,Vangad-0195,Vangad_eswaran@1037,
EFS-YES BANK,EFS-YES BANK-Powai,0196-Powai,Vengad.Eswaran@efsme.com,9036591904,9036591904,400076,Greater Mumbai,Maharashtra,"Unit No. 2, Delphi, Hiranandani Gardens, Powai, Mumbai , 400 076",,Vangad Eswaran,Vangad-0196,Vangad_eswaran@1037,
EFS-YES BANK,EFS-YES BANK-Bangalore 2 (Jaya Nagar),0197-Bangalore 2 (Jaya Nagar),Vengad.Eswaran@efsme.com,9036591904,9036591904,560011,Bangalore,Karnataka,"Prestige Sapphire,3Rd Block,9Th Main Road,Jayanagar Bangalore - 560011",,Vangad Eswaran,Vangad-0197,Vangad_eswaran@1037,
EFS-YES BANK,EFS-YES BANK-Bangalore 3 (Kormangala),0198-Bangalore 3 (Kormangala),Vengad.Eswaran@efsme.com,9036591904,9036591904,560095,Bangalore,Karnataka,"Ground & Mezzanine Floor, Basil Moneta No 612 80 Feet Road 4Th Block Koramangala 560095",,Vangad Eswaran,Vangad-0198,Vangad_eswaran@1037,
EFS-YES BANK,EFS-YES BANK-Tezpur,0199-Tezpur,Vengad.Eswaran@efsme.com,9036591904,9036591904,784001,Tejpur,Assam,"Ground Floor “Imperial Parijat” Situated At Main Road, Plot No. 1960 In Mahabhairab Ward & Mouza Of Tezpur Town, District- Sonitpur, Assam- 784001",,Vangad Eswaran,Vangad-0199,Vangad_eswaran@1037,
EFS-YES BANK,EFS-YES BANK-Navi Nerul,0200-Navi Nerul,Vengad.Eswaran@efsme.com,9036591904,9036591904,400706,Navi Mumbai,Maharashtra,"Shop No 8 And 9,Ground Floor,Akshar Building,Shreeji Heights,Sector 46A,Seawoods,Nerul, 400706",,Vangad Eswaran,Vangad-0200,Vangad_eswaran@1037,
EFS-YES BANK,EFS-YES BANK-Narwana,0202-Narwana,Vengad.Eswaran@efsme.com,9036591904,9036591904,126116,Narwana,Haryana,"Scf- 53, Ground Floor, Model Town, Narwana – 126116.",,Vangad Eswaran,Vangad-0202,Vangad_eswaran@1037,
EFS-YES BANK,EFS-YES BANK-Lajpat Nagar,0203-Lajpat Nagar,Vengad.Eswaran@efsme.com,9036591904,9036591904,110024,New Delhi,Delhi,"A-Ii/33 Ground Floor,Alankar Cinema Road,Lajpat Nagar-Ii,New Dealhi-110024",,Vangad Eswaran,Vangad-0203,Vangad_eswaran@1037,
EFS-YES BANK,EFS-YES BANK-Kamala Nagar,0204-Kamala Nagar,Vengad.Eswaran@efsme.com,9036591904,9036591904,110007,New Delhi,Delhi,"Ground Floor, Plot No 80, Block-D, Saraswati Marg, Kamla Nagar, New Delhi-110007",,Vangad Eswaran,Vangad-0204,Vangad_eswaran@1037,
EFS-YES BANK,EFS-YES BANK-Karol Bagh,0205-Karol Bagh,Vengad.Eswaran@efsme.com,9036591904,9036591904,110005,New Delhi,Delhi,"Yes Bank Ltd ,Ground And Mezzanine Floor,Plot No. 10185C, Block T, Arya Samaj Road,Karol Bagh,New Delhi 110005",,Vangad Eswaran,Vangad-0205,Vangad_eswaran@1037,
EFS-YES BANK,EFS-YES BANK-Dewas,0206-Dewas,Vengad.Eswaran@efsme.com,9036591904,9036591904,455001,Dewas,Madhya Pradesh,"Unit No. 3, Upper Ground Floor, Diamond Tower, Tilak Nagar, Dewas M.P.-455001",,Vangad Eswaran,Vangad-0206,Vangad_eswaran@1037,
EFS-YES BANK,EFS-YES BANK-Patiala,0207-Patiala,Vengad.Eswaran@efsme.com,9036591904,9036591904,147001,Patiala,Punjab,"Sco 81-82, New Leela Bhawan, Patiala - 147001",,Vangad Eswaran,Vangad-0207,Vangad_eswaran@1037,
EFS-YES BANK,EFS-YES BANK-Okhla,0208-Okhla,Vengad.Eswaran@efsme.com,9036591904,9036591904,110020,New Delhi,Delhi,"YES BANK Ltd., Part of Ground Floor , E-44/15, Okhla Industrial Area Phase 2, New Delhi, Opposite C Lal Chowk, New Delhi – 110020",,Vangad Eswaran,Vangad-0208,Vangad_eswaran@1037,
EFS-YES BANK,EFS-YES BANK-Barabanki,0209-Barabanki,Vengad.Eswaran@efsme.com,9036591904,9036591904,225001,Barabanki,Uttar Pradesh,"Ground Floor, Verma Market, Khasra No 354/1, Mohll. Azad Nagar, Village Paisar, Pargana & Tehsil Nawabganj, Po & District Barabanki, U.P. Pin 225001",,Vangad Eswaran,Vangad-0209,Vangad_eswaran@1037,
EFS-YES BANK,EFS-YES BANK-Urmar Tanda,0210-Urmar Tanda,Vengad.Eswaran@efsme.com,9036591904,9036591904,144203,Urmar Tanda,Punjab,"Khasra No.336/1,Old G.T Road,Adjoining Vishkarma Mandir Urmar Tanda-144203",,Vangad Eswaran,Vangad-0210,Vangad_eswaran@1037,
EFS-YES BANK,EFS-YES BANK-SV Road - Khar,0211-SV Road - Khar,Vengad.Eswaran@efsme.com,9036591904,9036591904,400052,Greater Mumbai,Maharashtra,"Shop No 1, Ground Floor,,Prabhat Chambers, Plot No 92,,S V Road, Khar(W), 400052",,Vangad Eswaran,Vangad-0211,Vangad_eswaran@1037,
EFS-YES BANK,EFS-YES BANK-Kandivili,0212-Kandivili,Vengad.Eswaran@efsme.com,9036591904,9036591904,400101,Greater Mumbai,Maharashtra,"Ground Floor,Ganpati Towers,,Thakur Village,Kandivali(E),400101",,Vangad Eswaran,Vangad-0212,Vangad_eswaran@1037,
EFS-YES BANK,EFS-YES BANK-Ghatkopar,0213-Ghatkopar,Vengad.Eswaran@efsme.com,9036591904,9036591904,400077,Greater Mumbai,Maharashtra,"Sky Enclave Shop No. 6, Tilak Road, Ghatkopar E, Mumbai 400077",,Vangad Eswaran,Vangad-0213,Vangad_eswaran@1037,
EFS-YES BANK,EFS-YES BANK-Mira - Bhayandar,0214-Mira - Bhayandar,Vengad.Eswaran@efsme.com,9036591904,9036591904,401107,Mira - Bhayandar,Maharashtra,"Shop No 3/4, Office No 29/A,Nirmal Nagar, Chs Ltd, Sai Baba,Nagar, Mira Bhayander, Mira Road€, 401107",,Vangad Eswaran,Vangad-0214,Vangad_eswaran@1037,
EFS-YES BANK,EFS-YES BANK-Mani Nagar (Ahmedabad 2),0215-Mani Nagar (Ahmedabad 2),Vengad.Eswaran@efsme.com,9036591904,9036591904,380008,Ahmedabad,Gujarat,"Part Ground, 3Rd And 4Th Floor, Swastik Square, Opp. Brts Bus Stop, Jawahar Chowk, Maninagar, Ahmedabad – 380008",,Vangad Eswaran,Vangad-0215,Vangad_eswaran@1037,
EFS-YES BANK,EFS-YES BANK-Navi Belapur,0216-Navi Belapur,Vengad.Eswaran@efsme.com,9036591904,9036591904,400614,Navi Mumbai,Maharashtra,"Ground Floor,Sharda Terraces,,Plot No 65,Sector-11,Cbd Belapur,,Navi Mumbai, 400614",,Vangad Eswaran,Vangad-0216,Vangad_eswaran@1037,
EFS-YES BANK,EFS-YES BANK-Navi Airoli,0217-Navi Airoli,Vengad.Eswaran@efsme.com,9036591904,9036591904,400708,Navi Mumbai,Maharashtra,"Shop Nos 1,2,21 And 22,,Shiv Shankar Plaza Ii, Sector - 7,,Airoli, 400708",,Vangad Eswaran,Vangad-0217,Vangad_eswaran@1037,
EFS-YES BANK,EFS-YES BANK-Jogeshwari,0218-Jogeshwari,Vengad.Eswaran@efsme.com,9036591904,9036591904,400102,Greater Mumbai,Maharashtra,"Grd Flr, Unit No.1, D Wing, Flexel Park, S V Road, Jogeshwari W Mumbai 400102",,Vangad Eswaran,Vangad-0218,Vangad_eswaran@1037,
EFS-YES BANK,EFS-YES BANK-Sonepat,0219-Sonepat,Vengad.Eswaran@efsme.com,9036591904,9036591904,131001,Sonepat,Haryana,"Ground Floor, Minerva Theater Complex, Indira Colony, Sonepat-131001,Haryana",,Vangad Eswaran,Vangad-0219,Vangad_eswaran@1037,
EFS-YES BANK,EFS-YES BANK-Navi Khargar,0220-Navi Khargar,Vengad.Eswaran@efsme.com,9036591904,9036591904,410210,Navi Khargar,Maharashtra,"Ground, Mezz. & 1st Floor, Shop Nos. 42 & 43, “PATEL HERITAGE”, Plot No. 15 & 17, Sector 7, Kharghar, Navi Mumbai, Pin : 410 210 , Maharashtra",,Vangad Eswaran,Vangad-0220,Vangad_eswaran@1037,
EFS-YES BANK,EFS-YES BANK-Navi Sanpada,0221-Navi Sanpada,Vengad.Eswaran@efsme.com,9036591904,9036591904,400705,Navi Mumbai,Maharashtra,"Shop No 8,9 And 10,Ground Floor, Bhumiraj Retreat,,Sector 14,Sanpada, 400705",,Vangad Eswaran,Vangad-0221,Vangad_eswaran@1037,
EFS-YES BANK,EFS-YES BANK-Kalka,0222-Kalka,Vengad.Eswaran@efsme.com,9036591904,9036591904,134102,Kalka,Haryana,"UGF Property No. 703, Ambala, Kalka Main Road, Kalka-134102",,Vangad Eswaran,Vangad-0222,Vangad_eswaran@1037,
EFS-YES BANK,EFS-YES BANK-Solan,0223-Solan,Vengad.Eswaran@efsme.com,9036591904,9036591904,173212,Solan,Himachal Pradesh,"Ground Floor, Kapoor Complex Mauza Kather, The Mall, PO, Teshil & Distt. Solan (Himachal Pradesh) 173212",,Vangad Eswaran,Vangad-0223,Vangad_eswaran@1037,
EFS-YES BANK,EFS-YES BANK-Malad,0224-Malad,Vengad.Eswaran@efsme.com,9036591904,9036591904,400064,Greater Mumbai,Maharashtra,"Shop No 10 And 101 On Gr And 1 Flr,Link House, Link Road,Near Goregaon Sports Club,Malad(W), 400064",,Vangad Eswaran,Vangad-0224,Vangad_eswaran@1037,
EFS-YES BANK,EFS-YES BANK-Badlapur,0225-Badlapur,Vengad.Eswaran@efsme.com,9036591904,9036591904,421503,Badlapur,Maharashtra,"Shop Nos 1,2,3,4 And 5, Grnd Floor,Gopal Nagar,Sno 30/2,Plot No 6,Midc Road,Katrap, Badlapur(East) 421503",,Vangad Eswaran,Vangad-0225,Vangad_eswaran@1037,
EFS-YES BANK,EFS-YES BANK-Meerut,0226-Meerut,Vengad.Eswaran@efsme.com,9036591904,9036591904,250004,Meerut,Uttar Pradesh,"Shop No 1, Pinnacle Tower, Panchsheel Colony, Garh Road, Meerut, 250004",,Vangad Eswaran,Vangad-0226,Vangad_eswaran@1037,
EFS-YES BANK,EFS-YES BANK-Narnaul,0227-Narnaul,Vengad.Eswaran@efsme.com,9036591904,9036591904,123001,Narnaul,Haryana,"Khasra No. 1621, Mahendergarh Road, Opp. D.C. Residence, Vpo Narnaul – 123001",,Vangad Eswaran,Vangad-0227,Vangad_eswaran@1037,
EFS-YES BANK,EFS-YES BANK-Johari Bazar,0229-Johari Bazar,Vengad.Eswaran@efsme.com,9036591904,9036591904,302001,Jaipur,Rajasthan,"Shop No. 91, Johari Bazaar, Near LMB, Jaipur - 302001 (Rajasthan)",,Vangad Eswaran,Vangad-0229,Vangad_eswaran@1037,
EFS-YES BANK,EFS-YES BANK-Rohini,0231-Rohini,Vengad.Eswaran@efsme.com,9036591904,9036591904,110085,New Delhi,Delhi,"D-14 , Near Santom Hospital, Prashant Vihar, Rohini, Delhi 110085",,Vangad Eswaran,Vangad-0231,Vangad_eswaran@1037,
EFS-YES BANK,EFS-YES BANK-Rajinder Place,0232-Rajinder Place,Vengad.Eswaran@efsme.com,9036591904,9036591904,110008,New Delhi,Delhi,"Aggarwal Corporate Tower, Ground Floor, Plot No 23, District Centre, Rajendra Place, New Delhi 110008 ",,Vangad Eswaran,Vangad-0232,Vangad_eswaran@1037,
EFS-YES BANK,EFS-YES BANK-Mapusa,0233-Mapusa,Vengad.Eswaran@efsme.com,9036591904,9036591904,403507,Mapusa,Goa,"Shop No 4 & 5, Citiscape Commercial Centre, Opp. Mapusa Muncipality, Mapusa Goa- 403507",,Vangad Eswaran,Vangad-0233,Vangad_eswaran@1037,
EFS-YES BANK,EFS-YES BANK-Vizianagaram,0234-Vizianagaram,Vengad.Eswaran@efsme.com,9036591904,9036591904,535003,Vizianagaram, Andhra Pradesh,"Part Ground Floor Of Door No. 8-10-63 (Sri Sri Sri Balaji International Hotel), Railway Station Road, Vizianagaram - 535003",,Vangad Eswaran,Vangad-0234,Vangad_eswaran@1037,
EFS-YES BANK,EFS-YES BANK-Nehru Place,0235-Nehru Place,Vengad.Eswaran@efsme.com,9036591904,9036591904,110019,New Delhi,Delhi,"G1,G2,G3, Ground Floor,Chiranjeev Towers, Nehru Place, New Delhi-110019",,Vangad Eswaran,Vangad-0235,Vangad_eswaran@1037,
EFS-YES BANK,EFS-YES BANK-Preet Vihar,0236-Preet Vihar,Vengad.Eswaran@efsme.com,9036591904,9036591904,110092,New Delhi,Delhi,"G-81, Preet Vihar , Vikas Marg , Delhi-92",,Vangad Eswaran,Vangad-0236,Vangad_eswaran@1037,
EFS-YES BANK,EFS-YES BANK-Naraina Industrial Estate,0237-Naraina Industrial Estate,Vengad.Eswaran@efsme.com,9036591904,9036591904,110028,New Delhi,Delhi,"E-34, Ground Floor, Naraina Vihar, New Delhi-110028",,Vangad Eswaran,Vangad-0237,Vangad_eswaran@1037,
EFS-YES BANK,EFS-YES BANK-Darya Ganj,0238-Darya Ganj,Vengad.Eswaran@efsme.com,9036591904,9036591904,110002,New Delhi,Delhi,"Yes Bank Ltd, F-27, Netaji Subhash Marg, Daryaganj Delhi-110002",,Vangad Eswaran,Vangad-0238,Vangad_eswaran@1037,
EFS-YES BANK,EFS-YES BANK-Ram Vihar,0239-Ram Vihar,Vengad.Eswaran@efsme.com,9036591904,9036591904,110095,New Delhi,Delhi,195 Ground Floor Master Somnath Marg Ram Vihar 110095,,Vangad Eswaran,Vangad-0239,Vangad_eswaran@1037,
EFS-YES BANK,EFS-YES BANK-MG Road,0240-MG Road,Vengad.Eswaran@efsme.com,9036591904,9036591904,122001,Gurgaon,Haryana,"Ground Floor, Block B, First India Place, M G Road, Gurgaon 122001",,Vangad Eswaran,Vangad-0240,Vangad_eswaran@1037,
EFS-YES BANK,EFS-YES BANK-Fatehabad,0241-Fatehabad,Vengad.Eswaran@efsme.com,9036591904,9036591904,125050,Fatehabad ,Haryana,"GF, Khasra No- 448/1 (1-2), 448 /2/1 (1-1 ), Village Bhiwan,Rugha Market, SBI Road, Fatehabad, Haryana-125050",,Vangad Eswaran,Vangad-0241,Vangad_eswaran@1037,
EFS-YES BANK,EFS-YES BANK-Firozabad,0242-Firozabad,Vengad.Eswaran@efsme.com,9036591904,9036591904,283203,Firozabad,Uttar Pradesh,D-16Ground Floor.I.S. Plaza 527-528 S.N.Road Firozabad 283203,,Vangad Eswaran,Vangad-0242,Vangad_eswaran@1037,
EFS-YES BANK,EFS-YES BANK-Gorakhpur,0243-Gorakhpur,Vengad.Eswaran@efsme.com,9036591904,9036591904,273001,Gorakhpur,Uttar Pradesh,"Ground & Mezzanine Floor, Plot No 7 - Park Road, Gorakhpur. Up. 273001",,Vangad Eswaran,Vangad-0243,Vangad_eswaran@1037,
EFS-YES BANK,EFS-YES BANK-Balotra,0244-Balotra,Vengad.Eswaran@efsme.com,9036591904,9036591904,344002,Balotra,Rajasthan,"Ground Floor, Ward No 2, Khasra No 625, Khar Road, Po Balotra Pin 344002 ( Rajasthan)",,Vangad Eswaran,Vangad-0244,Vangad_eswaran@1037,
EFS-YES BANK,EFS-YES BANK-Bharuch,0245-Bharuch,Vengad.Eswaran@efsme.com,9036591904,9036591904,392001,Bharuch,Gujarat,"Part Ground Floor, Blue Chip Complex, Sevashram Road, Paanch Batti, Bharuch , 392001, Gujarat",,Vangad Eswaran,Vangad-0245,Vangad_eswaran@1037,
EFS-YES BANK,EFS-YES BANK-Banswara,0246-Banswara,Vengad.Eswaran@efsme.com,9036591904,9036591904,327001,Banswara,Rajasthan,"Ground Floor, Ground Floor, Shop No 23,24,25, Mangalam Complex, Opposite Ambamata Temple, College Road, Banswara Pin 327001 ( Rajsathan)",,Vangad Eswaran,Vangad-0246,Vangad_eswaran@1037,
EFS-YES BANK,EFS-YES BANK-Napeansea Road,0247-Napeansea Road,Vengad.Eswaran@efsme.com,9036591904,9036591904,400036,Greater Mumbai,Maharashtra,"Shop No 2, Monolith, 7 Napeansea Road, Mumbai, Maharashtra-400036",,Vangad Eswaran,Vangad-0247,Vangad_eswaran@1037,
EFS-YES BANK,EFS-YES BANK-APMC,0248-APMC,Vengad.Eswaran@efsme.com,9036591904,9036591904,400703,Navi Mumbai,Maharashtra,"Shop No 18, Satra Plaza,,Palm Beach Road,,Sector 19D, 400703",,Vangad Eswaran,Vangad-0248,Vangad_eswaran@1037,
EFS-YES BANK,EFS-YES BANK-Hubli -Dharwad,0249-Hubli -Dharwad,Vengad.Eswaran@efsme.com,9036591904,9036591904,580020,Hubli-Dharwad,Karnataka,"Yes Bank Ltd, Ground Floor, Svb City Centre, Club Road Hubli -580020",,Vangad Eswaran,Vangad-0249,Vangad_eswaran@1037,
EFS-YES BANK,EFS-YES BANK-Hyderabad 3 (Banjara hills),0250-Hyderabad 3 (Banjara hills),Vengad.Eswaran@efsme.com,9036591904,9036591904,500034,Hyderabad,Telangana,"Shop No: G-1, Dev Dhanuka Prestige, Road No. 12, Banjara Hills, Hyderabad 500034",,Vangad Eswaran,Vangad-0250,Vangad_eswaran@1037,
EFS-YES BANK,EFS-YES BANK-Chennai 3 (Adyar),0251-Chennai 3 (Adyar),Vengad.Eswaran@efsme.com,9036591904,9036591904,600020,Chennai,Tamil Nadu,"Yes Bank Ltd , Classic Royal,Ground Floor M49 M50,Lattice Bridge Road, Adyar Chennai 600020",,Vangad Eswaran,Vangad-0251,Vangad_eswaran@1037,
EFS-YES BANK,EFS-YES BANK-Puri,0252-Puri,Vengad.Eswaran@efsme.com,9036591904,9036591904,752001,Puri,Odisha,"Yes Bank Ltd, Ramaballav Road, VIP Road, Puri,Orissa 752001",,Vangad Eswaran,Vangad-0252,Vangad_eswaran@1037,
EFS-YES BANK,EFS-YES BANK-Patna,0253-Patna,Vengad.Eswaran@efsme.com,9036591904,9036591904,800001,Patna,Bihar,"Yes Bank Limited, Ground & Mezzanine Floor, Rajendra Ram Plaza, Exhibition Road, Patna 800001",,Vangad Eswaran,Vangad-0253,Vangad_eswaran@1037,
EFS-YES BANK,EFS-YES BANK-Nathdwara,0254-Nathdwara,Vengad.Eswaran@efsme.com,9036591904,9036591904,313301,Nathdwara,Rajasthan,"GF, Khasra No- 1357,New Road, Ujjawala Vatika, Nathdwara , Rajasthan - 313301",,Vangad Eswaran,Vangad-0254,Vangad_eswaran@1037,
EFS-YES BANK,EFS-YES BANK-Halol,0255-Halol,Vengad.Eswaran@efsme.com,9036591904,9036591904,389350,Halol,Gujarat,"Shop No: 3 & 4 Nakoda Darshan, Opp. Jawahar Nagar, Godhra Road, Halol, Panchmahal Dist. Pin: 389350",,Vangad Eswaran,Vangad-0255,Vangad_eswaran@1037,
EFS-YES BANK,EFS-YES BANK-Silvassa,0256-Silvassa,Vengad.Eswaran@efsme.com,9036591904,9036591904,396230,Silvassa,Dadra & Nagar Haveli,"Shop No. 3 & 4, Upper Ground Floor, City Centre, Opp. Union Bank Of India, Silvasa-Vapi Main Road, Dist - Dadra & Nagar Haveli - Pin: 396230",,Vangad Eswaran,Vangad-0256,Vangad_eswaran@1037,
EFS-YES BANK,EFS-YES BANK-Calangute,0257-Calangute,Vengad.Eswaran@efsme.com,9036591904,9036591904,403516,Calangute,Goa,"Block A-2, Hotel Dona Terezinha, Gaura Vaddo, Calangute, Goa. 403516",,Vangad Eswaran,Vangad-0257,Vangad_eswaran@1037,
EFS-YES BANK,EFS-YES BANK-Chakan,0258-Chakan,Vengad.Eswaran@efsme.com,9036591904,9036591904,410501,Chakan,Maharashtra,"Krushnai Tower”,Bearing No : 3141/1, Gut No :1280,Situated At – Village :Chakan, Taluka :Khed,District : Pune – 410501",,Vangad Eswaran,Vangad-0258,Vangad_eswaran@1037,
EFS-YES BANK,EFS-YES BANK-Gurgaon - Sec 31,0260-Gurgaon - Sec 31,Vengad.Eswaran@efsme.com,9036591904,9036591904,132001,Gurgaon,Haryana,"Ground and Basement Floor, SCO/F 38, Sector 31, Shopping Complex, HUDA Complex, Gurgaon 132001",,Vangad Eswaran,Vangad-0260,Vangad_eswaran@1037,
EFS-YES BANK,EFS-YES BANK-Burdwan,0261-Burdwan,Vengad.Eswaran@efsme.com,9036591904,9036591904,713101,Barddhaman,West Bengal,"Ground Floor Plot No. 406 G T Road Birhata Kalitala Barddhaman, West Bengal-  713101 ",,Vangad Eswaran,Vangad-0261,Vangad_eswaran@1037,
EFS-YES BANK,EFS-YES BANK-Santacruz,0262-Santacruz,Vengad.Eswaran@efsme.com,9036591904,9036591904,400052,Greater Mumbai,Maharashtra,"Ground floor, Shop No.1, Rinku Co-op. Housing Society Ltd. , Plot no. 317, Linking road, Khar (west), Mumbai, Maharashtra, Pin : 400052",,Vangad Eswaran,Vangad-0262,Vangad_eswaran@1037,
EFS-YES BANK,EFS-YES BANK-Dwarka,0263-Dwarka,Vengad.Eswaran@efsme.com,9036591904,9036591904,110075,New Delhi,Delhi,"Ground Floor , Plot No-37,  Sec 12 B, Dwarka, New Delhi-110075",,Vangad Eswaran,Vangad-0263,Vangad_eswaran@1037,
EFS-YES BANK,EFS-YES BANK-Vasant Vihar,0264-Vasant Vihar,Vengad.Eswaran@efsme.com,9036591904,9036591904,110057,New Delhi,Delhi,"6, Basant Lok Complex, Vasant Vihar, New Delhi - 110057",,Vangad Eswaran,Vangad-0264,Vangad_eswaran@1037,
EFS-YES BANK,EFS-YES BANK-Sardhana,0265-Sardhana,Vengad.Eswaran@efsme.com,9036591904,9036591904,250342,Sardhana,Uttar Pradesh,"Ground Floor,Plot Serial No 6,Maharana Pratap Nagar,Binauli Rd, Po Sardhana,Dist Meerut 250342",,Vangad Eswaran,Vangad-0265,Vangad_eswaran@1037,
EFS-YES BANK,EFS-YES BANK-Dasna,0266-Dasna,Vengad.Eswaran@efsme.com,9036591904,9036591904,201102,Dasna,Uttar Pradesh,"Ground Floor, Khasra No 1837, Umed Market, Nh 24, Po - Dasna , Dist Ghaziabad (Up), Pin 201102",,Vangad Eswaran,Vangad-0266,Vangad_eswaran@1037,
EFS-YES BANK,EFS-YES BANK-Mumbai - 4 Bungalows,0267-Mumbai - 4 Bungalows,Vengad.Eswaran@efsme.com,9036591904,9036591904,400053,Greater Mumbai,Maharashtra,"Unit Nos. 11, 12 On Ground Floor & Unit Nos. 1 A And 2 A On First Floor, Sunil Niwas Chs Ltd., Lokhandwala Road, Off J. P. Road, Four Bungalows, Andheri (W), Mumbai 400 053, Maharashtra",,Vangad Eswaran,Vangad-0267,Vangad_eswaran@1037,
EFS-YES BANK,EFS-YES BANK-Bandra East,0268-Bandra East,Vengad.Eswaran@efsme.com,9036591904,9036591904,400051,Greater Mumbai,Maharashtra,"Unit No. 2-A1, Ground Floor,Hallmark Business Plaza,Gurunanak Hospital Road, Kalanagar,400051",,Vangad Eswaran,Vangad-0268,Vangad_eswaran@1037,
EFS-YES BANK,EFS-YES BANK-Dhuri,0269-Dhuri,Vengad.Eswaran@efsme.com,9036591904,9036591904,148024,Dhuri,Punjab,"House No 539, Ground Floor, Loha Bazar, Sangrur Road, Dhuri-148024",,Vangad Eswaran,Vangad-0269,Vangad_eswaran@1037,
EFS-YES BANK,EFS-YES BANK-Barnala,0270-Barnala,Vengad.Eswaran@efsme.com,9036591904,9036591904,148101,Barnala,Punjab,"Ground Floor, Unit No. B-12/ 273, Pacca College Road, Barnala, Punjab 148101",,Vangad Eswaran,Vangad-0270,Vangad_eswaran@1037,
EFS-YES BANK,EFS-YES BANK-Ajnala,0271-Ajnala,Vengad.Eswaran@efsme.com,9036591904,9036591904,143102,Ajnala,Punjab,"Ground Floor, A.S Tower, ( Khasra No 265), Amritsar Road, Po Ajnala, Pin 143102, Punjab",,Vangad Eswaran,Vangad-0271,Vangad_eswaran@1037,
EFS-YES BANK,EFS-YES BANK-Chandigarh - Sector 35,0272-Chandigarh - Sector 35,Vengad.Eswaran@efsme.com,9036591904,9036591904,160035,Chandigarh,Chandigarh,"Ground Floor  , S.C.O-335 & 336, Sector-35B, Chandigarh- 160035",,Vangad Eswaran,Vangad-0272,Vangad_eswaran@1037,
EFS-YES BANK,EFS-YES BANK-Kartarpur,0273-Kartarpur,Vengad.Eswaran@efsme.com,9036591904,9036591904,144801,Kartarpur,Punjab,"Ground Floor, Khasra No 476/1, Gt Road, Po, Kartarpur Pin 144801, Dist Jalandhar, Punjab",,Vangad Eswaran,Vangad-0273,Vangad_eswaran@1037,
EFS-YES BANK,EFS-YES BANK-Chandigarh - Manimajra,0274-Chandigarh - Manimajra,Vengad.Eswaran@efsme.com,9036591904,9036591904,160101,Chandigarh,Chandigarh,Sco 818 Nac Manimajra Chandigarh 160101,,Vangad Eswaran,Vangad-0274,Vangad_eswaran@1037,
EFS-YES BANK,EFS-YES BANK-Goraya,0275-Goraya,Vengad.Eswaran@efsme.com,9036591904,9036591904,144409,Goraya,Punjab,"Ground Floor, Navi Tower, G.T. Road, Po – Goraya, Dist Jalandhar, Pin 144409, Punjab",,Vangad Eswaran,Vangad-0275,Vangad_eswaran@1037,
EFS-YES BANK,EFS-YES BANK-Nurmahal,0276-Nurmahal,Vengad.Eswaran@efsme.com,9036591904,9036591904,144039,Nurmahal,Punjab,"Ground Floor, Khasra No 376/435, Mandi Road, Po Nurmahal, Tehsil Phillaur Pin 144039 ( Punjab)",,Vangad Eswaran,Vangad-0276,Vangad_eswaran@1037,
EFS-YES BANK,EFS-YES BANK-Udhampur,0277-Udhampur,Vengad.Eswaran@efsme.com,9036591904,9036591904,182101,Udhampur,Jammu & Kashmir,"Plot No 10 Shiv Nagar Nh 1 A Udhampur, 182101",,Vangad Eswaran,Vangad-0277,Vangad_eswaran@1037,
EFS-YES BANK,EFS-YES BANK-New Delhi - Jhandewala,0278-New Delhi - Jhandewala,Vengad.Eswaran@efsme.com,9036591904,9036591904,110055,New Delhi,Delhi,"Ground Floor, No: 2E/1 Jhandewalan Extension, New Delhi - 110055",,Vangad Eswaran,Vangad-0278,Vangad_eswaran@1037,
EFS-YES BANK,EFS-YES BANK-Mukerian,0279-Mukerian,Vengad.Eswaran@efsme.com,9036591904,9036591904,144211,Mukerian,Punjab,"Ground Floor, Khasra No 865/54, Gurdaspur Road, Po Mukerian, Dist Hoshiarpur, Pin 144211 ( Punjab)",,Vangad Eswaran,Vangad-0279,Vangad_eswaran@1037,
EFS-YES BANK,EFS-YES BANK-Sultanpur Lodhi,0280-Sultanpur Lodhi,Vengad.Eswaran@efsme.com,9036591904,9036591904,144626,Sultanpur Lodhi,Punjab,"Ground Floor, Khasra No 28/39/2/1, Gurdwara Sri Beri Sahib Road, Po Sultanpur Lodhi, Dist Kapurthula Pin 144626",,Vangad Eswaran,Vangad-0280,Vangad_eswaran@1037,
EFS-YES BANK,EFS-YES BANK-Mahilpur,0281-Mahilpur,Vengad.Eswaran@efsme.com,9036591904,9036591904,146105,Mahilpur,Punjab,"Ground Floor, H No 391, B2, Ward No 5, Po Mahilpur, Distt Hoshiarpur, 146105",,Vangad Eswaran,Vangad-0281,Vangad_eswaran@1037,
EFS-YES BANK,EFS-YES BANK-Lohian Khas,0282-Lohian Khas,Vengad.Eswaran@efsme.com,9036591904,9036591904,144629,Lohian Khas,Punjab,"Ground Floor, Khasra No 35/1, Makhu Road, Vpo – Lohia Khas, Dist Jalandhar, Pin 144629, Punjab",,Vangad Eswaran,Vangad-0282,Vangad_eswaran@1037,
EFS-YES BANK,EFS-YES BANK-New Delhi - Vasant Kunj,0283-New Delhi - Vasant Kunj,Vengad.Eswaran@efsme.com,9036591904,9036591904,110070,New Delhi,Delhi,"Ground And Ist Floor, Plot No. 2, Sector B, Pocket 11, Vasant Kunj, New Delhi 110070",,Vangad Eswaran,Vangad-0283,Vangad_eswaran@1037,
EFS-YES BANK,EFS-YES BANK-Dahej,0284-Dahej,Vengad.Eswaran@efsme.com,9036591904,9036591904,392001,Dahej,Gujarat,"Shop No. 1,2 & 3, Shaligram Complex, Ipcl Road, Dahej, Taluka - Wagra, District - Bharuch, Gujarat - 392001.",,Vangad Eswaran,Vangad-0284,Vangad_eswaran@1037,
EFS-YES BANK,EFS-YES BANK-Mallapuram,0286-Mallapuram,Vengad.Eswaran@efsme.com,9036591904,9036591904,676505,Malappuram,Kerala,"Ground Floor, Building No. 18/1770A, Golden Mall, Down Hill, Malappuram, Kerala - 676505",,Vangad Eswaran,Vangad-0286,Vangad_eswaran@1037,
EFS-YES BANK,EFS-YES BANK-Kannur,0287-Kannur,Vengad.Eswaran@efsme.com,9036591904,9036591904,670001,Kannur,Kerala,"Cw-120, Ground Floor, P. G. Kamath Building, Pillayar Kovil Road, Kannur, Kerala-670 001",,Vangad Eswaran,Vangad-0287,Vangad_eswaran@1037,
EFS-YES BANK,EFS-YES BANK-Morinda,0289-Morinda,Vengad.Eswaran@efsme.com,9036591904,9036591904,140101,Morinda,Punjab,"Khasra No.6075/3537(0-4),3538/2(0-4),6450/3540/2(0-8),6104/3615(4-1), Hadbast No. 254,Tehsil & Po Morinda & Distt Roopnagar (Punjab)140101",,Vangad Eswaran,Vangad-0289,Vangad_eswaran@1037,
EFS-YES BANK,EFS-YES BANK-Krishna Nagar,0292-Krishna Nagar,Vengad.Eswaran@efsme.com,9036591904,9036591904,110051,New Delhi,Delhi,"E-4/31 & 31 A, Ground Floor ,Krishna Nagar Delhi- 110051",,Vangad Eswaran,Vangad-0292,Vangad_eswaran@1037,
EFS-YES BANK,EFS-YES BANK-Manali,0294-Manali,Vengad.Eswaran@efsme.com,9036591904,9036591904,175181,Manali,Himachal Pradesh,Ground Floor Plot No 101 Ward 2 Hadimba Road Manali Distt Kullu 175181,,Vangad Eswaran,Vangad-0294,Vangad_eswaran@1037,
EFS-YES BANK,EFS-YES BANK-Jangpura,0297-Jangpura,Vengad.Eswaran@efsme.com,9036591904,9036591904,110014,New Delhi,Delhi,"Plot No. 6, Jangpura Extension, New Delhi-110014",,Vangad Eswaran,Vangad-0297,Vangad_eswaran@1037,
EFS-YES BANK,EFS-YES BANK-Okhla Phase 3,0298-Okhla Phase 3,Vengad.Eswaran@efsme.com,9036591904,9036591904,110020,New Delhi,Delhi,"Ground Floor, Plot No 201,Okhla Industrial Area Phase 3, New Delhi 110020",,Vangad Eswaran,Vangad-0298,Vangad_eswaran@1037,
EFS-YES BANK,EFS-YES BANK-Deoli,0299-Deoli,Vengad.Eswaran@efsme.com,9036591904,9036591904,304023,Deoli,Rajasthan,"Yes Bank Ltd, Ward No 16, Ground Floor,Near C.I.S.F. Main Gate, ,Link Road,Deoli,Tonk (Rajasthan) 304023",,Vangad Eswaran,Vangad-0299,Vangad_eswaran@1037,
EFS-YES BANK,EFS-YES BANK-Khairthal,0300-Khairthal,Vengad.Eswaran@efsme.com,9036591904,9036591904,301404,Khairthal,Rajasthan,"Ground Floor,Kishangarh Bas Road Near Jhulelel Mandir,Khairthal 301404, Alwar, Rajasthan",,Vangad Eswaran,Vangad-0300,Vangad_eswaran@1037,
EFS-YES BANK,EFS-YES BANK-Mussoorie,0301-Mussoorie,Vengad.Eswaran@efsme.com,9036591904,9036591904,248179,Mussoorie,Uttarakhand,"Yes Bank Ltd,Ground Floor,Shop No.1,Kanak Building,Mall Road,Library End,Mussoorie-248179",,Vangad Eswaran,Vangad-0301,Vangad_eswaran@1037,
EFS-YES BANK,EFS-YES BANK-Gulaothi,0302-Gulaothi,Vengad.Eswaran@efsme.com,9036591904,9036591904,203408,Gulaothi,Uttar Pradesh,"Yes Bank Ltd, Gr. Floor Bearing No 149 Ward No 12 Mohalla Ramnagar Gulaothi Pin 203408",,Vangad Eswaran,Vangad-0302,Vangad_eswaran@1037,
EFS-YES BANK,EFS-YES BANK-Ramnagar,0303-Ramnagar,Vengad.Eswaran@efsme.com,9036591904,9036591904,244715,Ramnagar,Uttarakhand,"Ground Floor, Plot No. 1, Kosi Road Po. Ramnagar, District. Nanital, Uttarakhand 244715, India",,Vangad Eswaran,Vangad-0303,Vangad_eswaran@1037,
EFS-YES BANK,EFS-YES BANK-Kurali,0304-Kurali,Vengad.Eswaran@efsme.com,9036591904,9036591904,140103,Kurali,Punjab,"Yes Bank Limited, Ground Floor, Khasra No 80/1/5/1,Ward No 7, Chandigarh Road,Po Khurali,India-140103",,Vangad Eswaran,Vangad-0304,Vangad_eswaran@1037,
EFS-YES BANK,EFS-YES BANK-Shahpura,0305-Shahpura,Vengad.Eswaran@efsme.com,9036591904,9036591904,311804,Shahpura,Rajasthan,"Yes Bank Ltd, Opposite Civil Court Bhilwara Road, Shahpura . Bhilwara Rajasthan 311804",,Vangad Eswaran,Vangad-0305,Vangad_eswaran@1037,
EFS-YES BANK,EFS-YES BANK-Dibai,0306-Dibai,Vengad.Eswaran@efsme.com,9036591904,9036591904,202393,Dibai,Uttar Pradesh,"Ground Floor, Ward No-3, Railway Road, Lal Kuan, Mohalla Sarai Bairuni, Po- Dibai, Distt Bulandshehr, Up - 202393",,Vangad Eswaran,Vangad-0306,Vangad_eswaran@1037,
EFS-YES BANK,EFS-YES BANK-Dhampur,0307-Dhampur,Vengad.Eswaran@efsme.com,9036591904,9036591904,246761,Dhampur,Uttar Pradesh,Ground Floor Plot No 70 Punjabi Colony Kalagarh Road PO - Dhampur Dist Bijnore PIN 246761 ( UP),,Vangad Eswaran,Vangad-0307,Vangad_eswaran@1037,
EFS-YES BANK,EFS-YES BANK-Bilari,0309-Bilari,Vengad.Eswaran@efsme.com,9036591904,9036591904,202411,Bilari,Uttar Pradesh,"YES BANK LTD,Ward No-6, Mohalla Koriyan South, Kasba & Tehsil- Bilari, Bilari-Chandausi Road, Moradabad, UP-202411",,Vangad Eswaran,Vangad-0309,Vangad_eswaran@1037,
EFS-YES BANK,EFS-YES BANK-Jaspur,0310-Jaspur,Vengad.Eswaran@efsme.com,9036591904,9036591904,244712,Jaspur,Uttarakhand,"Ground Floor, Khasra No. 305, Nh-74, Kashipur Haridwar Road , Jaspur, Pin - 244712",,Vangad Eswaran,Vangad-0310,Vangad_eswaran@1037,
EFS-YES BANK,EFS-YES BANK-Marine Drive,0311-Marine Drive,Vengad.Eswaran@efsme.com,9036591904,9036591904,400007,Greater Mumbai,Maharashtra,"Ground Floor , Malabar View,Marine Drive,,Landmark- Erstwhile Levis Store, 400007",,Vangad Eswaran,Vangad-0311,Vangad_eswaran@1037,
EFS-YES BANK,EFS-YES BANK-Sumerpur,0313-Sumerpur,Vengad.Eswaran@efsme.com,9036591904,9036591904,306902,Sumerpur,Rajasthan,"Ground Floor, Rathore Diesel, Pali Road, Near Gandhi Murti, Sumerpur, Rajasthan 306902.",,Vangad Eswaran,Vangad-0313,Vangad_eswaran@1037,
EFS-YES BANK,EFS-YES BANK-Nasirabad,0317-Nasirabad,Vengad.Eswaran@efsme.com,9036591904,9036591904,305601,Nasirabad,Rajasthan,"Ground Floor 1163-B Subash Ganj, Po – Nasirabad, Dist Ajmer,  Rajasthan Pin – 305601",,Vangad Eswaran,Vangad-0317,Vangad_eswaran@1037,
EFS-YES BANK,EFS-YES BANK-Rayya,0318-Rayya,Vengad.Eswaran@efsme.com,9036591904,9036591904,143112,Rayya,Punjab,"Ground Floor, Khasra No 199, Old Padda Hospital Building, Padda Complex, G. T Road, Rayya, Dist- Amritsar, Punjab – 143112.",,Vangad Eswaran,Vangad-0318,Vangad_eswaran@1037,
EFS-YES BANK,EFS-YES BANK-Bilara,0319-Bilara,Vengad.Eswaran@efsme.com,9036591904,9036591904,342602,Bilara,Rajasthan,"Yes Bank Ltd, Ltdvijay Bhawan, Ward No. 21 Main Jodhpur Road Bilara Rajasthan, 342602",,Vangad Eswaran,Vangad-0319,Vangad_eswaran@1037,
EFS-YES BANK,EFS-YES BANK-Kolkata - Prince Anwar Shah Road,0320-Kolkata - Prince Anwar Shah Road,Vengad.Eswaran@efsme.com,9036591904,9036591904,700033,Kolkata,West Bengal,Yes Bank Prince Anwarshah Branch 22 Prince Anwarshah Road 700033,,Vangad Eswaran,Vangad-0320,Vangad_eswaran@1037,
EFS-YES BANK,EFS-YES BANK-Nokha,0321-Nokha,Vengad.Eswaran@efsme.com,9036591904,9036591904,334803,Nokha,Rajasthan,"Yes Bank Ltd,  Ground Floor Plot No 658, Navali Gate, Bus Stand, Bikaner Road, Po  Nokha Jodhpur Rajasthan 334803",,Vangad Eswaran,Vangad-0321,Vangad_eswaran@1037,
EFS-YES BANK,EFS-YES BANK-Kolkata - C R avenue,0322-Kolkata - C R avenue,Vengad.Eswaran@efsme.com,9036591904,9036591904,700006,Kolkata,West Bengal,"Chittaranjan Avenue Branch,271 Cr Avenue,Kolkata-700006",,Vangad Eswaran,Vangad-0322,Vangad_eswaran@1037,
EFS-YES BANK,EFS-YES BANK-Merta City,0323-Merta City,Vengad.Eswaran@efsme.com,9036591904,9036591904,341510,Merta City,Rajasthan,"Yes Bank Ltd,  Hotel Charbhuja, Opposite Hdfc Bank Near Nagar Palika, Jodhpur Road Merta Rajasthan 341510",,Vangad Eswaran,Vangad-0323,Vangad_eswaran@1037,
EFS-YES BANK,EFS-YES BANK-Chennai - Anna Nagar,0324-Chennai - Anna Nagar,Vengad.Eswaran@efsme.com,9036591904,9036591904,600040,Chennai,Tamil Nadu,"Ground and Mez. Floor, Old No.86, New No.74 , V - Block, 5th Avenue, Anna Nagar, Chennai 600 040",,Vangad Eswaran,Vangad-0324,Vangad_eswaran@1037,
EFS-YES BANK,EFS-YES BANK-Abu Road,0325-Abu Road,Vengad.Eswaran@efsme.com,9036591904,9036591904,307026,Abu Road,Rajasthan,"Ground Floor Khasra No 78&79,  Mount Road Near Shanti Kunj, Po Abu Road, Dist – Sirohi, Rajasthan Pin 307026",,Vangad Eswaran,Vangad-0325,Vangad_eswaran@1037,
EFS-YES BANK,EFS-YES BANK-Ahmedabad - Gurukul,0326-Ahmedabad - Gurukul,Vengad.Eswaran@efsme.com,9036591904,9036591904,380052,Ahmedabad,Gujarat,"Ground Floor, Shop No. G2, Atlantis Enclave, Near Subhash Chowk, Gurukul, Ahmadabad, Gujrat - 380052.",,Vangad Eswaran,Vangad-0326,Vangad_eswaran@1037,
EFS-YES BANK,EFS-YES BANK-Banur,0327-Banur,Vengad.Eswaran@efsme.com,9036591904,9036591904,140601,Banur,Punjab,"Yes Bank Ltd, Ward No-3, Near Sales Tax Barrier, Hotel Sandhu Residency Complex, Banur-140601",,Vangad Eswaran,Vangad-0327,Vangad_eswaran@1037,
EFS-YES BANK,EFS-YES BANK-New Delhi - Ashok Vihar,0328-New Delhi - Ashok Vihar,Vengad.Eswaran@efsme.com,9036591904,9036591904,110052,New Delhi,Delhi,"Plot No 5, Block-C, Phase-1, Ashok Vihar, Delhi-110052",,Vangad Eswaran,Vangad-0328,Vangad_eswaran@1037,
EFS-YES BANK,EFS-YES BANK-Kunda,0329-Kunda,Vengad.Eswaran@efsme.com,9036591904,9036591904,230204,Kunda,Uttar Pradesh,"Ground Floor, Plot No-461, Mohalla Sarjuganj, Tehsil: Kunda, Dist:Pratapgarh, 230204",,Vangad Eswaran,Vangad-0329,Vangad_eswaran@1037,
EFS-YES BANK,EFS-YES BANK-Una,0330-Una,Vengad.Eswaran@efsme.com,9036591904,9036591904,174303,Una,Himachal Pradesh,"Shop No 70 And 71, Khasra No -38,Ward No -1, Main Dharamshala Road, Una 174303",,Vangad Eswaran,Vangad-0330,Vangad_eswaran@1037,
EFS-YES BANK,EFS-YES BANK-Dharamshala,0331-Dharamshala,Vengad.Eswaran@efsme.com,9036591904,9036591904,176215,Dharamshala,Himachal Pradesh,Gf Hotel Sansar 56 Civil Lines Opp Centre Point Dharmshala 176215,,Vangad Eswaran,Vangad-0331,Vangad_eswaran@1037,
EFS-YES BANK,EFS-YES BANK-Vijapur,0332-Vijapur,Vengad.Eswaran@efsme.com,9036591904,9036591904,382870,Vijapur,Gujarat,"Shop No. 38, New Market Yard, Post & Taluka – Vijapur, Dist – Mehsana, Gujarat - 382870",,Vangad Eswaran,Vangad-0332,Vangad_eswaran@1037,
EFS-YES BANK,EFS-YES BANK-Daman,0333-Daman,Vengad.Eswaran@efsme.com,9036591904,9036591904,396210,Daman,Daman & Diu,"Shop No. 1,2 & 3, Nilkanth Residency, Near Hotel Presidency (Suruchi), Vapi – Daman Main Road, Nani Daman, Daman - 396210.",,Vangad Eswaran,Vangad-0333,Vangad_eswaran@1037,
EFS-YES BANK,EFS-YES BANK-Banga,0334-Banga,Vengad.Eswaran@efsme.com,9036591904,9036591904,144505,Banga,Punjab,"Ground Floor, BSL COMPLEX, Khasra no. 77//24/1(3-1), 83//4(4-8) situated at Village Banga, opposite Seth Pratap hospital, Tehsil Banga, District Shaheed Bhagat Singh Nagar – Punjab-144505",,Vangad Eswaran,Vangad-0334,Vangad_eswaran@1037,
EFS-YES BANK,EFS-YES BANK-Sendhwa,0336-Sendhwa,Vengad.Eswaran@efsme.com,9036591904,9036591904,451666,Sendhwa,Madhya Pradesh,"Part Gr.Floor, Madhuban Plaza, A.B.Road, Sendhwa -451666",,Vangad Eswaran,Vangad-0336,Vangad_eswaran@1037,
EFS-YES BANK,EFS-YES BANK-New Delhi - Kashmere Gate,0337-New Delhi - Kashmere Gate,Vengad.Eswaran@efsme.com,9036591904,9036591904,110006,New Delhi,Delhi,"Yes Bank Ltd, Ground Floor, Premises No 1418-1421 & 1424-1427, Ward No 11 Kashmere Gate, Delhi – 110006",,Vangad Eswaran,Vangad-0337,Vangad_eswaran@1037,
EFS-YES BANK,EFS-YES BANK-Safdarjung Enclave Branch,0338-Safdarjung Enclave Branch,Vengad.Eswaran@efsme.com,9036591904,9036591904,110029,New Delhi,Delhi,"YES BANK Ltd., Basement, Ground Floor and First Floor, B-6/6. Local Shopping Complex, Safdarjung Enclave, New Delhi-110029",,Vangad Eswaran,Vangad-0338,Vangad_eswaran@1037,
EFS-YES BANK,EFS-YES BANK-Yeola,0339-Yeola,Vengad.Eswaran@efsme.com,9036591904,9036591904,423401,Yeola,Maharashtra,"Shop .4, 5, 6, 7& 8, Ground Floor, Csno.4497A, Shani Patangan, Post– Yeola, Dist–Nasik, Maharashtra–423401",,Vangad Eswaran,Vangad-0339,Vangad_eswaran@1037,
EFS-YES BANK,EFS-YES BANK-Kirti Nagar,0340-Kirti Nagar,Vengad.Eswaran@efsme.com,9036591904,9036591904,110015,New Delhi,Delhi,"Yes Bank Ltd., C-66, Ground Floor, Kirti Nagar Delhi 110015",,Vangad Eswaran,Vangad-0340,Vangad_eswaran@1037,
EFS-YES BANK,EFS-YES BANK-Talegaon Dabhade,0341-Talegaon Dabhade,Vengad.Eswaran@efsme.com,9036591904,9036591904,410507,Talegaon Dabhade,Maharashtra,"Saras Plaza” Shop No.4&17, Samsan Nagar,Talegaon – Chakan Road, Talegaon -410507",,Vangad Eswaran,Vangad-0341,Vangad_eswaran@1037,
EFS-YES BANK,EFS-YES BANK-Kalyani,0342-Kalyani,Vengad.Eswaran@efsme.com,9036591904,9036591904,741235,Kalyani,West Bengal,"Ground Floor, Plot No. B 8/35 Ca,,Po Kalyani,,Dist Nadia West Bengal 741235",,Vangad Eswaran,Vangad-0342,Vangad_eswaran@1037,
EFS-YES BANK,EFS-YES BANK-Rajgurunagar (Khed),0344-Rajgurunagar (Khed),Vengad.Eswaran@efsme.com,9036591904,9036591904,410505,Rajgurunagar (Khed),Maharashtra,"Office No. 1, First Floor, Shri Chhatrapati Shivaji Market Yard, Vyapari Sankul, Survey No 1978/1, Rajgurunagar, Taluka: Khed, Pune, Pin  410505, Maharashtra.",,Vangad Eswaran,Vangad-0344,Vangad_eswaran@1037,
EFS-YES BANK,EFS-YES BANK-Sion,0345-Sion,Vengad.Eswaran@efsme.com,9036591904,9036591904,400022,Greater Mumbai,Maharashtra,"Unit No. G-01 And G-02A, Ground,Floor,Value Enclave,Plot No.55A,Dr.,Ambedkar Road,Sion, 400022",,Vangad Eswaran,Vangad-0345,Vangad_eswaran@1037,
EFS-YES BANK,EFS-YES BANK-Kandivili (w),0346-Kandivili (w),Vengad.Eswaran@efsme.com,9036591904,9036591904,400067,Greater Mumbai,Maharashtra,"Shop No 19(Part),Ground Floor,,Rock Enclave,Near Hindustan Naka,,Opp Icici Bank,Kandivali(W), 400067",,Vangad Eswaran,Vangad-0346,Vangad_eswaran@1037,
EFS-YES BANK,EFS-YES BANK-Jalgaon,0347-Jalgaon,Vengad.Eswaran@efsme.com,9036591904,9036591904,425001,Jalgaon,Maharashtra,"Office No 1 & 2, India Plaza, Swatantrya Square, Jalgaon - 425001",,Vangad Eswaran,Vangad-0347,Vangad_eswaran@1037,
EFS-YES BANK,EFS-YES BANK-Shalimar Bagh,0348-Shalimar Bagh,Vengad.Eswaran@efsme.com,9036591904,9036591904,110088,New Delhi,Delhi,"Ag-23, Shalimar Bagh, Delhi 110088",,Vangad Eswaran,Vangad-0348,Vangad_eswaran@1037,
EFS-YES BANK,EFS-YES BANK-Thiruvanantapuram,0349-Thiruvanantapuram,Vengad.Eswaran@efsme.com,9036591904,9036591904,695014,Thiruvananthapuram,Kerala,"Yes Bank Limited, Ground Floor, No. 37, Thycaud Village, Opp. Tagore Theatre, Vazhuthacaud, Thiruvananthapuram - 695014",,Vangad Eswaran,Vangad-0349,Vangad_eswaran@1037,
EFS-YES BANK,EFS-YES BANK-Jasola,0350-Jasola,Vengad.Eswaran@efsme.com,9036591904,9036591904,110025,New Delhi,Delhi,"YES BANK Ltd., Ground Floor, Unit No-32, 33  DLF Tower A, Jasola,110025",,Vangad Eswaran,Vangad-0350,Vangad_eswaran@1037,
EFS-YES BANK,EFS-YES BANK-Jandiala,0351-Jandiala,Vengad.Eswaran@efsme.com,9036591904,9036591904,143115,Jandiala,Punjab,"Khasra No 286, Main Jandiala Bazar, PO Jandiala Guru, Dist Amritsar PIN 143115, Punjab",,Vangad Eswaran,Vangad-0351,Vangad_eswaran@1037,
EFS-YES BANK,EFS-YES BANK-Begowal,0352-Begowal,Vengad.Eswaran@efsme.com,9036591904,9036591904,144621,Begowal,Punjab,"Ground Floor, Khasra No 317/1, Ward No 11, Po Begowal, Pin 144621, Dist Kapurthula, Punjab",,Vangad Eswaran,Vangad-0352,Vangad_eswaran@1037,
EFS-YES BANK,EFS-YES BANK-Paonta Sahib,0353-Paonta Sahib,Vengad.Eswaran@efsme.com,9036591904,9036591904,173025,Paonta Sahib,Himachal Pradesh,Yes Bank Limited Khasra No 160-162  Near Y Point  Po And Mauza Paonta Sahib Distt-Sirmour Himachal Pradesh Pin Code- 173025 ,,Vangad Eswaran,Vangad-0353,Vangad_eswaran@1037,
EFS-YES BANK,EFS-YES BANK-Nangal,0354-Nangal,Vengad.Eswaran@efsme.com,9036591904,9036591904,40124),Nangal,Punjab,"Yes Bank Ltd, Ground Floor , Railway Station Road, City -Nangal,  District -  Roopnagar,Punjab (140124)",,Vangad Eswaran,Vangad-0354,Vangad_eswaran@1037,
EFS-YES BANK,EFS-YES BANK-Sohana,0355-Sohana,Vengad.Eswaran@efsme.com,9036591904,9036591904,140308,Sohana,Punjab,"Yes Bank Ltd,Gr.Flr, “9 Square”,Khasra No 687 (0-15),Po Sohana Tehsil Mohali,Dist Sas Nagar,140308",,Vangad Eswaran,Vangad-0355,Vangad_eswaran@1037,
EFS-YES BANK,EFS-YES BANK-Ponda,0356-Ponda,Vengad.Eswaran@efsme.com,9036591904,9036591904,403401,Ponda,Goa,"Shop No. 7 & 8, Rajdeep Galleria, Ponda Goa - 403401",,Vangad Eswaran,Vangad-0356,Vangad_eswaran@1037,
EFS-YES BANK,EFS-YES BANK-Mandideep,0358-Mandideep,Vengad.Eswaran@efsme.com,9036591904,9036591904,462046,Mandideep,Madhya Pradesh,"Part Ground Floor, Plot No. 190, Sector B, Indira Nagar, Nh12, Mandideep-462046",,Vangad Eswaran,Vangad-0358,Vangad_eswaran@1037,
EFS-YES BANK,EFS-YES BANK-Chiplun,0359-Chiplun,Vengad.Eswaran@efsme.com,9036591904,9036591904,415605,Chiplun,Maharashtra,"Shop No. 1, 2, 17 & 18, Bageshree, Markandi, Chiplun, Dist. Ratnagiri, Pin 415605 ",,Vangad Eswaran,Vangad-0359,Vangad_eswaran@1037,
EFS-YES BANK,EFS-YES BANK-Varca,0360-Varca,Vengad.Eswaran@efsme.com,9036591904,9036591904,403721,Varca,Goa,"Shop No 02 & 03, A R Arcade, Novangulli, Varca Goa, 403721",,Vangad Eswaran,Vangad-0360,Vangad_eswaran@1037,
EFS-YES BANK,EFS-YES BANK-Chikhli,0362-Chikhli,Vengad.Eswaran@efsme.com,9036591904,9036591904,396590,Chikhli,Gujarat,"Samruddhi Arcade, Part 1St Floor, At & Post Thala, Opp. Bagladev Mandir, College Road, Taluka Chikhli, Dist. Navsari, Gujrat, Pin 396590",,Vangad Eswaran,Vangad-0362,Vangad_eswaran@1037,
EFS-YES BANK,EFS-YES BANK-Adalaj,0363-Adalaj,Vengad.Eswaran@efsme.com,9036591904,9036591904,382421,Adalaj,Gujarat,"19-20, Swagat City Mall, Sabarmati Road, Adalaj, Gujarat 382421",,Vangad Eswaran,Vangad-0363,Vangad_eswaran@1037,
EFS-YES BANK,EFS-YES BANK-Bavla,0365-Bavla,Vengad.Eswaran@efsme.com,9036591904,9036591904,382220,Bavla,Gujarat,"201, 1St Floor, Silver Plaza, Bavla, Dist – Ahmedabad, Gujarat – 382220",,Vangad Eswaran,Vangad-0365,Vangad_eswaran@1037,
EFS-YES BANK,EFS-YES BANK-Sinnar,0366-Sinnar,Vengad.Eswaran@efsme.com,9036591904,9036591904,422103,Sinnar,Maharashtra,"Ground Floor, Deshpande Wada, Swapnashilpa Lal Chowk, Opp. Aapla Bazar, Sinnar. Dist. Nashik. 422103",,Vangad Eswaran,Vangad-0366,Vangad_eswaran@1037,
EFS-YES BANK,EFS-YES BANK-Ozar,0367-Ozar,Vengad.Eswaran@efsme.com,9036591904,9036591904,422206,Ozar,Maharashtra,"Shop No: 8, Ground Floor, Ganpatrao Deshmukh Shopping Complex, Opp. Ojhar Police Chowki, Ojhar, Tal: Niphad,Dist: Nashik- 422206",,Vangad Eswaran,Vangad-0367,Vangad_eswaran@1037,
EFS-YES BANK,EFS-YES BANK-Shikarpur,0368-Shikarpur,Vengad.Eswaran@efsme.com,9036591904,9036591904,202395,Shikarpur,Uttar Pradesh,Ground Floor Khasra No 2744 PO Shikarpur UP-PIN 202395,,Vangad Eswaran,Vangad-0368,Vangad_eswaran@1037,
EFS-YES BANK,EFS-YES BANK-Pinjore,0369-Pinjore,Vengad.Eswaran@efsme.com,9036591904,9036591904,134102,Pinjore,Haryana,"Harbast No- 115, Nh 22,  Village Abdullahpur Po Pinjore The Kalka Distt Panchkula 134102",,Vangad Eswaran,Vangad-0369,Vangad_eswaran@1037,
EFS-YES BANK,EFS-YES BANK-Niwai,0370-Niwai,Vengad.Eswaran@efsme.com,9036591904,9036591904,304021,Niwai,Rajasthan,"Yes Bank Ltd, Ground Floor, Khasra No. 1889/5582, Bhagat Singh Coloney, Jhalai Road. Newai- 304021",,Vangad Eswaran,Vangad-0370,Vangad_eswaran@1037,
EFS-YES BANK,EFS-YES BANK-Padra,0371-Padra,Vengad.Eswaran@efsme.com,9036591904,9036591904,391440,Padra,Gujarat,"Shop No. 9 &13, Shivoham Complex, Padra- Vadodara Road, Opp. Pranam Agarbatti, Padra, Gujrat 391440",,Vangad Eswaran,Vangad-0371,Vangad_eswaran@1037,
EFS-YES BANK,EFS-YES BANK-Behror,0372-Behror,Vengad.Eswaran@efsme.com,9036591904,9036591904,301701,Behror,Rajasthan,"Upper Ground Floor, Plot No. 57-58, Po  Behror, Dist Alwar, Rajasthan Pin 301701",,Vangad Eswaran,Vangad-0372,Vangad_eswaran@1037,
EFS-YES BANK,EFS-YES BANK-Neem-Ka-Thana,0373-Neem-Ka-Thana,Vengad.Eswaran@efsme.com,9036591904,9036591904,332713,Neem-Ka-Thana,Rajasthan,"Yes Bank Ltd,  Plot No 111,Subhash Mandi, Po Neem Ka Thana, Dist Sikar Neem Ka Thana Rajasthan 332713",,Vangad Eswaran,Vangad-0373,Vangad_eswaran@1037,
EFS-YES BANK,EFS-YES BANK-Safidon,0375-Safidon,Vengad.Eswaran@efsme.com,9036591904,9036591904,126112,Safidon,Haryana,"Yes Bank Ltd., Plot No. 135 & 136, Railway Road,Safidon, Haryana – 126112",,Vangad Eswaran,Vangad-0375,Vangad_eswaran@1037,
EFS-YES BANK,EFS-YES BANK-Deogarh,0376-Deogarh,Vengad.Eswaran@efsme.com,9036591904,9036591904,313331,Deogarh,Rajasthan,"Upper Ground Floor, Ward No 20, Bhilwada Main Road, Po Deogarh Pin -313331, Dist Rajsamand, Rajasthan",,Vangad Eswaran,Vangad-0376,Vangad_eswaran@1037,
EFS-YES BANK,EFS-YES BANK-Pen,0377-Pen,Vengad.Eswaran@efsme.com,9036591904,9036591904,402107,Pen,Maharashtra,"Shop No. 1 To 4, Mukadam Palace, Opp. Khan Palace, Shivaji Road, Pen, Maharashtra – 402107",,Vangad Eswaran,Vangad-0377,Vangad_eswaran@1037,
EFS-YES BANK,EFS-YES BANK-Dasuya,0378-Dasuya,Vengad.Eswaran@efsme.com,9036591904,9036591904,144203,Dasuya,Punjab,"Khasra No.106/1,Ground Floor, Gt Road, Dasuya, 144203",,Vangad Eswaran,Vangad-0378,Vangad_eswaran@1037,
EFS-YES BANK,EFS-YES BANK-Anupshahr,0379-Anupshahr,Vengad.Eswaran@efsme.com,9036591904,9036591904,203390,Anupshahr,Uttar Pradesh,Plot No 28 & 28/1 Gandhi Mandi Anupshahr Distt Bulandshahr 203390,,Vangad Eswaran,Vangad-0379,Vangad_eswaran@1037,
EFS-YES BANK,EFS-YES BANK-Curchorem,0380-Curchorem,Vengad.Eswaran@efsme.com,9036591904,9036591904,403706,Curchorem,Goa,"Meghkunj Shop No 4&5 Opp Police Station,Curchorem,Goa- 403706",,Vangad Eswaran,Vangad-0380,Vangad_eswaran@1037,
EFS-YES BANK,EFS-YES BANK-Ujjain,0381-Ujjain,Vengad.Eswaran@efsme.com,9036591904,9036591904,456001,Ujjain,Madhya Pradesh,"Yes Bank Ltd 22 Shanku Marg, Madhav Nagar, Free Ganj. Ujjain-456001",,Vangad Eswaran,Vangad-0381,Vangad_eswaran@1037,
EFS-YES BANK,EFS-YES BANK-Haileymandi,0382-Haileymandi,Vengad.Eswaran@efsme.com,9036591904,9036591904,122504,Haileymandi,Haryana,"Ground Floor, Khewat No. 1070/1145, Killa No. 140/6/1,5-0, Pataudi Road, Po Haily Mandi, District, Gurgaon, Haryana, Pin 122504",,Vangad Eswaran,Vangad-0382,Vangad_eswaran@1037,
EFS-YES BANK,EFS-YES BANK-Badli,0383-Badli,Vengad.Eswaran@efsme.com,9036591904,9036591904,124105,Badli,Haryana,"Plot No. 429, Khewat No. 160/148, Khatauni No. 179, Village Badli, Tehsil Bahadurgarh, Distt Jhajjar, Haryana 124105",,Vangad Eswaran,Vangad-0383,Vangad_eswaran@1037,
EFS-YES BANK,EFS-YES BANK-Khekra,0384-Khekra,Vengad.Eswaran@efsme.com,9036591904,9036591904,250101,Khekra,Uttar Pradesh,"Ground Floor, Shop No-193 & 194 Ward No- 06 Post - Khekra Distt- Baghpat, Pin - 250101",,Vangad Eswaran,Vangad-0384,Vangad_eswaran@1037,
EFS-YES BANK,EFS-YES BANK-Dhanbad,0385-Dhanbad,Vengad.Eswaran@efsme.com,9036591904,9036591904,826001,Dhanbad,Jharkhand,"2 Lg, Shri Ram Mall, Bank More, Dhanbad, Jharkhand 826001",,Vangad Eswaran,Vangad-0385,Vangad_eswaran@1037,
EFS-YES BANK,EFS-YES BANK-New Delhi - GK 2,0386-New Delhi - GK 2,Vengad.Eswaran@efsme.com,9036591904,9036591904,110048,New Delhi,Delhi,"Ground Floor, Plot No,  M-31A,  M-Block Market, Greater Kailash-Ii, New Delhi, New Delhi-110048",,Vangad Eswaran,Vangad-0386,Vangad_eswaran@1037,
EFS-YES BANK,EFS-YES BANK-New Delhi - Rohini 2,0387-New Delhi - Rohini 2,Vengad.Eswaran@efsme.com,9036591904,9036591904,110085,New Delhi,Delhi,"Ground And Basement Floor Plot9 Blocke-1 Sector7,Rohini,New Delhi ,110085",,Vangad Eswaran,Vangad-0387,Vangad_eswaran@1037,
EFS-YES BANK,EFS-YES BANK-New Delhi - Vikas Puri,0388-New Delhi - Vikas Puri,Vengad.Eswaran@efsme.com,9036591904,9036591904,110018,New Delhi,Delhi,"G-148, Ground & Basement Floor, Vikaspuri, New Delhi-110018",,Vangad Eswaran,Vangad-0388,Vangad_eswaran@1037,
EFS-YES BANK,EFS-YES BANK-Firozpur Cantt.,0389-Firozpur Cantt.,Vengad.Eswaran@efsme.com,9036591904,9036591904,152002,Ferozepur,Punjab,"Ground Floor, Building No Et-30/26, The Mall Road, Ferozepur, 152002",,Vangad Eswaran,Vangad-0389,Vangad_eswaran@1037,
EFS-YES BANK,EFS-YES BANK-Ludhiana - Milanganj,0390-Ludhiana - Milanganj,Vengad.Eswaran@efsme.com,9036591904,9036591904,141003,Ludhiana,Punjab,"Plot No B, 15-91, Millerganj, G.T.Road, Ludhiana-141003",,Vangad Eswaran,Vangad-0390,Vangad_eswaran@1037,
EFS-YES BANK,EFS-YES BANK-Rishikesh,0391-Rishikesh,Vengad.Eswaran@efsme.com,9036591904,9036591904,249201,Rishikesh,Uttarakhand,"16,City Centre,Dehradun Road,Rishikesh, 249201",,Vangad Eswaran,Vangad-0391,Vangad_eswaran@1037,
EFS-YES BANK,EFS-YES BANK-Deesa,0392-Deesa,Vengad.Eswaran@efsme.com,9036591904,9036591904,385535,Deesa,Gujarat,"Ground Floor Shop No 5,6,11,12, Sankalp, Near Gayatri Mandir, Highway Road, Deesa - 385535Ahmedabad, Gujarat.",,Vangad Eswaran,Vangad-0392,Vangad_eswaran@1037,
EFS-YES BANK,EFS-YES BANK-Kota,0393-Kota,Vengad.Eswaran@efsme.com,9036591904,9036591904,324001,Kota,Rajasthan,"Ground And Mezzanine Floor, “Jai Heights”, Gumanpura Main Road, Gumanpura,  Po Kota Pin 324001 ( Rajasthan)",,Vangad Eswaran,Vangad-0393,Vangad_eswaran@1037,
EFS-YES BANK,EFS-YES BANK-Ahmedabad - Naranpura,0394-Ahmedabad - Naranpura,Vengad.Eswaran@efsme.com,9036591904,9036591904,380013,Ahmedabad,Gujarat,"Ground Floor, Shop No. 12, Shivalik Yash, Near Shastri Nagar Brts Road, Naranpura, Ahmedabad - 380013.",,Vangad Eswaran,Vangad-0394,Vangad_eswaran@1037,
EFS-YES BANK,EFS-YES BANK-Unjha,0395-Unjha,Vengad.Eswaran@efsme.com,9036591904,9036591904,384170,Unjha,Gujarat,"G4-G5 Ground Floor, Pinakin Building, Opp To Apmc Main Gate, Ganj Bazar, Golai Gate, Station Road Unjha – 384170 Ahmedabad , Gujarat.",,Vangad Eswaran,Vangad-0395,Vangad_eswaran@1037,
EFS-YES BANK,EFS-YES BANK-Pune - Kalyani Nagar,0397-Pune - Kalyani Nagar,Vengad.Eswaran@efsme.com,9036591904,9036591904,411006,Pune,Maharashtra,"Ground Floor, Shop Nos 1 -2, The Sovereign, Lane No. 4, Prathamesh Society, Kalyani Nagar, Pune, Maharashtra - 411006",,Vangad Eswaran,Vangad-0397,Vangad_eswaran@1037,
EFS-YES BANK,EFS-YES BANK-Nashik - Nashik Road,0398-Nashik - Nashik Road,Vengad.Eswaran@efsme.com,9036591904,9036591904,422011,Nashik,Maharashtra,"Shop No. 3 A,S. No. 17 C/5 6, Star Zone  Mall, Near Passport Office, Nashik Road, Nashik, Maharashtra- 422011",,Vangad Eswaran,Vangad-0398,Vangad_eswaran@1037,
EFS-YES BANK,EFS-YES BANK-Katargam,0399-Katargam,Vengad.Eswaran@efsme.com,9036591904,9036591904,395004,Surat,Gujarat,"Ground Floor, Shop No. 3, 4, 5 & 6, Sar Corporate Park, Plot No. 108, Katargam, Surat, Pin – 395004, Gujarat.",,Vangad Eswaran,Vangad-0399,Vangad_eswaran@1037,
EFS-YES BANK,EFS-YES BANK-Surat - Varachha Road,0400-Surat - Varachha Road,Vengad.Eswaran@efsme.com,9036591904,9036591904,395006,Surat,Gujarat,"Ground Floor, Unit No. 6, Mangaldeep Complex, F P No. 86, Tps 17 (Fulpada), R.S. No. 63/A, 63/B, Moje Fulpada, Near Hirabaug Circle, Varaccha Main Road, Surat, Pin – 395006, Gujarat",,Vangad Eswaran,Vangad-0400,Vangad_eswaran@1037,
EFS-YES BANK,EFS-YES BANK-Sehore (M),0411-Sehore (M),Vengad.Eswaran@efsme.com,9036591904,9036591904,466001,Sehore,Madhya Pradesh,"Arya Trade Centre, Part Ground Floor,Indore Bhopal Road,Near New Bus Stand, Sehore-466001",,Vangad Eswaran,Vangad-0411,Vangad_eswaran@1037,
EFS-YES BANK,EFS-YES BANK-Pune - Aundh,0412-Pune - Aundh,Vengad.Eswaran@efsme.com,9036591904,9036591904,411007,Aundh,Maharashtra,"Gr. Flr. 16,17,18, Westend Plaza, New D P Road, Near D'Mart, Aundh, Pune-411007",,Vangad Eswaran,Vangad-0412,Vangad_eswaran@1037,
EFS-YES BANK,EFS-YES BANK-Hyderabad - RP Road,0413-Hyderabad - RP Road,Vengad.Eswaran@efsme.com,9036591904,9036591904,500003,Hyderabad,Telangana,"H.No: 7-2-619 & 620, R.P. Road,Opp City Light Hotel,Rp Road,Secunderabad, 500003",,Vangad Eswaran,Vangad-0413,Vangad_eswaran@1037,
EFS-YES BANK,EFS-YES BANK-Bangalore -  Bannergatta Road,0415-Bangalore -  Bannergatta Road,Vengad.Eswaran@efsme.com,9036591904,9036591904,560078,Bangalore,Karnataka,"Bda No 10, J.P Nagar, Iii  Phase, Bannerghatta Road, Bangalore 560078",,Vangad Eswaran,Vangad-0415,Vangad_eswaran@1037,
EFS-YES BANK,EFS-YES BANK-Ghodbunder Road,0416-Ghodbunder Road,Vengad.Eswaran@efsme.com,9036591904,9036591904,400607,Thane,Maharashtra,"Shop No 2 On Grd Flr, M.K Plaza,,Near Anand Nagar,,Owale, Godhbunder Road, 400607",,Vangad Eswaran,Vangad-0416,Vangad_eswaran@1037,
EFS-YES BANK,"EFS-YES BANK-S V Road, Kandivili (W)","0417-S V Road, Kandivili (W)",Vengad.Eswaran@efsme.com,9036591904,9036591904,400067,Greater Mumbai,Maharashtra,"Shop No. 1, Milap Cinema, S. V. Road, Kandivali West, Mumbai -400067",,Vangad Eswaran,Vangad-0417,Vangad_eswaran@1037,
EFS-YES BANK,EFS-YES BANK-Chennai - T Nagar,0418-Chennai - T Nagar,Vengad.Eswaran@efsme.com,9036591904,9036591904,600017,Chennai,Tamil Nadu,"Yes Bank Ltd , Ground Floor And First Floor,New Door No.31,Old Door No 15,Plot No.109,Block No.2, Bazulla Road T Nagar , Chennai 600017",,Vangad Eswaran,Vangad-0418,Vangad_eswaran@1037,
EFS-YES BANK,EFS-YES BANK-Lower Parel,0419-Lower Parel,Vengad.Eswaran@efsme.com,9036591904,9036591904,400013,Greater Mumbai,Maharashtra,"Ground Floor, Lodha Supremus, Senapati Bapat Marg, Lower Parel, Mumbai - 400013",,Vangad Eswaran,Vangad-0419,Vangad_eswaran@1037,
EFS-YES BANK,EFS-YES BANK-Shahibaug,0420-Shahibaug,Vengad.Eswaran@efsme.com,9036591904,9036591904,380004,Ahmedabad,Gujarat,"Shop Nos. 3, 4 And 5, Ground Floor, “Amarkunj”, Shahibaug, Ahmedabad, Gujarat 380004",,Vangad Eswaran,Vangad-0420,Vangad_eswaran@1037,
EFS-YES BANK,EFS-YES BANK-Shoppers Stop - Andheri (W),0421-Shoppers Stop - Andheri (W),Vengad.Eswaran@efsme.com,9036591904,9036591904,400058,Greater Mumbai,Maharashtra,"Part Of Gr Floor & Basement, S V Road, Shoppers Stop, Andheri W, Mumbai-58",,Vangad Eswaran,Vangad-0421,Vangad_eswaran@1037,
EFS-YES BANK,EFS-YES BANK-Colaba,0422-Colaba,Vengad.Eswaran@efsme.com,9036591904,9036591904,400005,Greater Mumbai,Maharashtra,"Part Of Grd Flr, Regal Cinema Buldg,Shahid Bhagat Singh Road, Shyama Prasad Mukherji Chowk, Colaba,Mumbai-400005",,Vangad Eswaran,Vangad-0422,Vangad_eswaran@1037,
EFS-YES BANK,EFS-YES BANK-Malviya Nagar ,0423-Malviya Nagar ,Vengad.Eswaran@efsme.com,9036591904,9036591904,110017,New Delhi,Delhi,"C-79, Bank Street, Malwiya Nagar, New Delhi - 110017",,Vangad Eswaran,Vangad-0423,Vangad_eswaran@1037,
EFS-YES BANK,EFS-YES BANK-Abids,0424-Abids,Vengad.Eswaran@efsme.com,9036591904,9036591904,500001,Hyderabad,Telangana,"5-4-736, Nampally Station Road, Abids ,Hyderabad, 500001",,Vangad Eswaran,Vangad-0424,Vangad_eswaran@1037,
EFS-YES BANK,EFS-YES BANK-POR,0425-POR,Vengad.Eswaran@efsme.com,9036591904,9036591904,341243,POR,Gujarat,"Shop No. D - 5, 6 & 7, Plot No. 22, Bombay Shopping Centre, Village Por, Dist: Baroda, Gujarat – 341243.",,Vangad Eswaran,Vangad-0425,Vangad_eswaran@1037,
EFS-YES BANK,EFS-YES BANK-Mumbai - Saki Naka,0426-Mumbai - Saki Naka,Vengad.Eswaran@efsme.com,9036591904,9036591904,400072,Greater Mumbai,Maharashtra,"Shop No.4 5,Sagar Tech Plaza,,Andheri Kurla Road,,Sakinaka Junction,400072",,Vangad Eswaran,Vangad-0426,Vangad_eswaran@1037,
EFS-YES BANK,EFS-YES BANK-Bangalore - J P Nagar,0427-Bangalore - J P Nagar,Vengad.Eswaran@efsme.com,9036591904,9036591904,560078,Bangalore,Karnataka,"Block B, Brigade Millennium Road ,6Th Phase,  Near Royal School, Bangalore - 560078",,Vangad Eswaran,Vangad-0427,Vangad_eswaran@1037,
EFS-YES BANK,EFS-YES BANK-Roha,0428-Roha,Vengad.Eswaran@efsme.com,9036591904,9036591904,402109,Roha,Maharashtra,"Shop no-3 and Part of Shop no-2 Ground Floor, ""The Pearl Park"" Builiding,Survey no.29(B),Plot no.2,Near ST stand,Roha, Tal. Roha, Dist.And Sub Dist.Roha Maharashtra – 402109.",,Vangad Eswaran,Vangad-0428,Vangad_eswaran@1037,
EFS-YES BANK,EFS-YES BANK-Kolkata - Alipore (Judges Court),0443-Kolkata - Alipore (Judges Court),Vengad.Eswaran@efsme.com,9036591904,9036591904,700027,Kolkata,West Bengal,Yes Bank Ltd Alipore Branch 2/3 Judges Court Road Kolkata 700027,,Vangad Eswaran,Vangad-0443,Vangad_eswaran@1037,
EFS-YES BANK,EFS-YES BANK-Jabalpur,0444-Jabalpur,Vengad.Eswaran@efsme.com,9036591904,9036591904,482001,Jabalpur,Madhya Pradesh,"Ground And First Floor, 509/510 Madhulal, Civic Center,  Mahataal, Jabalpur, Madhya Pradesh-482001",,Vangad Eswaran,Vangad-0444,Vangad_eswaran@1037,
EFS-YES BANK,EFS-YES BANK-Kanpur - Govind Nagar,0445-Kanpur - Govind Nagar,Vengad.Eswaran@efsme.com,9036591904,9036591904,208006,Kanpur,Uttar Pradesh,"Yes Bank Limited, Ground Floor & First Floor, 124/249, C - Block, Govind Nagar, Kanpur, Uttar Pradesh -208006",,Vangad Eswaran,Vangad-0445,Vangad_eswaran@1037,
EFS-YES BANK,EFS-YES BANK-Chandigarh - Sector 17C,0446-Chandigarh - Sector 17C,Vengad.Eswaran@efsme.com,9036591904,9036591904,160017,Chandigarh,Chandigarh,"Sco 179-180, Sector 17 C Chandigarh 160017",,Vangad Eswaran,Vangad-0446,Vangad_eswaran@1037,
EFS-YES BANK,EFS-YES BANK-Deolali,0447-Deolali,Vengad.Eswaran@efsme.com,9036591904,9036591904,422401,Deolali,Maharashtra,"Yes Bank Ltd. Shop No.3, Ground & Mezzanine Floor, Renuka Plaza, 41/1 Howsen Road, Deolali Camp, Nashik- 422401",,Vangad Eswaran,Vangad-0447,Vangad_eswaran@1037,
EFS-YES BANK,EFS-YES BANK-Delhi - Mayur Vihar,0449-Delhi - Mayur Vihar,Vengad.Eswaran@efsme.com,9036591904,9036591904,110091,New Delhi,Delhi,"A -15, Upper Ground Floor, Acharya Niketan, Mayur Vihar Phase 1,Delhi – 110091",,Vangad Eswaran,Vangad-0449,Vangad_eswaran@1037,
EFS-YES BANK,EFS-YES BANK-Varanasi,0450-Varanasi,Vengad.Eswaran@efsme.com,9036591904,9036591904,221010,Varanasi,Uttar Pradesh,"Ground Floor, C-19/134 M.B Tulsi Complex, Sigra, Varanasi, Uttar Pradesh-221010",,Vangad Eswaran,Vangad-0450,Vangad_eswaran@1037,
EFS-YES BANK,EFS-YES BANK-Parel,0451-Parel,Vengad.Eswaran@efsme.com,9036591904,9036591904,400013,Greater Mumbai,Maharashtra,"Ground Floor, Unit No. 9,Centre Point,Parel, 400013",,Vangad Eswaran,Vangad-0451,Vangad_eswaran@1037,
EFS-YES BANK,EFS-YES BANK-Mysore,0452-Mysore,Vengad.Eswaran@efsme.com,9036591904,9036591904,570002,Mysore,Karnataka,"N0 145, Pamas, Kalidasa Road, Jayalakshmipuram Mysore 570002",,Vangad Eswaran,Vangad-0452,Vangad_eswaran@1037,
EFS-YES BANK,EFS-YES BANK-Gandhidham,0453-Gandhidham,Vengad.Eswaran@efsme.com,9036591904,9036591904,370201,Gandhidham,Gujarat,"Part Ground Floor, Plot No. 345, Ward No. 12-B, Bank Street, Gandhidham – 370201, Gujrat",,Vangad Eswaran,Vangad-0453,Vangad_eswaran@1037,
EFS-YES BANK,EFS-YES BANK-Kottayam,0454-Kottayam,Vengad.Eswaran@efsme.com,9036591904,9036591904,686002,Kottayam,Kerala,"Part Ground Floor, Steelite Building, K K Road, Kottayam-686002",,Vangad Eswaran,Vangad-0454,Vangad_eswaran@1037,
EFS-YES BANK,EFS-YES BANK-Rajdhani Enclave,0455-Rajdhani Enclave,Vengad.Eswaran@efsme.com,9036591904,9036591904,110034,New Delhi,Delhi,"Yes Bank Limited 275, Road No 44 Rajdhani Enclave, Rani Bagh, New Delhi – 110034",,Vangad Eswaran,Vangad-0455,Vangad_eswaran@1037,
EFS-YES BANK,EFS-YES BANK-Chawri Bazar,0456-Chawri Bazar,Vengad.Eswaran@efsme.com,9036591904,9036591904,110006,New Delhi,Delhi,"First Floor, Second Floor,And Third Floor,Plot No 85 To 88, Chawri Bazaar - 110006",,Vangad Eswaran,Vangad-0456,Vangad_eswaran@1037,
EFS-YES BANK,EFS-YES BANK-Veera Desai Road,0457-Veera Desai Road,Vengad.Eswaran@efsme.com,9036591904,9036591904,400054,Greater Mumbai,Maharashtra,Shop No. 1 Kshitij Opp Andheri Sports Complex Veera Desai Road Andheri West 400054,,Vangad Eswaran,Vangad-0457,Vangad_eswaran@1037,
EFS-YES BANK,EFS-YES BANK-Mumbai - Pali Hill,0458-Mumbai - Pali Hill,Vengad.Eswaran@efsme.com,9036591904,9036591904,400050,Greater Mumbai,Maharashtra,"Part Ground Floor, Landmark,St. Johns Road, Pali Naka,Pali Road, Bandra (W), 400050",,Vangad Eswaran,Vangad-0458,Vangad_eswaran@1037,
EFS-YES BANK,EFS-YES BANK-Vile Parle East,0459-Vile Parle East,Vengad.Eswaran@efsme.com,9036591904,9036591904,400057,Greater Mumbai,Maharashtra,"Ground floor, Shop no’s 1, 1A, 2, 3, 4, Vireshwar Jyot Building, Plot no. 89, TPS no. 1, Junction of Tejpal Road - Hanuman Road, Vile Parle (East),  Mumbai 400057",,Vangad Eswaran,Vangad-0459,Vangad_eswaran@1037,
EFS-YES BANK,EFS-YES BANK-Jamshedpur,0460-Jamshedpur,Vengad.Eswaran@efsme.com,9036591904,9036591904,831001,Jamshedpur,Jharkhand,"Yes Bank Ltd, Ground Floor, The Sanctum, 141, Snp Area, Aambagan, Sakchi, Jamshedpur, Jharkhand- 831001",,Vangad Eswaran,Vangad-0460,Vangad_eswaran@1037,
EFS-YES BANK,EFS-YES BANK-Prabhadevi,0461-Prabhadevi,Vengad.Eswaran@efsme.com,9036591904,9036591904,400025,Greater Mumbai,Maharashtra,"Part Grnd Flr,Bengal Chemicals,Bldg,Swatantrya Veer Savarkar,Marg, Prabhadevi, 400025",,Vangad Eswaran,Vangad-0461,Vangad_eswaran@1037,
EFS-YES BANK,EFS-YES BANK-Pimple Saudagar,0462-Pimple Saudagar,Vengad.Eswaran@efsme.com,9036591904,9036591904,411027,Pune,Maharashtra,"Ground Floor, Survey No 141/2,3,4,5, Rajaveer Palace, Phase 2, Pimple Saudagar, Pune - 411027 Maharashtra",,Vangad Eswaran,Vangad-0462,Vangad_eswaran@1037,
EFS-YES BANK,EFS-YES BANK-Kollam,0463-Kollam,Vengad.Eswaran@efsme.com,9036591904,9036591904,691001,Kollam,Kerala,"Ground Floor, Door No 16/1684-1340A Gangothri Land Mark, Near Iron Bridge, Kollam, Kerala - 691001",,Vangad Eswaran,Vangad-0463,Vangad_eswaran@1037,
EFS-YES BANK,EFS-YES BANK-Bangalore - Banshankari,0464-Bangalore - Banshankari,Vengad.Eswaran@efsme.com,9036591904,9036591904,560085,Bangalore,Karnataka,"Ground  Floor 282 R V Mansion 100 Feet Ring Road, 560085",,Vangad Eswaran,Vangad-0464,Vangad_eswaran@1037,
EFS-YES BANK,EFS-YES BANK-Amritsar - Hall Bazar,0465-Amritsar - Hall Bazar,Vengad.Eswaran@efsme.com,9036591904,9036591904,143001,Amritsar,Punjab,"Ground & First Floor,Plot No 103,Scheme Ram Bagh,Hall Bazaar Amritsar Punjab-143001",,Vangad Eswaran,Vangad-0465,Vangad_eswaran@1037,
EFS-YES BANK,EFS-YES BANK-Delhi - Kalkaji,0466-Delhi - Kalkaji,Vengad.Eswaran@efsme.com,9036591904,9036591904,110019,New Delhi,Delhi,"F-16, Ground Floor And Basement Kalkaji Near Deshbandhu College, 110019",,Vangad Eswaran,Vangad-0466,Vangad_eswaran@1037,
EFS-YES BANK,EFS-YES BANK-Delhi - Patel Nagar (East),0467-Delhi - Patel Nagar (East),Vengad.Eswaran@efsme.com,9036591904,9036591904,110008,New Delhi,Delhi,"14/17 Ground Floor And Basement , East Patel Nagar New Delhi 110008",,Vangad Eswaran,Vangad-0467,Vangad_eswaran@1037,
EFS-YES BANK,EFS-YES BANK-Ludhiana  - Sunder Nagar,0468-Ludhiana  - Sunder Nagar,Vengad.Eswaran@efsme.com,9036591904,9036591904,141007,Ludhiana,Punjab,"B-24/2593, Gf/Ff, Jagat Nagar, Sunder Nagar Chowk, Ludhiana - 141007",,Vangad Eswaran,Vangad-0468,Vangad_eswaran@1037,
EFS-YES BANK,EFS-YES BANK-Kurla-Mumbai,0469-Kurla-Mumbai,Vengad.Eswaran@efsme.com,9036591904,9036591904,400070,Greater Mumbai,Maharashtra,"Part of Ground floor Hindu Women's Welfare Hostel building, 172, LBS Road Kurla West, Mumbai - 400070 ",,Vangad Eswaran,Vangad-0469,Vangad_eswaran@1037,
EFS-YES BANK,EFS-YES BANK-Ghaziabad - Vaishali,0470-Ghaziabad - Vaishali,Vengad.Eswaran@efsme.com,9036591904,9036591904,201012,Ghaziabad,Uttar Pradesh,"Ground Floor, Gf1, Mahalaxmi Plaza, Plot No. Vc-2, Sector-3, Vaishali, Ghaziabad (Up) 201012",,Vangad Eswaran,Vangad-0470,Vangad_eswaran@1037,
EFS-YES BANK,EFS-YES BANK-Delhi - Sunder Nagar,0471-Delhi - Sunder Nagar,Vengad.Eswaran@efsme.com,9036591904,9036591904,110003,New Delhi,Delhi,"Ground Floor 29, Sunder Nagar Market, New Delhi - 110003",,Vangad Eswaran,Vangad-0471,Vangad_eswaran@1037,
EFS-YES BANK,EFS-YES BANK-Moga,0472-Moga,Vengad.Eswaran@efsme.com,9036591904,9036591904,142001,Moga,Punjab,"Sco-29-30, Gf, Near Improvement Trust Building, G.T.Road, Moga, Punjab – 142001",,Vangad Eswaran,Vangad-0472,Vangad_eswaran@1037,
EFS-YES BANK,EFS-YES BANK-Kolkata - Tollygunj,0473-Kolkata - Tollygunj,Vengad.Eswaran@efsme.com,9036591904,9036591904,700040,Kolkata,West Bengal,"Yes Bank Limited  Ground Floor 193 N S C Bose Road, Tollygunj Kolkata 700040",,Vangad Eswaran,Vangad-0473,Vangad_eswaran@1037,
EFS-YES BANK,EFS-YES BANK-Bhopal  - Hamidiya Road,0474-Bhopal  - Hamidiya Road,Vengad.Eswaran@efsme.com,9036591904,9036591904,462001,Bhopal,Madhya Pradesh,Shop No. 1 & 2 Shilpkar House Near Bharat Talkies Hamidia Road Opp. Grand Hotel Bhopal - 462 001,,Vangad Eswaran,Vangad-0474,Vangad_eswaran@1037,
EFS-YES BANK,EFS-YES BANK-Rajkot - Ring road,0475-Rajkot - Ring road,Vengad.Eswaran@efsme.com,9036591904,9036591904,360007,Rajkot,Gujarat,"Shop No. A 5, Ground Floor, Solitaire, 150 Ring Road, Rajkot, Gujarat. Pin – 360007.",,Vangad Eswaran,Vangad-0475,Vangad_eswaran@1037,
EFS-YES BANK,EFS-YES BANK-Bangalore - Kamanhali,0476-Bangalore - Kamanhali,Vengad.Eswaran@efsme.com,9036591904,9036591904,560043,Bangalore,Karnataka,"Ground Floor & Basement, 408, 4th Cross, CMR Road, HRBR II Block, Kalyan Nagar, Bangalore 560 043.",,Vangad Eswaran,Vangad-0476,Vangad_eswaran@1037,
EFS-YES BANK,EFS-YES BANK-Hyderabad - Mehdipattanam,0477-Hyderabad - Mehdipattanam,Vengad.Eswaran@efsme.com,9036591904,9036591904,500028,Hyderabad,Telangana,"First Floor, Star Venue, H.No. 10-3-304/12, Humayun Nagar, Medhipatnam, Hyderabad, Andhra Pradesh. Pin - 500028",,Vangad Eswaran,Vangad-0477,Vangad_eswaran@1037,
EFS-YES BANK,EFS-YES BANK-Indore  - Gorakunj Choraya,0478-Indore  - Gorakunj Choraya,Vengad.Eswaran@efsme.com,9036591904,9036591904,452001,Indore,Madhya Pradesh,Ground Floor R M Tower Ward No. 8 Municipal No. 269 Gorakunj Chorayaa Near Rajwada    M G Road Indore -452001,,Vangad Eswaran,Vangad-0478,Vangad_eswaran@1037,
EFS-YES BANK,EFS-YES BANK-Gurdaspur,0479-Gurdaspur,Vengad.Eswaran@efsme.com,9036591904,9036591904,143521,Gurdaspur,Punjab,"Ground Floor, Khasra No. 1763/6/8, Hadbast No. 337, Tibri Road, Gurdaspur-143521",,Vangad Eswaran,Vangad-0479,Vangad_eswaran@1037,
EFS-YES BANK,EFS-YES BANK-Ahmedabad - Prahlad Nagar,0480-Ahmedabad - Prahlad Nagar,Vengad.Eswaran@efsme.com,9036591904,9036591904,380015,Ahmedabad,Gujarat,"Shop No. G-2, Commerce House – 4, 100 Ft. Road, Nr. Safal Pegasus, Pralhadnagar, Ahmadabad, Gujrat. Pin: 380015",,Vangad Eswaran,Vangad-0480,Vangad_eswaran@1037,
EFS-YES BANK,EFS-YES BANK-Guwahati 3 - Beltola,0481-Guwahati 3 - Beltola,Vengad.Eswaran@efsme.com,9036591904,9036591904,781028,Guwahati,Assam,"Yes Bank Ltd , Shop No 95,102,104,105 , First Floor ,Megha Plaza Complex, Basistha Chariali , Guwahati , Assam 781028",,Vangad Eswaran,Vangad-0481,Vangad_eswaran@1037,
EFS-YES BANK,EFS-YES BANK-Guwahati 2 - Fancy Bazar,0482-Guwahati 2 - Fancy Bazar,Vengad.Eswaran@efsme.com,9036591904,9036591904,781001,Guwahati,Assam,"First Floor,Tirupati Metals,Srcb Road,Fancy Bazar,Guwahati-781001",,Vangad Eswaran,Vangad-0482,Vangad_eswaran@1037,
EFS-YES BANK,EFS-YES BANK-Jaipur - Vaishali Nagar,0483-Jaipur - Vaishali Nagar,Vengad.Eswaran@efsme.com,9036591904,9036591904,302021,Jaipur,Rajasthan,"E -1 & E- 45, Ground Floor, Udb Hall Mark Building, Gautam Marg, Vaishali Nagar, Jaipur 302021.",,Vangad Eswaran,Vangad-0483,Vangad_eswaran@1037,
EFS-YES BANK,EFS-YES BANK-Tiruppur,0484-Tiruppur,Vengad.Eswaran@efsme.com,9036591904,9036591904,641602,Tiruppur,Tamil Nadu,"Part Ground Floor Plt No 266,Balamurugan Complex Avinashi Road, Tirupur - 641602",,Vangad Eswaran,Vangad-0484,Vangad_eswaran@1037,
EFS-YES BANK,EFS-YES BANK-Tirupati,0485-Tirupati,Vengad.Eswaran@efsme.com,9036591904,9036591904,517501,Tirupati, Andhra Pradesh,"Ground Floor, 13-3-92/A1, Tilak Road, Opp.Premanand Hospital, Tirupati-517501",,Vangad Eswaran,Vangad-0485,Vangad_eswaran@1037,
EFS-YES BANK,EFS-YES BANK-Hoshiarpur,0486-Hoshiarpur,Vengad.Eswaran@efsme.com,9036591904,9036591904,146001,Hoshiarpur,Punjab,"Yes Bank Ltd. Ground Floor , Sco 18-19 Scheme 11, Chandigarh Road, Hoshiarpur-146001",,Vangad Eswaran,Vangad-0486,Vangad_eswaran@1037,
EFS-YES BANK,EFS-YES BANK-Gurgaon - DLF Cross Point,0487-Gurgaon - DLF Cross Point,Vengad.Eswaran@efsme.com,9036591904,9036591904,122002,Gurgaon,Haryana,"Upper Ground Floor, B-247, Supermart Commercial Complex-I, DLF Qutab Enclave Complex, Phase-IV, Gurugram-122002",,Vangad Eswaran,Vangad-0487,Vangad_eswaran@1037,
EFS-YES BANK,EFS-YES BANK-Hyderabad - Jubilee Hills,0488-Hyderabad - Jubilee Hills,Vengad.Eswaran@efsme.com,9036591904,9036591904,500028,Hyderabad,Telangana,"Unit Nos. G-1 And G-2 Ground Floor Jubilee Square Jubilee Hills Road No.36 Hyderabad, Telangana - 500028",,Vangad Eswaran,Vangad-0488,Vangad_eswaran@1037,
EFS-YES BANK,EFS-YES BANK-Chandigarh - Sector 27,0489-Chandigarh - Sector 27,Vengad.Eswaran@efsme.com,9036591904,9036591904,160019,Chandigarh,Chandigarh,"Ground Floor, S.C.O 12 & 13, Sector-27, Chandigarh-160019.",,Vangad Eswaran,Vangad-0489,Vangad_eswaran@1037,
EFS-YES BANK,EFS-YES BANK-Baramati,0490-Baramati,Vengad.Eswaran@efsme.com,9036591904,9036591904,413102,Baramati,Maharashtra,"Shop No. 2 Ground Floor, Sanghvi Township, Bhigwan Road, Baramati, Maharashtra – 413102.",,Vangad Eswaran,Vangad-0490,Vangad_eswaran@1037,
EFS-YES BANK,EFS-YES BANK-Kharagpur,0491-Kharagpur,Vengad.Eswaran@efsme.com,9036591904,9036591904,721301,Kharagpur,West Bengal,Kharagpur Branch Kharida Main Road Rajvansh House Plot No 1551 1553 Kharagpur West Midnapore West Bengal 721301,,Vangad Eswaran,Vangad-0491,Vangad_eswaran@1037,
EFS-YES BANK,EFS-YES BANK-Kozhikode,0492-Kozhikode,Vengad.Eswaran@efsme.com,9036591904,9036591904,673011,Kozhikode,Kerala,"Unit No 3/128, C&D, Simax Tower, Nadakkavu West, Calicut,Kozhikode, Kerala 673011",,Vangad Eswaran,Vangad-0492,Vangad_eswaran@1037,
EFS-YES BANK,EFS-YES BANK-Kankrola,0506-Kankrola,Vengad.Eswaran@efsme.com,9036591904,9036591904,122505,Kankrola,Haryana,"Ground floor, Plot no. 23, Killa no. 25/1/1, Village-Kankrola, Post- Bhangrola, Gurugram, Haryana-122505",,Vangad Eswaran,Vangad-0506,Vangad_eswaran@1037,
EFS-YES BANK,EFS-YES BANK-Raisen,0508-Raisen,Vengad.Eswaran@efsme.com,9036591904,9036591904,464551,Raisen,Madhya Pradesh,"Ground Floor Mukhrjee Nagar, Sagar Road, Ward No 11, Raisen-464551",,Vangad Eswaran,Vangad-0508,Vangad_eswaran@1037,
EFS-YES BANK,EFS-YES BANK-Dhar,0509-Dhar,Vengad.Eswaran@efsme.com,9036591904,9036591904,454001,Dhar,Madhya Pradesh,"Shop No1,2,3,26,27  Ground Floor ,Silver Hill Colony ,Indore -Ahemedabad  Highway ,Dhar  454001",,Vangad Eswaran,Vangad-0509,Vangad_eswaran@1037,
EFS-YES BANK,EFS-YES BANK-Adampur ,0510-Adampur ,Vengad.Eswaran@efsme.com,9036591904,9036591904,144102,Adampur,Punjab,"Yes Bank Ltd, Ground Floor, High Cross Mall, Khasra Number 48/1 (1-6), Hoshiarpur Road, Adampur, Punjab-144102",,Vangad Eswaran,Vangad-0510,Vangad_eswaran@1037,
EFS-YES BANK,EFS-YES BANK-Jalandhar - Model Town,0511-Jalandhar - Model Town,Vengad.Eswaran@efsme.com,9036591904,9036591904,144003,Jalandhar,Punjab,688 R Model Town Jalandhar-144003,,Vangad Eswaran,Vangad-0511,Vangad_eswaran@1037,
EFS-YES BANK,EFS-YES BANK-Bangalore - Sahakar Nagar,0513-Bangalore - Sahakar Nagar,Vengad.Eswaran@efsme.com,9036591904,9036591904,560092,Bangalore,Karnataka,"Ground Floor 44 & 45 Sahakar Nagar, 60 Feet Road, Bangalore 560 092",,Vangad Eswaran,Vangad-0513,Vangad_eswaran@1037,
EFS-YES BANK,EFS-YES BANK-Delhi - East of Kailash,0514-Delhi - East of Kailash,Vengad.Eswaran@efsme.com,9036591904,9036591904,110065,New Delhi,Delhi,"E 10A , East Of Kailash ,New Delhi -65",,Vangad Eswaran,Vangad-0514,Vangad_eswaran@1037,
EFS-YES BANK,EFS-YES BANK-Ghaziabad - Rajinder Nagar,0515-Ghaziabad - Rajinder Nagar,Vengad.Eswaran@efsme.com,9036591904,9036591904,201005,Ghaziabad,Uttar Pradesh,"Plot No. 82, Sec 5, Tha Rajendra Nagar , Ghaziabad (U.P.), 201005",,Vangad Eswaran,Vangad-0515,Vangad_eswaran@1037,
EFS-YES BANK,EFS-YES BANK-Thrissur,0516-Thrissur,Vengad.Eswaran@efsme.com,9036591904,9036591904,680004,Thrissur,Kerala,"Ansari Complex, Upper Ground Floor XXI/459 Kunnamkulam Road, West Fort, Thrissur 680 004.",,Vangad Eswaran,Vangad-0516,Vangad_eswaran@1037,
EFS-YES BANK,EFS-YES BANK-Delhi - Sector 7 Dwarka,0517-Delhi - Sector 7 Dwarka,Vengad.Eswaran@efsme.com,9036591904,9036591904,110075,New Delhi,Delhi,"C -1/713, Sector 7, Dwarka New Delhi 110075",,Vangad Eswaran,Vangad-0517,Vangad_eswaran@1037,
EFS-YES BANK,EFS-YES BANK-Delhi - Hudson Lines,0518-Delhi - Hudson Lines,Vengad.Eswaran@efsme.com,9036591904,9036591904,110009,New Delhi,Delhi,"Ground Floor & Basement , Shop No 11 & 12, Main Bazaar , Hudson Lane , Kingsway Camp, New Delhi - 110009",,Vangad Eswaran,Vangad-0518,Vangad_eswaran@1037,
EFS-YES BANK,EFS-YES BANK-Hyderabad - Kukatpally,0519-Hyderabad - Kukatpally,Vengad.Eswaran@efsme.com,9036591904,9036591904,500072,Hyderabad,Telangana,"Store No 106 & 107, Upper Ground Floor, Alluri Trade Centre, Kukatpally, Hyderabad, Andhra Pradesh - 500 072.",,Vangad Eswaran,Vangad-0519,Vangad_eswaran@1037,
EFS-YES BANK,EFS-YES BANK-Vadodara - Kareili Baug,0520-Vadodara - Kareili Baug,Vengad.Eswaran@efsme.com,9036591904,9036591904,390018,Vadodara,Gujarat,"Shop No. 13 & 14, Ground Floor, Shrushti Avenue, Opp. Amrapali Complex, Kareli Baug Road, Baroda, Gujarat. Pin – 390018.",,Vangad Eswaran,Vangad-0520,Vangad_eswaran@1037,
EFS-YES BANK,EFS-YES BANK-Chhindwara,0521-Chhindwara,Vengad.Eswaran@efsme.com,9036591904,9036591904,480001,Chhindwara,Madhya Pradesh,"Ground Floor, Shop No 2, Sharma Complex, Nazul Block # 46,Plot No 60/2,Parasia Road Chhindwara,M.P.-480001.",,Vangad Eswaran,Vangad-0521,Vangad_eswaran@1037,
EFS-YES BANK,EFS-YES BANK-Delhi - Janakpuri C Block,0522-Delhi - Janakpuri C Block,Vengad.Eswaran@efsme.com,9036591904,9036591904,110058,New Delhi,Delhi,"Ground Floor, C3/10 ( Left Wing)Janakpuri,New Delhi-110058",,Vangad Eswaran,Vangad-0522,Vangad_eswaran@1037,
EFS-YES BANK,EFS-YES BANK-Tiruchirappalli,0523-Tiruchirappalli,Vengad.Eswaran@efsme.com,9036591904,9036591904,620018,Tiruchirappalli,Tamil Nadu,"Star Towers B-11, Colony Main Road, 11Th Cross Thillai Nagar, Tiruchirapalli, Tamil Nadu - 620018",,Vangad Eswaran,Vangad-0523,Vangad_eswaran@1037,
EFS-YES BANK,EFS-YES BANK-Delhi - Mohan Cooperative Area,0524-Delhi - Mohan Cooperative Area,Vengad.Eswaran@efsme.com,9036591904,9036591904,110044,New Delhi,Delhi,"Ground Floor,B1/A12, Mohan Co Operative Industrail Estate, New Delhi 110044",,Vangad Eswaran,Vangad-0524,Vangad_eswaran@1037,
EFS-YES BANK,EFS-YES BANK-Greater Mumbai - Chembur East,0525-Greater Mumbai - Chembur East,Vengad.Eswaran@efsme.com,9036591904,9036591904,400071,Greater Mumbai,Maharashtra,"Shop No. 1 & 2, Villa Geraldine Building, Central Avenue Road, Chembur (East) Mumbai - 400071",,Vangad Eswaran,Vangad-0525,Vangad_eswaran@1037,
EFS-YES BANK,EFS-YES BANK-Jammu 2,0526-Jammu 2,Vengad.Eswaran@efsme.com,9036591904,9036591904,180001,Jammu,Jammu & Kashmir,"Yes Bank Ltd,  Ground Floor & Mezzanine, Cosmo Hotel Building, Residency Road, Jammu-180001",,Vangad Eswaran,Vangad-0526,Vangad_eswaran@1037,
EFS-YES BANK,EFS-YES BANK-Bilaspur,0527-Bilaspur,Vengad.Eswaran@efsme.com,9036591904,9036591904,495001,Bilaspur,Chattisgarh,"Khasra No 593/8, 594/14, 594/15,595/7, 593/9, 594/16, 594/17,595/8,In Mouza Juna, Link Road, BILASPUR, CHHATISGARH 495001",,Vangad Eswaran,Vangad-0527,Vangad_eswaran@1037,
EFS-YES BANK,EFS-YES BANK-Tiruvalla,0528-Tiruvalla,Vengad.Eswaran@efsme.com,9036591904,9036591904,689107,Tiruvalla,Kerala,"Ground Floor, Kaleekal, Vadakethil Post, Muthor, Thiruvalla, Kerala 689107",,Vangad Eswaran,Vangad-0528,Vangad_eswaran@1037,
EFS-YES BANK,EFS-YES BANK-Bikaner,0529-Bikaner,Vengad.Eswaran@efsme.com,9036591904,9036591904,334001,Bikaner,Rajasthan,"Ground Floor & First Floor, Silver Square, Rani Bazaar, Bikaner (Raj), Pin: 334001",,Vangad Eswaran,Vangad-0529,Vangad_eswaran@1037,
EFS-YES BANK,EFS-YES BANK-Dausa,0530-Dausa,Vengad.Eswaran@efsme.com,9036591904,9036591904,303303,Dausa,Rajasthan,"Ground Floor, Khasara No. - 1496, Jaipur Agra Road, Dausa - 303303",,Vangad Eswaran,Vangad-0530,Vangad_eswaran@1037,
EFS-YES BANK,EFS-YES BANK-Faridabad (NIT),0531-Faridabad (NIT),Vengad.Eswaran@efsme.com,9036591904,9036591904,121001,Faridabad,Haryana,Bp-47 Neelam Bata Road Nit Faridabad -121001,,Vangad Eswaran,Vangad-0531,Vangad_eswaran@1037,
EFS-YES BANK,EFS-YES BANK-Sas Nagar ( Mohali) - 3B2,0532-Sas Nagar ( Mohali) - 3B2,Vengad.Eswaran@efsme.com,9036591904,9036591904,160060,Mohali,Punjab,"Sco – 37, Phase 3B2, Sas Nagar, Mohali – 160 060",,Vangad Eswaran,Vangad-0532,Vangad_eswaran@1037,
EFS-YES BANK,EFS-YES BANK-Jamnagar,0533-Jamnagar,Vengad.Eswaran@efsme.com,9036591904,9036591904,361008,Jamnagar,Gujarat,"Part Ground Floor, Jaydev Arcade, Park Colony, Near Jogger'S Park, Jamnagar, Gujrat, Pin - 361008.",,Vangad Eswaran,Vangad-0533,Vangad_eswaran@1037,
EFS-YES BANK,EFS-YES BANK-Bangalore - HSR Layout,0535-Bangalore - HSR Layout,Vengad.Eswaran@efsme.com,9036591904,9036591904,560102,Bangalore,Karnataka,"90, Ground Floor, 17Th Cross 4Th Sector Hsr Layout Bangalore-560102",,Vangad Eswaran,Vangad-0535,Vangad_eswaran@1037,
EFS-YES BANK,EFS-YES BANK-Ankleshwar,0536-Ankleshwar,Vengad.Eswaran@efsme.com,9036591904,9036591904,393002,Ankleshwar,Gujarat,"Shop No. 1, 2, 3 And 10, Roshani Plaza, Old Nh-8, Gidc, Ankleshwar, Gujrat, Pin 393002.",,Vangad Eswaran,Vangad-0536,Vangad_eswaran@1037,
EFS-YES BANK,EFS-YES BANK-Vidisha,0537-Vidisha,Vengad.Eswaran@efsme.com,9036591904,9036591904,464001,Vidisha,Madhya Pradesh,"Yes Bank Ltd , Ground Floor , Plot No 3, Arihant Vihar Phase 1 , Vidisha, Madhya Pradesh - 464001",,Vangad Eswaran,Vangad-0537,Vangad_eswaran@1037,
EFS-YES BANK,EFS-YES BANK-Bangalore - BVK Iyengar,0538-Bangalore - BVK Iyengar,Vengad.Eswaran@efsme.com,9036591904,9036591904,560053,Bangalore,Karnataka,"68, Bvk Iyengar Road Near Abhinay Theater And Maharaja Complex Bangalore 560053",,Vangad Eswaran,Vangad-0538,Vangad_eswaran@1037,
EFS-YES BANK,EFS-YES BANK-Sibsagar,0539-Sibsagar,Vengad.Eswaran@efsme.com,9036591904,9036591904,785640,Sibsagar,Assam,"Ground Floor, Ward No Xii,Temple Road,,Sivasagar, Assam, 785640",,Vangad Eswaran,Vangad-0539,Vangad_eswaran@1037,
EFS-YES BANK,EFS-YES BANK-Nagpur - Telephone Square chowk,0540-Nagpur - Telephone Square chowk,Vengad.Eswaran@efsme.com,9036591904,9036591904,440008,Nagpur,Maharashtra,"Part Ground Floor,""Sahyog"", Plot No 33,Opp.Telephone Exchange,Telephone Exchange Square,Nagpur,Maharashtra 440008.",,Vangad Eswaran,Vangad-0540,Vangad_eswaran@1037,
EFS-YES BANK,EFS-YES BANK-Imphal,0541-Imphal,Vengad.Eswaran@efsme.com,9036591904,9036591904,795001,Imphal,Manipur,"Ground Floor-Atm & First Floor, Patta No. 1285, Dag No. Xv/222/453, & Xv/222, Thangal Bazaar, Imphal West, Manipur - 795001",,Vangad Eswaran,Vangad-0541,Vangad_eswaran@1037,
EFS-YES BANK,EFS-YES BANK-Puducherry,0542-Puducherry,Vengad.Eswaran@efsme.com,9036591904,9036591904,605001,Puducherry,Puducherry,"Yes Bank Ltd , Part Ground & 1St Floor, R.S No 239 Pt, T.S No 60 & 61, Block No. 10, Ward C, Door No. 24, Ambalathadayar Madam Street, Pondicherry- 605001",,Vangad Eswaran,Vangad-0542,Vangad_eswaran@1037,
EFS-YES BANK,EFS-YES BANK-Dimapur,0543-Dimapur,Vengad.Eswaran@efsme.com,9036591904,9036591904,797112,Dimapur,Nagaland,"Grnd Flr-Atm And First Flr,,Patta No.108, Block No.6,,G.S.Road, Dimapur,Pin- 797112",,Vangad Eswaran,Vangad-0543,Vangad_eswaran@1037,
EFS-YES BANK,EFS-YES BANK-Jalandhar  - Sodal Road,0544-Jalandhar  - Sodal Road,Vengad.Eswaran@efsme.com,9036591904,9036591904,144004,Jalandhar,Punjab,"Sco 29-32, Silver Plaza, Ppr Mall, Sodal Road, Jalandhar, 144004",,Vangad Eswaran,Vangad-0544,Vangad_eswaran@1037,
EFS-YES BANK,EFS-YES BANK-Ludhiana - BRS Nagar,0545-Ludhiana - BRS Nagar,Vengad.Eswaran@efsme.com,9036591904,9036591904,141004,Ludhiana,Punjab,"Scf-11,12, Brs Nagar, Main Market. Ludhiana 141004",,Vangad Eswaran,Vangad-0545,Vangad_eswaran@1037,
EFS-YES BANK,EFS-YES BANK-Belgaum,0547-Belgaum,Vengad.Eswaran@efsme.com,9036591904,9036591904,590001,Belgaum,Karnataka,"Part Ground Floor, Thakkar Plaza, Club Road, Belgaum - 590001",,Vangad Eswaran,Vangad-0547,Vangad_eswaran@1037,
EFS-YES BANK,EFS-YES BANK-Bhuj,0548-Bhuj,Vengad.Eswaran@efsme.com,9036591904,9036591904,370001,Bhuj,Gujarat,"Shop No. 1 & 2, Ground Floor, Sunrise Tower, Opp. Gujarat Electricity Board, Jubilee Ground, Bhuj , Kutch, Gujarat. Pin – 370001.",,Vangad Eswaran,Vangad-0548,Vangad_eswaran@1037,
EFS-YES BANK,EFS-YES BANK-Seoni Malwa,0549-Seoni Malwa,Vengad.Eswaran@efsme.com,9036591904,9036591904,461223,Seoni Malwa,Madhya Pradesh,"Yes Bank Ltd.Ward No 15, Block No. 2, Rajeev Gandhi Ward. Main Highway Road, Seoni Malwa, Distt Hoshangabad, 461223",,Vangad Eswaran,Vangad-0549,Vangad_eswaran@1037,
EFS-YES BANK,EFS-YES BANK-Greater Mumbai - Kanjur Marg,0550-Greater Mumbai - Kanjur Marg,Vengad.Eswaran@efsme.com,9036591904,9036591904,400078,Greater Mumbai,Maharashtra,"Shop No. 1, “A” Wing, “Gundecha Altura Co-Op. Hsg. Soc. Ltd.”, L. B. S. Marg, Plot No. 607-C/1, Village–Kanjur, Bhandup (W), Mumbai 400 078",,Vangad Eswaran,Vangad-0550,Vangad_eswaran@1037,
EFS-YES BANK,EFS-YES BANK-Pune - Bund Garden,0551-Pune - Bund Garden,Vengad.Eswaran@efsme.com,9036591904,9036591904,411001,Pune,Maharashtra,"Ground Floor, Shop no. 1, Parakh House, Boat Club Road, Pune, Maharashtra, Pin: 411 001",,Vangad Eswaran,Vangad-0551,Vangad_eswaran@1037,
EFS-YES BANK,EFS-YES BANK-Siliguri,0552-Siliguri,Vengad.Eswaran@efsme.com,9036591904,9036591904,734001,Siliguri,West Bengal,"Yes Bank Ltd.Holding No. 271/3/214, Ward No. 11, Anil Distributors, Sevok Road, Siliguri-734001",,Vangad Eswaran,Vangad-0552,Vangad_eswaran@1037,
EFS-YES BANK,EFS-YES BANK-Pipariya,0553-Pipariya,Vengad.Eswaran@efsme.com,9036591904,9036591904,461775,Pipariya,Madhya Pradesh,"Ground Floor 17 D/Plot No 98, Old Grain Market, Pipariya-461775 (M.P.)",,Vangad Eswaran,Vangad-0553,Vangad_eswaran@1037,
EFS-YES BANK,EFS-YES BANK-Gwalior,0554-Gwalior,Vengad.Eswaran@efsme.com,9036591904,9036591904,474011,Gwalior,Madhya Pradesh,"Ground Floor , Plot No -45 City  Centre Gwalior-474011",,Vangad Eswaran,Vangad-0554,Vangad_eswaran@1037,
EFS-YES BANK,EFS-YES BANK-Kochi 2,0555-Kochi 2,Vengad.Eswaran@efsme.com,9036591904,9036591904,682019,Kochi,Kerala,"Ground Floor, Syama Business Centre, Nh Bypass, Vytilla, Kochi-682019",,Vangad Eswaran,Vangad-0555,Vangad_eswaran@1037,
EFS-YES BANK,EFS-YES BANK-Agra - Sadar Bazar,0556-Agra - Sadar Bazar,Vengad.Eswaran@efsme.com,9036591904,9036591904,2001Up,Agra,Uttar Pradesh,"Yes Bank Ltd, Plot No. 20 & 20A, Sadar Bazar, Cantonment Board, Distt. Agra- 282001, Up",,Vangad Eswaran,Vangad-0556,Vangad_eswaran@1037,
EFS-YES BANK,EFS-YES BANK-Delhi - Tilak Nagar,0557-Delhi - Tilak Nagar,Vengad.Eswaran@efsme.com,9036591904,9036591904,110018,New Delhi,Delhi,"Ground Floor-Basement 5A/15 Tilak Nagar, New Delhi -110018",,Vangad Eswaran,Vangad-0557,Vangad_eswaran@1037,
EFS-YES BANK,EFS-YES BANK-Kolkata - Kankurgachi,0565-Kolkata - Kankurgachi,Vengad.Eswaran@efsme.com,9036591904,9036591904,700054,Kolkata,West Bengal,"Yes Bank Ltd, Kankurgachi Branch. P-253 Cit Road Scheme Vim, Ground Floor Kankurgachi Kolkata 700054 West Bengal",,Vangad Eswaran,Vangad-0565,Vangad_eswaran@1037,
EFS-YES BANK,EFS-YES BANK-Jhalawar,0569-Jhalawar,Vengad.Eswaran@efsme.com,9036591904,9036591904,326001,Jhalawar,Rajasthan,"Yes Bank Ltd, Jhalawar Ground Floor Hotel Kamal Palace Nh 12, Jhalawarpatan Road, Jhalawar Rajasthan 326001",,Vangad Eswaran,Vangad-0569,Vangad_eswaran@1037,
EFS-YES BANK,EFS-YES BANK-Greater Mumbai - Charni Road,0577-Greater Mumbai - Charni Road,Vengad.Eswaran@efsme.com,9036591904,9036591904,400004,Greater Mumbai,Maharashtra,"Ground Floor, Shop No. 4, 5 & 6, Dhootpapeshwar Prasad, Jai Teen Murti CHS, Jagannath Shankar Sheth Marg, Girgaon, Mangalwadi, Mumbai : 400 004",,Vangad Eswaran,Vangad-0577,Vangad_eswaran@1037,
EFS-YES BANK,EFS-YES BANK-Pune - Magarpatta,0585-Pune - Magarpatta,Vengad.Eswaran@efsme.com,9036591904,9036591904,411036,Pune,Maharashtra,"Ground Floor, Shop no 6, Kumar Prism, Mundhawa, Pune Maharashtra – 411036",,Vangad Eswaran,Vangad-0585,Vangad_eswaran@1037,
EFS-YES BANK,EFS-YES BANK-Hyderabad - Malakpet,0586-Hyderabad - Malakpet,Vengad.Eswaran@efsme.com,9036591904,9036591904,500036,Hyderabad,Telangana,"Ground Floor,16-11-1/1/A, Moosarambagh,Saleem Nagar,Malakpet, 500036",,Vangad Eswaran,Vangad-0586,Vangad_eswaran@1037,
EFS-YES BANK,EFS-YES BANK-Guntur,0587-Guntur,Vengad.Eswaran@efsme.com,9036591904,9036591904,522007,Guntur,Andhra Pradesh,"Ground Floor, Satya Akarsha, T S No. 2/5, Door No. 5-87-32, Lakshmipuram Main Road, Guntur,Andhra Pradesh 522 007.",,Vangad Eswaran,Vangad-0587,Vangad_eswaran@1037,
EFS-YES BANK,EFS-YES BANK-Noida - Sector 132,0593-Noida - Sector 132,Vengad.Eswaran@efsme.com,9036591904,9036591904,201301,Noida,Uttar Pradesh,"Yes Bank Ltd. Ground Floor, Unit No. 4005, Tower -4, B-36, Express Trade Tower 2, Sector 132. Noida, Uttar Pradesh - 201301",,Vangad Eswaran,Vangad-0593,Vangad_eswaran@1037,
EFS-YES BANK,EFS-YES BANK-Chennai - R K Salai,0594-Chennai - R K Salai,Vengad.Eswaran@efsme.com,9036591904,9036591904,600004,Chennai,Tamil Nadu,"Yes Bank Ltd , No.108, Ground Floor,Lancor Westminster, Dr. Radhakrishnan Salai , Mylapore, Chennai-600004",,Vangad Eswaran,Vangad-0594,Vangad_eswaran@1037,
EFS-YES BANK,EFS-YES BANK-Visakhapatnam - Dwarka Nagar,0595-Visakhapatnam - Dwarka Nagar,Vengad.Eswaran@efsme.com,9036591904,9036591904,530016,Visakhapatnam,Andhra Pradesh,"Yes Bank Ltd., Ground & First Floor, Ag Avenue, D No 47-10-15, Dwarka Nagar, 2Nd Lane, Vishakapatnam, Andhra Pradesh 530016.",,Vangad Eswaran,Vangad-0595,Vangad_eswaran@1037,
EFS-YES BANK,EFS-YES BANK-Greater Mumbai - Mulund West,0596-Greater Mumbai - Mulund West,Vengad.Eswaran@efsme.com,9036591904,9036591904,400080,Greater Mumbai,Maharashtra,"Shop No. 12 A & B And Unit No. 103 B, Gr. And First Floor, Shankardhan Plaza, Junction Of M. M. Road & Nahur Road, Mulund (West), Mumbai, Maharashtra, Pin: 400080",,Vangad Eswaran,Vangad-0596,Vangad_eswaran@1037,
EFS-YES BANK,EFS-YES BANK-Connaught Place 2,0597-Connaught Place 2,Vengad.Eswaran@efsme.com,9036591904,9036591904,110001,New Delhi,Delhi," Ground & Mezzanine Floor, Gobind Mansion, 18-19, H - Block, Near Petrol Pump On Outer Circle, Connaught Place, New Delhi - 110001.",,Vangad Eswaran,Vangad-0597,Vangad_eswaran@1037,
EFS-YES BANK,EFS-YES BANK-Delhi - Shastri Nagar,0598-Delhi - Shastri Nagar,Vengad.Eswaran@efsme.com,9036591904,9036591904,110052,New Delhi,Delhi,"Ground Floor & Basement, E-2/236, Shastri Nagar, New Delhi-110052.",,Vangad Eswaran,Vangad-0598,Vangad_eswaran@1037,
EFS-YES BANK,EFS-YES BANK-Bangalore - Vijay Nagar,0599-Bangalore - Vijay Nagar,Vengad.Eswaran@efsme.com,9036591904,9036591904,560040,Bangalore,Karnataka,"N0.4, 17Th Cross,Ground Floor,M.C Layout,(Behind Maruti Mandir),Vijayanagar,Bangalore-560040",,Vangad Eswaran,Vangad-0599,Vangad_eswaran@1037,
EFS-YES BANK,EFS-YES BANK-Khanna,0600-Khanna,Vengad.Eswaran@efsme.com,9036591904,9036591904,141401,Khanna,Punjab,"Yes Bank Ltd, Ground Floor & First Floor, Shop No 394 & 946, G.T  Road, Khanna, Punjab-141401",,Vangad Eswaran,Vangad-0600,Vangad_eswaran@1037,
EFS-YES BANK,EFS-YES BANK-Ludhiana - Sec 32,0601-Ludhiana - Sec 32,Vengad.Eswaran@efsme.com,9036591904,9036591904,141010,Ludhiana,Punjab,"Yes Bank Ltd, Gf, Sco-34, Sec-32A, Ludhiana, Punjab- 141010",,Vangad Eswaran,Vangad-0601,Vangad_eswaran@1037,
EFS-YES BANK,EFS-YES BANK-Srinagar 2,0602-Srinagar 2,Vengad.Eswaran@efsme.com,9036591904,9036591904,190005,Srinagar,Jammu & Kashmir,"Ground Floor, Enigma Complex, House No-1, Housing Colony Rawalpura, Sanat Nagar, Srinagar-190005",,Vangad Eswaran,Vangad-0602,Vangad_eswaran@1037,
EFS-YES BANK,EFS-YES BANK-Delhi - Old Rajinder Nagar,0603-Delhi - Old Rajinder Nagar,Vengad.Eswaran@efsme.com,9036591904,9036591904,110060,New Delhi,Delhi,"60/11 Main Market, Old Rajinder Nagar , New Delhi - 110060",,Vangad Eswaran,Vangad-0603,Vangad_eswaran@1037,
EFS-YES BANK,EFS-YES BANK-Delhi - Lajpat Nagar IV,0604-Delhi - Lajpat Nagar IV,Vengad.Eswaran@efsme.com,9036591904,9036591904,110024,New Delhi,Delhi,"Ground Floor , Moolchand Crossing 6 , Ring Road , Lajpat Nagar Iv , New Delhi -110024",,Vangad Eswaran,Vangad-0604,Vangad_eswaran@1037,
EFS-YES BANK,EFS-YES BANK-Ajmer,0605-Ajmer,Vengad.Eswaran@efsme.com,9036591904,9036591904,305001,Ajmer,Rajasthan,"Ground Floor, Plot No-248, Anasagar, Sarcular Road Scheme, Vaishali Nagar, Ajmer, Rajasthan-305001.",,Vangad Eswaran,Vangad-0605,Vangad_eswaran@1037,
EFS-YES BANK,EFS-YES BANK-Greater Mumbai - Warden Road,0606-Greater Mumbai - Warden Road,Vengad.Eswaran@efsme.com,9036591904,9036591904,400026,Greater Mumbai,Maharashtra,"Tirupati Apartments, Shop No. 3, Bhulabhai Desai Road (Warden Road), Opposite Mahalaxmi Mandir, Mumbai 400026.",,Vangad Eswaran,Vangad-0606,Vangad_eswaran@1037,
EFS-YES BANK,EFS-YES BANK-New Delhi - GK 1,0607-New Delhi - GK 1,Vengad.Eswaran@efsme.com,9036591904,9036591904,110048,New Delhi,Delhi,"Ground Floor, M-13,G.K-1, New Delhi-110048",,Vangad Eswaran,Vangad-0607,Vangad_eswaran@1037,
EFS-YES BANK,EFS-YES BANK-Delhi - Vivek Vihar,0608-Delhi - Vivek Vihar,Vengad.Eswaran@efsme.com,9036591904,9036591904,110095,New Delhi,Delhi,"Ground Floor, C-262, Main Road, Vivek Vihar, New Delhi -110095",,Vangad Eswaran,Vangad-0608,Vangad_eswaran@1037,
EFS-YES BANK,EFS-YES BANK-Udupi - Manipal,0609-Udupi - Manipal,Vengad.Eswaran@efsme.com,9036591904,9036591904,576101,Udupi,Karnataka,"Yes Bank Ltd, Part Ground Floor Mahalakshmi Towers, Court Road Udupi-576101",,Vangad Eswaran,Vangad-0609,Vangad_eswaran@1037,
EFS-YES BANK,EFS-YES BANK-Haridwar,0610-Haridwar,Vengad.Eswaran@efsme.com,9036591904,9036591904,249407,Haridwar,Uttarakhand,"Yes Bank Ltd, Ground Floor, Khasra No 7/1, 8/1 Min, Ranipur Morde, Haridwar, Uttarakhand– 249407.",,Vangad Eswaran,Vangad-0610,Vangad_eswaran@1037,
EFS-YES BANK,EFS-YES BANK-Lucknow - Gomti Nagar,0611-Lucknow - Gomti Nagar,Vengad.Eswaran@efsme.com,9036591904,9036591904,226010,Lucknow,Uttar Pradesh,"Yes Bank Ltd, Ground Floor, Tc/56-B-V, Vibhuti Khand, Gomti Nagar, Lucknow, Uttar Pradesh- 226010",,Vangad Eswaran,Vangad-0611,Vangad_eswaran@1037,
EFS-YES BANK,EFS-YES BANK-Cuttack,0612-Cuttack,Vengad.Eswaran@efsme.com,9036591904,9036591904,753001,Cuttack,Odisha,"Yes Bank Ltd.Ground Floor, 1/A/14/6, Kailash Plaza, Link Road, Cuttack, Orissa-753001.",,Vangad Eswaran,Vangad-0612,Vangad_eswaran@1037,
EFS-YES BANK,EFS-YES BANK-Delhi - Moti Nagar,0614-Delhi - Moti Nagar,Vengad.Eswaran@efsme.com,9036591904,9036591904,110015,New Delhi,Delhi,"Yes Bank Limited| Ground Floor,1 Najafgarh Road|Moti Nagar |New Delhi - 110015",,Vangad Eswaran,Vangad-0614,Vangad_eswaran@1037,
EFS-YES BANK,EFS-YES BANK-Rajahmundry,0615-Rajahmundry,Vengad.Eswaran@efsme.com,9036591904,9036591904,533103,Rajamahendravaram,Andhra Pradesh,"Ground Floor,75-6-25,Prakash Nagar,Opp Apex Hospital Rajahmundry,E G Dist, 533103",,Vangad Eswaran,Vangad-0615,Vangad_eswaran@1037,
EFS-YES BANK,EFS-YES BANK-Dariba,0617-Dariba,Vengad.Eswaran@efsme.com,9036591904,9036591904,313211,Dariba,Rajasthan,"Hindustan Zinc Limited, Dariba, Rajasthan; Pin: 313211.",,Vangad Eswaran,Vangad-0617,Vangad_eswaran@1037,
EFS-YES BANK,EFS-YES BANK-Delhi - New Rohtak Road,0619-Delhi - New Rohtak Road,Vengad.Eswaran@efsme.com,9036591904,9036591904,110005,New Delhi,Delhi,"65/10, Ground Floor, New Rohtak Road, New Delhi, 110005",,Vangad Eswaran,Vangad-0619,Vangad_eswaran@1037,
EFS-YES BANK,EFS-YES BANK-Patna 2,0620-Patna 2,Vengad.Eswaran@efsme.com,9036591904,9036591904,800001,Patna,Bihar,"Shop No. 3 & 4 On Lower Ground Floor And Shop No. 5,6,7& 8 On Upper Ground Floor “Shree Ram Palace”, East Boring Canal Road, P S Budha Colony, Patna 800001",,Vangad Eswaran,Vangad-0620,Vangad_eswaran@1037,
EFS-YES BANK,EFS-YES BANK-Ahmedabad - Relief Road,0621-Ahmedabad - Relief Road,Vengad.Eswaran@efsme.com,9036591904,9036591904,380001,Ahmedabad,Gujarat,"Shop No. 1, Gangaram Chambers, Gheekanta Cross Road, Relief Road, Ahmadabad, Gujarat. Pin: 380001",,Vangad Eswaran,Vangad-0621,Vangad_eswaran@1037,
EFS-YES BANK,EFS-YES BANK-New Delhi - Rohini 3,0622-New Delhi - Rohini 3,Vengad.Eswaran@efsme.com,9036591904,9036591904,110085,New Delhi,Delhi,"Ground Floor And Basement, 28,H Block, Pocket-3, Sec-18, Rohini-New Delhi-110085",,Vangad Eswaran,Vangad-0622,Vangad_eswaran@1037,
EFS-YES BANK,EFS-YES BANK-Erode,0623-Erode,Vengad.Eswaran@efsme.com,9036591904,9036591904,638011,Erode,Tamil Nadu,"1167, Part Ground Floor, Muthaiya Complex, Mettur Road, Erode - 638011",,Vangad Eswaran,Vangad-0623,Vangad_eswaran@1037,
EFS-YES BANK,EFS-YES BANK-Shahjahanpur,0624-Shahjahanpur,Vengad.Eswaran@efsme.com,9036591904,9036591904,242001,Shahjahanpur,Uttar Pradesh,"Yes Bank Ltd, Ground Floor, 134, Sadar Bazar, Town Hall Road, Shahjahanpur, Uttar Pradesh-242001.",,Vangad Eswaran,Vangad-0624,Vangad_eswaran@1037,
EFS-YES BANK,EFS-YES BANK-Delhi - Sector 23 Dwarka,0625-Delhi - Sector 23 Dwarka,Vengad.Eswaran@efsme.com,9036591904,9036591904,110077,New Delhi,Delhi,"Plot No -38 Ground Floor, Sector -23A,      Dwarka, New Delhi -110077",,Vangad Eswaran,Vangad-0625,Vangad_eswaran@1037,
EFS-YES BANK,EFS-YES BANK-Panchkula 2,0626-Panchkula 2,Vengad.Eswaran@efsme.com,9036591904,9036591904,134109,Panchkula,Haryana,"Sco 412 Sector 8  Opposite Shalimar Mall, Panchkula 134109",,Vangad Eswaran,Vangad-0626,Vangad_eswaran@1037,
EFS-YES BANK,EFS-YES BANK-Vadodara - Nizampura,0627-Vadodara - Nizampura,Vengad.Eswaran@efsme.com,9036591904,9036591904,390024,Vadodara,Gujarat,"Ground Floor, Unit No. 3, Indraprastha Complex, R. S. No. 957/2/B, Nizampura Main Road, Opp. Nizampura Bus Stand,  Nizampura, Baroda, Gujarat. Pin - 390024.",,Vangad Eswaran,Vangad-0627,Vangad_eswaran@1037,
EFS-YES BANK,EFS-YES BANK-Chennai - Mugappair,0628-Chennai - Mugappair,Vengad.Eswaran@efsme.com,9036591904,9036591904,600037,Chennai,Tamil Nadu,"Yes Bank  Ltd Ground Floor 412 Thiruvalluvar Salai , Panneer Nagar Main Road Mugappair East ,  Chennai 600037",,Vangad Eswaran,Vangad-0628,Vangad_eswaran@1037,
EFS-YES BANK,EFS-YES BANK-Chennai - Kilpauk,0629-Chennai - Kilpauk,Vengad.Eswaran@efsme.com,9036591904,9036591904,600010,Chennai,Tamil Nadu,"Yes Bank Ltd , Ground Floor New Door No.36/1 And 36/2 Old Door No.84 , New Avadi Road Kilpauk Chennai 600010",,Vangad Eswaran,Vangad-0629,Vangad_eswaran@1037,
EFS-YES BANK,EFS-YES BANK-Pune - Market Yard,0630-Pune - Market Yard,Vengad.Eswaran@efsme.com,9036591904,9036591904,411037,Pune,Maharashtra,"582/D Part Ground Floor Next To Market Yard Post Office, Market Yard Pune 411037",,Vangad Eswaran,Vangad-0630,Vangad_eswaran@1037,
EFS-YES BANK,EFS-YES BANK-Nellore,0631-Nellore,Vengad.Eswaran@efsme.com,9036591904,9036591904,524001,Nellore,Andhra Pradesh,"Yes Bank Ltd, Ko Rise, 16/2961, Jawaharlal Nehru Road, Near Vr College, Nellore, A.P-524001",,Vangad Eswaran,Vangad-0631,Vangad_eswaran@1037,
EFS-YES BANK,EFS-YES BANK-Bangalore - Rajaji Nagar,0632-Bangalore - Rajaji Nagar,Vengad.Eswaran@efsme.com,9036591904,9036591904,560010,Bangalore,Karnataka,"Yes Bank Ltd1005/A, Dr. Rajkumar Road, 4Th Block, Rajaji Nagar, Bangalore - 560010",,Vangad Eswaran,Vangad-0632,Vangad_eswaran@1037,
EFS-YES BANK,EFS-YES BANK-Lucknow - Hewett Road,0633-Lucknow - Hewett Road,Vengad.Eswaran@efsme.com,9036591904,9036591904,226018,Lucknow,Uttar Pradesh,"Yes Bank Ltd, Ground Floor, 102/09 (Old No.4-A) & 91/7-Ka, Yadu Nath Sanyal Road, Hewett Road, Lucknow, Uttar Pradesh. Pin – 226018. ",,Vangad Eswaran,Vangad-0633,Vangad_eswaran@1037,
EFS-YES BANK,EFS-YES BANK-Rohtak,0634-Rohtak,Vengad.Eswaran@efsme.com,9036591904,9036591904,124001,Rohtak,Haryana,"Yes Bank Ltd Ground Floor, Narain Complex, Delhi Road, Rohtak, 124001",,Vangad Eswaran,Vangad-0634,Vangad_eswaran@1037,
EFS-YES BANK,EFS-YES BANK-Delhi - Rajouri Garden 2,0635-Delhi - Rajouri Garden 2,Vengad.Eswaran@efsme.com,9036591904,9036591904,110027,New Delhi,Delhi,"Ground Floor J-12/11,Rajouri Garden, New Delhi , Pin Code- 110027.",,Vangad Eswaran,Vangad-0635,Vangad_eswaran@1037,
EFS-YES BANK,EFS-YES BANK-Delhi - Paschim Vihar,0636-Delhi - Paschim Vihar,Vengad.Eswaran@efsme.com,9036591904,9036591904,110063,New Delhi,Delhi,"Yes Bank Ltd, Ground Floor And Basement, Property No. 12, Block A-6, Paschim Vihar, New Delhi - 110063",,Vangad Eswaran,Vangad-0636,Vangad_eswaran@1037,
EFS-YES BANK,EFS-YES BANK-Mehsana,0638-Mehsana,Vengad.Eswaran@efsme.com,9036591904,9036591904,384002,Mehsana,Gujarat,"Ground Floor, Siddhim, Near Sigma Oafis, Opposite Urban Cooperative Bank –Corporate Office, Mehsana, Gujarat. Pin - 384002",,Vangad Eswaran,Vangad-0638,Vangad_eswaran@1037,
EFS-YES BANK,EFS-YES BANK-Bangalore - Cunningham Road,0639-Bangalore - Cunningham Road,Vengad.Eswaran@efsme.com,9036591904,9036591904,560052,Bangalore,Karnataka,"Yes Bank Ltd, Ground Floor, Batra Chambers, 1/3, Cunningham Road, Bangalore, Karnataka Pin – 560052",,Vangad Eswaran,Vangad-0639,Vangad_eswaran@1037,
EFS-YES BANK,EFS-YES BANK-Delhi - Mayapuri,0640-Delhi - Mayapuri,Vengad.Eswaran@efsme.com,9036591904,9036591904,110064,New Delhi,Delhi,"Ground Floor And First Floor-6 Community Centre Mayapuri Phase-1,New Delhi -110064",,Vangad Eswaran,Vangad-0640,Vangad_eswaran@1037,
EFS-YES BANK,EFS-YES BANK-Pali,0641-Pali,Vengad.Eswaran@efsme.com,9036591904,9036591904,306401,Pali,Rajasthan,"Ground Floor, Plot No.3 & 4, Panch Maukha Pulia, Railway Station Road, Pali, Rajasthan. Pin – 306401",,Vangad Eswaran,Vangad-0641,Vangad_eswaran@1037,
EFS-YES BANK,EFS-YES BANK-Kolkata - Bara Bazaar,0646-Kolkata - Bara Bazaar,Vengad.Eswaran@efsme.com,9036591904,9036591904,700007,Kolkata,West Bengal,"Ground Floor,36, Shree Tower, Kali Krishna Tagore Street Kolkata 700007",,Vangad Eswaran,Vangad-0646,Vangad_eswaran@1037,
EFS-YES BANK,EFS-YES BANK-Gurgaon - Palam Vihar,0647-Gurgaon - Palam Vihar,Vengad.Eswaran@efsme.com,9036591904,9036591904,122017,Gurgaon,Haryana,"Ground Floor, Shop No. 12, 13, 50 & 51, Ansal Corporate Plaza, Palam Vihar, Gurgaon. Pin –122017",,Vangad Eswaran,Vangad-0647,Vangad_eswaran@1037,
EFS-YES BANK,EFS-YES BANK-Pimpri Chinchwad,0648-Pimpri Chinchwad,Vengad.Eswaran@efsme.com,9036591904,9036591904,"11019
",Pune,Maharashtra,"Ground Floor  Shop No 08-13 D Building, Empire Estate, Sector No 2, Cts No 4510/01, Chinchwad, Pune 411019
",,Vangad Eswaran,Vangad-0648,Vangad_eswaran@1037,
EFS-YES BANK,EFS-YES BANK-Chennai - R A Puram,0649-Chennai - R A Puram,Vengad.Eswaran@efsme.com,9036591904,9036591904,600028,Chennai,Tamil Nadu,"Yes Bank Ltd,  Ground Floor, No 11/23 2Nd Main Road Raja Annamali Puram, Chennai  600 028",,Vangad Eswaran,Vangad-0649,Vangad_eswaran@1037,
EFS-YES BANK,EFS-YES BANK-Ahmedabad - Science City,0650-Ahmedabad - Science City,Vengad.Eswaran@efsme.com,9036591904,9036591904,380060,Ahmedabad,Gujarat,"Shop No 1 & 2,Ozone Solitaire, Opp.Hetarth Party Plot,Science City Road Sola, Ahmedabad, Pin Code : 380060",,Vangad Eswaran,Vangad-0650,Vangad_eswaran@1037,
EFS-YES BANK,EFS-YES BANK-Udaipur 2,0651-Udaipur 2,Vengad.Eswaran@efsme.com,9036591904,9036591904,313001,Udaipur,Rajasthan,"Ground Floor & First Floor, Plot No.1, Surajpole, Udaipole Road, Udaipur, Rajasthan. Pin - 313001.",,Vangad Eswaran,Vangad-0651,Vangad_eswaran@1037,
EFS-YES BANK,EFS-YES BANK-Chandigarh - Sector 46,0652-Chandigarh - Sector 46,Vengad.Eswaran@efsme.com,9036591904,9036591904,160047,Chandigarh,Chandigarh,"Sco 83 Sector 46  C Chandigarh, 160047",,Vangad Eswaran,Vangad-0652,Vangad_eswaran@1037,
EFS-YES BANK,EFS-YES BANK-Bangalore - Jaya Nagar 2,0653-Bangalore - Jaya Nagar 2,Vengad.Eswaran@efsme.com,9036591904,9036591904,560069,Bangalore,Karnataka,"Ground & First Floor, New No. 23 (Old No. 1185), 26Th Main Road, 9Th Block, Jayanagar, Bangalore, Karnataka. Pin – 560069",,Vangad Eswaran,Vangad-0653,Vangad_eswaran@1037,
EFS-YES BANK,EFS-YES BANK-Delhi - Pitampura 2,0654-Delhi - Pitampura 2,Vengad.Eswaran@efsme.com,9036591904,9036591904,110034,New Delhi,Delhi,"Pp1 Maurya Enclave , Pitampura New Delhi 110034",,Vangad Eswaran,Vangad-0654,Vangad_eswaran@1037,
EFS-YES BANK,EFS-YES BANK-Gurgaon - Sector 15 II,0655-Gurgaon - Sector 15 II,Vengad.Eswaran@efsme.com,9036591904,9036591904,122001,Gurgaon,Haryana,"Ground Floor, Sco-2, Sec-15 - Ii, Gurgaon. Pin –122001
",,Vangad Eswaran,Vangad-0655,Vangad_eswaran@1037,
EFS-YES BANK,EFS-YES BANK-Delhi - Karkardooma,0656-Delhi - Karkardooma,Vengad.Eswaran@efsme.com,9036591904,9036591904,110092,New Delhi,Delhi,"Ground Floor, Plot No. - 123, Hargobind Enclave, Karkardooma, New Delhi. Pin –110092 .",,Vangad Eswaran,Vangad-0656,Vangad_eswaran@1037,
EFS-YES BANK,EFS-YES BANK-Delhi - Dwarka More,0657-Delhi - Dwarka More,Vengad.Eswaran@efsme.com,9036591904,9036591904,110059,New Delhi,Delhi,"Ground Floor , Plot No-B-6, Rama Park, Uttam Nagar, Dwarka More, New Delhi -110059 .",,Vangad Eswaran,Vangad-0657,Vangad_eswaran@1037,
EFS-YES BANK,EFS-YES BANK-Bangalore - Avenue Road,0658-Bangalore - Avenue Road,Vengad.Eswaran@efsme.com,9036591904,9036591904,560002,Bangalore,Karnataka,"Yes Bank Ltd, Part First And Part Ground Floor, Avenue Road, Bangalore, Karnataka Pin - 560002",,Vangad Eswaran,Vangad-0658,Vangad_eswaran@1037,
EFS-YES BANK,EFS-YES BANK-Bangalore - BEL Road,0659-Bangalore - BEL Road,Vengad.Eswaran@efsme.com,9036591904,9036591904,560054,Bangalore,Karnataka,"Yes Bank Ltd, Part Ground Floor, Rasasri Chambers, No 18 New Bel Road, Bangalore, Karnataka - 560054",,Vangad Eswaran,Vangad-0659,Vangad_eswaran@1037,
EFS-YES BANK,EFS-YES BANK-Delhi - Adarsh Nagar,0660-Delhi - Adarsh Nagar,Vengad.Eswaran@efsme.com,9036591904,9036591904,110033,New Delhi,Delhi,"Yes Bank Ltd., Gr Floor, A4, Panchwati, Adarsh Nagar, New Delhi - 110033",,Vangad Eswaran,Vangad-0660,Vangad_eswaran@1037,
EFS-YES BANK,EFS-YES BANK-Mormugao - Vasco,0662-Mormugao - Vasco,Vengad.Eswaran@efsme.com,9036591904,9036591904,403802,Vasco,Goa,"Yes Bank Ltd., Mendes Mansion, Ground Floor, House No. 14/287 (8), F.L. Gomes Road, Vasco (Marmugao), Goa - 403 802.",,Vangad Eswaran,Vangad-0662,Vangad_eswaran@1037,
EFS-YES BANK,EFS-YES BANK-Allahabad 2,0663-Allahabad 2,Vengad.Eswaran@efsme.com,9036591904,9036591904,211003,Allahabad,Uttar Pradesh,"Yes Bank Ltd, Ground Floor & Basement, 80/87, K.P Kakkar Road, Allahabad, Uttar Pradesh. Pin – 211003",,Vangad Eswaran,Vangad-0663,Vangad_eswaran@1037,
EFS-YES BANK,EFS-YES BANK-Pune - Viman Nagar,0664-Pune - Viman Nagar,Vengad.Eswaran@efsme.com,9036591904,9036591904,411014,Pune,Maharashtra,"Shop No 1A, Ground Floor Vascon Weikfield,  Weikfield It Citi Info Park, Shri Satpal Malhotra Marg Road, Vimannagar Pune -411014",,Vangad Eswaran,Vangad-0664,Vangad_eswaran@1037,
EFS-YES BANK,EFS-YES BANK-Ratangarh,0665-Ratangarh,Vengad.Eswaran@efsme.com,9036591904,9036591904,331022,Ratangarh,Rajasthan,"Yes Bank Ltd,  Ground Floor, Ward No.3, Link Road, Ratangarh Ratangarh Rajasthan 331022",,Vangad Eswaran,Vangad-0665,Vangad_eswaran@1037,
EFS-YES BANK,EFS-YES BANK-Baran,0666-Baran,Vengad.Eswaran@efsme.com,9036591904,9036591904,325205,Baran,Rajasthan,"Yes Bank Ltd, Ground Floor,Ward No 6/370, Charmurthi Chouraha, Baran, 325205",,Vangad Eswaran,Vangad-0666,Vangad_eswaran@1037,
EFS-YES BANK,EFS-YES BANK-Rawatbhata,0667-Rawatbhata,Vengad.Eswaran@efsme.com,9036591904,9036591904,323307,Rawatbhata,Rajasthan,"Ground Floor, Plot No-7, Pratap Nagar Colony, Jhalarbawdi, Rawatbhata, Chittorgarh, Rajasthan-323307",,Vangad Eswaran,Vangad-0667,Vangad_eswaran@1037,
EFS-YES BANK,EFS-YES BANK-Phalodi,0668-Phalodi,Vengad.Eswaran@efsme.com,9036591904,9036591904,342301,Phalodi,Rajasthan,"Yes Bank Ltd,  Ground Floor, Plot No.343, Indira Colony,  Nagour Road, Phalodi, Rajasthan 342301",,Vangad Eswaran,Vangad-0668,Vangad_eswaran@1037,
EFS-YES BANK,EFS-YES BANK-Karauli,0669-Karauli,Vengad.Eswaran@efsme.com,9036591904,9036591904,322241,Karauli,Rajasthan,"Ground Floor 113-A & 113-B Khasra No 5313,Gulab Bagh, Karauli, Rajasthan-322241",,Vangad Eswaran,Vangad-0669,Vangad_eswaran@1037,
EFS-YES BANK,EFS-YES BANK-Dungarpur,0670-Dungarpur,Vengad.Eswaran@efsme.com,9036591904,9036591904,314001,Dungarpur,Rajasthan,"Ground Floor, Khasra No-891, 904, 906, 908 & 912, Industrial Area Mode, Dungarpur, Rajasthan-314001",,Vangad Eswaran,Vangad-0670,Vangad_eswaran@1037,
EFS-YES BANK,EFS-YES BANK-Gangapur City,0671-Gangapur City,Vengad.Eswaran@efsme.com,9036591904,9036591904,322201,Gangapur City,Rajasthan,"Ground Floor,Patta No 107/08/01,College Road,Patel Nagar , Gangapur City  Dist- Sawai Madhopur ,Rajasthan - 322201",,Vangad Eswaran,Vangad-0671,Vangad_eswaran@1037,
EFS-YES BANK,EFS-YES BANK-Hoshangabad,0672-Hoshangabad,Vengad.Eswaran@efsme.com,9036591904,9036591904,461001,Hoshangabad,Madhya Pradesh,"Part Ground Floor, ""Al Hafeez Tower"", Nuzul Sheet No. 41, Plot No. 34/21, Aanand Nagar, Main Road, Ward No.19, Hoshangabad, Madhya Pradesh. Pin - 461 001",,Vangad Eswaran,Vangad-0672,Vangad_eswaran@1037,
EFS-YES BANK,EFS-YES BANK-Harda,0673-Harda,Vengad.Eswaran@efsme.com,9036591904,9036591904,461331,Harda,Madhya Pradesh,"Part Ground Floor, Khasra No. 141/57&58, Sardar Vallabh Bhai Patel Ward, Harda Khurd, Harda, Madhya Pradesh. Pin - 461331",,Vangad Eswaran,Vangad-0673,Vangad_eswaran@1037,
EFS-YES BANK,EFS-YES BANK-Bharwani,0674-Bharwani,Vengad.Eswaran@efsme.com,9036591904,9036591904,451551,Bharwani,Madhya Pradesh,"Ground Floor, House No. 55, Block No. 466/3A, Devi Singh Marg, Barwani, Madhya Pradesh- 451551",,Vangad Eswaran,Vangad-0674,Vangad_eswaran@1037,
EFS-YES BANK,EFS-YES BANK-Rajgarh (Rajasthan),0675-Rajgarh (Rajasthan),Vengad.Eswaran@efsme.com,9036591904,9036591904,301408,Rajgarh (Rajasthan),Rajasthan,"Plot No.1,Shree Narayan Colony Opp.Railway Station,Rajgarh,Alwar-301408",,Vangad Eswaran,Vangad-0675,Vangad_eswaran@1037,
EFS-YES BANK,EFS-YES BANK-Bolpur,0676-Bolpur,Vengad.Eswaran@efsme.com,9036591904,9036591904,731204,Bolpur,West Bengal,"Yes Bank Ltd. Ground Floor, Krishna Kunja Complex, Santiniketan Road, Bolpur - 731204 , West Bengal",,Vangad Eswaran,Vangad-0676,Vangad_eswaran@1037,
EFS-YES BANK,EFS-YES BANK-Bina,0678-Bina,Vengad.Eswaran@efsme.com,9036591904,9036591904,470113,Bina,Madhya Pradesh,"Ground Floor, Khasra No 459 (After Mutation 411/30), Shastri Ward, Station Road, Next To Syndicate Bank, Bina, District Sagar, Madhya Pradesh- 470113",,Vangad Eswaran,Vangad-0678,Vangad_eswaran@1037,
EFS-YES BANK,EFS-YES BANK-Pithampur,0679-Pithampur,Vengad.Eswaran@efsme.com,9036591904,9036591904,451551,Pithampur,Madhya Pradesh,"Shop No. Eugf 79 & 80, Upper Ground Floor, Sudershan Complex, Ward No. 10, Mahu Neemuch Road, Sector 1, Pithampur, Tehsil & District Dhar, Madhya Pradesh- 451551",,Vangad Eswaran,Vangad-0679,Vangad_eswaran@1037,
EFS-YES BANK,EFS-YES BANK-Rajgarh (MP),0680-Rajgarh (MP),Vengad.Eswaran@efsme.com,9036591904,9036591904,465661,Rajgarh (MP),Madhya Pradesh,"Ground Floor, Shop No. 1 & 2, Part Of Plot No. A/8 (Municipal Corporation No 2/662), Ward No. 5, Bhavar Colony, Next To Pnb, Bypass Road, Rajgarh, Madhya Pradesh- 465661",,Vangad Eswaran,Vangad-0680,Vangad_eswaran@1037,
EFS-YES BANK,EFS-YES BANK-Shajapur,0681-Shajapur,Vengad.Eswaran@efsme.com,9036591904,9036591904,465001,Shajapur,Madhya Pradesh,"Ground Floor, Shop No. 2, Choudhary Towers, Survey No 126, Ward No. 04, A.B. Road, Vill Mahupura, Next To Idbi Bank, District Shajapur, Madhya Pradesh- 465001",,Vangad Eswaran,Vangad-0681,Vangad_eswaran@1037,
EFS-YES BANK,EFS-YES BANK-Shujalpur,0682-Shujalpur,Vengad.Eswaran@efsme.com,9036591904,9036591904,465333,Shujalpur,Madhya Pradesh,"Ground Floor, Patwari Halka No 17, Ward No. 14, Survey No. 1964/3 & 1964/2, City Mandi Road, Opposite Hdfc Bank, Shujalpur Mandi, Tehsil Shujalpur, District Shajapur, Madhya Pradesh- 465333",,Vangad Eswaran,Vangad-0682,Vangad_eswaran@1037,
EFS-YES BANK,EFS-YES BANK-Dholpur,0683-Dholpur,Vengad.Eswaran@efsme.com,9036591904,9036591904,328001,Dholpur,Rajasthan,"Ground Floor, Khasra No 98, R.B. Palace, Nh-3, Gt Road, Dholpur - 328001",,Vangad Eswaran,Vangad-0683,Vangad_eswaran@1037,
EFS-YES BANK,EFS-YES BANK-Ramgarh,0684-Ramgarh,Vengad.Eswaran@efsme.com,9036591904,9036591904,301026,Ramgarh,Rajasthan,Yes Bank Ltd. Ground Floor Khasara No 937/432 Near Bus Stand Ramgarh Dist Alwar- 301026,,Vangad Eswaran,Vangad-0684,Vangad_eswaran@1037,
EFS-YES BANK,EFS-YES BANK-Lachhmangarh,0685-Lachhmangarh,Vengad.Eswaran@efsme.com,9036591904,9036591904,321607,Lachhmangarh,Rajasthan,"Khasar No. 1173, Kathumar Road , Laxmangarh, Alwar , Raj – 321607",,Vangad Eswaran,Vangad-0685,Vangad_eswaran@1037,
EFS-YES BANK,EFS-YES BANK-Mandawar,0686-Mandawar,Vengad.Eswaran@efsme.com,9036591904,9036591904,301407,Mandawar,Rajasthan,"Ground Floor, Khasra No. 2551,Khata No. 590, Sodawas Road, Village-Mundawar ,Teh-Mundawar ,Dist.Alwar (Rajasthan) 301407",,Vangad Eswaran,Vangad-0686,Vangad_eswaran@1037,
EFS-YES BANK,EFS-YES BANK-Kherli,0687-Kherli,Vengad.Eswaran@efsme.com,9036591904,9036591904,321606,Kherli,Rajasthan,"Ward No. 8, Kathumar Road, Kherli, Tehsil Kathumar, Distt. Alwar, 321606 Rajasthan",,Vangad Eswaran,Vangad-0687,Vangad_eswaran@1037,
EFS-YES BANK,EFS-YES BANK-Bansur,0688-Bansur,Vengad.Eswaran@efsme.com,9036591904,9036591904,301402,Bansur,Rajasthan,"Ground Floor, Khasra No. 1103,Rakba 3/3, Alwar Road, Bansur,Rajashthan-301402",,Vangad Eswaran,Vangad-0688,Vangad_eswaran@1037,
EFS-YES BANK,EFS-YES BANK-Chennai - Ashok Nagar,0689-Chennai - Ashok Nagar,Vengad.Eswaran@efsme.com,9036591904,9036591904,600083,Chennai,Tamil Nadu,"Yes Bank Ltd, 34, Ground Floor, Nu Tech Arcade, 1St Avenue Road, Ashok Nagar, Chennai - 600083",,Vangad Eswaran,Vangad-0689,Vangad_eswaran@1037,
EFS-YES BANK,EFS-YES BANK-Palakkad,0690-Palakkad,Vengad.Eswaran@efsme.com,9036591904,9036591904,678007,Palakkad,Kerala,"Aks Arcade, Part Ground Floor, Building No. 2/855 & 856, Pirivusalla, Chandranagar, Palakkad – 678007",,Vangad Eswaran,Vangad-0690,Vangad_eswaran@1037,
EFS-YES BANK,EFS-YES BANK-Valsad,0691-Valsad,Vengad.Eswaran@efsme.com,9036591904,9036591904,396001,Valsad,Gujarat,"Signature , Opposite Sailesh Petrol Pump, Dharampur Road, Valsad, Gujarat- 396001.",,Vangad Eswaran,Vangad-0691,Vangad_eswaran@1037,
EFS-YES BANK,EFS-YES BANK-Coimbatore - R S Puram,0692-Coimbatore - R S Puram,Vengad.Eswaran@efsme.com,9036591904,9036591904,641002,Coimbatore,Tamil Nadu,"208, Ground Floor, Gowtham Arcade, Tv Swamy Road East, Rs Puram, Coimbatore 641002",,Vangad Eswaran,Vangad-0692,Vangad_eswaran@1037,
EFS-YES BANK,EFS-YES BANK-Delhi - DB Gupta Road,0693-Delhi - DB Gupta Road,Vengad.Eswaran@efsme.com,9036591904,9036591904,110005,New Delhi,Delhi,"Ground Floor & Basement; 3380 Christian Colony, D B Gupta Road, Karol Bagh, New Delhi-110005",,Vangad Eswaran,Vangad-0693,Vangad_eswaran@1037,
EFS-YES BANK,EFS-YES BANK-Gaya,0694-Gaya,Vengad.Eswaran@efsme.com,9036591904,9036591904,823001,Gaya,Bihar,"Yes Bank Ltd.Ground Floor, 45 G B Road, Gaya, Bihar. Pin– 823001.",,Vangad Eswaran,Vangad-0694,Vangad_eswaran@1037,
EFS-YES BANK,EFS-YES BANK-Bidhan Nagar II (Sector 1 Salt Lake),0695-Bidhan Nagar II (Sector 1 Salt Lake),Vengad.Eswaran@efsme.com,9036591904,9036591904,700064,Salt lake,West Bengal,"Yes Bank Ltd. Ground Floor, Be 93, Sector-I, Salt Lake City, Kolkata, West Bengal - 700064.",,Vangad Eswaran,Vangad-0695,Vangad_eswaran@1037,
EFS-YES BANK,EFS-YES BANK-Bangalore - CMH Road,0696-Bangalore - CMH Road,Vengad.Eswaran@efsme.com,9036591904,9036591904,560038,Bangalore,Karnataka,"Ground Floor & Mezzanine Floor, “Hari Prem”, Binnamangala, 1St Stage, No. 82/Hoysala Nagar, Cmh Road, Bangalore -560038",,Vangad Eswaran,Vangad-0696,Vangad_eswaran@1037,
EFS-YES BANK,EFS-YES BANK-Chennai - KK Nagar,0697-Chennai - KK Nagar,Vengad.Eswaran@efsme.com,9036591904,9036591904,600078,Chennai,Tamil Nadu,"Yes Bank Ltd , Ground Floor , No.1069 , Munuswamy Salai , Kk Nagar , Chennai - 600078",,Vangad Eswaran,Vangad-0697,Vangad_eswaran@1037,
EFS-YES BANK,EFS-YES BANK-Bhopal - Bittan Market,0698-Bhopal - Bittan Market,Vengad.Eswaran@efsme.com,9036591904,9036591904,462016,Bhopal,Madhya Pradesh,E 5/6 Arera Colony Bittan Market Bhopal - 462 016,,Vangad Eswaran,Vangad-0698,Vangad_eswaran@1037,
EFS-YES BANK,EFS-YES BANK-Vadodara - Manjalpur,0699-Vadodara - Manjalpur,Vengad.Eswaran@efsme.com,9036591904,9036591904,390011,Vadodara,Gujarat,"1, Prayosha Society, Near Deep Chamber Crossing, Deep Chamber, Manjalpur, Vadodara, Gujarat-390011.
",,Vangad Eswaran,Vangad-0699,Vangad_eswaran@1037,
EFS-YES BANK,EFS-YES BANK-Bangalore - Whitefield,0700-Bangalore - Whitefield,Vengad.Eswaran@efsme.com,9036591904,9036591904,560048,Bangalore,Karnataka,"Hvp Aster”, Hoodi Village, Opposite Brigade Metropolis, Whitefield Itpl Main Road, Bangalore - 560 048",,Vangad Eswaran,Vangad-0700,Vangad_eswaran@1037,
EFS-YES BANK,EFS-YES BANK-Noida - Sector 50,0701-Noida - Sector 50,Vengad.Eswaran@efsme.com,9036591904,9036591904,201301,Noida,Uttar Pradesh,"Ground & First Floor, Plot No B-1/68, Sector-50, Noida – 201301",,Vangad Eswaran,Vangad-0701,Vangad_eswaran@1037,
EFS-YES BANK,EFS-YES BANK-Surat - Vesu Road,0702-Surat - Vesu Road,Vengad.Eswaran@efsme.com,9036591904,9036591904,395007,Surat,Gujarat,"Shop No. G-6, Shubh Universal Vesu Main Road Vesu Surat Gujarat 395007",,Vangad Eswaran,Vangad-0702,Vangad_eswaran@1037,
EFS-YES BANK,EFS-YES BANK-Delhi - Janakpuri D Block,0703-Delhi - Janakpuri D Block,Vengad.Eswaran@efsme.com,9036591904,9036591904,110058,New Delhi,Delhi,Plot A6 Block D1/A Janakpuri New Delhi 110058,,Vangad Eswaran,Vangad-0703,Vangad_eswaran@1037,
EFS-YES BANK,EFS-YES BANK-Noida - Sector 62,0704-Noida - Sector 62,Vengad.Eswaran@efsme.com,9036591904,9036591904,201309,Noida,Uttar Pradesh,"Ground Floor, Sg 17, Steller It Park, Plot No. C-25.  Sector 62, Noida, Uttar Pradesh - 201309",,Vangad Eswaran,Vangad-0704,Vangad_eswaran@1037,
EFS-YES BANK,EFS-YES BANK-Amritsar - Batala Road,0705-Amritsar - Batala Road,Vengad.Eswaran@efsme.com,9036591904,9036591904,143001,Amritsar,Punjab,"Ground Floor, Khasra No. 2928/746, Bharat Nagar, Batala Road, Amritsar, Punjab-143001",,Vangad Eswaran,Vangad-0705,Vangad_eswaran@1037,
EFS-YES BANK,EFS-YES BANK-Moradabad II,0706-Moradabad II,Vengad.Eswaran@efsme.com,9036591904,9036591904,244001,Moradabad,Uttar Pradesh,"Gf, Kunwar Plaza, Plot No. 34&35, Civil Lines, Moradabad, U.P - 244001",,Vangad Eswaran,Vangad-0706,Vangad_eswaran@1037,
EFS-YES BANK,EFS-YES BANK-Navsari,0707-Navsari,Vengad.Eswaran@efsme.com,9036591904,9036591904,396445,Navsari,Gujarat,"Ground Floor, Rushab Plaza Asanagar Main Road, Jain Wadi Nr Majar Parking, Navsari Surat Gujarat 396445",,Vangad Eswaran,Vangad-0707,Vangad_eswaran@1037,
EFS-YES BANK,EFS-YES BANK-Ludhiana - Dugri Phase I,0708-Ludhiana - Dugri Phase I,Vengad.Eswaran@efsme.com,9036591904,9036591904,141002,Ludhiana,Punjab,"Ground Floor, Scf 28C, Phase-1, Urban Estate, Dugri Road, Ludhiana, Punjab- 141002",,Vangad Eswaran,Vangad-0708,Vangad_eswaran@1037,
EFS-YES BANK,EFS-YES BANK-Ahmedabad - Bhuyangdev,0709-Ahmedabad - Bhuyangdev,Vengad.Eswaran@efsme.com,9036591904,9036591904,380061,Ahmedabad,Gujarat,"Sarvopari Complex, Bhuyangdev Cross Road, Bhuyangdev, Ahmedabad, Gujarat - 380061.",,Vangad Eswaran,Vangad-0709,Vangad_eswaran@1037,
EFS-YES BANK,EFS-YES BANK-Visakhapatnam - MVP Colony,0710-Visakhapatnam - MVP Colony,Vengad.Eswaran@efsme.com,9036591904,9036591904,530017,Visakhapatnam,Andhra Pradesh,"Ground Floor, House No. Mig – 76/3, S. No.32, M V P Colony, Vishakhapatnam (Vizag) - 530017",,Vangad Eswaran,Vangad-0710,Vangad_eswaran@1037,
EFS-YES BANK,EFS-YES BANK-Agra - Kamla Nagar,0711-Agra - Kamla Nagar,Vengad.Eswaran@efsme.com,9036591904,9036591904,282004,Agra,Uttar Pradesh,"Unit No. 6, Central Business Park, Kamla Nagar,  ,Agra, Uttar Pradesh, 282004",,Vangad Eswaran,Vangad-0711,Vangad_eswaran@1037,
EFS-YES BANK,EFS-YES BANK-Jaipur - Vidyadhar Nagar,0712-Jaipur - Vidyadhar Nagar,Vengad.Eswaran@efsme.com,9036591904,9036591904,302023,Jaipur,Rajasthan,"Ground Floor,Mezzanine And Basement G-1, 10 And 11 Shivshakti Paradise Vidyadhar Nagar Jaipur Rajasthan 302023",,Vangad Eswaran,Vangad-0712,Vangad_eswaran@1037,
EFS-YES BANK,EFS-YES BANK-Bangalore - Whitefield 2,0713-Bangalore - Whitefield 2,Vengad.Eswaran@efsme.com,9036591904,9036591904,560066,Bangalore,Karnataka,"Ground Floor, Bearing No.556, New Survey No. 28/2, Old Survey No. 28, Siddapura Village, Whitefield Main Road, Bangalore 560 066",,Vangad Eswaran,Vangad-0713,Vangad_eswaran@1037,
EFS-YES BANK,EFS-YES BANK-Rajkot - Bhakti Nagar,0714-Rajkot - Bhakti Nagar,Vengad.Eswaran@efsme.com,9036591904,9036591904,360002,Rajkot,Gujarat,"Shop No 1 And 2 Bhakti Nagar Road In Front Of Sbi,Bhaktinagar Rajkot Gujarat 360002",,Vangad Eswaran,Vangad-0714,Vangad_eswaran@1037,
EFS-YES BANK,EFS-YES BANK-Panchkula - Sector 20,0715-Panchkula - Sector 20,Vengad.Eswaran@efsme.com,9036591904,9036591904,134117,Panchkula,Haryana,"Ground Floor,  S.C.O No. 397, Sector 20, Urban Estate, Panchkula, Haryana - 134117",,Vangad Eswaran,Vangad-0715,Vangad_eswaran@1037,
EFS-YES BANK,EFS-YES BANK-Gurgaon - Sector 55,0716-Gurgaon - Sector 55,Vengad.Eswaran@efsme.com,9036591904,9036591904,122002,Gurgaon,Haryana,"Yes Bank Limited, Ground Floor & Basement, S.C.O - 103, Huda Market, Sector - 55, Gurgaon - 122 002, Haryana",,Vangad Eswaran,Vangad-0716,Vangad_eswaran@1037,
EFS-YES BANK,EFS-YES BANK-Delhi - Guru Harkishan Nagar,0717-Delhi - Guru Harkishan Nagar,Vengad.Eswaran@efsme.com,9036591904,9036591904,110087,New Delhi,Delhi,"Yes Bank Ltd , Ground Floor , Plot No M2, Guru Harkishan Nagar , New Delhi – 110087",,Vangad Eswaran,Vangad-0717,Vangad_eswaran@1037,
EFS-YES BANK,EFS-YES BANK-Chennai - Triplicane,0718-Chennai - Triplicane,Vengad.Eswaran@efsme.com,9036591904,9036591904,600005,Chennai,Tamil Nadu,"Yes Bank Ltd, Part Ground Floor 91, Hotel Himalaya Residency, Triplicane High Road, Triplicane, Chennai 600 005",,Vangad Eswaran,Vangad-0718,Vangad_eswaran@1037,
EFS-YES BANK,EFS-YES BANK-Visakhapatnam - NAD Junction,0719-Visakhapatnam - NAD Junction,Vengad.Eswaran@efsme.com,9036591904,9036591904,530027,Visakhapatnam,Andhra Pradesh,"Part Ground Floor, Periya Saraswati Complex, Butchi Rajupalem, Near Nad Junction, Vishakhapatnam – 530027",,Vangad Eswaran,Vangad-0719,Vangad_eswaran@1037,
EFS-YES BANK,EFS-YES BANK-Pune - Sahakar Nagar,0720-Pune - Sahakar Nagar,Vengad.Eswaran@efsme.com,9036591904,9036591904,411009,Pune,Maharashtra,"Shop No 15 To 18,Ruturang Apartment, Survey No 49/1, Off Satara Road, Aranyeshwer Corner , Pune, Maharashtra -411009",,Vangad Eswaran,Vangad-0720,Vangad_eswaran@1037,
EFS-YES BANK,EFS-YES BANK-Palwal,0722-Palwal,Vengad.Eswaran@efsme.com,9036591904,9036591904,121102,Palwal,Haryana,"Ground Floor, Om Building, No 6656, A/B/C Agra Chowk Palwal, Haryana, 121102",,Vangad Eswaran,Vangad-0722,Vangad_eswaran@1037,
EFS-YES BANK,EFS-YES BANK-Delhi - Peeragarhi,0723-Delhi - Peeragarhi,Vengad.Eswaran@efsme.com,9036591904,9036591904,110087,New Delhi,Delhi,"Yes Bank Ltd , Ground Floor , Plot No 10, Paschim Enclave , Peera Garhi Chowk , New Delhi – 110087",,Vangad Eswaran,Vangad-0723,Vangad_eswaran@1037,
EFS-YES BANK,EFS-YES BANK-Delhi - Priyadarshini Vihar,0724-Delhi - Priyadarshini Vihar,Vengad.Eswaran@efsme.com,9036591904,9036591904,110092,New Delhi,Delhi,"Ground Floor, A-15, Priyadarshini Vihar, Laxmi Nagar, Delhi -110092",,Vangad Eswaran,Vangad-0724,Vangad_eswaran@1037,
EFS-YES BANK,EFS-YES BANK-Sas Nagar ( Mohali) - Phase 10,0725-Sas Nagar ( Mohali) - Phase 10,Vengad.Eswaran@efsme.com,9036591904,9036591904,160062,Mohali,Punjab,"Gf, Scf N0-27, Phase-10, Urban Estate, Sas Nagar, Mohali, Punjab-160062",,Vangad Eswaran,Vangad-0725,Vangad_eswaran@1037,
EFS-YES BANK,EFS-YES BANK-Morbi,0726-Morbi,Vengad.Eswaran@efsme.com,9036591904,9036591904,363641,Morbi,Gujarat,"Radhe,G.Floor  Shanala Main Road Morbi Morbi Gujarat 363641",,Vangad Eswaran,Vangad-0726,Vangad_eswaran@1037,
EFS-YES BANK,EFS-YES BANK-Meerut - Delhi Road,0727-Meerut - Delhi Road,Vengad.Eswaran@efsme.com,9036591904,9036591904,250002,Meerut,Uttar Pradesh,"Ground Floor, Mc No. 123/7, Plot No. 73, Sri Ram Palace Colony, Delhi Road, Meerut , Up – 250002",,Vangad Eswaran,Vangad-0727,Vangad_eswaran@1037,
EFS-YES BANK,EFS-YES BANK-Pune - Wakad,0728-Pune - Wakad,Vengad.Eswaran@efsme.com,9036591904,9036591904,411057,Pune,Maharashtra,"Ground Floor, Office Number 1B,  Go Square, Survey Number 249/250/25 Wakad, Pune 411057",,Vangad Eswaran,Vangad-0728,Vangad_eswaran@1037,
EFS-YES BANK,EFS-YES BANK-Borivali - Yogi Nagar,0729-Borivali - Yogi Nagar,Vengad.Eswaran@efsme.com,9036591904,9036591904,400091,Greater Mumbai,Maharashtra,"Shop No 2 And 3 , Ground Floor, Sai Ashish Chs, Yogi Nagar, Borivali West, Mumbai 400091",,Vangad Eswaran,Vangad-0729,Vangad_eswaran@1037,
EFS-YES BANK,EFS-YES BANK-Coimbatore - Trichy Road,0730-Coimbatore - Trichy Road,Vengad.Eswaran@efsme.com,9036591904,9036591904,641018,Coimbatore,Tamil Nadu,"Part Ground Floor, Classic Towers, Door No. 1547, Trichy Road, Coimbatore - 641018, Tamilnadu.
",,Vangad Eswaran,Vangad-0730,Vangad_eswaran@1037,
EFS-YES BANK,EFS-YES BANK-Roorkee,0731-Roorkee,Vengad.Eswaran@efsme.com,9036591904,9036591904,247667,Roorkee,Uttarakhand,"Yes Bank Ltd, Gf- 113( 56), M. No. 38/1, Nehru Nagar, Dehradun Road, Po Roorkee, Dist. Haridwar, Uttrakhand Pin- 247667",,Vangad Eswaran,Vangad-0731,Vangad_eswaran@1037,
EFS-YES BANK,EFS-YES BANK-Chandigarh - Sector 37,0732-Chandigarh - Sector 37,Vengad.Eswaran@efsme.com,9036591904,9036591904,160036,Chandigarh,Chandigarh,"Ground Floor & Basement, Shop No.399, Sector-37 D, Chandigarh-160036",,Vangad Eswaran,Vangad-0732,Vangad_eswaran@1037,
EFS-YES BANK,EFS-YES BANK-Delhi - Tagore Park,0733-Delhi - Tagore Park,Vengad.Eswaran@efsme.com,9036591904,9036591904,110009,New Delhi,Delhi,"Plot No. 'O', Ground Floor, Shopping Centre, Tagore Park, New Delhi - 110009",,Vangad Eswaran,Vangad-0733,Vangad_eswaran@1037,
EFS-YES BANK,EFS-YES BANK-Greater Mumbai - Matunga,0735-Greater Mumbai - Matunga,Vengad.Eswaran@efsme.com,9036591904,9036591904,400019,Greater Mumbai,Maharashtra,"Shop No. 3, Pal Residency, Plot No.358, Bhandarkar Road, Matunga (Cr), Mumbai, Maharashtra; Pin: 400019.",,Vangad Eswaran,Vangad-0735,Vangad_eswaran@1037,
EFS-YES BANK,EFS-YES BANK-Noida - Sector 18,0736-Noida - Sector 18,Vengad.Eswaran@efsme.com,9036591904,9036591904,201301,Noida,Uttar Pradesh,"Ground Floor, E 2 &3/ K-69, Fortune Arcade, Sector-18, Noida, Uttar Pradesh-201301",,Vangad Eswaran,Vangad-0736,Vangad_eswaran@1037,
EFS-YES BANK,EFS-YES BANK-Bangalore - Mahalakshmi Metro Station,0737-Bangalore - Mahalakshmi Metro Station,Vengad.Eswaran@efsme.com,9036591904,9036591904,560086,Bangalore,Karnataka,"Part Ground Floor, R3/Mhli/Gl-E/1, Mahalakshmi Metro Station, Bangalore - 560086.",,Vangad Eswaran,Vangad-0737,Vangad_eswaran@1037,
EFS-YES BANK,EFS-YES BANK-Bangalore - Basaveshwara Nagar,0738-Bangalore - Basaveshwara Nagar,Vengad.Eswaran@efsme.com,9036591904,9036591904,560086,Bangalore,Karnataka,"Ground Floor, 330, ‘Savitri’, 3Rd Stage, 4Th Block, Wcr, Basaveshwara Nagar, Bangalore – 560086",,Vangad Eswaran,Vangad-0738,Vangad_eswaran@1037,
EFS-YES BANK,EFS-YES BANK-Nadiad,0739-Nadiad,Vengad.Eswaran@efsme.com,9036591904,9036591904,387001,Nadiad,Gujarat,"G-2, Sky- Tatva-1, Opposite Amba Ashram Mataji Mandir, Near Sales India, Uttarsanda Road, Nadiad, Gujarat – 387001.",,Vangad Eswaran,Vangad-0739,Vangad_eswaran@1037,
EFS-YES BANK,EFS-YES BANK-Mahape,0740-Mahape,Vengad.Eswaran@efsme.com,9036591904,9036591904,400710,Navi Mumbai,Maharashtra,"Shop No. G-02, “Technocity It Premises Co-Operative Society Limited”, Plot No. X 5/3, Technocity Ttc Industrial Area, Mahape, Navi Mumbai, Maharashtra - 400710",,Vangad Eswaran,Vangad-0740,Vangad_eswaran@1037,
EFS-YES BANK,EFS-YES BANK-Kasba Vadgaon,0741-Kasba Vadgaon,Vengad.Eswaran@efsme.com,9036591904,9036591904,416112,Kasba Vadgaon,Maharashtra,"Ground Floor, Survey No. 710/B/2, Market Yard Road, Kasba Vadgaon, Taluka: Hathkanangale, Dist: Kolhapur, Maharashtra. Pin: 416112",,Vangad Eswaran,Vangad-0741,Vangad_eswaran@1037,
EFS-YES BANK,EFS-YES BANK-Delhi - Defence Colony,0743-Delhi - Defence Colony,Vengad.Eswaran@efsme.com,9036591904,9036591904,110024,New Delhi,Delhi,B-58 Defence Colony  Delhi- 110024,,Vangad Eswaran,Vangad-0743,Vangad_eswaran@1037,
EFS-YES BANK,EFS-YES BANK-Kochi - Padivattom,0745-Kochi - Padivattom,Vengad.Eswaran@efsme.com,9036591904,9036591904,682024,Kochi,Kerala,"Ground Floor, ‘Saba Towers ’, Padivattom, Kochi – 682024 ",,Vangad Eswaran,Vangad-0745,Vangad_eswaran@1037,
EFS-YES BANK,EFS-YES BANK-Santacruz (W) - S V Road,0746-Santacruz (W) - S V Road,Vengad.Eswaran@efsme.com,9036591904,9036591904,400054,Greater Mumbai,Maharashtra,"Ground Floor, Shop Nos. 002 & 003, Sunder Ville Co-Op. Housing Soc. Ltd., Plot No. 19, Sv Road, Santacruz – West, Mumbai 400 054.",,Vangad Eswaran,Vangad-0746,Vangad_eswaran@1037,
EFS-YES BANK,EFS-YES BANK-Hyderabad - Himayat Nagar,0747-Hyderabad - Himayat Nagar,Vengad.Eswaran@efsme.com,9036591904,9036591904,500029,Hyderabad,Telangana,"Part Ground Floor, Thirumala Estates, Premises No. 3-6-261,262,262/1, Himayat Nagar, Hyderabad – 500029",,Vangad Eswaran,Vangad-0747,Vangad_eswaran@1037,
EFS-YES BANK,EFS-YES BANK-Haveri,0748-Haveri,Vengad.Eswaran@efsme.com,9036591904,9036591904,581110,Haveri,Karnataka,"Yes Bank Limited., Plot No.246/1, Neelanagoudu Complex Pb Road Haveri-581110",,Vangad Eswaran,Vangad-0748,Vangad_eswaran@1037,
EFS-YES BANK,EFS-YES BANK-Nagda,0750-Nagda,Vengad.Eswaran@efsme.com,9036591904,9036591904,456335,Nagda,Madhya Pradesh,"Ground Floor, Near Old Bridge, Kota Phatak, Nagda, District - Ujjain, Madhya Pradesh. 456335",,Vangad Eswaran,Vangad-0750,Vangad_eswaran@1037,
EFS-YES BANK,EFS-YES BANK-Manawar,0751-Manawar,Vengad.Eswaran@efsme.com,9036591904,9036591904,454446,Manawar,Madhya Pradesh,"Ground Floor, Halka No.7 (New) Old 26, Survey No. 359, Ward No. 1, Singhana Road, Manawar Disstt. Dhar Madhya Pradesh. Pin - 454446",,Vangad Eswaran,Vangad-0751,Vangad_eswaran@1037,
EFS-YES BANK,EFS-YES BANK-Karatgi,0753-Karatgi,Vengad.Eswaran@efsme.com,9036591904,9036591904,583229,Karatgi,Karnataka,"Part Ground Floor, Plot No: 1 To 4, Panchayath No : 4-1-27/2/1 To 4-1-27/2/4, Raichur – Gangavathi Main Road, Karatgi, Koppal, Karnataka Pin – 583229",,Vangad Eswaran,Vangad-0753,Vangad_eswaran@1037,
EFS-YES BANK,EFS-YES BANK-Koppal,0754-Koppal,Vengad.Eswaran@efsme.com,9036591904,9036591904,583231,Koppal,Karnataka,"Part Ground Floor, Plot No. 9, Mig 2Nd/9, Municipal New No. 7-2-269 (Old No. 7-2-158), Hudco Colony, Near Basaveshwar Circle, Hospet Road, Koppal, Karnataka. Pin – 583231.",,Vangad Eswaran,Vangad-0754,Vangad_eswaran@1037,
EFS-YES BANK,EFS-YES BANK-Yadgir,0755-Yadgir,Vengad.Eswaran@efsme.com,9036591904,9036591904,585201,Yadgir,Karnataka,Yes Bank Limited| Ground Floor| Plot No.46|S.No.395 Part|Chittapur Road |Yadgir |Karnataka - 585201,,Vangad Eswaran,Vangad-0755,Vangad_eswaran@1037,
EFS-YES BANK,EFS-YES BANK-Sindhunur,0756-Sindhunur,Vengad.Eswaran@efsme.com,9036591904,9036591904,584132,Sindhunur,Karnataka,"Part Ground Floor, Pa No. 6-1-1715/7B, Pid No. 32-2-20, Ward No. 17, Venkateshwara Nagar, Gangavathi Road, Sindhanur, Raichur, Karnataka. Pin – 584132
",,Vangad Eswaran,Vangad-0756,Vangad_eswaran@1037,
EFS-YES BANK,EFS-YES BANK-Gurgaon - Sector 22,0757-Gurgaon - Sector 22,Vengad.Eswaran@efsme.com,9036591904,9036591904,122015,Gurgaon,Haryana,"Sco 84, Huda Market, Sec 22, Gurgaon – 122015
",,Vangad Eswaran,Vangad-0757,Vangad_eswaran@1037,
EFS-YES BANK,EFS-YES BANK-Vita,0758-Vita,Vengad.Eswaran@efsme.com,9036591904,9036591904,415311,Vita,Maharashtra,"Shop No. 3033, Bhima Plaza, Survey No. 1032, Vita-Mayani Road, Vita, Dist: Sangli, Maharashtra – 415311.",,Vangad Eswaran,Vangad-0758,Vangad_eswaran@1037,
EFS-YES BANK,EFS-YES BANK-Kochi - Ravipuram,0759-Kochi - Ravipuram,Vengad.Eswaran@efsme.com,9036591904,9036591904,682016,Kochi,Kerala,"Part Ground Floor, Shema Building, Mg Road, Ravipuram, Kochi – 682016",,Vangad Eswaran,Vangad-0759,Vangad_eswaran@1037,
EFS-YES BANK,EFS-YES BANK-Dum Dum - Lake Town,0760-Dum Dum - Lake Town,Vengad.Eswaran@efsme.com,9036591904,9036591904,700089,Dum Dum,West Bengal,"Yes Bank Ltd. Ground Floor, P-901, Block - A, Lake Town, Kolkata - 700089, West Bengal",,Vangad Eswaran,Vangad-0760,Vangad_eswaran@1037,
EFS-YES BANK,EFS-YES BANK-Ludhiana - Model Town,0761-Ludhiana - Model Town,Vengad.Eswaran@efsme.com,9036591904,9036591904,141002,Ludhiana,Punjab,"Ground Floor, 528 R, Deep Hospital Road, Model Town, Ludhiana, Punjab – 141002",,Vangad Eswaran,Vangad-0761,Vangad_eswaran@1037,
EFS-YES BANK,EFS-YES BANK-Indore - Vijay Nagar,0762-Indore - Vijay Nagar,Vengad.Eswaran@efsme.com,9036591904,9036591904,452001,Indore,Madhya Pradesh,"Ground Floor, Hotel Mangal City, Scheme No 54, Vijay Nagar Circle, Indore-452001 ,  Madhya Pradesh, Indore, Madhya Pradesh-452001",,Vangad Eswaran,Vangad-0762,Vangad_eswaran@1037,
EFS-YES BANK,EFS-YES BANK-Umrane,0763-Umrane,Vengad.Eswaran@efsme.com,9036591904,9036591904,423110,Umrane,Maharashtra,"Ground Floor, “Pitru Chhaya”, Survey No. 983, Main Road, Near Bus Stand, Umrane, Taluka: Deola, District: Nasik, Maharashtra. Pin: 423110.",,Vangad Eswaran,Vangad-0763,Vangad_eswaran@1037,
EFS-YES BANK,EFS-YES BANK-Rajgarh (Dhar),0764-Rajgarh (Dhar),Vengad.Eswaran@efsme.com,9036591904,9036591904,454116,Rajgarh (Dhar),Madhya Pradesh,"Ground Floor, Ward No. 4, Chandrasekhar Marg, Rajgarh, Dhar, Madhya Pradesh. Pin - 454116",,Vangad Eswaran,Vangad-0764,Vangad_eswaran@1037,
EFS-YES BANK,EFS-YES BANK-Nashik - Ambad Road,0765-Nashik - Ambad Road,Vengad.Eswaran@efsme.com,9036591904,9036591904,422008,Nashik,Maharashtra,"Part Ground Floor, Sunil Annex, Plot Number 18, Kamatwade, Nashik: 422008",,Vangad Eswaran,Vangad-0765,Vangad_eswaran@1037,
EFS-YES BANK,EFS-YES BANK-Kareli,0766-Kareli,Vengad.Eswaran@efsme.com,9036591904,9036591904,487221,Kareli,Madhya Pradesh,"Ground Floor ,Khasra No.117/1,Patwarirajasva Nirikshak Mandal, Ram Ward Kareli,Dis-Narsingpur,Mp-487221 Narsingpur Madhya Pradesh   487221",,Vangad Eswaran,Vangad-0766,Vangad_eswaran@1037,
EFS-YES BANK,EFS-YES BANK-Bareli,0767-Bareli,Vengad.Eswaran@efsme.com,9036591904,9036591904,454568,Bareli,Madhya Pradesh,"Part Ground Floor In The Building Situated At Survey No. 368/1/1/2 , Tehsil Bareli Dist Raisen Madhya Pradesh-454568",,Vangad Eswaran,Vangad-0767,Vangad_eswaran@1037,
EFS-YES BANK,EFS-YES BANK-Mandalgarh,0768-Mandalgarh,Vengad.Eswaran@efsme.com,9036591904,9036591904,311604,Mandalgarh,Rajasthan,"Yes Bank Ltd, Ground Floor Plot No-1 A Court Road Mandalgarh Rajasthan 311604",,Vangad Eswaran,Vangad-0768,Vangad_eswaran@1037,
EFS-YES BANK,EFS-YES BANK-Manvi,0769-Manvi,Vengad.Eswaran@efsme.com,9036591904,9036591904,584123,Manvi,Karnataka,"Yes Bank Limited., Ground Floor, Plot Bearing No. 15-3-284 And 15-3-286, (Old No. 11-10-936), Distributory No. 85, Situated At Sindhanur Road, Manvi, District Raichur -Karnataka 584123",,Vangad Eswaran,Vangad-0769,Vangad_eswaran@1037,
EFS-YES BANK,EFS-YES BANK-Lingasugur,0770-Lingasugur,Vengad.Eswaran@efsme.com,9036591904,9036591904,841122,Lingasugur,Karnataka,2/12/ 369/12 Raichur Road  Lingasugur Karnataka 5841122,,Vangad Eswaran,Vangad-0770,Vangad_eswaran@1037,
EFS-YES BANK,EFS-YES BANK-Bhinder,0771-Bhinder,Vengad.Eswaran@efsme.com,9036591904,9036591904,313603,Bhinder,Rajasthan,"Ground Floor, Plot No.1, Railway Station Road, Bhinder, Rajasthan-313603",,Vangad Eswaran,Vangad-0771,Vangad_eswaran@1037,
EFS-YES BANK,EFS-YES BANK-Chomu,0772-Chomu,Vengad.Eswaran@efsme.com,9036591904,9036591904,303702,Chomu,Rajasthan,"Yes Bank Ltd,  Ground Floor,Ashoka Plaza Main Bus-Stand Chowki  Chomu Rajasthan 303702",,Vangad Eswaran,Vangad-0772,Vangad_eswaran@1037,
EFS-YES BANK,EFS-YES BANK-Kotputli,0773-Kotputli,Vengad.Eswaran@efsme.com,9036591904,9036591904,303108,Kotputli,Rajasthan,"Yes Bank Ltd,  Ground Floor,Plot No 17-20 Krishna Talkies Road  Kotputli Rajasthan 303108",,Vangad Eswaran,Vangad-0773,Vangad_eswaran@1037,
EFS-YES BANK,EFS-YES BANK-Jamner,0775-Jamner,Vengad.Eswaran@efsme.com,9036591904,9036591904,424206,Jamner,Maharashtra,"Ground Floor, 2359, Pachora Road, Jamner, Dist: Jalgaon, Maharashtra. Pin 424206.",,Vangad Eswaran,Vangad-0775,Vangad_eswaran@1037,
EFS-YES BANK,EFS-YES BANK-Ghodegaon,0776-Ghodegaon,Vengad.Eswaran@efsme.com,9036591904,9036591904,414607,Ghodegaon,Maharashtra,"Ground Floor, Final Plot No. 04/W, Gat No. 22/2/7, Ghodegaon-Rahuri Road, Ghodegaon, Taluka: Newasa, Dist: Ahmadnagar, Maharashtra. Pin: 414607",,Vangad Eswaran,Vangad-0776,Vangad_eswaran@1037,
EFS-YES BANK,EFS-YES BANK-Narsinghpur,0778-Narsinghpur,Vengad.Eswaran@efsme.com,9036591904,9036591904,487001,Narsinghpur,Madhya Pradesh,"Ground Floor, Ashirward Building, Main Road Sadar, Opp Assembly Hall,Narsinghpur 487001",,Vangad Eswaran,Vangad-0778,Vangad_eswaran@1037,
EFS-YES BANK,EFS-YES BANK-Bhogpur,0779-Bhogpur,Vengad.Eswaran@efsme.com,9036591904,9036591904,144201,Bhogpur,Punjab,"Gr. Floor, Ward No.7, G.T. Road, Bhogpur, Dist Jalandhar, Punjab - 144201.",,Vangad Eswaran,Vangad-0779,Vangad_eswaran@1037,
EFS-YES BANK,EFS-YES BANK-Shahkot,0780-Shahkot,Vengad.Eswaran@efsme.com,9036591904,9036591904,144702,Shahkot,Punjab,"Ground Floor, Gt Road, Opposite Capital Local Area Bank, Shahkot, Dist Jalandhar, Punjab -144702.",,Vangad Eswaran,Vangad-0780,Vangad_eswaran@1037,
EFS-YES BANK,EFS-YES BANK-Lasalgaon,0781-Lasalgaon,Vengad.Eswaran@efsme.com,9036591904,9036591904,422306,Lasalgaon,Maharashtra,"Ground Floor, “Sai Mauli”, H. No. 64/1, Cts No. 531, Village Lasalgaon, Taluka Niphad, Dist Nasik, Maharashra. Pin – 422306.",,Vangad Eswaran,Vangad-0781,Vangad_eswaran@1037,
EFS-YES BANK,EFS-YES BANK-Chikkodi,0782-Chikkodi,Vengad.Eswaran@efsme.com,9036591904,9036591904,591201,Chikkodi,Karnataka,"Part Ground Floor, ‘Anant Empire’, N.M. Road, Chikkodi, Belgaum, Karnataka. Pin – 591201
",,Vangad Eswaran,Vangad-0782,Vangad_eswaran@1037,
EFS-YES BANK,EFS-YES BANK-Fatehnagar,0783-Fatehnagar,Vengad.Eswaran@efsme.com,9036591904,9036591904,313205,Fatehnagar,Rajasthan,"Ground Floor, Plot At Ward No. 12, Fatehnagar, Udaipur, Rajasthan. Pin -313205.",,Vangad Eswaran,Vangad-0783,Vangad_eswaran@1037,
EFS-YES BANK,EFS-YES BANK-Surat - Adajan,0784-Surat - Adajan,Vengad.Eswaran@efsme.com,9036591904,9036591904,395009,Surat,Gujarat,"Shop No. 12A, 14 & 15, Ground Floor, Silver Point, Near Galaxy Circle, Pal- Adajan, Adajan, Surat, Gujarat. Pin – 395009",,Vangad Eswaran,Vangad-0784,Vangad_eswaran@1037,
EFS-YES BANK,EFS-YES BANK-Gurgaon - Sector 49,0785-Gurgaon - Sector 49,Vengad.Eswaran@efsme.com,9036591904,9036591904,122002,Gurgaon,Haryana,"Yes Bank Limited, Ground Floor, Shop No. 49, 50 & 52, Eros City Square, Rosewood City, Sector - 49, Gurgaon - 122 002, Haryana",,Vangad Eswaran,Vangad-0785,Vangad_eswaran@1037,
EFS-YES BANK,EFS-YES BANK-Kolkata - Dalhousie II,0786-Kolkata - Dalhousie II,Vengad.Eswaran@efsme.com,9036591904,9036591904,700001,Kolkata,West Bengal,"YES Bank Limited,16, N S Road, Bhandari House, Ground Floor, Kolkata - 700001",,Vangad Eswaran,Vangad-0786,Vangad_eswaran@1037,
EFS-YES BANK,EFS-YES BANK-Ladwa,0787-Ladwa,Vengad.Eswaran@efsme.com,9036591904,9036591904,136132,Ladwa,Haryana,"Ground Floor, Khasra no. 255 (3-17), village Ladwa, Sub-Tehsil Ladwa,  Hadbast No. 76, Distct. Kurukshetra Haryana - 136132",,Vangad Eswaran,Vangad-0787,Vangad_eswaran@1037,
EFS-YES BANK,EFS-YES BANK-Tigaon,0788-Tigaon,Vengad.Eswaran@efsme.com,9036591904,9036591904,121101,Tigaon,Haryana,"Ground Floor, Khasra no. 87//18/2/2/1/3 , Karoli more, Village Tigaon, Tehsil and Dist. Faridabad, Haryana – 121101.",,Vangad Eswaran,Vangad-0788,Vangad_eswaran@1037,
EFS-YES BANK,EFS-YES BANK-Kadi,0794-Kadi,Vengad.Eswaran@efsme.com,9036591904,9036591904,382715,Kadi,Gujarat,"Ground Floor, “Natraj House”, Survey No: 289/1, Plot No: 5, Highway Chaar Rasta, Opp. Kisan Petrol Pump, Taluka: Kadi, Sub District: Kadi Kasba Dist: Mahesana, Gujarat. Pin – 382715.",,Vangad Eswaran,Vangad-0794,Vangad_eswaran@1037,
EFS-YES BANK,EFS-YES BANK-Kolkata - Ballygunge,0795-Kolkata - Ballygunge,Vengad.Eswaran@efsme.com,9036591904,9036591904,700019,Kolkata,West Bengal,"Ground Floor, 45 Jhowtola Road, Ballygunge, Kolkata, West Bengal. Pin - 700019",,Vangad Eswaran,Vangad-0795,Vangad_eswaran@1037,
EFS-YES BANK,EFS-YES BANK-Ramganj Mandi,0796-Ramganj Mandi,Vengad.Eswaran@efsme.com,9036591904,9036591904,326519,Ramganj Mandi,Rajasthan,"Yes Bank Ltd, Ground Floor,Plot No A&B,Bazar No1,Ramganjmandi, 326519",,Vangad Eswaran,Vangad-0796,Vangad_eswaran@1037,
EFS-YES BANK,EFS-YES BANK-Farrukh Nagar,0798-Farrukh Nagar,Vengad.Eswaran@efsme.com,9036591904,9036591904,122506,Farrukh Nagar,Haryana,"Ground Floor, Khasra No. 130//1/2/2/3 , Ward No. 8, Near New Anaj Mandi, Wazirpur Road, Farrukh Nagar, Gurgaon , Haryana - 122506",,Vangad Eswaran,Vangad-0798,Vangad_eswaran@1037,
EFS-YES BANK,EFS-YES BANK-Samrala,0799-Samrala,Vengad.Eswaran@efsme.com,9036591904,9036591904,141114,Samrala,Punjab,"Ground Floor, Hadbast No. 127 At Khata No. 838/866, Comprised Under Khasra No. 65//1/3 (1-13) , Village & Tehsil Samrala, Distt. Ludhiana, Punjab-141114",,Vangad Eswaran,Vangad-0799,Vangad_eswaran@1037,
EFS-YES BANK,EFS-YES BANK-Delhi - Asaf Ali Road,0800-Delhi - Asaf Ali Road,Vengad.Eswaran@efsme.com,9036591904,9036591904,110002,New Delhi,Delhi,"Ground Floor, 4/11, Asaf Ali Road, New Delhi - 110002",,Vangad Eswaran,Vangad-0800,Vangad_eswaran@1037,
EFS-YES BANK,EFS-YES BANK-Mudhol,0811-Mudhol,Vengad.Eswaran@efsme.com,9036591904,9036591904,587313,Mudhol,Karnataka,"Part Ground Floor, Vishwanath Plaza, Ranna Circle, Lokapur Road, Mudhol, Bagalkot (District) – 587313",,Vangad Eswaran,Vangad-0811,Vangad_eswaran@1037,
EFS-YES BANK,EFS-YES BANK-Dholka,0813-Dholka,Vengad.Eswaran@efsme.com,9036591904,9036591904,382225,Dholka,Gujarat,"Shop No. 21, 22 & 23, Ground Floor, “Tirth Complex”, Survey No.1998/2, Khata No: 5042, Adjacent To Poonam Society On Kheda - Bagodra Highway, Near Apmc Market, Dholka, Ahmedabad, Gujarat. Pin – 382225",,Vangad Eswaran,Vangad-0813,Vangad_eswaran@1037,
EFS-YES BANK,EFS-YES BANK-Visnagar,0814-Visnagar,Vengad.Eswaran@efsme.com,9036591904,9036591904,384315,Visnagar,Gujarat,"Ground Floor, Plot No. 42 Paikki, Apmc Visnagar Market Yard, Mouje Visnagar Kasba, Visnagar, Mahesana, Gujarat. Pin – 384315.",,Vangad Eswaran,Vangad-0814,Vangad_eswaran@1037,
EFS-YES BANK,EFS-YES BANK-Sausar,0815-Sausar,Vengad.Eswaran@efsme.com,9036591904,9036591904,480106,Sausar,Madhya Pradesh,"Ground Floor, Kh. Nos. 629/1/6 And 629/1/27, P. H. No 9 Mouza – Sausar, Tehsil Sausar District – Chindwara, Madhya Pradesh - 480106",,Vangad Eswaran,Vangad-0815,Vangad_eswaran@1037,
EFS-YES BANK,EFS-YES BANK-Pandhurna,0816-Pandhurna,Vengad.Eswaran@efsme.com,9036591904,9036591904,480334,Pandhurna,Madhya Pradesh,"Ground Floor, P No 53, Ward No 27 A, Station Road, Pandurna, Chhindwara, Madhya Pradesh. Pin - 480334  .",,Vangad Eswaran,Vangad-0816,Vangad_eswaran@1037,
EFS-YES BANK,EFS-YES BANK-Hyderabad - Ramanthapur,0817-Hyderabad - Ramanthapur,Vengad.Eswaran@efsme.com,9036591904,9036591904,500007,Hyderabad,Telangana,"Part Ground Floor, Aarini Arcade, Pragati Nagar, Ramanthapur, Hyderabad – 500007",,Vangad Eswaran,Vangad-0817,Vangad_eswaran@1037,
EFS-YES BANK,EFS-YES BANK-Taj Nagar,0819-Taj Nagar,Vengad.Eswaran@efsme.com,9036591904,9036591904,122503,Taj Nagar,Haryana,"Ground Floor, Yadav Complex, Khasra No. 48//16/2, 17/1, 25/1; 47//21/2, 22; 55//5/1, 6 And 56//1/2, Village- Taj Nagar, Tehsil- Farukh Nagar & District Gurgaon, Haryana -122503",,Vangad Eswaran,Vangad-0819,Vangad_eswaran@1037,
EFS-YES BANK,EFS-YES BANK-Madlauda,0820-Madlauda,Vengad.Eswaran@efsme.com,9036591904,9036591904,132113,Madlauda,Haryana,Near Hdfc Bank Ltd. Kavi Road Madlauda Distt. Panipat -132113,,Vangad Eswaran,Vangad-0820,Vangad_eswaran@1037,
EFS-YES BANK,EFS-YES BANK-Dehgam,0821-Dehgam,Vengad.Eswaran@efsme.com,9036591904,9036591904,382305,Dehgam,Gujarat,"Part Ground Floor, “Jalaram Timber”, Survey No.4367 Of Mouje Dehgam, Naroda - Dehgam Road, Dehgam, Gandhinagar, Gujarat. Pin – 382305.",,Vangad Eswaran,Vangad-0821,Vangad_eswaran@1037,
EFS-YES BANK,EFS-YES BANK-Amalner,0822-Amalner,Vengad.Eswaran@efsme.com,9036591904,9036591904,425401,Amalner,Maharashtra,"Gr. Floor, T.P. No.51/7, Maharana Pratap Marg, Amalner, Dist Jalgaon - 425401",,Vangad Eswaran,Vangad-0822,Vangad_eswaran@1037,
EFS-YES BANK,EFS-YES BANK-Jamkhandi,0823-Jamkhandi,Vengad.Eswaran@efsme.com,9036591904,9036591904,587301,Jamkhandi,Karnataka,Ground And First Floor 1889/A1 Umarameshwar Compound Jamkhandi 587301,,Vangad Eswaran,Vangad-0823,Vangad_eswaran@1037,
EFS-YES BANK,EFS-YES BANK-Shahbad,0824-Shahbad,Vengad.Eswaran@efsme.com,9036591904,9036591904,241124,Shahbad,Haryana,"Ground Floor, Hadbast No. 253Marked As Hsmcw07-109, Ward No. 10 Ladwa Road, Shahbad, District Kuruk , 241124",,Vangad Eswaran,Vangad-0824,Vangad_eswaran@1037,
EFS-YES BANK,EFS-YES BANK-Jaitaran,0827-Jaitaran,Vengad.Eswaran@efsme.com,9036591904,9036591904,306303,Jaitaran,Rajasthan,"Ramdev Plaza, 17 Nimaj Road, Jaitaran, Rajasthan- 306303",,Vangad Eswaran,Vangad-0827,Vangad_eswaran@1037,
EFS-YES BANK,EFS-YES BANK-Sojat Road,0828-Sojat Road,Vengad.Eswaran@efsme.com,9036591904,9036591904,306103,Sojat Road,Rajasthan,"Plot No 14, Maharana Pratap Circle, Fulad Road, Sojat Road, Rajasthan - 306103",,Vangad Eswaran,Vangad-0828,Vangad_eswaran@1037,
EFS-YES BANK,EFS-YES BANK-Pehowa,0829-Pehowa,Vengad.Eswaran@efsme.com,9036591904,9036591904,136128,Pehowa,Haryana,"Ground Flr, Property No. 0152/0154 Hadbast No.41, Ward No.11 Nand Colony No.1 Kaithal Rd Pehowa , 136128",,Vangad Eswaran,Vangad-0829,Vangad_eswaran@1037,
EFS-YES BANK,EFS-YES BANK-Nabha,0830-Nabha,Vengad.Eswaran@efsme.com,9036591904,9036591904,147201,Nabha,Punjab,"Ground Floor, Khata No. 2270/3318, Khasra No. 153/19, Village & Tehsil - Nabha, District Patiala, Punjab. Pin – 147201.",,Vangad Eswaran,Vangad-0830,Vangad_eswaran@1037,
EFS-YES BANK,EFS-YES BANK-Bhawani Mandi,0831-Bhawani Mandi,Vengad.Eswaran@efsme.com,9036591904,9036591904,326502,Bhawani Mandi,Rajasthan,"Yes Bank Ltd, Near Sbbj Bank, Nehru Park Circle, Bhawanimandi,Jhalawar, Rajasthan, 326502",,Vangad Eswaran,Vangad-0831,Vangad_eswaran@1037,
EFS-YES BANK,EFS-YES BANK-Lalsot,0836-Lalsot,Vengad.Eswaran@efsme.com,9036591904,9036591904,303503,Lalsot,Rajasthan,"Jain Nasiya Ke Paas, Gangapur Road Lalsot, Rajasthan-303503",,Vangad Eswaran,Vangad-0836,Vangad_eswaran@1037,
EFS-YES BANK,EFS-YES BANK-Indapur,0837-Indapur,Vengad.Eswaran@efsme.com,9036591904,9036591904,413106,Indapur,Maharashtra,"Ghar No. 125, Plot No. 9/3/B, Municipal Council Ward No. 9, At Post – Ambicanagar, Indapur, Taluka- Indapur, Dist. Pune, Maharashtra. Pin: 413106",,Vangad Eswaran,Vangad-0837,Vangad_eswaran@1037,
EFS-YES BANK,EFS-YES BANK-Kudal,0838-Kudal,Vengad.Eswaran@efsme.com,9036591904,9036591904,416520,Kudal,Maharashtra,Ground Floor Krishn Rajani Venue Kudal Malvan Road Ganesh Nagar Kudal 416520,,Vangad Eswaran,Vangad-0838,Vangad_eswaran@1037,
EFS-YES BANK,EFS-YES BANK-Udaipurvati,0839-Udaipurvati,Vengad.Eswaran@efsme.com,9036591904,9036591904,333307,Udaipurvati,Rajasthan,"Yes Bank Ltd,  Jhunjhunu Road Front Of New Sabji Mandi Udaipur Wati Udaipur Wati Rajasthan 333307",,Vangad Eswaran,Vangad-0839,Vangad_eswaran@1037,
EFS-YES BANK,EFS-YES BANK-Gurgaon - Sohna Road,0840-Gurgaon - Sohna Road,Vengad.Eswaran@efsme.com,9036591904,9036591904,122001,Gurgaon,Haryana,"Shop No 19,20 And 21 Ground Floor,  Jmd Galleria, Sohna Road, Gurgaon, Haryana 122001",,Vangad Eswaran,Vangad-0840,Vangad_eswaran@1037,
EFS-YES BANK,EFS-YES BANK-Surat - Sahara Darwaza,0841-Surat - Sahara Darwaza,Vengad.Eswaran@efsme.com,9036591904,9036591904,395003,Surat,Gujarat,"Shop No.9 & 10, Orbit Towers, Opp. Apmc Market, Near Sahara Darwazaa, Ring Road, Surat Gujarat - 395003.",,Vangad Eswaran,Vangad-0841,Vangad_eswaran@1037,
EFS-YES BANK,EFS-YES BANK-Ahmedabad - Naroda,0842-Ahmedabad - Naroda,Vengad.Eswaran@efsme.com,9036591904,9036591904,382330,Ahmedabad,Gujarat,"Shop No :- Krishna Arcade, Shop No. 5, Plot No. Cm-10, Near Telephone Exchange, G.I.D.C. , Naroda, Ahmedabad - 382330",,Vangad Eswaran,Vangad-0842,Vangad_eswaran@1037,
EFS-YES BANK,EFS-YES BANK-Amritsar - Ranjit Avenue,0844-Amritsar - Ranjit Avenue,Vengad.Eswaran@efsme.com,9036591904,9036591904,143001,Amritsar,Punjab,"Ground Floor , Sco -35, Ranjit Avenue Amritsar Punjab-143001",,Vangad Eswaran,Vangad-0844,Vangad_eswaran@1037,
EFS-YES BANK,EFS-YES BANK-Mahalingpur,0845-Mahalingpur,Vengad.Eswaran@efsme.com,9036591904,9036591904,587312,Mahalingpur,Karnataka,"Part Ground Floor, 1689 /96,Bank Steet Apmc  Road,Mahalingapur - 587312",,Vangad Eswaran,Vangad-0845,Vangad_eswaran@1037,
EFS-YES BANK,EFS-YES BANK-Parner,0847-Parner,Vengad.Eswaran@efsme.com,9036591904,9036591904,414302,Parner,Maharashtra,"Shiv Pushpa Building, City Survey No. 1712, House No. 506, Parner, District – Ahmednagar, Maharashtra. Pin: 414302",,Vangad Eswaran,Vangad-0847,Vangad_eswaran@1037,
EFS-YES BANK,EFS-YES BANK-Srigonda,0848-Srigonda,Vengad.Eswaran@efsme.com,9036591904,9036591904,413701,Srigonda,Maharashtra,"City Survey No. 2396/1, Shrigondha, District – Ahmadnagar, Maharashtra. Pin: 413701",,Vangad Eswaran,Vangad-0848,Vangad_eswaran@1037,
EFS-YES BANK,EFS-YES BANK-Borsad,0849-Borsad,Vengad.Eswaran@efsme.com,9036591904,9036591904,388540,Borsad,Gujarat,"Shop No. 29 - 33, Ground Floor, “Bhaishree Mall”, Opp. Telephone  Exchange , Survey No: 1688, Borsad, Dist. Anand, Gujarat. Pin: 388540.",,Vangad Eswaran,Vangad-0849,Vangad_eswaran@1037,
EFS-YES BANK,EFS-YES BANK-Daund,0856-Daund,Vengad.Eswaran@efsme.com,9036591904,9036591904,413801,Daund,Maharashtra,"Shop No. 2, Swapna Samrat Building, Plot Nos. 17,18,22 & 23, Daund, Dist: Pune, Maharashtra; Pin – 413801.",,Vangad Eswaran,Vangad-0856,Vangad_eswaran@1037,
EFS-YES BANK,EFS-YES BANK-Sangrur,0857-Sangrur,Vengad.Eswaran@efsme.com,9036591904,9036591904,148001,Sangrur,Punjab,"Ground Floor & Basement, S.C.F-26, Kaula Park, Village & Tehsil Sangrur, District Sangrur, Punjab-148001",,Vangad Eswaran,Vangad-0857,Vangad_eswaran@1037,
EFS-YES BANK,EFS-YES BANK-Raver,0858-Raver,Vengad.Eswaran@efsme.com,9036591904,9036591904,425504,Raver,Maharashtra,"Shop No. 3&4,Ground Floor,Plot No. 9 Cts 2259/60, Station Road,Raver, Jalgaon Maharashtra-425504.",,Vangad Eswaran,Vangad-0858,Vangad_eswaran@1037,
EFS-YES BANK,EFS-YES BANK-Hukkeri,0859-Hukkeri,Vengad.Eswaran@efsme.com,9036591904,9036591904,591309,Hukkeri,Karnataka,"Yes Bank Ltd. Part Ground Floor, Kamal Complex, Cts No. 2399/1, Main Road Hukkeri, Belgaum - 591309",,Vangad Eswaran,Vangad-0859,Vangad_eswaran@1037,
EFS-YES BANK,EFS-YES BANK-Waki Khurd,0860-Waki Khurd,Vengad.Eswaran@efsme.com,9036591904,9036591904,410501,Waki Khurd,Maharashtra,"Gr. Floor, Property No. 442, Gat No.143, Village - Waki Khurd, Taluka – Khed, Dist: Pune, Maharashtra; Pin – 410501.",,Vangad Eswaran,Vangad-0860,Vangad_eswaran@1037,
EFS-YES BANK,EFS-YES BANK-Junnar,0861-Junnar,Vengad.Eswaran@efsme.com,9036591904,9036591904,410502,Junnar,Maharashtra,"Gr. Floor, Shop No. 4 & 5, Sai Darshan Residency Building, Plot No.3, Cts No.5189, Junnar, Taluka – Junnar, Dist: Pune, Maharashtra: Pin – 410502",,Vangad Eswaran,Vangad-0861,Vangad_eswaran@1037,
EFS-YES BANK,EFS-YES BANK-Shahapur,0865-Shahapur,Vengad.Eswaran@efsme.com,9036591904,9036591904,585223,Shahapur,Karnataka,"Part Grd Flr,Plots No 64/06 64/30Old No. 10-85(72), B.B. Roadshahapur, Karnataka- 585223Shahapurkarnataka585223",,Vangad Eswaran,Vangad-0865,Vangad_eswaran@1037,
EFS-YES BANK,EFS-YES BANK-Sohna,0867-Sohna,Vengad.Eswaran@efsme.com,9036591904,9036591904,122013,Sohna,Haryana,"Upper Grnd Flr   Mustatil No  219, Killa No17-3,7 15  Ward No 5, Shiv Colony Sohna, Gurgaon 122013 Haryana",,Vangad Eswaran,Vangad-0867,Vangad_eswaran@1037,
EFS-YES BANK,EFS-YES BANK-Dhariwal,0868-Dhariwal,Vengad.Eswaran@efsme.com,9036591904,9036591904,143519,Dhariwal,Punjab,"Ground Floor, Khasra No. 423/2/2 (0-6), 423/2/3(0-9),423/2/4(0-18) Situated At G.T Road, Dhariwal, District Gurdaspur , Punjab-143519",,Vangad Eswaran,Vangad-0868,Vangad_eswaran@1037,
EFS-YES BANK,EFS-YES BANK-Assandh,0869-Assandh,Vengad.Eswaran@efsme.com,9036591904,9036591904,132039,Assandh,Haryana,"Ground Floor, Khasra No. 1372/3 , 1372/1(0-1) & 1372/3(0-2), Village Assandh, Tehsil – Assandh,Pin - 132039, Hadbast No. 84, Distt. Karnal, Haryana",,Vangad Eswaran,Vangad-0869,Vangad_eswaran@1037,
EFS-YES BANK,EFS-YES BANK-Punjabi Bagh II,0870-Punjabi Bagh II,Vengad.Eswaran@efsme.com,9036591904,9036591904,110026,New Delhi,Delhi,"Yes Bank Ltd Ground Floor, Plot No-33 , North West Avenue Road, Punjabi Bagh, New Delhi-110026",,Vangad Eswaran,Vangad-0870,Vangad_eswaran@1037,
EFS-YES BANK,EFS-YES BANK-Jaysinghpur,0871-Jaysinghpur,Vengad.Eswaran@efsme.com,9036591904,9036591904,416101,Jaysinghpur,Maharashtra,"Plot No. 234, Station Road, Galli No. 8, Jaysinghpur, Taluka: Shirol, Dist: Kolhapur, Maharashtra; Pin: 416101",,Vangad Eswaran,Vangad-0871,Vangad_eswaran@1037,
EFS-YES BANK,EFS-YES BANK-Uruli Kanchan,0873-Uruli Kanchan,Vengad.Eswaran@efsme.com,9036591904,9036591904,412202,Uruli Kanchan,Maharashtra,Shop No2 Uppr Grnd Flr Vaibhav Compgat No 1001 At Vill Uruli Kanchantal: Haveli Pune-412202 Maharashtrapunemaharashtra412202,,Vangad Eswaran,Vangad-0873,Vangad_eswaran@1037,
EFS-YES BANK,EFS-YES BANK-Sasvad,0878-Sasvad,Vengad.Eswaran@efsme.com,9036591904,9036591904,412301,Sasvad,Maharashtra,"Shop No.1,2,3, Ground Floor, , Situated At Village Saswad S.No.1470, Taluka Purandar, District Pune, Maharashtra: Pin- 412 301",,Vangad Eswaran,Vangad-0878,Vangad_eswaran@1037,
EFS-YES BANK,EFS-YES BANK-Falna,0883-Falna,Vengad.Eswaran@efsme.com,9036591904,9036591904,306116,Falna,Rajasthan,"Ground Floor, Ward No.9, Opposite Pnb Bank, Bali Falna Road, Falna, Dist Pali, Rajasthan -306116",,Vangad Eswaran,Vangad-0883,Vangad_eswaran@1037,
EFS-YES BANK,EFS-YES BANK-Rani,0884-Rani,Vengad.Eswaran@efsme.com,9036591904,9036591904,306115,Rani,Rajasthan,"Ground floor, House nos 514/4, Kenpura Road, Rani, District: Pali, Rajasthan, Pin : 306115",,Vangad Eswaran,Vangad-0884,Vangad_eswaran@1037,
EFS-YES BANK,EFS-YES BANK-Kagal,0887-Kagal,Vengad.Eswaran@efsme.com,9036591904,9036591904,416216,Kagal,Maharashtra,"Ground Floor, C.T.S. No. 533/2/B, Sangao Ring Road,  A/P: Kagal, T: Kagal, Dist: Kolhapur, Maharashtra; Pin: 416216 ",,Vangad Eswaran,Vangad-0887,Vangad_eswaran@1037,
EFS-YES BANK,EFS-YES BANK-Sunam,0890-Sunam,Vengad.Eswaran@efsme.com,9036591904,9036591904,148028,Sunam,Punjab,Mata Modi Road Near Laxmi Palace Opposite Dawwat Resturent Sunam Punjab 148028,,Vangad Eswaran,Vangad-0890,Vangad_eswaran@1037,
EFS-YES BANK,EFS-YES BANK-Sirhind,0891-Sirhind,Vengad.Eswaran@efsme.com,9036591904,9036591904,140406,Sirhind,Punjab,"Ground Floor, Khata No. 87/114, 86, Comprised Under Khasra No. 44//24/2 Min (0-17), Situated At Village Sirhind, Tehsil & District Fathegarh Sahib, Punjab-140406.",,Vangad Eswaran,Vangad-0891,Vangad_eswaran@1037,
EFS-YES BANK,EFS-YES BANK-Doraha,0892-Doraha,Vengad.Eswaran@efsme.com,9036591904,9036591904,141421,Doraha,Punjab,"Ground Floor, Khata No. 465/470, Comprised Under Khasra No. 1130/2 (2-4), Situated At Village Hadencha, Tehsil Payal , Doraha , District Ludhiana, Punjab- 141421.",,Vangad Eswaran,Vangad-0892,Vangad_eswaran@1037,
EFS-YES BANK,EFS-YES BANK-Jagraon,0893-Jagraon,Vengad.Eswaran@efsme.com,9036591904,9036591904,142026,Jagraon,Punjab,"Ground Floor, Khata No. 119/1236, 1237/1238, Khasra No. 600 Min (11-18), 600 Min (5-6), 601 Min (0-14), 601 Min (6-0) Situated At Village Agarwar Gujra 1, Tehsil Jagraon, District Ludhiana, Punjab-142026 .",,Vangad Eswaran,Vangad-0893,Vangad_eswaran@1037,
EFS-YES BANK,EFS-YES BANK-Malpura,0896-Malpura,Vengad.Eswaran@efsme.com,9036591904,9036591904,304502,Malpura,Rajasthan,"Gf, Kumawat Bhawan, Ward No-1,  Shop No  1   2   3, Bus Stand   Malpura, Khasra No-1470, Near Sbbj, Malpura-304502, ",,Vangad Eswaran,Vangad-0896,Vangad_eswaran@1037,
EFS-YES BANK,EFS-YES BANK-Shahpura (Jaipur),0897-Shahpura (Jaipur),Vengad.Eswaran@efsme.com,9036591904,9036591904,303103,Shahpura (Jaipur),Rajasthan,"Yes Bank Ltd.,Ground Flr,Ward No.12,Old Bus, Patta No.523,524,525,Pipalya Tiraya,Shahpura, Jaipur -303103",,Vangad Eswaran,Vangad-0897,Vangad_eswaran@1037,
EFS-YES BANK,EFS-YES BANK-Nilokheri,0898-Nilokheri,Vengad.Eswaran@efsme.com,9036591904,9036591904,132117,Nilokheri,Haryana,"Yes Bank Ltd , Ground Floor , Shop No 22, Near Anaj Mandi, Neel Nagar, Nilokheri, Karnal 132117",,Vangad Eswaran,Vangad-0898,Vangad_eswaran@1037,
EFS-YES BANK,EFS-YES BANK-Mahad,0902-Mahad,Vengad.Eswaran@efsme.com,9036591904,9036591904,402301,Mahad,Maharashtra,"Shop Nos 1 &2, Ground Floor, Wing ""A"" Survey No. 166/B, C.T.S. No. 24 18, Tambad Bhavan , Mahad, District Raigad, 402 301",,Vangad Eswaran,Vangad-0902,Vangad_eswaran@1037,
EFS-YES BANK,EFS-YES BANK-Kekri,0910-Kekri,Vengad.Eswaran@efsme.com,9036591904,9036591904,305404,Kekri,Rajasthan,"Yes Bank Ltd, Ground Floor Patta No 56 Singhal Palace, Dande Ke Raste Ki Gali Jaipur Road, Kekri - 305404",,Vangad Eswaran,Vangad-0910,Vangad_eswaran@1037,
EFS-YES BANK,EFS-YES BANK-Bhawanigarh,0911-Bhawanigarh,Vengad.Eswaran@efsme.com,9036591904,9036591904,148026,Bhawanigarh,Punjab,"Yes Bank Ltd Ground Floor, S.C.F No-2, New Mandi Township ( New Grain Market), Bhawanigarh, District Sangrur, Punjab-148026",,Vangad Eswaran,Vangad-0911,Vangad_eswaran@1037,
EFS-YES BANK,EFS-YES BANK-Jaipur - Pratap Nagar,0912-Jaipur - Pratap Nagar,Vengad.Eswaran@efsme.com,9036591904,9036591904,302033,Jaipur,Rajasthan,"Ground Floor & Basement, Commercial Plot No.-08/Sp-51,Sector 8, Pratap Nagar,Sanganeer,Jaipur-302033",,Vangad Eswaran,Vangad-0912,Vangad_eswaran@1037,
EFS-YES BANK,EFS-YES BANK-Nawalgarh,0913-Nawalgarh,Vengad.Eswaran@efsme.com,9036591904,9036591904,333042,Nawalgarh,Rajasthan,"Yes Bank Ltd, Khasra No 2439 Navalgarh Dist  Jhunjhunu  Jhunjhunu Rajasthan 333042",,Vangad Eswaran,Vangad-0913,Vangad_eswaran@1037,
EFS-YES BANK,EFS-YES BANK-Palus,0914-Palus,Vengad.Eswaran@efsme.com,9036591904,9036591904,416310,Palus,Maharashtra,Grnd Flr  Aayush House No 1227 C T S No 1095 Palus Sangli- 416310 Maharashtra,,Vangad Eswaran,Vangad-0914,Vangad_eswaran@1037,
EFS-YES BANK,EFS-YES BANK-Shevgaon,0915-Shevgaon,Vengad.Eswaran@efsme.com,9036591904,9036591904,414502,Shevgaon,Maharashtra,"Ground Floor , Kaka Niwas,House No 1804, Shastry Nagar, Miri Road, Shevgoan, Ahmednagar ,Maharastra 414502",,Vangad Eswaran,Vangad-0915,Vangad_eswaran@1037,
EFS-YES BANK,EFS-YES BANK-Sangamner,0916-Sangamner,Vengad.Eswaran@efsme.com,9036591904,9036591904,422605,Sangamner,Maharashtra,"Ground Floor , S. No 151, New Nagar Road, Opp Bus Stand, Sangamner, Ahmednagar ,Maharastra 422605  ",,Vangad Eswaran,Vangad-0916,Vangad_eswaran@1037,
EFS-YES BANK,EFS-YES BANK-Tasgaon,0917-Tasgaon,Vengad.Eswaran@efsme.com,9036591904,9036591904,416312,Tasgaon,Maharashtra,"Ground Floor, Mangalmrty House No 27/42/43A, Cts No. 2742 & 2743, Tasgaon, District Sangli 416312",,Vangad Eswaran,Vangad-0917,Vangad_eswaran@1037,
EFS-YES BANK,EFS-YES BANK-Bangalore - Old Airport Road,0918-Bangalore - Old Airport Road,Vengad.Eswaran@efsme.com,9036591904,9036591904,560008,Bangalore,Karnataka,"Unit No.004, Ground Floor,Old Airport Road, Kodihalli,Bangalore - 560 008
",,Vangad Eswaran,Vangad-0918,Vangad_eswaran@1037,
EFS-YES BANK,EFS-YES BANK-Yaval,0919-Yaval,Vengad.Eswaran@efsme.com,9036591904,9036591904,425302,Yaval,Maharashtra,"Part Gr. Floor, Plot No.17, Phalak Nagar, Bhusawal Road, Yawal, Dist Jalgaon - 425302",,Vangad Eswaran,Vangad-0919,Vangad_eswaran@1037,
EFS-YES BANK,EFS-YES BANK-Vadgaon,0920-Vadgaon,Vengad.Eswaran@efsme.com,9036591904,9036591904,412106,Vadgaon,Maharashtra,Grnd Flr Shop Bearing Nos  37 To 39 Shanti Deep Complex Wadgaon Mavalpune-412106 Maharashtra,,Vangad Eswaran,Vangad-0920,Vangad_eswaran@1037,
EFS-YES BANK,EFS-YES BANK-Shirur,0921-Shirur,Vengad.Eswaran@efsme.com,9036591904,9036591904,412210,Shirur,Maharashtra,"Yes Bank Ltd,Shop Num 1 & 2, Sai Business Court ,Surajnagar,Pune Nagar Road,Shirur,Tal Shirur,Dist Pune,Maharashtra,Pin 412210",,Vangad Eswaran,Vangad-0921,Vangad_eswaran@1037,
EFS-YES BANK,EFS-YES BANK-Old Panvel,0923-Old Panvel,Vengad.Eswaran@efsme.com,9036591904,9036591904,410206,Panvel,Maharashtra,"Branch Name : Shop No. 2,3,4,5 And 6, Ground Floor, Sai Sneh Chs Ltd., Plot No. 230/1, Behind Mtnl Building, Old Panvel, Raigad, Maharashtra. Pin – 410 206",,Vangad Eswaran,Vangad-0923,Vangad_eswaran@1037,
EFS-YES BANK,EFS-YES BANK-Bangalore - Gandhi Bazaar,0924-Bangalore - Gandhi Bazaar,Vengad.Eswaran@efsme.com,9036591904,9036591904,560004,Bangalore,Karnataka,"No 185 Ground Floor Srirangam Gandhi Bazaar Main Road, Bangalore Karnataka - 560004 Bangalore Karnataka 560004",,Vangad Eswaran,Vangad-0924,Vangad_eswaran@1037,
EFS-YES BANK,EFS-YES BANK-Chennai - Mount Road,0925-Chennai - Mount Road,Vengad.Eswaran@efsme.com,9036591904,9036591904,600002,Chennai,Tamil Nadu,"Yes Bank Ltd, Part Of Ground Floor, Door No. 225/3, Old No. 167, Mount Road, Chennai - 600002.",,Vangad Eswaran,Vangad-0925,Vangad_eswaran@1037,
EFS-YES BANK,EFS-YES BANK-KOTHAPET,0926-KOTHAPET,Vengad.Eswaran@efsme.com,9036591904,9036591904,500035,Hyderabad,Telangana,"Part Ground Floor, Sreshta Platinum,Lb Nagar Main Road, Kothapet,Hyderabad – 500 035
",,Vangad Eswaran,Vangad-0926,Vangad_eswaran@1037,
EFS-YES BANK,EFS-YES BANK-Chennai - Sowcarpet,0927-Chennai - Sowcarpet,Vengad.Eswaran@efsme.com,9036591904,9036591904,600079,Chennai,Tamil Nadu,"Yes Bank Ltd , Ground Floor, 377, Mint Street, Sowcarpet, Chennai - 600079",,Vangad Eswaran,Vangad-0927,Vangad_eswaran@1037,
EFS-YES BANK,EFS-YES BANK-Greater Mumbai - Vikhroli West,0928-Greater Mumbai - Vikhroli West,Vengad.Eswaran@efsme.com,9036591904,9036591904,400083,Greater Mumbai,Maharashtra,"Yes Bank Ltd. Ground Floor, Shop No.2, Ganga House, Plot  No.110, Lbs Marg, Vikhroli – West, Mumbai, Maharashtra, Pin - 400 083",,Vangad Eswaran,Vangad-0928,Vangad_eswaran@1037,
EFS-YES BANK,EFS-YES BANK-Surat - Udhna Darwaza,0929-Surat - Udhna Darwaza,Vengad.Eswaran@efsme.com,9036591904,9036591904,395002,Surat,Gujarat,"Abc.Part Higher Ground Floor, Rivaa House Ward No 2 Ring Road Udhna Darwaza Surat, Gujarat -395002",,Vangad Eswaran,Vangad-0929,Vangad_eswaran@1037,
EFS-YES BANK,EFS-YES BANK-Mangalore - Kadri,0930-Mangalore - Kadri,Vengad.Eswaran@efsme.com,9036591904,9036591904,575002,Mangalore,Karnataka,"G-01, Ground Floor, “Bellissima”, 87A, Kadri Market Road, Kadri Village, Mangalore – 575002",,Vangad Eswaran,Vangad-0930,Vangad_eswaran@1037,
EFS-YES BANK,EFS-YES BANK-Bangalore - Marathahalli,0931-Bangalore - Marathahalli,Vengad.Eswaran@efsme.com,9036591904,9036591904,560039,Bangalore,Karnataka,"Ground Floor, No. 89/1, “Raja Ikon”, Muenkolal, Marathahalli, Bangalore – 560039
",,Vangad Eswaran,Vangad-0931,Vangad_eswaran@1037,
EFS-YES BANK,EFS-YES BANK-Delhi - Sector 17 Dwarka,0932-Delhi - Sector 17 Dwarka,Vengad.Eswaran@efsme.com,9036591904,9036591904,110075,New Delhi,Delhi,"Yes Bank Ltd, Branch Name : Plot No. 230, Block A2, Sector 17 Dwarka, Atulya Chowk, New Delhi - 110075",,Vangad Eswaran,Vangad-0932,Vangad_eswaran@1037,
EFS-YES BANK,EFS-YES BANK-Nagpur - Khamla Square,0933-Nagpur - Khamla Square,Vengad.Eswaran@efsme.com,9036591904,9036591904,440022,Nagpur,Maharashtra,"Ground Floor,“Shreeji House”,Plot No. 39,Kotwal Nagar,Khamla Square,Ring Road,Nagpur – 440022",,Vangad Eswaran,Vangad-0933,Vangad_eswaran@1037,
EFS-YES BANK,EFS-YES BANK-Amreli,0934-Amreli,Vengad.Eswaran@efsme.com,9036591904,9036591904,365601,Amreli,Gujarat,"Showroom No.1,Ground Floor, Angel Cine World, Bhagwati Chowk,Manekpara,Amreli-365601",,Vangad Eswaran,Vangad-0934,Vangad_eswaran@1037,
EFS-YES BANK,EFS-YES BANK-Vadodara - Raopura,0935-Vadodara - Raopura,Vengad.Eswaran@efsme.com,9036591904,9036591904,390001,Vadodara,Gujarat,"Ground And Part 1St Floor, “Suryadeep ” ,  Opp. Khadi Gram Udyog, Kothi Chaar Rasta, Raopura, Baroda, Gujarat. Pin – 390001.",,Vangad Eswaran,Vangad-0935,Vangad_eswaran@1037,
EFS-YES BANK,EFS-YES BANK-Chaurai,0936-Chaurai,Vengad.Eswaran@efsme.com,9036591904,9036591904,480115,Chaurai,Madhya Pradesh,Ph 88 Bandobast 93 Chhindwara Seoni Road Chaurai Tehsil Chauri District Chhindwara Pin 480115,,Vangad Eswaran,Vangad-0936,Vangad_eswaran@1037,
EFS-YES BANK,EFS-YES BANK-Imlikheda,0937-Imlikheda,Vengad.Eswaran@efsme.com,9036591904,9036591904,480001,Imlikheda,Madhya Pradesh,"Kh No. 44/6 & 44/12, Ph No.15Bandobastno No. 7, Imlikheda Tahsil,Districtchindwara Madhya Pradesh 480001Chhindwaramadhya Pradesh480001",,Vangad Eswaran,Vangad-0937,Vangad_eswaran@1037,
EFS-YES BANK,EFS-YES BANK-Jodhpur II,0938-Jodhpur II,Vengad.Eswaran@efsme.com,9036591904,9036591904,342003,Jodhpur,Rajasthan,"Grd,Mezzanine Flr Sanskriti Tower Plot No. 5, Ligh Sector- 3 Masuria Scheme, Chopasni Road Jodhpur Rajasthan- 342003",,Vangad Eswaran,Vangad-0938,Vangad_eswaran@1037,
EFS-YES BANK,EFS-YES BANK-Malerkotla,0939-Malerkotla,Vengad.Eswaran@efsme.com,9036591904,9036591904,148023,Malerkotla,Punjab,"Ground Floor, Khasra No-2578 To 2594, Thandi Sadak, Malerkotla, Punjab-148023",,Vangad Eswaran,Vangad-0939,Vangad_eswaran@1037,
EFS-YES BANK,EFS-YES BANK-Sawai Madhopur,0940-Sawai Madhopur,Vengad.Eswaran@efsme.com,9036591904,9036591904,322001,Sawai Madhopur,Rajasthan,"Ground Floor, Plot No 1D,1C And 15Alanpur Link Road, Ranthambor Circle ,Sawai Madhopur Rajasthan-322001",,Vangad Eswaran,Vangad-0940,Vangad_eswaran@1037,
EFS-YES BANK,EFS-YES BANK-Changanassery,0941-Changanassery,Vengad.Eswaran@efsme.com,9036591904,9036591904,686103,Changanassery,Kerala,"Ground Floor, Marks Square, Mathumoola, Vazhappally P.O., Changanassery, Kottayam District, Kerala - 686103.",,Vangad Eswaran,Vangad-0941,Vangad_eswaran@1037,
EFS-YES BANK,EFS-YES BANK-Tuticorin,0942-Tuticorin,Vengad.Eswaran@efsme.com,9036591904,9036591904,628008,Tuticorin,Tamil Nadu,"Yes Bank Ltd, Part Ground Floor, 187A, P C Road West, Tuticorin, Tamilnadu - 628 008",,Vangad Eswaran,Vangad-0942,Vangad_eswaran@1037,
EFS-YES BANK,EFS-YES BANK-Virar,0943-Virar,Vengad.Eswaran@efsme.com,9036591904,9036591904,401303,Greater Mumbai,Maharashtra,"Yes Bank Ltd ,Virar West Branch ,Shop No.B-2,Manibai Gopal Residency ,Nr.New Viva College Opp.D-Mart Shopping Virar West Tal-Palghar, 401303",,Vangad Eswaran,Vangad-0943,Vangad_eswaran@1037,
EFS-YES BANK,EFS-YES BANK-Dehradun - Chakrata Road,0944-Dehradun - Chakrata Road,Vengad.Eswaran@efsme.com,9036591904,9036591904,248001,Dehradun,Uttarakhand,"Yes Bank Ltd, Ground Floor, Property No. 121/102 & 119/2, Chakrata Road, Pargana Central Doon, Dehradun, Uttrakhand Pin 248001",,Vangad Eswaran,Vangad-0944,Vangad_eswaran@1037,
EFS-YES BANK,EFS-YES BANK-Bangalore - Frazer Town,0946-Bangalore - Frazer Town,Vengad.Eswaran@efsme.com,9036591904,9036591904,560051,Bangalore,Karnataka,"Ground Floor, No. 58, Coles Road, Frazer Town, Bangalore – 560051
",,Vangad Eswaran,Vangad-0946,Vangad_eswaran@1037,
EFS-YES BANK,EFS-YES BANK-Pune - Kharadi,0947-Pune - Kharadi,Vengad.Eswaran@efsme.com,9036591904,9036591904,"11014
",Pune,Maharashtra,"Yes Bank Ltd, Ground Floor, Unit No 5, Kul Scapes, Kharadi, Pune 411014
",,Vangad Eswaran,Vangad-0947,Vangad_eswaran@1037,
EFS-YES BANK,EFS-YES BANK-Vijayawada II,0948-Vijayawada II,Vengad.Eswaran@efsme.com,9036591904,9036591904,520002,Visakhapatnam,Andhra Pradesh,"Ground Floor, 29-37-21, Durga Agraharam, Eluru Road, Vijayawada, Andhra Pradesh – 520002",,Vangad Eswaran,Vangad-0948,Vangad_eswaran@1037,
EFS-YES BANK,EFS-YES BANK-Parasia,0949-Parasia,Vengad.Eswaran@efsme.com,9036591904,9036591904,480441,Parasia,Madhya Pradesh,Khasra No. 644 Dongar Parasia Ward No. 08 Tehsil Parasia District Chhindwara-480441,,Vangad Eswaran,Vangad-0949,Vangad_eswaran@1037,
EFS-YES BANK,EFS-YES BANK-Mandawa,0950-Mandawa,Vengad.Eswaran@efsme.com,9036591904,9036591904,333704,Mandawa,Rajasthan,"Yes Bank Ltd, Ground Floor Ward No. 5 Main Market Mandawa Dist Jhunjhunu  Rajasthan 333704",,Vangad Eswaran,Vangad-0950,Vangad_eswaran@1037,
EFS-YES BANK,EFS-YES BANK-Pune - Kothrud,0951-Pune - Kothrud,Vengad.Eswaran@efsme.com,9036591904,9036591904,411038,Pune,Maharashtra,"Ground Floor, Shop No.4, “Sangam Solitaire”, Sangam Press Road, Kothrud, Pune, Maharashtra : 411038",,Vangad Eswaran,Vangad-0951,Vangad_eswaran@1037,
EFS-YES BANK,EFS-YES BANK-Faizabad,0952-Faizabad,Vengad.Eswaran@efsme.com,9036591904,9036591904,224001,Faizabad,Uttar Pradesh,"Yes Bank Ltd, Ugf Mukut Complex, Rekabganj, Faizabad, 224001",,Vangad Eswaran,Vangad-0952,Vangad_eswaran@1037,
EFS-YES BANK,EFS-YES BANK-Bhatinda II,0953-Bhatinda II,Vengad.Eswaran@efsme.com,9036591904,9036591904,151001,Bhatinda,Punjab,"Ground Floor , No 3264, Kikkar Bazaar , Bathinda -151001",,Vangad Eswaran,Vangad-0953,Vangad_eswaran@1037,
EFS-YES BANK,EFS-YES BANK-Dombivili (E),0954-Dombivili (E),Vengad.Eswaran@efsme.com,9036591904,9036591904,421201,Kalyan - Dombivili,Maharashtra,"Ground Floor,“Jaykul Arcade”, Manpada Road, Dombivali (E), Taluka Kalyan, District Thane : 421201  ",,Vangad Eswaran,Vangad-0954,Vangad_eswaran@1037,
EFS-YES BANK,EFS-YES BANK-Tinsukiya,0955-Tinsukiya,Vengad.Eswaran@efsme.com,9036591904,9036591904,786125,Tinsukiya,Assam,"Gf, Building At Holding No- 4487/A, Ward No 11, Near Blood Bank, Senairam Lohia Road, Tinsukia-786125, Assam ",,Vangad Eswaran,Vangad-0955,Vangad_eswaran@1037,
EFS-YES BANK,EFS-YES BANK-Batala,0956-Batala,Vengad.Eswaran@efsme.com,9036591904,9036591904,143505,Batala,Punjab,"Ground Floor , Plot No -10 , Shastri Nagar , Jalandhar Road , Batala -143505",,Vangad Eswaran,Vangad-0956,Vangad_eswaran@1037,
EFS-YES BANK,EFS-YES BANK-Rawatsar,0957-Rawatsar,Vengad.Eswaran@efsme.com,9036591904,9036591904,335524,Rawatsar,Rajasthan,"Yes Bank Ltd, Shop No 73 Grain Market Rwastar  Dist Hanumangarh  Rajasthan 335524",,Vangad Eswaran,Vangad-0957,Vangad_eswaran@1037,
EFS-YES BANK,EFS-YES BANK-Sangaria,0958-Sangaria,Vengad.Eswaran@efsme.com,9036591904,9036591904,335063,Sangaria,Rajasthan,"Yes Bank Ltd, Sangaria Shop No 264 And 265 Nai Anaj Mandi Ward No. 7 Sangaria  Dist Hanumangarh Rajasthan 335063",,Vangad Eswaran,Vangad-0958,Vangad_eswaran@1037,
EFS-YES BANK,EFS-YES BANK-Pilibanga,0959-Pilibanga,Vengad.Eswaran@efsme.com,9036591904,9036591904,335803,Pilibanga,Rajasthan,"Yes Bank Ltd, Ground Floor Plot No. 177 Genaral Market Ward No. 09 Pilibanga  Dist Hanumangarh  Rajasthan 335803",,Vangad Eswaran,Vangad-0959,Vangad_eswaran@1037,
EFS-YES BANK,EFS-YES BANK-Samana,0960-Samana,Vengad.Eswaran@efsme.com,9036591904,9036591904,147101,Samana,Punjab,"Yes Bank Ltd, Gr. Floor, S.K Complex, Main Road , Aggarsain Chowk Samana, Punjab, Pin No.-147101",,Vangad Eswaran,Vangad-0960,Vangad_eswaran@1037,
EFS-YES BANK,EFS-YES BANK-Mansa,0961-Mansa,Vengad.Eswaran@efsme.com,9036591904,9036591904,151505,Mansa,Punjab,"Khasra No.1101/1102, Near Mansa Chowk, Water Works Rod, Mansa - 151505 ",,Vangad Eswaran,Vangad-0961,Vangad_eswaran@1037,
EFS-YES BANK,EFS-YES BANK-Patran,0962-Patran,Vengad.Eswaran@efsme.com,9036591904,9036591904,147105,Patran,Punjab,"Opp Grain Market, Near Easy Day, Jakhal Road, Patran, Pataiala - 147105.",,Vangad Eswaran,Vangad-0962,Vangad_eswaran@1037,
EFS-YES BANK,EFS-YES BANK-Rampura Phul,0963-Rampura Phul,Vengad.Eswaran@efsme.com,9036591904,9036591904,151103,Rampura Phul,Punjab,Mc No-B 30/6 Ground Floor Near Bank Of India Bank Bazar Rampura Phool -151103,,Vangad Eswaran,Vangad-0963,Vangad_eswaran@1037,
EFS-YES BANK,EFS-YES BANK-Jaiton,0964-Jaiton,Vengad.Eswaran@efsme.com,9036591904,9036591904,151202,Jaiton,Punjab,"Opp. Trolly Union, Hospital Road, Jaiton - 151202. ",,Vangad Eswaran,Vangad-0964,Vangad_eswaran@1037,
EFS-YES BANK,EFS-YES BANK-Sikar,0965-Sikar,Vengad.Eswaran@efsme.com,9036591904,9036591904,332001,Sikar,Rajasthan,"Gr Floor, Khasra No.124/4, Jaipur Road, Devipura, In Front Of Industrial Area, Sikar – 332001.",,Vangad Eswaran,Vangad-0965,Vangad_eswaran@1037,
EFS-YES BANK,EFS-YES BANK-Amargarh,0966-Amargarh,Vengad.Eswaran@efsme.com,9036591904,9036591904,148022,Amargarh,Punjab,"Ground Floor, Khasra No. 246/247/248/345/349, Malerkotla Road, Amargarh, Tehsil Malerkotla, Dist. Sangrur, Punjab - 148022. ",,Vangad Eswaran,Vangad-0966,Vangad_eswaran@1037,
EFS-YES BANK,EFS-YES BANK-Pipli,0969-Pipli,Vengad.Eswaran@efsme.com,9036591904,9036591904,136131,Pipli,Haryana,"Yes Bank LTD Ground Floor, Khewat / Khatouni No. 15/25, Khasra No. 153/ 1(2-2), Village Pipli, Thanesar Road, Near Geeta Dwar, Opposite Sindhi Sweets, Pipli Dist. Kurukshetra, Haryana -136131",,Vangad Eswaran,Vangad-0969,Vangad_eswaran@1037,
EFS-YES BANK,EFS-YES BANK-Naraingarh,0970-Naraingarh,Vengad.Eswaran@efsme.com,9036591904,9036591904,134203,Naraingarh,Haryana,Ground Floor Chandigarh Chowk Naraingarh Distt Ambala 134203,,Vangad Eswaran,Vangad-0970,Vangad_eswaran@1037,
EFS-YES BANK,EFS-YES BANK-Ismailabad,0971-Ismailabad,Vengad.Eswaran@efsme.com,9036591904,9036591904,136129,Ismailabad,Haryana,"G F, Ambala Hissar Road, Near Grain Market, Tehsil – Ismailabad,Dist - Kurukshetra, Haryana- 136129",,Vangad Eswaran,Vangad-0971,Vangad_eswaran@1037,
EFS-YES BANK,EFS-YES BANK-Mandi,0972-Mandi,Vengad.Eswaran@efsme.com,9036591904,9036591904,175001,Mandi,Himachal Pradesh,"Ground Floor, Hotel Comfort, Khasra No. 2332/2190, Rewalsar Road, Mandi, Himachal Pradesh- 175001",,Vangad Eswaran,Vangad-0972,Vangad_eswaran@1037,
EFS-YES BANK,EFS-YES BANK-Tabakadonnihalli,0973-Tabakadonnihalli,Vengad.Eswaran@efsme.com,9036591904,9036591904,581204,Tabakadonnihalli,Karnataka,"Plot No. 15, Ward No.1, Near Bus Stand, Tabakadhonnihalli Village, Kalagathi Taluk, Dharwad District : 581204.",,Vangad Eswaran,Vangad-0973,Vangad_eswaran@1037,
EFS-YES BANK,EFS-YES BANK-Kotkapura,0975-Kotkapura,Vengad.Eswaran@efsme.com,9036591904,9036591904,151204,Kotkapura,Punjab,"Bs-336, Adj. Street No.5, Lajpat Nagar, Kotkapura , District Faridkot, Punjab-  151204.",,Vangad Eswaran,Vangad-0975,Vangad_eswaran@1037,
EFS-YES BANK,EFS-YES BANK-Greater Mumbai - Juhu Tara Road,0976-Greater Mumbai - Juhu Tara Road,Vengad.Eswaran@efsme.com,9036591904,9036591904,400049,Greater Mumbai,Maharashtra,"Ground Floor, Shop No. D & E, High Tide Building, Juhu Tara Road, Juhu, Mumbai 400 049",,Vangad Eswaran,Vangad-0976,Vangad_eswaran@1037,
EFS-YES BANK,EFS-YES BANK-Delhi - Mahavir Enclave,0978-Delhi - Mahavir Enclave,Vengad.Eswaran@efsme.com,9036591904,9036591904,110045,New Delhi,Delhi,"Yes Bank Ltd, Devraj Tower ,Ground Floor Dabri Palam Road, Above Easy Day, New Delhi-110045",,Vangad Eswaran,Vangad-0978,Vangad_eswaran@1037,
EFS-YES BANK,EFS-YES BANK-Bhadson,0980-Bhadson,Vengad.Eswaran@efsme.com,9036591904,9036591904,147202,Bhadson,Punjab,"Ground Floor Scf 15, Dana Mandi Bhadson Distt Patiala 147202",,Vangad Eswaran,Vangad-0980,Vangad_eswaran@1037,
EFS-YES BANK,EFS-YES BANK-Porbandar,0983-Porbandar,Vengad.Eswaran@efsme.com,9036591904,9036591904,360575,Porbandar ,Gujarat,"Part Ground Floor, “Ramnik Bhuvan”, Station Road, Near Tv Tower, Porbandar, Gujarat. Pin – 360575",,Vangad Eswaran,Vangad-0983,Vangad_eswaran@1037,
EFS-YES BANK,EFS-YES BANK-Delhi - Kohat Enclave,0984-Delhi - Kohat Enclave,Vengad.Eswaran@efsme.com,9036591904,9036591904,110034,New Delhi,Delhi,368 Kohat Enclave Pitampura Opp. Kohat Enclave Metro Station  New Delhi 110034,,Vangad Eswaran,Vangad-0984,Vangad_eswaran@1037,
EFS-YES BANK,EFS-YES BANK-Phagwara,0985-Phagwara,Vengad.Eswaran@efsme.com,9036591904,9036591904,144401,Phagwara,Punjab,"Ground Floor, Plot No. 781, Guru Hargobind Nagar, Phagwara, Punjab - 144401",,Vangad Eswaran,Vangad-0985,Vangad_eswaran@1037,
EFS-YES BANK,EFS-YES BANK-Greater Mumbai - Andheri Hubtown,0986-Greater Mumbai - Andheri Hubtown,Vengad.Eswaran@efsme.com,9036591904,9036591904,400069,Greater Mumbai,Maharashtra,"Unit No.2, Gr Floor, Ns Phadke Marg, Near East West Flyover, Andheri (East), Mumbai - 400069.",,Vangad Eswaran,Vangad-0986,Vangad_eswaran@1037,
EFS-YES BANK,EFS-YES BANK-Sirsa,0987-Sirsa,Vengad.Eswaran@efsme.com,9036591904,9036591904,125005,Sirsa,Haryana,"Ground Floor Kalera Complex, Property No B 16/587, Khasra No 881, Dabwali Road,Sirsa,Haryana-125005",,Vangad Eswaran,Vangad-0987,Vangad_eswaran@1037,
EFS-YES BANK,EFS-YES BANK-Dum Dum - Nager Bazaar,0988-Dum Dum - Nager Bazaar,Vengad.Eswaran@efsme.com,9036591904,9036591904,700080,Dum Dum,West Bengal,"Unit No. 1& 1A, “Saltee Plaza”, Holding No. 1, Khudiram Bose Sarani, Ward No. 21, Dum Dum Municipality ,Kolkata West Bengal 700080",,Vangad Eswaran,Vangad-0988,Vangad_eswaran@1037,
EFS-YES BANK,EFS-YES BANK-Budhlada,0989-Budhlada,Vengad.Eswaran@efsme.com,9036591904,9036591904,151502,Budhlada,Punjab,"Bank Road, Near Hdfc Bank, Bhudhlada - 151502. ",,Vangad Eswaran,Vangad-0989,Vangad_eswaran@1037,
EFS-YES BANK,EFS-YES BANK-Bangalore - Yelahanka,0990-Bangalore - Yelahanka,Vengad.Eswaran@efsme.com,9036591904,9036591904,560064,Bangalore,Karnataka,"Part Ground Floor, No.339 ‘A’ Sector, 2Nd Stage, Yelahanka New Town, Bangalore – 560064",,Vangad Eswaran,Vangad-0990,Vangad_eswaran@1037,
EFS-YES BANK,EFS-YES BANK-Patiala - DLF Colony,0991-Patiala - DLF Colony,Vengad.Eswaran@efsme.com,9036591904,9036591904,147001,Patiala,Punjab,"Ground Floor, Plot No - 23, Dlf Colony ,Tripari Saidan Patiala, Punjab-147001",,Vangad Eswaran,Vangad-0991,Vangad_eswaran@1037,
EFS-YES BANK,EFS-YES BANK-Veraval,0992-Veraval,Vengad.Eswaran@efsme.com,9036591904,9036591904,362265,Veraval,Gujarat,"Shop No. 5,6,26,27,28,Ground Floor,Vinayak Plaza,Rajendra Road,Veraval Gujarat-362265",,Vangad Eswaran,Vangad-0992,Vangad_eswaran@1037,
EFS-YES BANK,EFS-YES BANK-Chandigarh - Sector 40,0993-Chandigarh - Sector 40,Vengad.Eswaran@efsme.com,9036591904,9036591904,160036,Chandigarh,Chandigarh,"Gr Floor And Basement Sco 80, Sector 40 C, Chandigarh 160036",,Vangad Eswaran,Vangad-0993,Vangad_eswaran@1037,
EFS-YES BANK,EFS-YES BANK-Kolkata - Kasba,0994-Kolkata - Kasba,Vengad.Eswaran@efsme.com,9036591904,9036591904,700078,Kolkata,West Bengal,"Yes Bank Ltd. Ground Floor, Premises No.  110 Bosepukur Road, Rashbehari Avenue Connector, Kasba, Kolkata 700 078 West Bengal",,Vangad Eswaran,Vangad-0994,Vangad_eswaran@1037,
EFS-YES BANK,EFS-YES BANK-Indri,0995-Indri,Vengad.Eswaran@efsme.com,9036591904,9036591904,132041,Indri,Haryana,"G F, Municipal No.399/13, Hadbast No. 50, Indri Karnal Road, Near Mandi,132041",,Vangad Eswaran,Vangad-0995,Vangad_eswaran@1037,
EFS-YES BANK,EFS-YES BANK-Ahmedabad - Bapunagar,0997-Ahmedabad - Bapunagar,Vengad.Eswaran@efsme.com,9036591904,9036591904,380024,Ahmedabad,Gujarat,"Unit No. B/10, Ground Floor, “Pushkar Business Park“, Shyam Shikhar Cross Road, Bapunagar, Ahmedabad, Gujarat. Pin – 380024.",,Vangad Eswaran,Vangad-0997,Vangad_eswaran@1037,
EFS-YES BANK,EFS-YES BANK-Vadnagar,0998-Vadnagar,Vengad.Eswaran@efsme.com,9036591904,9036591904,384355,Vadnagar,Gujarat,"Yes Bank Ltd,  Shop No.46 / 44 / 45 & 46  Munni Raj Complex Surve No. 3135 Vadnagar Dist Mehsana 384355",,Vangad Eswaran,Vangad-0998,Vangad_eswaran@1037,
EFS-YES BANK,EFS-YES BANK-Chittoor,0999-Chittoor,Vengad.Eswaran@efsme.com,9036591904,9036591904,517325,Chittoor,Andhra Pradesh,"Ground Flr No 8-8-1,8-8-2 & 8-8-3,Gandhi Road, Chittoorandhra Pradesh - 517001 Chittoor Andhra Pradesh 517325",,Vangad Eswaran,Vangad-0999,Vangad_eswaran@1037,
EFS-YES BANK,EFS-YES BANK-Machilipatnam,1000-Machilipatnam,Vengad.Eswaran@efsme.com,9036591904,9036591904,521001,Visakhapatnam,Andhra Pradesh,"Ground Floor, No. 7/473-1, Godugu Pet Main Road, Ward No.7, Machilipatnam, Andhra Pradesh 521001",,Vangad Eswaran,Vangad-1000,Vangad_eswaran@1037,
EFS-YES BANK,EFS-YES BANK-Hyderabad - Vidyanagar,1001-Hyderabad - Vidyanagar,Vengad.Eswaran@efsme.com,9036591904,9036591904,500044,Hyderabad,Telangana,"Part Ground Floor, No. 2-2-3, Adikmet, Shivam Road, Vidya Nagar, Hyderabad, Telangana 500044.",,Vangad Eswaran,Vangad-1001,Vangad_eswaran@1037,
EFS-YES BANK,EFS-YES BANK-Goregaon East,1002-Goregaon East,Vengad.Eswaran@efsme.com,9036591904,9036591904,400063,Greater Mumbai,Maharashtra,"Unit No. Lg1(Part), Db House, Cts No. 156/A/7/3(Pt), Yashodham, Gen. K Vaidya Marg, Goregaon (East), Mumbai, Pin – 400063",,Vangad Eswaran,Vangad-1002,Vangad_eswaran@1037,
EFS-YES BANK,EFS-YES BANK-Kolkata - Sarat Bose Road,1003-Kolkata - Sarat Bose Road,Vengad.Eswaran@efsme.com,9036591904,9036591904,700020,Kolkata,West Bengal,"Yes Bank Ltd.Ground Floor, 6, Sarat Bose Road, Kolkata – 700020",,Vangad Eswaran,Vangad-1003,Vangad_eswaran@1037,
EFS-YES BANK,EFS-YES BANK-Ratlam,1004-Ratlam,Vengad.Eswaran@efsme.com,9036591904,9036591904,457001,Ratlam,Madhya Pradesh,Part Ground Floor House No 27/126/109 Station Road Ratlam Madhya Pradesh 457001,,Vangad Eswaran,Vangad-1004,Vangad_eswaran@1037,
EFS-YES BANK,EFS-YES BANK-Shri Dungargarh,1005-Shri Dungargarh,Vengad.Eswaran@efsme.com,9036591904,9036591904,331803,Shri Dungargarh,Rajasthan,"Yes Bank Ltd Ward No. 12,Value Zone 12, Bigga Bas, Station Road,Sri Dungargarh (Distt. Bikaner) Rajasthan-331803.",,Vangad Eswaran,Vangad-1005,Vangad_eswaran@1037,
EFS-YES BANK,EFS-YES BANK-Ludhiana - Humbaran Road,1007-Ludhiana - Humbaran Road,Vengad.Eswaran@efsme.com,9036591904,9036591904,141004,Ludhiana,Punjab,"Gr Fl,Shop1 & 2,Goel Hosiery Mills, Khasra No.5//11-5//20/1, Humbran Road , Ludhiana 141004",,Vangad Eswaran,Vangad-1007,Vangad_eswaran@1037,
EFS-YES BANK,EFS-YES BANK-Dharwad,1008-Dharwad,Vengad.Eswaran@efsme.com,9036591904,9036591904,580001,Dharwad,Karnataka,"Part Ground Floor, C.T.S. No. 70/A/2/ Hyg, P.B. Road, Near Nttf, Dharwad, Karnataka – 580001.",,Vangad Eswaran,Vangad-1008,Vangad_eswaran@1037,
EFS-YES BANK,EFS-YES BANK-Ongole,1009-Ongole,Vengad.Eswaran@efsme.com,9036591904,9036591904,523001,Ongole,Andhra Pradesh,"Part Ground Floor, Door No. 5-35, Sri Ganesh Plaza, Kurnool Road, Ongole – 523001",,Vangad Eswaran,Vangad-1009,Vangad_eswaran@1037,
EFS-YES BANK,EFS-YES BANK-Belgaum II,1010-Belgaum II,Vengad.Eswaran@efsme.com,9036591904,9036591904,590006,Belgaum ,Karnataka,"Part Ground Floor, No. 82, Sri Swami Samarth Arcade, Khanapur Road, Tilakwadi, Belgaum, Karnataka - 590006.",,Vangad Eswaran,Vangad-1010,Vangad_eswaran@1037,
EFS-YES BANK,EFS-YES BANK-Bangalore - Peenya,1011-Bangalore - Peenya,Vengad.Eswaran@efsme.com,9036591904,9036591904,560058,Bangalore,Karnataka,"Part Ground Floor, Plot No. 325, 4Th Phase, Peenya Industrial Area, Bangalore, Karnataka – 560058.",,Vangad Eswaran,Vangad-1011,Vangad_eswaran@1037,
EFS-YES BANK,EFS-YES BANK-Rajkot - Raiya Road,1012-Rajkot - Raiya Road,Vengad.Eswaran@efsme.com,9036591904,9036591904,360007,Rajkot,Gujarat,"Part Ground & Mezzanine Floor, “Hotel Elements”, Opp. Sterling Hospital, 150 Feet Ring Road, Raiya Circle, Rajkot, Gujarat. Pin – 360007.",,Vangad Eswaran,Vangad-1012,Vangad_eswaran@1037,
EFS-YES BANK,EFS-YES BANK-Kolkata - New Alipore,1013-Kolkata - New Alipore,Vengad.Eswaran@efsme.com,9036591904,9036591904,700053,Kolkata,West Bengal,"Yes Bank Ltd. Ground Floor, 375 -Block G, New Alipore, Kolkata, West Bengal 700053 .",,Vangad Eswaran,Vangad-1013,Vangad_eswaran@1037,
EFS-YES BANK,EFS-YES BANK-Delhi - Kirti Nagar II,1014-Delhi - Kirti Nagar II,Vengad.Eswaran@efsme.com,9036591904,9036591904,110015,New Delhi,Delhi,"Ground Floor, 79/3, Block-Ii, Whs, Main Road, Kirti Nagar,  New Delhi-110015.",,Vangad Eswaran,Vangad-1014,Vangad_eswaran@1037,
EFS-YES BANK,EFS-YES BANK-Chennai - Besant Nagar,1015-Chennai - Besant Nagar,Vengad.Eswaran@efsme.com,9036591904,9036591904,600090,Chennai,Tamil Nadu,"Yes Bank Ltd, No. Ground Floor, Sri Kumaran Illam, 15A, 6Th Avenue, Besant Nagar, Chennai 600 090",,Vangad Eswaran,Vangad-1015,Vangad_eswaran@1037,
EFS-YES BANK,EFS-YES BANK-Surendranagar,1016-Surendranagar,Vengad.Eswaran@efsme.com,9036591904,9036591904,363002,Surendranagar,Gujarat,"Part Ground Floor, “Gurukrupa Complex”, Opp. Milan Talkies, Bus Stand Road, Surendranagar, Gujarat. Pin – 363002",,Vangad Eswaran,Vangad-1016,Vangad_eswaran@1037,
EFS-YES BANK,EFS-YES BANK-Beawar,1017-Beawar,Vengad.Eswaran@efsme.com,9036591904,9036591904,305901,Beawar,Rajasthan,"Ground Floor, “City Center”, Plot No 12 ( Old No. 7/104) Railway Station Road, Beawar, Rajasthan, 305901",,Vangad Eswaran,Vangad-1017,Vangad_eswaran@1037,
EFS-YES BANK,EFS-YES BANK-Delhi - Najafgarh,1018-Delhi - Najafgarh,Vengad.Eswaran@efsme.com,9036591904,9036591904,110043,New Delhi,Delhi,"Yes Bank Ltd. Ground Floor, Plot No. 1644-B/1, Thana Road, Najafgarh, Delhi - 110043.",,Vangad Eswaran,Vangad-1018,Vangad_eswaran@1037,
EFS-YES BANK,EFS-YES BANK-Gurgaon - Sector 47,1019-Gurgaon - Sector 47,Vengad.Eswaran@efsme.com,9036591904,9036591904,122001,Gurgaon,Haryana,"Ground Floor And Mezzanine Floor, Shop No S-04, Plot No A1, S.S Plaza, Sector-47, Gurgaon-122001",,Vangad Eswaran,Vangad-1019,Vangad_eswaran@1037,
EFS-YES BANK,EFS-YES BANK-Pune - NDA,1020-Pune - NDA,Vengad.Eswaran@efsme.com,9036591904,9036591904,411023,Pune - NDA,Maharashtra,"Ground & Mezzanine Floor, Shop No. 17, Gole Market, Nda Campus, Khadakwasla, Pune, Maharashtra :411023",,Vangad Eswaran,Vangad-1020,Vangad_eswaran@1037,
EFS-YES BANK,EFS-YES BANK-Gadag,1021-Gadag,Vengad.Eswaran@efsme.com,9036591904,9036591904,582101,Gadag,Karnataka,"Part Ground Floor, Vimal Building, C.T.S No. 3787/48A/1D, Jt Mutt Road, Gadag, Karnataka – 582101.",,Vangad Eswaran,Vangad-1021,Vangad_eswaran@1037,
EFS-YES BANK,EFS-YES BANK-Chennai - Adyar Jn,1023-Chennai - Adyar Jn,Vengad.Eswaran@efsme.com,9036591904,9036591904,600020,Chennai,Tamil Nadu,"Yes Bank Ltd, Ground Floor, Part Ground Floor, “Rajalakshmi Palace”, 1St Main Road,  Gandhi Nagar, Adyar, Chennai- 600020
",,Vangad Eswaran,Vangad-1023,Vangad_eswaran@1037,
EFS-YES BANK,EFS-YES BANK-Dhule,1024-Dhule,Vengad.Eswaran@efsme.com,9036591904,9036591904,424001,Dhule,Maharashtra,"B-Square, R R Patil Commercial, Ground Floor,Shop No 16-19, 28-30, Lane No 6, Cs No. 1618 + 1618A , Parola Road, Dhule 424001",,Vangad Eswaran,Vangad-1024,Vangad_eswaran@1037,
EFS-YES BANK,EFS-YES BANK-Gurgaon - Udyog Vihar,1025-Gurgaon - Udyog Vihar,Vengad.Eswaran@efsme.com,9036591904,9036591904,122016,Gurgaon,Haryana,"Yes Bank Ltd,First Floor,Plot A,Vanijya Nikunj,Enkay Tower ,Udyog Vihar ,Phase 5 ,Gurgaon-122016",,Vangad Eswaran,Vangad-1025,Vangad_eswaran@1037,
EFS-YES BANK,EFS-YES BANK-Chikmagalur,1026-Chikmagalur,Vengad.Eswaran@efsme.com,9036591904,9036591904,577101,Chikkamangaluru,Karnataka,"Ground Floor, No. 16249/10058, Mg Road, Chikkamangaluru – 577101",,Vangad Eswaran,Vangad-1026,Vangad_eswaran@1037,
EFS-YES BANK,EFS-YES BANK-Raipur - GE Road,1027-Raipur - GE Road,Vengad.Eswaran@efsme.com,9036591904,9036591904,492001,Raipur,Chattisgarh,"Ground Floor,  P.C. No- 106-B,  Ric- , Great Eastern Rd,  Geeta Nagar, Ramkund,  Raipur,  Chhattisgarh492001, Raipur, Chhattisgarh-492001",,Vangad Eswaran,Vangad-1027,Vangad_eswaran@1037,
EFS-YES BANK,EFS-YES BANK-Greater Mumbai - Cuffe Parade,1028-Greater Mumbai - Cuffe Parade,Vengad.Eswaran@efsme.com,9036591904,9036591904,400005,Greater Mumbai,Maharashtra,"Ground & Mezzanine Floor, Shop No. 1 & 2, Maker Arcade Shopping Centre, Gd Somani Marg, Cuffe Parade, Mumbai: 400005",,Vangad Eswaran,Vangad-1028,Vangad_eswaran@1037,
EFS-YES BANK,EFS-YES BANK-Mandsaur,1029-Mandsaur,Vengad.Eswaran@efsme.com,9036591904,9036591904,458001,Mandsaur,Madhya Pradesh,"Ground Floor, Plot No 12-A & 13-A, Ward No (5) 11, Kalidas Marg 1, Station Road, Mandsaur, M P 458001",,Vangad Eswaran,Vangad-1029,Vangad_eswaran@1037,
EFS-YES BANK,EFS-YES BANK-Radaur,1031-Radaur,Vengad.Eswaran@efsme.com,9036591904,9036591904,135001,Radaur,Haryana,"Yes Bank Ltd , Ground Floor , Jaat Market, S.K. Road, Radaur, Yamuna Nagar, 135001.",,Vangad Eswaran,Vangad-1031,Vangad_eswaran@1037,
EFS-YES BANK,EFS-YES BANK-Chembur East - Swastik Park,1032-Chembur East - Swastik Park,Vengad.Eswaran@efsme.com,9036591904,9036591904,400071,Greater Mumbai,Maharashtra,"Gr. Floor, 7, Laxmi Narayan Building, Ground Floor, Swastik Park, Sion-Trombay Road, Chembur, Mumbai : 400 071",,Vangad Eswaran,Vangad-1032,Vangad_eswaran@1037,
EFS-YES BANK,EFS-YES BANK-Kurud,1033-Kurud,Vengad.Eswaran@efsme.com,9036591904,9036591904,493669,Kurud,Chattisgarh,"Ground Floor & Mezzanine Floor, Khasra No. 222/10,  Shop No. 9 , Kurud Dhamtari,  Chhattisgarh-493669, Kurud, Chhattisgarh-493669",,Vangad Eswaran,Vangad-1033,Vangad_eswaran@1037,
EFS-YES BANK,EFS-YES BANK-Kolhapur - Laxmipuri,1034-Kolhapur - Laxmipuri,Vengad.Eswaran@efsme.com,9036591904,9036591904,416002,Kolhapur,Maharashtra,"Ground Floor, 1506, C Ward, Subhash Road, Laxmipuri, Kolhapur. 416002",,Vangad Eswaran,Vangad-1034,Vangad_eswaran@1037,
EFS-YES BANK,EFS-YES BANK-Chennai - Mylapore,1035-Chennai - Mylapore,Vengad.Eswaran@efsme.com,9036591904,9036591904,600004,Chennai,Tamil Nadu,"Yes Bank Ltd, Ground Floor,Old No. 22, New No. 82, North Mada Street, Mylaporechennai 600 004 Ph.: 044- 46521100
",,Vangad Eswaran,Vangad-1035,Vangad_eswaran@1037,
EFS-YES BANK,EFS-YES BANK-Guwahati 4 - Zoo Road,1036-Guwahati 4 - Zoo Road,Vengad.Eswaran@efsme.com,9036591904,9036591904,781024,Guwahati,Assam,"Yes Bank Ltd , Zoo Road Branch , Ground Floor, Trishul Tower, Zoo Road Tiniali, Plot No. 206, Ward No. 29; Village & Sahar- Japarigog, Mouza Beltola, Guwahati ( Metro), District - Kamrup Assam , Pin - 781024",,Vangad Eswaran,Vangad-1036,Vangad_eswaran@1037,
EFS-YES BANK,EFS-YES BANK-Jaipur - Mansarovar,1037-Jaipur - Mansarovar,Vengad.Eswaran@efsme.com,9036591904,9036591904,302020,Jaipur,Rajasthan,"Ground Floor, Plot No. 94/5, Madhya Marg, Mansarovar,Jaipur – 302020.",,Vangad Eswaran,Vangad-1037,Vangad_eswaran@1037,
EFS-YES BANK,EFS-YES BANK-Kalol,1039-Kalol,Vengad.Eswaran@efsme.com,9036591904,9036591904,382721,Kalol,Gujarat,"Shop No 12, 13, 25 & 26, B. T . Mall, Navjivan Mill Compound, Kalol, Gujarat Pin-382721",,Vangad Eswaran,Vangad-1039,Vangad_eswaran@1037,
EFS-YES BANK,EFS-YES BANK-Lucknow - Munshipulia,1041-Lucknow - Munshipulia,Vengad.Eswaran@efsme.com,9036591904,9036591904,226016,Lucknow,Uttar Pradesh,"Yes Bank Ltd, Part Upper Ground Floor, Plot No. 13/ C.P./ 1-A, Munshipulia, Indira Nagar, Sector 13, Lucknow , Up- 226016",,Vangad Eswaran,Vangad-1041,Vangad_eswaran@1037,
EFS-YES BANK,EFS-YES BANK-Dibrugarh,1042-Dibrugarh,Vengad.Eswaran@efsme.com,9036591904,9036591904,786001,Dibrugarh,Assam,"Yes Bank Ltd.,Ground Floor, Goenka Market (Near Thana Chariali), Dag No.292(Old) 319 &318 (New), Patta No. 109(Old) 109 & 118 (New), Municipal Ward No. 16, Rkb Road, Rehabari Ward, Dibrugarh Town Mouza, Dibrugarh Assam 786001",,Vangad Eswaran,Vangad-1042,Vangad_eswaran@1037,
EFS-YES BANK,EFS-YES BANK-Rajarhat Gopalpur - VIP Road,1043-Rajarhat Gopalpur - VIP Road,Vengad.Eswaran@efsme.com,9036591904,9036591904,700059,Rajarhat Gopalpur,West Bengal,"Vip Road/ Kolkata, Yesb Bank Ltd, Ground Floor, Unit No. G/4/B, The Meridian, Vip Road, Raghunathpur, Baguiati, Kolkata -700059 ",,Vangad Eswaran,Vangad-1043,Vangad_eswaran@1037,
EFS-YES BANK,EFS-YES BANK-Bharatpur,1044-Bharatpur,Vengad.Eswaran@efsme.com,9036591904,9036591904,321001,Bharatpur,Rajasthan,"Ground Floor, Chak No.2, Circular Road,  Near Kumher Gate Circle, Bharatpur, Rajasthan-321001",,Vangad Eswaran,Vangad-1044,Vangad_eswaran@1037,
EFS-YES BANK,EFS-YES BANK-Delhi - Pahadganj,1045-Delhi - Pahadganj,Vengad.Eswaran@efsme.com,9036591904,9036591904,110005,New Delhi,Delhi,"Ground Floor-3425,D.B.Gupta Road.Paharganj New Delhi-110005",,Vangad Eswaran,Vangad-1045,Vangad_eswaran@1037,
EFS-YES BANK,EFS-YES BANK-Kakinada,1046-Kakinada,Vengad.Eswaran@efsme.com,9036591904,9036591904,533003,Visakhapatnam,Andhra Pradesh,"Ground Floor,  2/27/14-2 Koppana Complex, Gokula Street, Sri Nagar, Kakinada, Andhra Pradesh - 533003.",,Vangad Eswaran,Vangad-1046,Vangad_eswaran@1037,
EFS-YES BANK,EFS-YES BANK-Delhi - New Rajinder Nagar,1047-Delhi - New Rajinder Nagar,Vengad.Eswaran@efsme.com,9036591904,9036591904,110060,New Delhi,Delhi,"E 184, New Rajinder Nagar, Delhi-110060",,Vangad Eswaran,Vangad-1047,Vangad_eswaran@1037,
EFS-YES BANK,EFS-YES BANK-Nashik - Satpur,1048-Nashik - Satpur,Vengad.Eswaran@efsme.com,9036591904,9036591904,422007,Nashik,Maharashtra,"Gr. Floor, Shop No.2(Part), 3 & 4(Part), Archit Royale, Plot No. 61, Mahatma Nagar, Satpur, Nashik 422007",,Vangad Eswaran,Vangad-1048,Vangad_eswaran@1037,
EFS-YES BANK,EFS-YES BANK-Kochi - Panampilly Nagar,1049-Kochi - Panampilly Nagar,Vengad.Eswaran@efsme.com,9036591904,9036591904,682036,Kochi,Kerala,"Part Ground Floor, Sbt Avenue, Panampilly Nagar, Cochin – 682 036",,Vangad Eswaran,Vangad-1049,Vangad_eswaran@1037,
EFS-YES BANK,EFS-YES BANK-Anandpur Sahib,1050-Anandpur Sahib,Vengad.Eswaran@efsme.com,9036591904,9036591904,140118,Anandpur Sahib,Punjab,"Plot No. 321 , ward no. 1  Chal Majra, Near Agampur Chowk, City-  Roop Nagar, Punjab-140118",,Vangad Eswaran,Vangad-1050,Vangad_eswaran@1037,
EFS-YES BANK,EFS-YES BANK-Kanpur - Kidwai Nagar,1051-Kanpur - Kidwai Nagar,Vengad.Eswaran@efsme.com,9036591904,9036591904,208011,Kanpur,Uttar Pradesh,"Yes Bank Limited128/106, G Block, Kidwai Nagar, Kanpur – 208011.",,Vangad Eswaran,Vangad-1051,Vangad_eswaran@1037,
EFS-YES BANK,EFS-YES BANK-Chand,1052-Chand,Vengad.Eswaran@efsme.com,9036591904,9036591904,480110,Chand,Madhya Pradesh,Yes Bank Ltd Ground Floor Kasra No. 473/43 New Bus Stand Chand Chhindwara Madhya Pradesh -480110,,Vangad Eswaran,Vangad-1052,Vangad_eswaran@1037,
EFS-YES BANK,EFS-YES BANK-Mhow,1053-Mhow,Vengad.Eswaran@efsme.com,9036591904,9036591904,453441,Indore,Madhya Pradesh,"Yes Bank Ltd,Heritage Building ,Building No Cb-05,The Infantry School, Mhow -453441",,Vangad Eswaran,Vangad-1053,Vangad_eswaran@1037,
EFS-YES BANK,EFS-YES BANK-Sagar ,1055-Sagar ,Vengad.Eswaran@efsme.com,9036591904,9036591904,470001,Sagar,Madhya Pradesh,"Yes Bank Limited, House No-256, Ward No-18, Subhash Nagar Ward, Bhopal Road, Sagar, Madhya Pradesh 470001",,Vangad Eswaran,Vangad-1055,Vangad_eswaran@1037,
EFS-YES BANK,EFS-YES BANK-Bijapur,1056-Bijapur,Vengad.Eswaran@efsme.com,9036591904,9036591904,586101,Bijapur,Karnataka,"Part Ground Floor, Sy.No.23B, Plot No. 28 & 33, Jain Tower, Lingad Road, Bijapur – 586101, Karnataka.",,Vangad Eswaran,Vangad-1056,Vangad_eswaran@1037,
EFS-YES BANK,EFS-YES BANK-Chandigarh - Sector 20,1057-Chandigarh - Sector 20,Vengad.Eswaran@efsme.com,9036591904,9036591904,160020,Chandigarh,Chandigarh,"Yes Bank Ltd, Gf, Sco No. 3, Sector 20 –D, Chandigarh - 160020",,Vangad Eswaran,Vangad-1057,Vangad_eswaran@1037,
EFS-YES BANK,EFS-YES BANK-Delhi - Shahdara,1058-Delhi - Shahdara,Vengad.Eswaran@efsme.com,9036591904,9036591904,110032,New Delhi,Delhi,"Gf, Plot No. 25/12, 25/ 12 A , 25/ 12B , Gali No. 14, Vishvas Nagar, Shahdara, Delhi – 110032",,Vangad Eswaran,Vangad-1058,Vangad_eswaran@1037,
EFS-YES BANK,EFS-YES BANK-Palanpur,1059-Palanpur,Vengad.Eswaran@efsme.com,9036591904,9036591904,385001,Palanpur,Gujarat,"Shop No. 1, 2 & 7 On Ground Floor And Shop No. 101, 102 & 107 On First Floor, ""Guru Plaza"", Palanpur, District Banaskantha, Gujarat. Pin – 385001.",,Vangad Eswaran,Vangad-1059,Vangad_eswaran@1037,
EFS-YES BANK,EFS-YES BANK-Junagadh,1060-Junagadh,Vengad.Eswaran@efsme.com,9036591904,9036591904,362001,Junagadh,Gujarat,"Shop No. 1, Ground Floor, ""Platinum Ii"", Plot No. 7 Of ""Girnar Chs. Ltd."", Junagadh, Gujarat. Pin – 362001.",,Vangad Eswaran,Vangad-1060,Vangad_eswaran@1037,
EFS-YES BANK,EFS-YES BANK-Rewari,1061-Rewari,Vengad.Eswaran@efsme.com,9036591904,9036591904,123401,Rewari,Haryana,"Yes Bank Ltd Ground Floor  Site No 113, Brass Market, Rewari Haryana 123401.",,Vangad Eswaran,Vangad-1061,Vangad_eswaran@1037,
EFS-YES BANK,EFS-YES BANK-Jaipur - Tonk Road,1062-Jaipur - Tonk Road,Vengad.Eswaran@efsme.com,9036591904,9036591904,302020,Jaipur,Rajasthan,"Yes Bank Ltd, Ground Floor, Shop No-A 2, Lal Kothi Shopping Centre, Tonk Road, Jaipur-302020.",,Vangad Eswaran,Vangad-1062,Vangad_eswaran@1037,
EFS-YES BANK,EFS-YES BANK-Bangalore - ITPL,1063-Bangalore - ITPL,Vengad.Eswaran@efsme.com,9036591904,9036591904,560066,Bangalore,Karnataka,"Part Ground Floor, Unit No. S-25A, Itpl, Concourse, Whitefield, Bangalore – 560066.",,Vangad Eswaran,Vangad-1063,Vangad_eswaran@1037,
EFS-YES BANK,EFS-YES BANK-Chennai - Madipakkam,1064-Chennai - Madipakkam,Vengad.Eswaran@efsme.com,9036591904,9036591904,600091,Chennai,Tamil Nadu,"Yes Bank Ltd. Ground Floor, No.19, Sabari Salai, Madipakkam, Chennai 600091",,Vangad Eswaran,Vangad-1064,Vangad_eswaran@1037,
EFS-YES BANK,EFS-YES BANK-Kanpur - Jajmau,1065-Kanpur - Jajmau,Vengad.Eswaran@efsme.com,9036591904,9036591904,208010,Kanpur,Uttar Pradesh,"Yes Bank Ltd, Ugf , Ground Floor, 351 D Defence Colony, Jajmau, Kanpur 208010",,Vangad Eswaran,Vangad-1065,Vangad_eswaran@1037,
EFS-YES BANK,EFS-YES BANK-Chennai - Velachery,1067-Chennai - Velachery,Vengad.Eswaran@efsme.com,9036591904,9036591904,600042,Chennai,Tamil Nadu,"Part Ground Floor, 257/32, Velachery Main Road, Velachery, Chennai 600 042",,Vangad Eswaran,Vangad-1067,Vangad_eswaran@1037,
EFS-YES BANK,EFS-YES BANK-Dehradun - Patel Nagar,1068-Dehradun - Patel Nagar,Vengad.Eswaran@efsme.com,9036591904,9036591904,248001,Dehradun,Uttarakhand,"Yes Bank Limited -Part Ground Floor, Municipal No. 173, Arhat Bazaar, Patel Nagar, Saharanpur Road, Dehradun - 248001",,Vangad Eswaran,Vangad-1068,Vangad_eswaran@1037,
EFS-YES BANK,EFS-YES BANK-Bangalore - RT Nagar,1069-Bangalore - RT Nagar,Vengad.Eswaran@efsme.com,9036591904,9036591904,560032,Bangalore,Karnataka,"Ground Floor, No.2, 6Th Main, Khm Block, R.T.Nagar, Bangalore – 560032, Karnataka.",,Vangad Eswaran,Vangad-1069,Vangad_eswaran@1037,
EFS-YES BANK,EFS-YES BANK-Hyderabad - East Maredpally,1070-Hyderabad - East Maredpally,Vengad.Eswaran@efsme.com,9036591904,9036591904,500026,Hyderabad,Telangana,"Part Ground Floor, Amz Plaza, No.10-2-277, 10-2-277/A/B, East Marredpally Road, Hyderabad, Telangana - 500 026.",,Vangad Eswaran,Vangad-1070,Vangad_eswaran@1037,
EFS-YES BANK,EFS-YES BANK-Bangalore - J.C Road,1072-Bangalore - J.C Road,Vengad.Eswaran@efsme.com,9036591904,9036591904,560002,Bangalore,Karnataka,"Part Ground Floor, Manish Towers, J.C Road, Bangalore – 560002, Karnataka.",,Vangad Eswaran,Vangad-1072,Vangad_eswaran@1037,
EFS-YES BANK,EFS-YES BANK-Nagpur - Ramdaspeth,1073-Nagpur - Ramdaspeth,Vengad.Eswaran@efsme.com,9036591904,9036591904,440010,Nagpur,Maharashtra,"Ground Floor, Shop Nos. 12, 13, 14 & 15, Pushpakunj Commercial Complex, Land Bearing No. 26, Central Bazar Road, Ramdaspeth, Nagpur, Maharashtra Pin : 440010",,Vangad Eswaran,Vangad-1073,Vangad_eswaran@1037,
EFS-YES BANK,EFS-YES BANK-Delhi - G.T Karnal Road,1075-Delhi - G.T Karnal Road,Vengad.Eswaran@efsme.com,9036591904,9036591904,110009,New Delhi,Delhi,"Ground Floor, 14 Plot No 22, State Bank Colony, Block No H, G.T. Karnal Road, New Delhi 110009",,Vangad Eswaran,Vangad-1075,Vangad_eswaran@1037,
EFS-YES BANK,EFS-YES BANK-Vadodara - Vasna Road,1076-Vadodara - Vasna Road,Vengad.Eswaran@efsme.com,9036591904,9036591904,390017,Vadodara,Gujarat,"Shop No. 3A & 3B, Ground Floor, ""Nilamber Primero"", Gotri - Vasna Road, Near Nilamber Circle, Vasna, Baroda, Gujarat. Pin – 390017",,Vangad Eswaran,Vangad-1076,Vangad_eswaran@1037,
EFS-YES BANK,EFS-YES BANK-Himmatnagar,1077-Himmatnagar,Vengad.Eswaran@efsme.com,9036591904,9036591904,383001,Himmatnagar,Gujarat,"Part Ground Floor, ""Ashoka House"", Opp. Civil Hospital, Civil Road, Himmatnagar, Gujarat. Pin - 383 001.",,Vangad Eswaran,Vangad-1077,Vangad_eswaran@1037,
EFS-YES BANK,EFS-YES BANK-Delhi - West Patel Nagar,1078-Delhi - West Patel Nagar,Vengad.Eswaran@efsme.com,9036591904,9036591904,110008,New Delhi,Delhi,"Upper Ground Floor, First Floor & Second Floor, Plot No  1/9, West Patel Nagar, New Delhi - 110008",,Vangad Eswaran,Vangad-1078,Vangad_eswaran@1037,
EFS-YES BANK,EFS-YES BANK-Raichur,1079-Raichur,Vengad.Eswaran@efsme.com,9036591904,9036591904,584101,Raichur,Karnataka,"Part Ground Floor, Municipal No. 12-10-50 (Old), 12-10-88 (New), Lingsugur Road, Raichur – 584101.",,Vangad Eswaran,Vangad-1079,Vangad_eswaran@1037,
EFS-YES BANK,EFS-YES BANK-Noida - Sector 34,1080-Noida - Sector 34,Vengad.Eswaran@efsme.com,9036591904,9036591904,201307,Noida,Uttar Pradesh,"Ground Floor, Unit No-5, Supertech Pavilion, Sector-34, Noida -201307",,Vangad Eswaran,Vangad-1080,Vangad_eswaran@1037,
EFS-YES BANK,EFS-YES BANK-Amravati,1081-Amravati,Vengad.Eswaran@efsme.com,9036591904,9036591904,444601,Amravati,Maharashtra,"Ground Floor, Pitru Smruti, Near Obc Bank, Khatri Compound, Morshi Road, Jaistambh, Amravati-444601",,Vangad Eswaran,Vangad-1081,Vangad_eswaran@1037,
EFS-YES BANK,EFS-YES BANK-Bangalore - Electronic City,1082-Bangalore - Electronic City,Vengad.Eswaran@efsme.com,9036591904,9036591904,560100,Bangalore,Karnataka,"Plot No.229, Part Ground Floor, 2Nd Cross Road, Neeladri Nagar, Electronic City Phase 1, Bangalore - 560100",,Vangad Eswaran,Vangad-1082,Vangad_eswaran@1037,
EFS-YES BANK,EFS-YES BANK-Bangalore - Jayanagar 7th Block,1083-Bangalore - Jayanagar 7th Block,Vengad.Eswaran@efsme.com,9036591904,9036591904,560082,Bangalore,Karnataka,"Part Ground Floor, #825 Putta Das Complex, 13Th Cross, 7Th Block Jayanagar Bangalore, Karnataka – 560082.",,Vangad Eswaran,Vangad-1083,Vangad_eswaran@1037,
EFS-YES BANK,EFS-YES BANK-Ooty,1084-Ooty,Vengad.Eswaran@efsme.com,9036591904,9036591904,643001,Ooty,Tamil Nadu,"Yes Bank Ltd. No.194, Bombay Castle, Onslows Road, Ooty, The Nilgiris  - 643 001",,Vangad Eswaran,Vangad-1084,Vangad_eswaran@1037,
EFS-YES BANK,EFS-YES BANK-Chennai - Perambur,1105-Chennai - Perambur,Vengad.Eswaran@efsme.com,9036591904,9036591904,600011,Chennai,Tamil Nadu,"Yes Bank Ltd., Ground Floor, 161/163, Madhavaram High Road, Chennai - 600011.",,Vangad Eswaran,Vangad-1105,Vangad_eswaran@1037,
EFS-YES BANK,EFS-YES BANK-Kanchipuram,1106-Kanchipuram,Vengad.Eswaran@efsme.com,9036591904,9036591904,631502,Kanchipuram,Tamil Nadu,"Yes Bank Ltd., Ground Floor, 34/B, West Raja Street, Kancheepuram - 631502",,Vangad Eswaran,Vangad-1106,Vangad_eswaran@1037,
EFS-YES BANK,EFS-YES BANK-Chennai - Koyambedu,1112-Chennai - Koyambedu,Vengad.Eswaran@efsme.com,9036591904,9036591904,600107,Chennai,Tamil Nadu,"Yes Bank Ltd., Ground Floor, 2, Rathinapuri Layout, Jawaharlal Nehru Road, Koyambedu, Chennai - 600107",,Vangad Eswaran,Vangad-1112,Vangad_eswaran@1037,
EFS-YES BANK,EFS-YES BANK-Chamarajanagar,1115-Chamarajanagar,Vengad.Eswaran@efsme.com,9036591904,9036591904,571313,Chamarajanagar,Karnataka,"Part Ground Floor 136/130A, Mahaveer Mansion Sampige Road, Chamrajnagar, Karnataka 571313.",,Vangad Eswaran,Vangad-1115,Vangad_eswaran@1037,
EFS-YES BANK,EFS-YES BANK-Allahabad - Thornhill Road,1119-Allahabad - Thornhill Road,Vengad.Eswaran@efsme.com,9036591904,9036591904,211001,Allahabad,Uttar Pradesh,"Yes Bank Ltd, Ugf , Ground Floor & First Floor, Municipal No. 17/15/1, Maharishi Dayanand Marg, Thornhill Road, Allahabad, Up - 211001",,Vangad Eswaran,Vangad-1119,Vangad_eswaran@1037,
EFS-YES BANK,EFS-YES BANK-Jaipur - Raja Park,1125-Jaipur - Raja Park,Vengad.Eswaran@efsme.com,9036591904,9036591904,302004,Jaipur,Rajasthan,"Yes Bank Ltd,B 23 Ground Floor,Govind Marg,Rajapark,Jaipur 302004",,Vangad Eswaran,Vangad-1125,Vangad_eswaran@1037,
EFS-YES BANK,EFS-YES BANK-Vadodara - Waghodia Road,1126-Vadodara - Waghodia Road,Vengad.Eswaran@efsme.com,9036591904,9036591904,390025,Vadodara,Gujarat,"Yes Bank,Ground Floor,Nathdawra Avenue,Nr. Pariwar Char Rasta,Waghodiya Dabhoi Road,Waghodiya-Baroda-390025.",,Vangad Eswaran,Vangad-1126,Vangad_eswaran@1037,
EFS-YES BANK,EFS-YES BANK-Sangli,1127-Sangli,Vengad.Eswaran@efsme.com,9036591904,9036591904,416415,Sangli,Maharashtra,"Ground Floor, Ramchandra Sadan, Sangli Miraj Road, Sangli, Maharashtra : 416 415 ",,Vangad Eswaran,Vangad-1127,Vangad_eswaran@1037,
EFS-YES BANK,EFS-YES BANK-Gorakhpur 2,1131-Gorakhpur 2,Vengad.Eswaran@efsme.com,9036591904,9036591904,273004,Gorakhpur,Uttar Pradesh,"Part Ground Floor, S.M. Tower, No. 578K, Medical College Road, Gorakhpur, Uttar Pradesh -  273004.",,Vangad Eswaran,Vangad-1131,Vangad_eswaran@1037,
EFS-YES BANK,EFS-YES BANK-L B NAGAR,1135-L B NAGAR,Vengad.Eswaran@efsme.com,9036591904,9036591904,500074,Hyderabad,Telangana,"Yes Bank Ltd., Ground Floor, Sri Paada Building, 3-11-25/1, Plot No.15,19,20, Opp. Kamineni Hospital, Rtc Colony, Lb Nagar, Hyderabad - 500 074.",,Vangad Eswaran,Vangad-1135,Vangad_eswaran@1037,
EFS-YES BANK,EFS-YES BANK-Nagpur - Byramji Town,1137-Nagpur - Byramji Town,Vengad.Eswaran@efsme.com,9036591904,9036591904,440013,Nagpur,Maharashtra,"Ground Floor, Unit No. A-2/3 & A-2/4, J P Heights Building, Circle No. 24, C.S No. 2587, Gondvana Chowk, Byramji Town, Rajnagar, Nagpur, Maharashtra 440 013",,Vangad Eswaran,Vangad-1137,Vangad_eswaran@1037,
EFS-YES BANK,EFS-YES BANK-Ratnagiri,1138-Ratnagiri,Vengad.Eswaran@efsme.com,9036591904,9036591904,415612,Ratnagiri,Maharashtra,"Shop 1 To 4, Parnika Empire, N. A. Salvi Link Road, Arogya Mandir, Shivaji Nagar, Ratnagiri, Maharashtra, Pin : 415 612",,Vangad Eswaran,Vangad-1138,Vangad_eswaran@1037,
EFS-YES BANK,"EFS-YES BANK-Mfar Manyata, Bangalore","1139-Mfar Manyata, Bangalore",Vengad.Eswaran@efsme.com,9036591904,9036591904,560045,Bangalore,Karnataka,"Part Ground floor, Unit No. G13 A/2, Mfar Manyata Tech Park Greenheart Phase IV, Nagawara, Bangalore - 560045",,Vangad Eswaran,Vangad-1139,Vangad_eswaran@1037,
EFS-YES BANK,EFS-YES BANK-Ahmedabad - Vastrapur,1140-Ahmedabad - Vastrapur,Vengad.Eswaran@efsme.com,9036591904,9036591904,380015,Ahmedabad,Gujarat,"Gr. & 1St Floor, Shop Nos. 4 & 5, Galaxy Bazar, Sunrise Park Road, Vastrapur, Ahmedabad, Gujarat, Pin : 380015",,Vangad Eswaran,Vangad-1140,Vangad_eswaran@1037,
EFS-YES BANK,EFS-YES BANK-Ahmedabad - Vatwa,1141-Ahmedabad - Vatwa,Vengad.Eswaran@efsme.com,9036591904,9036591904,382445,Ahmedabad,Gujarat,"Gr. Floor, Shop No 1, 2 & 3, Shankheshwar Industrial Park 2, Opp. Midco Industries, Nr. Railway Bridge, Vatva, Ahmadabad, Gujarat, Pin - 382 445",,Vangad Eswaran,Vangad-1141,Vangad_eswaran@1037,
EFS-YES BANK,EFS-YES BANK-Surat - Pandasera GIDC,1142-Surat - Pandasera GIDC,Vengad.Eswaran@efsme.com,9036591904,9036591904,395017,Surat,Gujarat,"Gr. Floor, Showroom No. 1, Blue Ski Commerce Square, Sosyo Circle, Bamroli Road, Pandasera Gidc, Surat, Gujarat, Pin : 395 017",,Vangad Eswaran,Vangad-1142,Vangad_eswaran@1037,
EFS-YES BANK,EFS-YES BANK-Lucknow - LDA Lucknow,1144-Lucknow - LDA Lucknow,Vengad.Eswaran@efsme.com,9036591904,9036591904,226002,Lucknow,Uttar Pradesh,"Ground Floor, A-116-B, Kanpur Road, Lda Colony, Lucknow - 226002",,Vangad Eswaran,Vangad-1144,Vangad_eswaran@1037,
EFS-YES BANK,EFS-YES BANK-Kurnool,1145-Kurnool,Vengad.Eswaran@efsme.com,9036591904,9036591904,518002,Visakhapatnam,Andhra Pradesh,"Yes Bank Ltd., Part Ground Floor, Kamisetty Arcade, Door No. 46/87-57, Woodlands Compound, Budhawarpet, Kurnool, Andhra Pradesh - 518002.",,Vangad Eswaran,Vangad-1145,Vangad_eswaran@1037,
EFS-YES BANK,"EFS-YES BANK-Saibaba Colony, Coimbatore","1149-Saibaba Colony, Coimbatore",Vengad.Eswaran@efsme.com,9036591904,9036591904,641011,Coimbatore,Tamil Nadu,"Ground floor, 557 - 561 NSR Road Corner, Saibaba Colony, Coimbatore 641 011",,Vangad Eswaran,Vangad-1149,Vangad_eswaran@1037,
EFS-YES BANK,EFS-YES BANK-Haldwani,1161-Haldwani,Vengad.Eswaran@efsme.com,9036591904,9036591904,263139,Haldwani,Uttarakhand,"Ground Floor, khata No. 154, Khasra No. 260, Corporation No-11-254/1, Opposite Krishna Hospital, Nainital Road, Haldwani, Uttrakhand - 263139.",,Vangad Eswaran,Vangad-1161,Vangad_eswaran@1037,
EFS-YES BANK,EFS-YES BANK-Malout,1163-Malout,Vengad.Eswaran@efsme.com,9036591904,9036591904,152107,Malout,Punjab,"Ground Floor, Khasra No. 747, Udan Market, Near IDBI Bank, GT Road, Malout , Distt Muktsar, Punjab – 152107",,Vangad Eswaran,Vangad-1163,Vangad_eswaran@1037,
EFS-YES BANK,EFS-YES BANK-Adampur,1164-Adampur,Vengad.Eswaran@efsme.com,9036591904,9036591904,125052,Adampur,Haryana,"Ground Floor, Shop no.18, Additional Mandi, Adampur, Hisar, Haryana 125052.",,Vangad Eswaran,Vangad-1164,Vangad_eswaran@1037,
EFS-YES BANK,EFS-YES BANK-Abohar,1165-Abohar,Vengad.Eswaran@efsme.com,9036591904,9036591904,152116,Abohar,Punjab,"Yes bank ltd ground floor khewat-khatouni No -1095-1581 ,Khasra No/1291 (128-3),Mandi No -2 , Mandi Abohar , Tehsil Abohar, Distt Abohar, Punjab- Pincode 152116",,Vangad Eswaran,Vangad-1165,Vangad_eswaran@1037,
EFS-YES BANK,"EFS-YES BANK-Indirapuri, Bhopal","1167-Indirapuri, Bhopal",Vengad.Eswaran@efsme.com,9036591904,9036591904,462021,Bhopal,Madhya Pradesh,"Yes Bank Ltd., Ground Floor, Plot No. 31, Sector -A, Raisen Road, Indrapuri, Bhopal - 462021",,Vangad Eswaran,Vangad-1167,Vangad_eswaran@1037,
EFS-YES BANK,"EFS-YES BANK-City Light, Surat","1168-City Light, Surat",Vengad.Eswaran@efsme.com,9036591904,9036591904,395007,Surat,Gujarat,"YES BANK LTD - Ground floor, shop no. 6,7 & 8, Oberon building, TP 13, FP 65, New city light, brts road, Nr. vip road, surat, 395 007.",,Vangad Eswaran,Vangad-1168,Vangad_eswaran@1037,
EFS-YES BANK,"EFS-YES BANK-Wagle Estate, Thane","1169-Wagle Estate, Thane",Vengad.Eswaran@efsme.com,9036591904,9036591904,400604,Thane,Maharashtra,"Ground Floor, Unit no.9,10,11, Plot nno.A-125, A-126 & A125 (part), Accel House, Road no.22, Wagle Estate, MIDC, Thane 400604",,Vangad Eswaran,Vangad-1169,Vangad_eswaran@1037,
EFS-YES BANK,EFS-YES BANK-Bundi,1170-Bundi,Vengad.Eswaran@efsme.com,9036591904,9036591904,323001,Bundi,Rajasthan,"Ground Floor, Plot no.1 to 6, Narayan Plaza, Lanka Gate Road, Bundi, Rajasthan - 323001.",,Vangad Eswaran,Vangad-1170,Vangad_eswaran@1037,
EFS-YES BANK,EFS-YES BANK-Keshoraipatan,1171-Keshoraipatan,Vengad.Eswaran@efsme.com,9036591904,9036591904,323601,Keshoraipatan ,Rajasthan,"Yes Bank Limited, Ground Floor, Plot no 9 & 10, Pratap Colony, Gurudwara Sahib ,Ward No. 2, Keshoraipatan, Dist.-Bundi, Rajasthan – 323601",,Vangad Eswaran,Vangad-1171,Vangad_eswaran@1037,
EFS-YES BANK,EFS-YES BANK-Amloh,1172-Amloh,Vengad.Eswaran@efsme.com,9036591904,9036591904,147203,Amloh,Punjab,"Yes Bank Ltd GF, Khewat/Khatoni no. 25/46, Khasra no. 65/3(0-10), , Beerh Amloh, Tehsil Amloh, Fatehgarh Sahib, Punjab -147203.",,Vangad Eswaran,Vangad-1172,Vangad_eswaran@1037,
EFS-YES BANK,EFS-YES BANK-Jarg,1173-Jarg,Vengad.Eswaran@efsme.com,9036591904,9036591904,141415,Jarg,Punjab,"Yes Bank Ltd GF, Khewat/Khatoni no. 172/187, Jarg-1, Hadbast No.186, Tehsil Payal, District Ludhiana – Punjab -141415",,Vangad Eswaran,Vangad-1173,Vangad_eswaran@1037,
EFS-YES BANK,"EFS-YES BANK-Baghapurana, Punjab","1174-Baghapurana, Punjab",Vengad.Eswaran@efsme.com,9036591904,9036591904,143028,Baghapurana,Punjab,"Yes Bank Limited GF, Khasra no. 528(1-17) 530(3-5),Village Baghapurana II, Tehsil Baghapurana,District Moga, Punjab-143028.",,Vangad Eswaran,Vangad-1174,Vangad_eswaran@1037,
EFS-YES BANK,EFS-YES BANK-Padampur,1175-Padampur,Vengad.Eswaran@efsme.com,9036591904,9036591904,335041,Padampur,Rajasthan,"Ground floor, Plot No. 123, Ward No.5, Dhan Mandi Road, Padampur taluk, Sri Ganganagar district,        Rajasthan – 335041",,Vangad Eswaran,Vangad-1175,Vangad_eswaran@1037,
EFS-YES BANK,EFS-YES BANK-Kesrisinghpur,1176-Kesrisinghpur,Vengad.Eswaran@efsme.com,9036591904,9036591904,335027,Kesrisinghpur,Rajasthan,"Ground floor, Plot No.15, Refugee colony, Kesrisinghpur taluk, Sri Ganganagar district, Rajasthan – 335027",,Vangad Eswaran,Vangad-1176,Vangad_eswaran@1037,
EFS-YES BANK,EFS-YES BANK-Sadhu Vaswani Road – Rajkot,1177-Sadhu Vaswani Road – Rajkot,Vengad.Eswaran@efsme.com,9036591904,9036591904,360006,Rajkot,Gujarat,"Shop No 18,19,29,30, Anmol Complex, Sadh Vaswani Road, Rajkot - 360006",,Vangad Eswaran,Vangad-1177,Vangad_eswaran@1037,
EFS-YES BANK,"EFS-YES BANK-Pal Road, Jodhpur","1178-Pal Road, Jodhpur",Vengad.Eswaran@efsme.com,9036591904,9036591904,"42008
",Jodhpur,Rajasthan,"YES BANK LTD - Shop No.1 and 2 Ashok Udhyan Craft Market, Pal Road,Jodhpur – 342008
",,Vangad Eswaran,Vangad-1178,Vangad_eswaran@1037,
EFS-YES BANK,"EFS-YES BANK-Saravanapatti, Coimbatore","1179-Saravanapatti, Coimbatore",Vengad.Eswaran@efsme.com,9036591904,9036591904,641049,Coimbatore,Tamil Nadu,"Yes Bank Ltd, Upper Ground Floor, 171/1 Sathy Road (West), Saravanapatti, Coimbatore 641 049.",,Vangad Eswaran,Vangad-1179,Vangad_eswaran@1037,
EFS-YES BANK,EFS-YES BANK-Rania,1180-Rania,Vengad.Eswaran@efsme.com,9036591904,9036591904,125076,Rania,Haryana,"Yes Bank Limited Ground Floor, Khasra No- 1057/2/1, 1057/2/2, 1057/2/3, 1057/2/4, 1057/2/5 Next to HDFC Bank, Rania, Sirsa,Haryana - 125076",,Vangad Eswaran,Vangad-1180,Vangad_eswaran@1037,
EFS-YES BANK,"EFS-YES BANK-Paldi, Gujarat","1182-Paldi, Gujarat",Vengad.Eswaran@efsme.com,9036591904,9036591904,380007,Ahmedabad,Gujarat,"Yes Bank Ltd, Gr. Floor,No 1 and 2, Merlin Pentagon,Mahalaxmi Cross Road, Paldi, Ahmedabad - 380007",,Vangad Eswaran,Vangad-1182,Vangad_eswaran@1037,
EFS-YES BANK,EFS-YES BANK-Halvad,1183-Halvad,Vengad.Eswaran@efsme.com,9036591904,9036591904,363330,Halvad,Gujarat,"Yes Bank Limited Ground Floor. Maruti Bhavan, Opp, brahmsamaj Ni wadi,Sara Road , Halvad , Distt Morbi, Gujrat Pin - 363 330",,Vangad Eswaran,Vangad-1183,Vangad_eswaran@1037,
EFS-YES BANK,"EFS-YES BANK-Hauz Khas, Delhi","1184-Hauz Khas, Delhi",Vengad.Eswaran@efsme.com,9036591904,9036591904,110016,Delhi,Delhi,"Ground Floor ,E-43 Hauz Khas Enclave New Delhi - 110016",,Vangad Eswaran,Vangad-1184,Vangad_eswaran@1037,
EFS-YES BANK,EFS-YES BANK-Karanpur,1185-Karanpur,Vengad.Eswaran@efsme.com,9036591904,9036591904,335073,Karanpur,Rajasthan,"Ground Floor, Lakkad Mandi Karanpur Dist Shri Ganganagar -335073 Rajasthan ",,Vangad Eswaran,Vangad-1185,Vangad_eswaran@1037,
EFS-YES BANK,EFS-YES BANK-Valasaravakkam,1186-Valasaravakkam,Vengad.Eswaran@efsme.com,9036591904,9036591904,600116,Chennai,Tamil Nadu,"Yes bank Ltd, Ground floor, Shop No.7,8,9 Door No.15G Arcot Road, Valasaravakkam, Chennai 600 116.",,Vangad Eswaran,Vangad-1186,Vangad_eswaran@1037,
EFS-YES BANK,"EFS-YES BANK-Adani Port branch, Mundra","1187-Adani Port branch, Mundra",Vengad.Eswaran@efsme.com,9036591904,9036591904,370421,Mundra,Gujarat,"Ground Floor, Office No. 06,07 & 08,At New Port User Building, Navinal Island, Mundra – 370 421",,Vangad Eswaran,Vangad-1187,Vangad_eswaran@1037,
EFS-YES BANK,"EFS-YES BANK-Alpha Market, Greater Noida","1188-Alpha Market, Greater Noida",Vengad.Eswaran@efsme.com,9036591904,9036591904,201310,Noida,Uttar Pradesh,"Part of ground floor, Commercial plot no-B-3, Block no-ACB, Sector Alpha, Gnida, Greater Noida, UP-201310",,Vangad Eswaran,Vangad-1188,Vangad_eswaran@1037,
EFS-YES BANK,EFS-YES BANK-Shantigram Township- Ahmedabad,1189-Shantigram Township- Ahmedabad,Vengad.Eswaran@efsme.com,9036591904,9036591904,382421,Khodiyar,Gujarat,"24, Shoppers Plaza, Adani Shantigram Township, Near Vaisnodevi Circle, Khodiyar, Ahmedabad -382421",,Vangad Eswaran,Vangad-1189,Vangad_eswaran@1037,
EFS-YES BANK,EFS-YES BANK-Selaiyur,1191-Selaiyur,Vengad.Eswaran@efsme.com,9036591904,9036591904,600073,Chennai,Tamil Nadu,"Ground floor, Satheesh Paradise, No.388 Velachery Main Road, Selaiyur, Chennai 600 073",,Vangad Eswaran,Vangad-1191,Vangad_eswaran@1037,
EFS-YES BANK,"EFS-YES BANK-Sapna Sangeeta Road, Indore","1193-Sapna Sangeeta Road, Indore",Vengad.Eswaran@efsme.com,9036591904,9036591904,452001,Indore,Madhya Pradesh,"Yes Bank Ltd Showroom No.1 , Vishal Trinity,24-B,Sneh Nagar , Sapna Sangeeta Road , Indore -452001",,Vangad Eswaran,Vangad-1193,Vangad_eswaran@1037,
EFS-YES BANK,EFS-YES BANK-Krishnapatnam Port,1195-Krishnapatnam Port,Vengad.Eswaran@efsme.com,9036591904,9036591904,524344,Visakhapatnam,Andhra Pradesh,"Yes Bank Ltd., Ground Floor, P.O.Bag no.1, Bank Building, krishnapatnam port, Muthukur Mandal, Nellore District – 524344, Andhra Pradesh",,Vangad Eswaran,Vangad-1195,Vangad_eswaran@1037,
EFS-YES BANK,"EFS-YES BANK-Gachibowli Branch, Hyderabad","1196-Gachibowli Branch, Hyderabad",Vengad.Eswaran@efsme.com,9036591904,9036591904,500032,Hyderabad,Telangana,"Yes Bank Ltd.,Ground Floor, H.No.2-37/128, Vinayak Nagar Colony,Indira Nagar, Gachibowli,Hyderabad District – 500 032, Telangana.",,Vangad Eswaran,Vangad-1196,Vangad_eswaran@1037,
EFS-YES BANK,"EFS-YES BANK-Lokhandwala complex, Andheri (west) branch","1197-Lokhandwala complex, Andheri (west) branch",Vengad.Eswaran@efsme.com,9036591904,9036591904,400053,Greater Mumbai,Maharashtra,"Ground floor, Part of unit 1, B wing, The Spring fields II, Lokhandwala complex, Andheri - west, Mumbai – 400 053",,Vangad Eswaran,Vangad-1197,Vangad_eswaran@1037,
EFS-YES BANK,EFS-YES BANK-Sector 78 Noida,1198-Sector 78 Noida,Vengad.Eswaran@efsme.com,9036591904,9036591904,201301,Noida,Uttar Pradesh,"Ground Floor ,Shop No 4, Mahagun Mezzaria, Sector 78, Noida, UP-201301",,Vangad Eswaran,Vangad-1198,Vangad_eswaran@1037,
EFS-YES BANK,"EFS-YES BANK-Varanasi, Ramkatora","1199-Varanasi, Ramkatora",Vengad.Eswaran@efsme.com,9036591904,9036591904,221001,Varanasi,Uttar Pradesh,"Ground Floor, C-26/35-35, Ramkatora, Lahurabir, Varanasi-221001",,Vangad Eswaran,Vangad-1199,Vangad_eswaran@1037,
EFS-YES BANK,EFS-YES BANK-CR Park,1200-CR Park,Vengad.Eswaran@efsme.com,9036591904,9036591904,110019,New Delhi,Delhi,Ground Floor B 318 Chittranjan Park New Delhi-110019,,Vangad Eswaran,Vangad-1200,Vangad_eswaran@1037,
EFS-YES BANK,EFS-YES BANK-Nagaon Assam,1201-Nagaon Assam,Vengad.Eswaran@efsme.com,9036591904,9036591904,782002,Nagaon,Assam,"Ground floor, Manglunia bhawan, A.T.road, Haibargaon, Nagaon 782 002",,Vangad Eswaran,Vangad-1201,Vangad_eswaran@1037,
EFS-YES BANK,EFS-YES BANK-Pipliyana,1202-Pipliyana,Vengad.Eswaran@efsme.com,9036591904,9036591904,452016,Indore,Madhya Pradesh,"Yes Bank Ltd,Unit no. G-09, Ground floor, Dil Pasand Greens, Scheme 140, Pipliyahana, Indore, Madhya Pradesh, Pin: 452016",,Vangad Eswaran,Vangad-1202,Vangad_eswaran@1037,
EFS-YES BANK,EFS-YES BANK-Tiruchengode,1203-Tiruchengode,Vengad.Eswaran@efsme.com,9036591904,9036591904,637211,Tiruchengode,Tamil Nadu,"363/1, Sankari Road,  Tiruchengode 637 211.",,Vangad Eswaran,Vangad-1203,Vangad_eswaran@1037,
EFS-YES BANK,EFS-YES BANK-Sadashiva Nagar,1204-Sadashiva Nagar,Vengad.Eswaran@efsme.com,9036591904,9036591904,560003,Bangalore,Karnataka,"Part Ground floor, 14, Sankey Road, Sadashiva nagar, Bangalore – 560003, Karnataka.",,Vangad Eswaran,Vangad-1204,Vangad_eswaran@1037,
EFS-YES BANK,EFS-YES BANK-Thaltej,1205-Thaltej,Vengad.Eswaran@efsme.com,9036591904,9036591904,380059,Ahmedabad,Gujarat,"Shop No. 9, Times Square Arcade, Opp. Rambaug, Near Ravija Plaza, Thaltej - Shilaj Road, Thaltej, Ahmedabad, Gujarat - 380059",,Vangad Eswaran,Vangad-1205,Vangad_eswaran@1037,
EFS-YES BANK,EFS-YES BANK-Baner,1206-Baner,Vengad.Eswaran@efsme.com,9036591904,9036591904,411045,Pune,Maharashtra,"Ground Floor, shop no 2&3 Sai Empire Building,Baner Road, Baner, 411045",,Vangad Eswaran,Vangad-1206,Vangad_eswaran@1037,
EFS-YES BANK,EFS-YES BANK-Bhavani,1207-Bhavani,Vengad.Eswaran@efsme.com,9036591904,9036591904,"38301
",Bhavani,Tamil Nadu,"Ground Floor, Agni Plaza, 
Door No:120, Main Road, Bhavani - 638301
",,Vangad Eswaran,Vangad-1207,Vangad_eswaran@1037,
EFS-YES BANK,EFS-YES BANK-Gobichettipalayam,1208-Gobichettipalayam,Vengad.Eswaran@efsme.com,9036591904,9036591904,638452,Gobichettipalayam,Tamil Nadu,"Ground floor, 278 Kutchery Street, 
Gobichettipalayam 638 452.
",,Vangad Eswaran,Vangad-1208,Vangad_eswaran@1037,
EFS-YES BANK,EFS-YES BANK-Barbil,1209-Barbil,Vengad.Eswaran@efsme.com,9036591904,9036591904,758035,Barbil,Odisha,"Ground floor, Ward no 15, Sundara unit, Unit no 13, Joda Barbil highway, Barbil Odisha -758035",,Vangad Eswaran,Vangad-1209,Vangad_eswaran@1037,
EFS-YES BANK,EFS-YES BANK-Talwandi - Kota,1210-Talwandi - Kota,Vengad.Eswaran@efsme.com,9036591904,9036591904,324005,Kota,Rajasthan,"Ground floor, 1C, 2, Talwandi main Road, Kota, Rajasthan, Pin : 324 005",,Vangad Eswaran,Vangad-1210,Vangad_eswaran@1037,
EFS-YES BANK,EFS-YES BANK-Siliguri -SF Road,1211-Siliguri -SF Road,Vengad.Eswaran@efsme.com,9036591904,9036591904,734005,Siliguri,West Bengal,"Upper Ground floor, ""Orchid Building"" near Somani mill complex, S.F. road, Siliguri 734005",,Vangad Eswaran,Vangad-1211,Vangad_eswaran@1037,
EFS-YES BANK,EFS-YES BANK-Gariahat,1215-Gariahat,Vengad.Eswaran@efsme.com,9036591904,9036591904,700019,Kolkata,West Bengal,"Yes Bank Ltd,Ground Floor,195/4 Rasbehari Avenue, Kolkata 700019",,Vangad Eswaran,Vangad-1215,Vangad_eswaran@1037,
EFS-YES BANK,EFS-YES BANK-Rajarajeshwari nagar,1216-Rajarajeshwari nagar,Vengad.Eswaran@efsme.com,9036591904,9036591904,560098,Bangalore,Karnataka,"Ground Floor, No.885, Neelashree Abhay Tower, 4th Stage, R R Nagar, Bangalore – 560098, Karnataka.",,Vangad Eswaran,Vangad-1216,Vangad_eswaran@1037,
EFS-YES BANK,EFS-YES BANK-Ranebennur,1217-Ranebennur,Vengad.Eswaran@efsme.com,9036591904,9036591904,581115,Ranebennur,Karnataka,"Ground Floor, ""Lakshmi"" Besides Reliance Trends, P B Road, Ranebennur,  Haveri District, Karnataka 581115.",,Vangad Eswaran,Vangad-1217,Vangad_eswaran@1037,
EFS-YES BANK,EFS-YES BANK-Sirsi,1218-Sirsi,Vengad.Eswaran@efsme.com,9036591904,9036591904,581402,Sirsi,Karnataka,"Part Ground floor, Balaji Building, Near 
Ashwini Circle, Yellapur Road, Sirsi 581 402.
",,Vangad Eswaran,Vangad-1218,Vangad_eswaran@1037,
EFS-YES BANK,EFS-YES BANK-Sagar,1219-Sagar,Vengad.Eswaran@efsme.com,9036591904,9036591904,577401,Sagar,Karnataka,"Ground floor, Ashok Road, Sagar 577 401",,Vangad Eswaran,Vangad-1219,Vangad_eswaran@1037,
EFS-YES BANK,EFS-YES BANK-Chennagiri,1220-Chennagiri,Vengad.Eswaran@efsme.com,9036591904,9036591904,577213,Channagiri,Karnataka,"Shree Marula Siddeshwara Complex, Upper 
Ground Floor, NH13, Near Bus Stand, 
Chennagiri 577 213
",,Vangad Eswaran,Vangad-1220,Vangad_eswaran@1037,
EFS-YES BANK,EFS-YES BANK-New Panvel,1225-New Panvel,Vengad.Eswaran@efsme.com,9036591904,9036591904,410206,Panvel,Maharashtra,"Ground Floor, Unit No 1,Landmark CHS Ltd,Plot No 19, Sector 19, New Panvel, Dist Raigad, Maharashtra-410206",,Vangad Eswaran,Vangad-1225,Vangad_eswaran@1037,
EFS-YES BANK,EFS-YES BANK-Sama Savli,1227-Sama Savli,Vengad.Eswaran@efsme.com,9036591904,9036591904,390002,Vadodara,Gujarat,"GF-46, Earth Eon, Opp Urmi School, Sama Savli Road, Vadodara– 390002
",,Vangad Eswaran,Vangad-1227,Vangad_eswaran@1037,
EFS-YES BANK,EFS-YES BANK-Laskhar - Gwalior,1229-Laskhar - Gwalior,Vengad.Eswaran@efsme.com,9036591904,9036591904,474001,Gwalior,Madhya Pradesh,"Yes Bank Ltd,Unit No. G-01 to G-04, Ground Floor, Filmistan Plaza, Nai Sadak, Lashkar, Gwalior, Madhya Pradesh - 474 001",,Vangad Eswaran,Vangad-1229,Vangad_eswaran@1037,
EFS-YES BANK,EFS-YES BANK-Ambala city,1231-Ambala city,Vengad.Eswaran@efsme.com,9036591904,9036591904,134003,Ambala,Haryana,"Ground Floor, Maharshi Tower, Plot No. 3&4, Aggarsain Chowk, Ambala, Haryana-134003",,Vangad Eswaran,Vangad-1231,Vangad_eswaran@1037,
EFS-YES BANK,EFS-YES BANK-Gangavathi,1267-Gangavathi,Vengad.Eswaran@efsme.com,9036591904,9036591904,583227,Gangavathi,Karnataka,"Gr. Floor, Plot No.1/1, RG Road, Gangavathi, District : Koppal, Karnataka, Pin : 583227",,Vangad Eswaran,Vangad-1267,Vangad_eswaran@1037,
EFS-YES BANK,EFS-YES BANK-Mumbai - SEEPZ,0201-Mumbai - SEEPZ,Vengad.Eswaran@efsme.com,9036591904,9036591904,400093,Greater Mumbai,Maharashtra,"Ahura Centre, Shop No 19 And 20,Ground Floor, Mahakali Caves Road,,Landmark  Next To Hdfc Bank, 400093",,Vangad Eswaran,Vangad-0201,Vangad_eswaran@1037,
EFS-YES BANK,EFS-YES BANK-Siana,0308-Siana,Vengad.Eswaran@efsme.com,9036591904,9036591904,245412,Siana,Uttar Pradesh,"Ground Floor, Ward No-11, Patti Harnam Singh, Garh Bulandshahr Road, Siyana, Distt Bulandshehr, Up - 245412",,Vangad Eswaran,Vangad-0308,Vangad_eswaran@1037,
EFS-YES BANK,EFS-YES BANK-Bhinmal,0314-Bhinmal,Vengad.Eswaran@efsme.com,9036591904,9036591904,343029,Bhinmal,Rajasthan,"Ground Floor & First Floor, Shri Sai Complex, Krishi Mandi /Ram Singh Road, Bhinmal, Rajasthan -343029.",,Vangad Eswaran,Vangad-0314,Vangad_eswaran@1037,
EFS-YES BANK,EFS-YES BANK-Kangra,0315-Kangra,Vengad.Eswaran@efsme.com,9036591904,9036591904,176001,Kangra,Himachal Pradesh,Khasra No 91/1&93/1 Opposite Govt Poly Tech College Dharmshala Road Kangra Dist.Kangra Hp 176001,,Vangad Eswaran,Vangad-0315,Vangad_eswaran@1037,
EFS-YES BANK,EFS-YES BANK-Ghoti - Igatpuri,0357-Ghoti - Igatpuri,Vengad.Eswaran@efsme.com,9036591904,9036591904,422402,Ghoti - Igatpuri,Maharashtra,"Yes Bank Ltd., Shop No 6, 7, Survey No 467/2/1, Old Agra Road, At Post Ghoti, Tal Igatpuri, Dist Nashik 422402",,Vangad Eswaran,Vangad-0357,Vangad_eswaran@1037,
EFS-YES BANK,EFS-YES BANK-Bodeli,0361-Bodeli,Vengad.Eswaran@efsme.com,9036591904,9036591904,391135,Bodeli,Gujarat,"Part 1St Floor, Ganesh Complex, Halol Road, Opp. Geb Sub-Station, Alipura, Bodeli, Gujarat – 391135.",,Vangad Eswaran,Vangad-0361,Vangad_eswaran@1037,
EFS-YES BANK,EFS-YES BANK-Khandevla,0429-Khandevla,Vengad.Eswaran@efsme.com,9036591904,9036591904,122504,Khandevla,Haryana,"Ground Floor, Makaan No-158, Khasra 111/325, Vpo Khandewla, Tehsil Farukh Nagar, Gurgaon-122504",,Vangad Eswaran,Vangad-0429,Vangad_eswaran@1037,
EFS-YES BANK,EFS-YES BANK-Kherla,0430-Kherla,Vengad.Eswaran@efsme.com,9036591904,9036591904,122102,Kherla,Haryana,"Ground Floor, Khasra No-208, Vpo Kherla, Tehsil Sohna, Gurgaon-122102",,Vangad Eswaran,Vangad-0430,Vangad_eswaran@1037,
EFS-YES BANK,EFS-YES BANK-Hayatpur,0432-Hayatpur,Vengad.Eswaran@efsme.com,9036591904,9036591904,122505,Hayatpur,Haryana,"Ground Floor, Khasra No 14, Khevat 38/4-5/1-6/2, Vpo Hayatpur, Tehsil Gurgaon Distt Gurgaon Haryana-122505",,Vangad Eswaran,Vangad-0432,Vangad_eswaran@1037,
EFS-YES BANK,EFS-YES BANK-Nawada Fatehpur,0433-Nawada Fatehpur,Vengad.Eswaran@efsme.com,9036591904,9036591904,122004,Nawada Fatehpur,Haryana,"Ground Floor, Khasra No 98, Vpo Nawada Fatehpur, Tehsil Manesar, Gurgaon-122004",,Vangad Eswaran,Vangad-0433,Vangad_eswaran@1037,
EFS-YES BANK,EFS-YES BANK-Kabri,0496-Kabri,Vengad.Eswaran@efsme.com,9036591904,9036591904,132103,Kabri,Haryana,"Vpo Kabri , Near Govt School Kabri Pin Code 132103",,Vangad Eswaran,Vangad-0496,Vangad_eswaran@1037,
EFS-YES BANK,EFS-YES BANK-Kherka Gujar,0499-Kherka Gujar,Vengad.Eswaran@efsme.com,9036591904,9036591904,124507,Kherka Gujar,Haryana,"Gaon Kherka Gujjar, Dist. Jajjhar Pincode-124507",,Vangad Eswaran,Vangad-0499,Vangad_eswaran@1037,
EFS-YES BANK,EFS-YES BANK-Kanonda,0500-Kanonda,Vengad.Eswaran@efsme.com,9036591904,9036591904,124505,Kanonda,Haryana,"Near Shani Mandir,Gaon Kannonda, Dist. Jajjhar Pincode-124505",,Vangad Eswaran,Vangad-0500,Vangad_eswaran@1037,
EFS-YES BANK,EFS-YES BANK-Garhi Bazidpur,0504-Garhi Bazidpur,Vengad.Eswaran@efsme.com,9036591904,9036591904,122102,Garhi Bazidpur,Haryana,"Ground Floor, Village Garhi Bazidpur, Mustakil No.61, Kila No.42/1, Tehsil Sohna, Gurgaon, Haryana - 122102",,Vangad Eswaran,Vangad-0504,Vangad_eswaran@1037,
EFS-YES BANK,EFS-YES BANK-Navarangpur,0505-Navarangpur,Vengad.Eswaran@efsme.com,9036591904,9036591904,122004,Navarangpur,Haryana,"Ground Floor, Mustakil No. 79, Kila No. 20/1, Village-Naurangpur, The-Manesar, Gurgaon, Haryana 122004",,Vangad Eswaran,Vangad-0505,Vangad_eswaran@1037,
EFS-YES BANK,EFS-YES BANK-Betul,0546-Betul,Vengad.Eswaran@efsme.com,9036591904,9036591904,460001,Betul,Madhya Pradesh,"Yes Bank Ltd, Plot No.1/56,Ground Floor,Rajendra Ward,Betul  Madhya Pradesh, 460001",,Vangad Eswaran,Vangad-0546,Vangad_eswaran@1037,
EFS-YES BANK,EFS-YES BANK-Dhamar,0572-Dhamar,Vengad.Eswaran@efsme.com,9036591904,9036591904,124401,Dhamar,Haryana,"Part Ground Floor, Khasra No 100//5/3/2 , Village Dhamar, Tehsil And District Rohtak, Haryana. Pin- 124401",,Vangad Eswaran,Vangad-0572,Vangad_eswaran@1037,
EFS-YES BANK,EFS-YES BANK-Nilauthi,0573-Nilauthi,Vengad.Eswaran@efsme.com,9036591904,9036591904,124404,Nilauthi,Haryana,"Part Ground Floor, Khasra No 252 Min, 253/1 Min, 253/2 Min, 254 Min & 260/1 Min, Village- Nilauthi, Teh – Bahadurgarh, Distt. - Jhajjar, Haryana. Pin-124404",,Vangad Eswaran,Vangad-0573,Vangad_eswaran@1037,
EFS-YES BANK,EFS-YES BANK-Dhor,0574-Dhor,Vengad.Eswaran@efsme.com,9036591904,9036591904,124201,Dhor,Haryana,"Ground Floor, Khasra No 299, Village- Dhor, Teh – Bahadurgarh, Distt. - Jhajjar, Haryana 124201",,Vangad Eswaran,Vangad-0574,Vangad_eswaran@1037,
EFS-YES BANK,EFS-YES BANK-Samchana,0576-Samchana,Vengad.Eswaran@efsme.com,9036591904,9036591904,124404,Samchana,Haryana,"Ground Floor, Old Khasra No 6114, Khatoni No -450, Village- Samchana, Teh – Sampla, Distt. - Rohtak, Haryana. Pin-124404",,Vangad Eswaran,Vangad-0576,Vangad_eswaran@1037,
EFS-YES BANK,EFS-YES BANK-Sunderpur,0590-Sunderpur,Vengad.Eswaran@efsme.com,9036591904,9036591904,124001,Sunderpur,Haryana,"Ground Floor, Khewat No. 489, Khatoni No. 573, Khasra No. 37//3/2(2-6), Village Sunderpur, Tehsil And District Rohtak, Haryana, Pincode-124001",,Vangad Eswaran,Vangad-0590,Vangad_eswaran@1037,
EFS-YES BANK,EFS-YES BANK-Madurai,0616-Madurai,Vengad.Eswaran@efsme.com,9036591904,9036591904,625002,Madurai,Tamil Nadu,"Ground Floor,100/1,Palam Station Road,Goripalayam,Madurai - 625002",,Vangad Eswaran,Vangad-0616,Vangad_eswaran@1037,
EFS-YES BANK,EFS-YES BANK-Greater Mumbai - Jacob Circle,0618-Greater Mumbai - Jacob Circle,Vengad.Eswaran@efsme.com,9036591904,9036591904,400011,Greater Mumbai,Maharashtra,"Ground Floor, Shop No 2, Vivarea, Sane Guruji Marg, Jacob Circle, Mumbai 400011.",,Vangad Eswaran,Vangad-0618,Vangad_eswaran@1037,
EFS-YES BANK,EFS-YES BANK-Kannad,0643-Kannad,Vengad.Eswaran@efsme.com,9036591904,9036591904,431103,Kannad,Maharashtra,"Part Ground Floor, Administrative Building,Mahatma Phule Nagar, Taluka – Kannad Dist. Aurangabad. 431103.",,Vangad Eswaran,Vangad-0643,Vangad_eswaran@1037,
EFS-YES BANK,EFS-YES BANK-Karur,0744-Karur,Vengad.Eswaran@efsme.com,9036591904,9036591904,639001,Karur,Tamil Nadu,"Ground Floor, Door Nos. Old 122 New 46, T.S.No.1188/1, Ward No.1, Division No.1, Block No.57, Thiru-Vi-Ka Road, Karur – 639001, Tamil Nadu. ",,Vangad Eswaran,Vangad-0744,Vangad_eswaran@1037,
EFS-YES BANK,EFS-YES BANK-Fatehgarh Churiyan,0797-Fatehgarh Churiyan,Vengad.Eswaran@efsme.com,9036591904,9036591904,143602,Fatehgarh Churiyan,Punjab,"Ground Floor, Hadbast No.366 At Khata No.781/1065, Comprised Under Khasra No. 102//8/2 (7-14), Village & Tehsil Fathegarh Churian, Distt. Gurdaspur,Punjab-143602",,Vangad Eswaran,Vangad-0797,Vangad_eswaran@1037,
EFS-YES BANK,EFS-YES BANK-Aklimpur,0863-Aklimpur,Vengad.Eswaran@efsme.com,9036591904,9036591904,122101,Aklimpur,Haryana,"Ground Floor, Mustakil No. 28, ,Village- Aklimpur, Tehsil & Distt. – Gurgaon, Haryana - 122101",,Vangad Eswaran,Vangad-0863,Vangad_eswaran@1037,
EFS-YES BANK,EFS-YES BANK-Pimpalgaon Wakhari,0874-Pimpalgaon Wakhari,Vengad.Eswaran@efsme.com,9036591904,9036591904,423102,Pimpalgaon Wakhari,Maharashtra,"Shop 6,7 &8, Rakmabai Shopping Complex, Pimpalgoan Wakhari , Taluka Deola, District Nashik, Maharashtra: Pin- 423102",,Vangad Eswaran,Vangad-0874,Vangad_eswaran@1037,
EFS-YES BANK,EFS-YES BANK-Pasina Khurd,0875-Pasina Khurd,Vengad.Eswaran@efsme.com,9036591904,9036591904,132104,Pasina Khurd,Haryana,"Gf, Khasra No. 152(1-11) Village Pasina Khurd, Tehsil–Bapolihadbast No. 49, Distt. Panipat-132104",,Vangad Eswaran,Vangad-0875,Vangad_eswaran@1037,
EFS-YES BANK,EFS-YES BANK-Sambalpur,1054-Sambalpur,Vengad.Eswaran@efsme.com,9036591904,9036591904,768004,Sambalpur,Odisha,"Yes Bank Ltd.Swagat Building, Upper Ground Floor, Khata No. 733/522, Plot No. 166/3049, Mouza: Sambalpur Town Unit No. 14 (Danipali), Ainthapali, Sambalpur 768004
",,Vangad Eswaran,Vangad-1054,Vangad_eswaran@1037,
EFS-YES BANK,EFS-YES BANK-Bhubaneswar - Baramunda,1066-Bhubaneswar - Baramunda,Vengad.Eswaran@efsme.com,9036591904,9036591904,751003,Bhubhaneshwar,Odisha,"Yes Bank Ltd. Ground Floor Of Pgl City Mart ,Plot No-M-15 N.H 16 Opposite Fire Station. Baramunda, Bhubaneswar 751003",,Vangad Eswaran,Vangad-1066,Vangad_eswaran@1037,
EFS-YES BANK,EFS-YES BANK-Leh,1071-Leh,Vengad.Eswaran@efsme.com,9036591904,9036591904,194101,Leh,Ladakh,"Ground Floor (Atm) 1St Floor Branch , Antelope Complex , Main Market , Leh Ladhak -194101",,Vangad Eswaran,Vangad-1071,Vangad_eswaran@1037,
EFS-YES BANK,EFS-YES BANK-Chennai - Neelankarai,1074-Chennai - Neelankarai,Vengad.Eswaran@efsme.com,9036591904,9036591904,600115,Chennai,Tamil Nadu,"Yes Bank Limited , Part Ground Floor , # 14 , Kabaleeswarar Nagar , Neelankarai , Chennai 600115",,Vangad Eswaran,Vangad-1074,Vangad_eswaran@1037,
EFS-YES BANK,EFS-YES BANK-Mandi Dabwali,1162-Mandi Dabwali,Vengad.Eswaran@efsme.com,9036591904,9036591904,125104,Mandi Dabwali,Haryana,"Part of GF, Khewat No. 375, Khatauni No. 1644, Khasra No. 2033/3/3 (44-0) & (ii),Chautala Road, Nai Dabwali, Tehshil Dabwali, District Sirsa, Haryana-125104.",,Vangad Eswaran,Vangad-1162,Vangad_eswaran@1037,
EFS-YES BANK,EFS-YES BANK-Yes Bank House Santacruz,1194-Yes Bank House Santacruz,Vengad.Eswaran@efsme.com,9036591904,9036591904,400055,Greater Mumbai,Maharashtra,"Yes Bank House, Off Western Express Highway , Santacruz – East, Mumbai - 400055",,Vangad Eswaran,Vangad-1194,Vangad_eswaran@1037,
EFS-YES BANK,EFS-YES BANK-Muzaffarpur,1212-Muzaffarpur,Vengad.Eswaran@efsme.com,9036591904,9036591904,842001,Muzaffarpur,Bihar,"Ground Floor, Saraiyaganj, Opp. Nav Yuvak Samiti, Muzaffapur, Bihar- 842 001.",,Vangad Eswaran,Vangad-1212,Vangad_eswaran@1037,
EFS-YES BANK,EFS-YES BANK-Korba,1213-Korba,Vengad.Eswaran@efsme.com,9036591904,9036591904,495450,Korba,Chattisgarh,"Ground Floor, Moti Bhawan, Plot No 59, Transport Nagar, Korba, Chhattisgarh - 495450. ",,Vangad Eswaran,Vangad-1213,Vangad_eswaran@1037,
EFS-YES BANK,EFS-YES BANK-Patia,1214-Patia,Vengad.Eswaran@efsme.com,9036591904,9036591904,751024,Bhubhaneshwar,Odisha,"YES BANK LTD. First & Second Floor, Plot No.353, HAL Plot No.474/4148 Patia, Near koustav college Bhubaneswar   751024, Odisha",,Vangad Eswaran,Vangad-1214,Vangad_eswaran@1037,
EFS-YES BANK,EFS-YES BANK-Hospet,1221-Hospet,Vengad.Eswaran@efsme.com,9036591904,9036591904,583201,Hospet,Karnataka,"Part Ground Floor, Door No.436, 4th Ward, KRK Complex, Station Road, Opp Uttaradi Matt, Hospet 583 201.",,Vangad Eswaran,Vangad-1221,Vangad_eswaran@1037,
EFS-YES BANK,EFS-YES BANK-Namakkal,1222-Namakkal,Vengad.Eswaran@efsme.com,9036591904,9036591904,637001,Namakkal,Tamil Nadu,"Ground & First Floor, TLS Building, 151-A6 Salem Road, Namakkal 637 001",,Vangad Eswaran,Vangad-1222,Vangad_eswaran@1037,
EFS-YES BANK,EFS-YES BANK-Dharmapuri,1223-Dharmapuri,Vengad.Eswaran@efsme.com,9036591904,9036591904,636701,Dharmapuri, Tamil Nadu,"Ground Floor, 2-939 C Salem Main Road, Nellai Nagar, Dharmapuri 636 701",,Vangad Eswaran,Vangad-1223,Vangad_eswaran@1037,
EFS-YES BANK,EFS-YES BANK-South Bopal,1226-South Bopal,Vengad.Eswaran@efsme.com,9036591904,9036591904,380058,Ahmedabad,Gujarat,"Unit no 2 and 3, Gala Mart, Near Gala Swing, South Bopal Ahmedabad Gujarat Pin code 380058",,Vangad Eswaran,Vangad-1226,Vangad_eswaran@1037,
EFS-YES BANK,EFS-YES BANK-I C Colony Borivali,1230-I C Colony Borivali,Vengad.Eswaran@efsme.com,9036591904,9036591904,400103,Greater Mumbai,Maharashtra,"Shop nos. 2-6, Ground floor, Audumber Chhaya, Plot No. A2, I C Colony, Borivali (west), Mumbai, 400103",,Vangad Eswaran,Vangad-1230,Vangad_eswaran@1037,
EFS-YES BANK,EFS-YES BANK-Raebareli,1232-Raebareli,Vengad.Eswaran@efsme.com,9036591904,9036591904,229001,Raebareli,Uttar Pradesh,"Ground Floor, Gata No. 107/1 and House No. 499 to  499/1, Ward No. 24, Kacheri Road, Raebareli-229001 Uttar Pradesh",,Vangad Eswaran,Vangad-1232,Vangad_eswaran@1037,
EFS-YES BANK,EFS-YES BANK-Malviya Nagar,1233-Malviya Nagar,Vengad.Eswaran@efsme.com,9036591904,9036591904,302017,Jaipur,Rajasthan,"Ground floor, Plot Nos A-659- A, Malviya Nagar Residential Scheme, Jaipur, Rajasthan – 302 017",,Vangad Eswaran,Vangad-1233,Vangad_eswaran@1037,
EFS-YES BANK,EFS-YES BANK-Palakollu,1234-Palakollu,Vengad.Eswaran@efsme.com,9036591904,9036591904,524260,Palakollu,Andhra Pradesh,"Ground Floor, 1-103, P P Road, Poolapalli, Palakollu, WG District, AP-524260",,Vangad Eswaran,Vangad-1234,Vangad_eswaran@1037,
EFS-YES BANK,EFS-YES BANK-Jagtial,1235-Jagtial,Vengad.Eswaran@efsme.com,9036591904,9036591904,505327,Jagtial,Telangana,"H.No 1-5-209/4, opp Matha Shishu Kendram, Karimnagar road, Jagtial 505 327",,Vangad Eswaran,Vangad-1235,Vangad_eswaran@1037,
EFS-YES BANK,EFS-YES BANK-Dadar East,1237-Dadar East,Vengad.Eswaran@efsme.com,9036591904,9036591904,400014,Greater Mumbai,Maharashtra,"Shop no. 5, 6, 6A, 9, 9A and 10, Ground Floor, building “A”, “Jeshtaram Baug”, Dr. Babasaheb Ambedkar Marg, Khodadad Circle, Dadar T.T. (East), Mumbai, Maharashtra – 400014",,Vangad Eswaran,Vangad-1237,Vangad_eswaran@1037,
EFS-YES BANK,EFS-YES BANK-Wanawadi,1238-Wanawadi,Vengad.Eswaran@efsme.com,9036591904,9036591904,411040,Pune ,Maharashtra,"Lower & Upper GF, Plot No.W-1/1, Excel Bay, Krantiveer Tatya Tope Hsg Ltd No.1, Fatima Nagar, Wanawadi, Pune-411040",,Vangad Eswaran,Vangad-1238,Vangad_eswaran@1037,
EFS-YES BANK,EFS-YES BANK-Thane Panchpakhdi,1239-Thane Panchpakhdi,Vengad.Eswaran@efsme.com,9036591904,9036591904,400602,Thane,Maharashtra,"Ground Floor Shop No 5,6,&7 Abhiman-II Building  Teen Haath Naka, Naupada, Near Panchapakadi, Thane West , Dist Thane State Maharashtra 400602",,Vangad Eswaran,Vangad-1239,Vangad_eswaran@1037,
EFS-YES BANK,EFS-YES BANK-IP Extension,1240-IP Extension,Vengad.Eswaran@efsme.com,9036591904,9036591904,110092,New Delhi , Delhi,"Ground Floor & First Floor , Singla Archade, Local Shopping complex, Patpadganj, New Delhi 110092 ( Landmark : Pankaj Plaza 1)",,Vangad Eswaran,Vangad-1240,Vangad_eswaran@1037,
EFS-YES BANK,EFS-YES BANK-Sec 15  Rohini,1241-Sec 15  Rohini,Vengad.Eswaran@efsme.com,9036591904,9036591904,110089,New Delhi,New Delhi,"Ground Floor, Plot No-8, Pocket-8B, Hotel AP holiday Inn, Sector 15, Rohini, Delhi - 110089",,Vangad Eswaran,Vangad-1241,Vangad_eswaran@1037,
EFS-YES BANK,"EFS-YES BANK-Focal Point, Ludhiana","1242-Focal Point, Ludhiana",Vengad.Eswaran@efsme.com,9036591904,9036591904,141010,Ludhiana,Punjab ,"Part of Ground Floor, B-30, 1854/ 4, Plot No. 23-B, Focal Point, Ludhiana – Punjab – 141010",,Vangad Eswaran,Vangad-1242,Vangad_eswaran@1037,
EFS-YES BANK,EFS-YES BANK-Sonbhadra,1244-Sonbhadra,Vengad.Eswaran@efsme.com,9036591904,9036591904,231216,Sonbhadra,Uttar Pradesh,"Ground Floor, RPTD Complex, House no.148, Ward no.07, Bypass road, Kamhari, Robertsganj, Sonbhadra, Uttar Pradesh-231216.",,Vangad Eswaran,Vangad-1244,Vangad_eswaran@1037,
EFS-YES BANK,EFS-YES BANK-Bellandur,1245-Bellandur,Vengad.Eswaran@efsme.com,9036591904,9036591904,560037,Bangalore,Karnataka,"Part Ground Floor, Sy No. 79/4 Bellandur Village, Opp to Cloud Nine Hospital, Outer Ring Road, Bangalore 560 037.",,Vangad Eswaran,Vangad-1245,Vangad_eswaran@1037,
EFS-YES BANK,EFS-YES BANK-Bhimavaram,1246-Bhimavaram,Vengad.Eswaran@efsme.com,9036591904,9036591904,534236,Bhimavaram,Andhra Pradesh,"Ground Floor, 3-12-4/1 Juvvalapalem Road, Bhimavaram 534 236.",,Vangad Eswaran,Vangad-1246,Vangad_eswaran@1037,
EFS-YES BANK,EFS-YES BANK-Gudivada,1247-Gudivada,Vengad.Eswaran@efsme.com,9036591904,9036591904,521301,Visakhapatnam,Andhra Pradesh,"First Floor, Door No.  11/137, Eluru Road, Gudivada 521301, Krishna District, Andhra Pradesh",,Vangad Eswaran,Vangad-1247,Vangad_eswaran@1037,
EFS-YES BANK,EFS-YES BANK-Tanuku,1248-Tanuku,Vengad.Eswaran@efsme.com,9036591904,9036591904,534211,Tanuku,Andhra Pradesh,"Part Ground floor, Door No -20-10-11, Achantavari street, Tanuku - 534 211",,Vangad Eswaran,Vangad-1248,Vangad_eswaran@1037,
EFS-YES BANK,EFS-YES BANK-Ponnur,1249-Ponnur,Vengad.Eswaran@efsme.com,9036591904,9036591904,522124,Ponnur,Andhra Pradesh,"Ground Floor, 15-1-58, GBC Road, Shanti Nagar, Ponnur 522 124, Guntur District, Andhra Pradesh State",,Vangad Eswaran,Vangad-1249,Vangad_eswaran@1037,
EFS-YES BANK,EFS-YES BANK-Eluru,1250-Eluru,Vengad.Eswaran@efsme.com,9036591904,9036591904,534006,Visakhapatnam,Andhra Pradesh,"Ground Floor, Door No. 23A-6-7/3, ward 27, Bendapudi variveedhi, R R Peta, Eluru 534 006, West Godavari District, Andhra Pradesh State",,Vangad Eswaran,Vangad-1250,Vangad_eswaran@1037,
EFS-YES BANK,EFS-YES BANK-Nalgonda,1251-Nalgonda,Vengad.Eswaran@efsme.com,9036591904,9036591904,508001,Nalgonda,Telangana,"Part Ground Floor, Central Business Centre, Clock Tower, Nalgonda 508 001",,Vangad Eswaran,Vangad-1251,Vangad_eswaran@1037,
EFS-YES BANK,EFS-YES BANK-Narasampet,1252-Narasampet,Vengad.Eswaran@efsme.com,9036591904,9036591904,506132,Narasampet,Telangana,"Ground Floor, 2-2-93 and 2-2-94. Mallampally highway road, near Arvinda talkies, Narasampet 506 132.",,Vangad Eswaran,Vangad-1252,Vangad_eswaran@1037,
EFS-YES BANK,EFS-YES BANK-Kodad,1253-Kodad,Vengad.Eswaran@efsme.com,9036591904,9036591904,508206,Kodad, Telangana,"Part Ground Floor, S S Heights Complex, Miryalaguda Road, opp IOC Pump, Kodad 508 206",,Vangad Eswaran,Vangad-1253,Vangad_eswaran@1037,
EFS-YES BANK,EFS-YES BANK-Miryalaguda,1254-Miryalaguda,Vengad.Eswaran@efsme.com,9036591904,9036591904,508207,Miryalaguda,Telangana,"Ground Floor, 19-433 Reddy Colony, Miryalaguda 508 207, Nalgonda District, Telangana State",,Vangad Eswaran,Vangad-1254,Vangad_eswaran@1037,
EFS-YES BANK,EFS-YES BANK-Kondapur,1256-Kondapur,Vengad.Eswaran@efsme.com,9036591904,9036591904,500084,Hyderabad,Telangana,"Shop No.G1, Part Ground Floor, Swapna Vihar Building, Shilpa Hills, Khanamet, Kondapur, Hyderabad 500 084",,Vangad Eswaran,Vangad-1256,Vangad_eswaran@1037,
EFS-YES BANK,EFS-YES BANK-Idapaddi,1257-Idapaddi,Vengad.Eswaran@efsme.com,9036591904,9036591904,637101,Idapaddi,Tamil Nadu,"Ground Floor, 44 Nainampatti Road, Salem Main Road, Idappadi 637 101",,Vangad Eswaran,Vangad-1257,Vangad_eswaran@1037,
EFS-YES BANK,EFS-YES BANK-Chanda nagar,1258-Chanda nagar,Vengad.Eswaran@efsme.com,9036591904,9036591904,500050,Hyderabad,Telangana,"Ground Floor, Shop No.1-77, Chanda Nagar, NH 9, Hyderabad – 500050",,Vangad Eswaran,Vangad-1258,Vangad_eswaran@1037,
EFS-YES BANK,EFS-YES BANK-Kakkanad,1260-Kakkanad,Vengad.Eswaran@efsme.com,9036591904,9036591904,682030,Kochi,Kerala,"Ground Floor 297/4 ,Infopark Road,Kusumagiri P o,Kakkanad,Kochi 682030",,Vangad Eswaran,Vangad-1260,Vangad_eswaran@1037,
EFS-YES BANK,EFS-YES BANK-Egmore,1261-Egmore,Vengad.Eswaran@efsme.com,9036591904,9036591904,600008,Chennai,Tamil Nadu,"Ground Floor, Old No.15A/New No.66,Casa Major Road, Egmore, Chennai – 600008",,Vangad Eswaran,Vangad-1261,Vangad_eswaran@1037,
EFS-YES BANK,EFS-YES BANK-Hisar,1263-Hisar,Vengad.Eswaran@efsme.com,9036591904,9036591904,125001,Hisar,Haryana,"Yes Bank Ltd SCO 150-151 Sector C.U.E -I,Red Squire Market  Ground Floor & Basement  Hisar Haryana 125001",,Vangad Eswaran,Vangad-1263,Vangad_eswaran@1037,
EFS-YES BANK,EFS-YES BANK-Sector 21 C,1264-Sector 21 C,Vengad.Eswaran@efsme.com,9036591904,9036591904,121001,Faridabad,Haryana,"Basement, GF & FF, DSS No. 48, Sec 21 C, Faridabad, Haryana-121001",,Vangad Eswaran,Vangad-1264,Vangad_eswaran@1037,
EFS-YES BANK,EFS-YES BANK-Shaikpet,1265-Shaikpet,Vengad.Eswaran@efsme.com,9036591904,9036591904,500008,Hyderabad,Telangana,"Part Ground & Mez Floor, B-1-197/2/E/1 Main Road, Shaikpet, Hyderabad 500008",,Vangad Eswaran,Vangad-1265,Vangad_eswaran@1037,
EFS-YES BANK,EFS-YES BANK-Peddapalli,1268-Peddapalli,Vengad.Eswaran@efsme.com,9036591904,9036591904,505172,Peddapalli,Telangana,"Ground Floor, H No.2-22A Rangampally - Pedappally  505 172",,Vangad Eswaran,Vangad-1268,Vangad_eswaran@1037,
EFS-YES BANK,EFS-YES BANK-Sangareddy,1269-Sangareddy,Vengad.Eswaran@efsme.com,9036591904,9036591904,502285,Sangareddy,Telangana,"Ground Floor, 12-97 MIG-60, Phase 2, Opp New Collectorate, Sangareddy 502 285",,Vangad Eswaran,Vangad-1269,Vangad_eswaran@1037,
