Sno,Type,CATEGORIES,SUB-CATERGORIES,DESCRIPTION,Make/Model,HSN Code,ARC #,UOM,BASIC RATE,GST,NET AMOUNT,,
1,Product,Electrical,Switch Gear,SCHNEIDER EZ9 DB 8 WAY SPN DOUBLE DOOR,SCHNEIDER,8548,RC00001,NOS,1969,18%,2324,,
2,Product,Electrical,Switch Gear,SCHNEIDER EZ9 DB 12 WAY TPN DD,SCHNEIDER,8548,RC00002,NOS,9501,18%,11212,,
3,Product,Electrical,Switch Gear,SCHNEIDER EZ9 DB 8 WAY TPN DOUBLE DOOR,SCHNEIDER,8548,RC00003,NOS,6329,18%,7467,,
4,Product,Electrical,Switch Gear,SCHNEIDER EASY9 MCB 1P 32A C 6000A 240V,SCHNEIDER,8548,RC00004,NOS,177,18%,210,,
5,Product,Electrical,Switch Gear,SCHNEIDER EASY9 MCB 2P 63A C 10000A 415V,SCHNEIDER,8548,RC00005,NOS,1478,18%,1745,,
6,Product,Electrical,Switch Gear,SCHNEIDER EASY9 MCB 4P 63A C 10000A 415V,SCHNEIDER,8548,RC00006,NOS,2680,18%,3163,,
7,Product,Electrical,Switch Gear,SCHNEIDER EASY9 RCCB 4P 63A 100MA AC415V,SCHNEIDER,8548,RC00007,NOS,4366,18%,5152,,
8,Product,Electrical,Switch Gear,SCHNEIDER EZ9 DB 6 WAY TPN DOUBLE DOOR,SCHNEIDER,8548,RC00008,NOS,5012,18%,5915,,
9,Product,Electrical,Switch Gear,SCHNEIDER EZ9 DB 4 WAY TPN DOUBLE DOOR,SCHNEIDER,8548,RC00009,NOS,4022,18%,4747,,
10,Product,Electrical,Switch Gear,SCHNEIDER EASY9 MCB 1P 16A C 6000A 240V,SCHNEIDER,8548,RC00010,NOS,177,18%,210,,
11,Product,Electrical,Switch Gear,HAVELLS 63A/100MA FP RCCB TOG TYPE AC  STAD X,HAVELLS ,8548,RC00011,NOS,5155,18%,6084,,
12,Product,,,SCHNEIDER EZ9 DB 6 WAY SPN DOUBLE DOOR,SCHNEIDER,8548,RC00012,NOS,1795,18%,2119,,
13,Product,Electrical,Switch Gear,HAVELLS STAD-X 10A SP C MCB 240V,HAVELLS ,8548,RC00013,NOS,295,18%,349,,
14,Product,Electrical,Switch Gear,HAVELLS STAD-X 63A FP C MCB 415V,HAVELLS ,8548,RC00014,NOS,3107,18%,3667,,
15,Product,Electrical,Switch Gear,HAVELLS STAD-X 20A SP C MCB 240V,HAVELLS ,8548,RC00015,NOS,295,18%,349,,
16,Product,Electrical,Switch Gear,HAVELLS TPN DOUBLE DOOR DB STADX 4W,HAVELLS ,8548,RC00016,NOS,5039,18%,5947,,
17,Product,Electrical,Switch Gear,HAVELLS STAD-X 63A TP C MCB 415V,HAVELLS ,8548,RC00017,NOS,2353,18%,2777,,
18,Product,Electrical,Switch Gear,HAVELLS TPN DOUBLE DOOR DB STADX 8W,HAVELLS ,8548,RC00018,NOS,8675,18%,10237,,
19,Product,Electrical,Switch Gear,HAVELLS TPN DOUBLE DOOR DB STADX 12W,HAVELLS ,8548,RC00019,NOS,12693,18%,14978,,
20,Product,Electrical,Switch Gear,HAVELLS STAD-X 63A SPN C MCB 240V,HAVELLS ,8548,RC00020,NOS,1514,18%,1787,,
21,Product,Electrical,Switch Gear,SCHNEIDER EASY9 MCB 1P 20A C 6000A 240V,SCHNEIDER,8548,RC00021,NOS,177,18%,210,,
22,Product,Electrical,Switch Gear,SCHNEIDER EASY9 MCB 1P 10A C 6000A 240V,SCHNEIDER,8548,RC00022,NOS,177,18%,210,,
23,Product,Electrical,Switch Gear,SCHNEIDER EASY9 MCB 1P 25A C 6000A 240V,SCHNEIDER,8548,RC00023,NOS,177,18%,210,,
24,Product,Electrical,Switch Gear,SCHNEIDER EASY9 MCB 1P 6A C 6000A 240V,SCHNEIDER,8548,RC00024,NOS,177,18%,210,,
25,Product,Electrical,Switch Gear,SCHNEIDER EASY9 ISOLATOR 4P 63A 415V,SCHNEIDER,8548,RC00025,NOS,1188,18%,1403,,
26,Product,Electrical,Switch Gear,SCHNEIDER EASY9 MCB 2P 40A C 6000A 415V,SCHNEIDER,8548,RC00026,NOS,987,18%,1165,,
27,Product,Electrical,Switch Gear,HAVELLS ST^D X 40A DP SW.DISCONNECTOR,HAVELLS ,8548,RC00027,NOS,583,18%,689,,
28,Product,Electrical,Switch Gear,HAVELLS ST^D X 63A DP SW.DISCONNECTOR,HAVELLS ,8548,RC00028,NOS,756,18%,893,,
29,Product,Electrical,Switch Gear,HAVELLS ST^D X 63A FP SW.DISCONNECTOR,HAVELLS ,8548,RC00029,NOS,1392,18%,1643,,
30,Product,Electrical,Switch Gear,SCHNEIDER EASY9 MCB 2P 32A C 6000A 415V,SCHNEIDER,8548,RC00030,NOS,743,18%,877,,
31,Product,Electrical,Switch Gear,HAVELLS STAD-X 6A SP C MCB 240V,HAVELLS ,8548,RC00031,NOS,295,18%,349,,
32,Product,Electrical,Switch Gear,HAVELLS STAD-X 16A SP C MCB 240V,HAVELLS ,8548,RC00032,NOS,295,18%,349,,
33,Product,Electrical,Switch Gear,HAVELLS STAD-X 40A DP C MCB 415V,HAVELLS ,8548,RC00033,NOS,1518,18%,1792,,
34,Product,Electrical,Switch Gear,HAVELLS STAD-X 63A DP C MCB 415V,HAVELLS ,8548,RC00034,NOS,1646,18%,1943,,
35,Product,Electrical,Switch Gear,HAVELLS STAD-X 32A SP C MCB 240V,HAVELLS ,8548,RC00035,NOS,295,18%,349,,
36,Product,Electrical,Switch Gear,HAVELLS STAD-X 25A SP C MCB 240V,HAVELLS ,8548,RC00036,NOS,295,18%,349,,
37,Product,Electrical,Switch Gear,HAVELLS STAD-X 32A DP C MCB 415V,HAVELLS ,8548,RC00037,NOS,976,18%,1152,,
38,Product,Electrical,Switch Gear,HAVELLS SPN DOUBLE DOOR DB STADX 8W,HAVELLS ,8548,RC00038,NOS,2616,18%,3087,,
39,Product,Electrical,Switch Gear,HAVELLS SPN DOUBLE DOOR DB STADX 12W,HAVELLS ,8548,RC00039,NOS,3138,18%,3703,,
40,Product,Electrical,Switch Gear,HAVELLS TPN DOUBLE DOOR DB STADX 6W,HAVELLS ,8548,RC00040,NOS,7182,18%,8475,,
41,Product,Electrical,Switch Gear,NORISYS 32A MCB SINGLE POLE-1M GRAY,NORISYS,8548,RC00041,NOS,371,18%,438,,
42,Product,Electrical,Switch Gear,NORISYS TINY MCB SINGLE POLE 32A,NORISYS,8548,RC00042,NOS,346,18%,409,,
43,Product,Electrical,Switch Gear,NORISYS TINY MCB DOUBLE POLE 32A,NORISYS,8548,RC00043,NOS,712,18%,841,,
44,Product,Electrical,Switch Gear,SCHNEIDER EASY9 ISOLATOR 2P 63A 415V,SCHNEIDER,8548,RC00044,NOS,651,18%,769,,
45,Product,Electrical,Wire,0.5 Sqmm 1 core wire ,Polycab,8548,RC00045,BUNDLE,1088,18%,1285,,
46,Product,Electrical,Wire,0.5 Sqmm 2 core wire,Polycab,8548,RC00046,BUNDLE,2923,18%,3450,,
47,Product,Electrical,Wire,0.5 Sqmm 3 core wire,Polycab,8548,RC00047,BUNDLE,4004,18%,4725,,
48,Product,Electrical,Wire,0.5 Sqmm 4 core wire,Polycab,8548,RC00048,BUNDLE,5122,18%,6045,,
49,Product,Electrical,Wire,0.5 Sqmm 5 core wire,Polycab,8548,RC00049,BUNDLE,6436,18%,7595,,
50,Product,Electrical,Wire,0.5 Sqmm 6 core wire,Polycab,8548,RC00050,BUNDLE,7707,18%,9095,,
51,Product,Electrical,Wire,0.75 Sqmm 1core wire,Polycab,8548,RC00051,BUNDLE,1525,18%,1800,,
52,Product,Electrical,Wire,0.75 Sqmm 2core wire,Polycab,8548,RC00052,BUNDLE,3906,18%,4610,,
53,Product,Electrical,Wire,0.75 Sqmm 3core wire,Polycab,8548,RC00053,BUNDLE,5427,18%,6405,,
54,Product,Electrical,Wire,0.75 Sqmm 4core wire,Polycab,8548,RC00054,BUNDLE,6974,18%,8230,,
55,Product,Electrical,Wire,0.75 Sqmm 5core wire,Polycab,8548,RC00055,BUNDLE,9110,18%,10750,,
56,Product,Electrical,Wire,0.75 Sqmm 6core wire,Polycab,8548,RC00056,BUNDLE,10940,18%,12910,,
57,Product,Electrical,Wire,1 Sqmm 1 core wire,Polycab,8548,RC00057,BUNDLE,1944,18%,2295,,
58,Product,Electrical,Wire,2 Sqmm 2 core wire,Polycab,8548,RC00058,BUNDLE,4970,18%,5865,,
59,Product,Electrical,Wire,3 Sqmm 3 core wire,Polycab,8548,RC00059,BUNDLE,6906,18%,8150,,
60,Product,Electrical,Wire,4 Sqmm 4 core wire,Polycab,8548,RC00060,BUNDLE,8919,18%,10525,,
61,Product,Electrical,Wire,5 Sqmm 5 core wire,Polycab,8548,RC00061,BUNDLE,11779,18%,13900,,
62,Product,Electrical,Wire,6 Sqmm 6 core wire,Polycab,8548,RC00062,BUNDLE,14067,18%,16600,,
63,Product,Electrical,Wire,1.5 Sqmm 1 core wire,Polycab,8548,RC00063,BUNDLE,2805,18%,3310,,
64,Product,Electrical,Wire,1.5 Sqmm 2 core wire,Polycab,8548,RC00064,BUNDLE,6758,18%,7975,,
65,Product,Electrical,Wire,1.5 Sqmm 3 core wire,Polycab,8548,RC00065,BUNDLE,9597,18%,11325,,
66,Product,Electrical,Wire,1.5 Sqmm 4 core wire,Polycab,8548,RC00066,BUNDLE,12563,18%,14825,,
67,Product,Electrical,Wire,1.5 Sqmm 5 core wire,Polycab,8548,RC00067,BUNDLE,16016,18%,18900,,
68,Product,Electrical,Wire,1.5 Sqmm 6 core wire,Polycab,8548,RC00068,BUNDLE,19491,18%,23000,,
69,Product,Electrical,Wire,2.5Sqmm 1 core wire ,Polycab,8548,RC00069,BUNDLE,4614,18%,5445,,
70,Product,Electrical,Wire,2.5Sqmm 2 core wire ,Polycab,8548,RC00070,BUNDLE,10932,18%,12900,,
71,Product,Electrical,Wire,2.5Sqmm 3 core wire ,Polycab,8548,RC00071,BUNDLE,15338,18%,18100,,
72,Product,Electrical,Wire,2.5Sqmm 4 core wire ,Polycab,8548,RC00072,BUNDLE,20296,18%,23950,,
73,Product,Electrical,Wire,2.5Sqmm 5 core wire ,Polycab,8548,RC00073,BUNDLE,26271,18%,31000,,
74,Product,Electrical,Wire,2.5Sqmm 6 core wire ,Polycab,8548,RC00074,BUNDLE,31440,18%,37100,,
75,Product,Electrical,Wire,4 Sqmm 1 core wire,Polycab,8548,RC00075,BUNDLE,7161,18%,8450,,
76,Product,Electrical,Wire,4 Sqmm 2 core wire,Polycab,8548,RC00076,BUNDLE,16355,18%,19300,,
77,Product,Electrical,Wire,4 Sqmm 3 core wire,Polycab,8548,RC00077,BUNDLE,23601,18%,27850,,
78,Product,Electrical,Wire,4 Sqmm 4 core wire,Polycab,8548,RC00078,BUNDLE,31016,18%,36600,,
79,Product,Electrical,Wire,4 Sqmm 5 core wire,Polycab,8548,RC00079,BUNDLE,41440,18%,48900,,
80,Product,Electrical,Wire,4 Sqmm 6 core wire,Polycab,8548,RC00080,BUNDLE,49661,18%,58600,,
81,Product,Electrical,Wire,6 Sqmm 1 core wire,Polycab,8548,RC00081,BUNDLE,10677,18%,12600,,
82,Product,Electrical,Wire,6 Sqmm 2 core wire,Polycab,8548,RC00082,BUNDLE,24067,18%,28400,,
83,Product,Electrical,Wire,6 Sqmm 3 core wire,Polycab,8548,RC00083,BUNDLE,34788,18%,41050,,
84,Product,Electrical,Wire,6 Sqmm 4 core wire,Polycab,8548,RC00084,BUNDLE,45762,18%,54000,,
85,Product,Electrical,Wire,6 Sqmm 5 core wire,Polycab,8548,RC00085,BUNDLE,61016,18%,72000,,
86,Product,Electrical,Wire,6 Sqmm 6 core wire,Polycab,8548,RC00086,BUNDLE,73220,18%,86400,,
87,Product,Electrical,Wire,10 Sqmm 1 core wire,Polycab,8548,RC00087,BUNDLE,18728,18%,22100,,
88,Product,Electrical,Wire,10Sqmm 2 core wire,Polycab,8548,RC00088,BUNDLE,41186,18%,48600,,
89,Product,Electrical,Wire,10 Sqmm 3 core wire,Polycab,8548,RC00089,BUNDLE,60000,18%,70800,,
90,Product,Electrical,Wire,10 Sqmm 4 core wire,Polycab,8548,RC00090,BUNDLE,788998,18%,93100,,
91,Product,Electrical,Wire,10 Sqmm 5 core wire,Polycab,8548,RC00091,BUNDLE,105254,18%,124200,,
92,Product,Electrical,Wire,16 Sqmm 1 core wire,Polycab,8548,RC00092,BUNDLE,29491,18%,34800,,
93,Product,Electrical,Wire,16 Sqmm 2 core wire,Polycab,8548,RC00093,BUNDLE,64491,18%,76100,,
94,Product,Electrical,Wire,16 Sqmm 3 core wire,Polycab,8548,RC00094,BUNDLE,93813,18%,110700,,
95,Product,Electrical,Wire,16 Sqmm 4 core wire,Polycab,8548,RC00095,BUNDLE,123813,18%,146100,,
96,Product,Electrical,Wire,16 Sqmm 5 core wire,Polycab,8548,RC00096,BUNDLE,161440,18%,190500,,
97,Product,Electrical,Wire,25 Sqmm 1 core wire,Polycab,8548,RC00097,BUNDLE,46440,18%,54800,,
98,Product,Electrical,Wire,25 Sqmm 2 core wire,Polycab,8548,RC00098,BUNDLE,107457,18%,126800,,
99,Product,Electrical,Wire,25 Sqmm 3 core wire,Polycab,8548,RC00099,BUNDLE,155678,18%,183700,,
100,Product,Electrical,Wire,25 Sqmm 4 core wire,Polycab,8548,RC00100,BUNDLE,203305,18%,239900,,
101,Product,Electrical,Wire,25 Sqmm 5 core wire,Polycab,8548,RC00101,BUNDLE,293474,18%,346300,,
102,Product,Electrical,Wire,35 Sqmm 1 core wire,Polycab,8548,RC00102,BUNDLE,64915,18%,76600,,
103,Product,Electrical,Wire,35 Sqmm 2 core wire,Polycab,8548,RC00103,BUNDLE,149576,18%,176500,,
104,Product,Electrical,Wire,35 Sqmm 3 core wire,Polycab,8548,RC00104,BUNDLE,216186,18%,255100,,
105,Product,Electrical,Wire,35 Sqmm 4 core wire,Polycab,8548,RC00105,BUNDLE,284152,18%,335300,,
106,Product,Electrical,Wire,35 Sqmm 5 core wire,Polycab,8548,RC00106,BUNDLE,402118,18%,474500,,
107,Product,Electrical,Wire,50 Sqmm 1 core wire,Polycab,8548,RC00107,BUNDLE,92627,18%,109300,,
108,Product,Electrical,Wire,50 Sqmm 2 core wire,Polycab,8548,RC00108,BUNDLE,212457,18%,250700,,
109,Product,Electrical,Wire,50 Sqmm 3 core wire,Polycab,8548,RC00109,BUNDLE,307966,18%,363400,,
110,Product,Electrical,Wire,50 Sqmm 4 core wire,Polycab,8548,RC00110,BUNDLE,406694,18%,479900,,
111,Product,Electrical,Wire,50 Sqmm 5 core wire,Polycab,8548,RC00111,BUNDLE,581949,18%,686700,,
112,Product,Electrical,Wire,70 Sqmm 1 core wire,Polycab,8548,RC00112,BUNDLE,130932,18%,154500,,
113,Product,Electrical,Wire,70 Sqmm 2 core wire,Polycab,8548,RC00113,BUNDLE,301779,18%,356100,,
114,Product,Electrical,Wire,70 Sqmm 3 core wire,Polycab,8548,RC00114,BUNDLE,427203,18%,504100,,
115,Product,Electrical,Wire,70 Sqmm 4 core wire,Polycab,8548,RC00115,BUNDLE,564745,18%,666400,,
116,Product,Electrical,Wire,70 Sqmm 5 core wire,Polycab,8548,RC00116,BUNDLE,795678,18%,938900,,
117,Product,Electrical,Wire,95 Sqmm 1 core wire,Polycab,8548,RC00117,BUNDLE,172796,18%,203900,,
118,Product,Electrical,Wire,120 Sqmm 1 core wire,Polycab,8548,RC00118,BUNDLE,222627,18%,262700,,
119,Product,Electrical,Wire,150 Sqmm 1 core wire,Polycab,8548,RC00119,BUNDLE,278728,18%,328900,,
120,Product,Electrical,Wire,185 Sqmm 1 core wire,Polycab,8548,RC00120,BUNDLE,346779,18%,409200,,
121,Product,Electrical,Wire,240 Sqmm 1 core wire,Polycab,8548,RC00121,BUNDLE,452627,18%,534100,,
122,Product,Electrical,Wire,300 Sqmm 1 core wire,Polycab,8548,RC00122,BUNDLE,566355,18%,668300,,
123,Product,Electrical,Wire,400Sqmm 1 core wire,Polycab,8548,RC00123,BUNDLE,754576,18%,890400,,
124,Product,Electrical,Wire,500 Sqmm 1 core wire,Polycab,8548,RC00124,BUNDLE,983983,18%,1113900,,
125,Product,Electrical,Wire,630 Sqmm 1 core wire,Polycab,8548,RC00125,BUNDLE,1217627,18%,1436800,,
126,Product,Electrical,Modular Switches,"ANCHOR 16AX,1 WAY SWITCH 1 MODULE PENTA MODULAR",ANCHOR,8548,RC00126,NOS,90,18%,107,,
127,Product,Electrical,Modular Switches,ANCHOR 6AX 1 WAY SWITCH 1 MODULE PENTA MODULAR,ANCHOR,8548,RC00127,NOS,33,18%,40,,
128,Product,Electrical,Modular Switches,GOLDMEDAL 181001A.WH AIR AERO 1M 10A 1 WAY SWITCH AIR,GOLDMEDAL,8548,RC00128,NOS,53,18%,63,,
129,Product,Electrical,Modular Switches,GOLDMEDAL 181401A.WH AIR ARC 1M 10A 1 WAY SWITCH AIR,GOLDMEDAL,8548,RC00129,NOS,49,18%,58,,
130,Product,Electrical,Modular Switches,HAVELLS 6/16 A SHUTTERED SOCKET WITH ISI MARKING,HAVELLS,8548,RC00130,NOS,222,18%,262,,
131,Product,Electrical,Modular Switches,HAVELLS 6A 3PIN SOCKET FABIO CARBON,HAVELLS,8548,RC00131,NOS,168,18%,199,,
132,Product,Electrical,CONDUIT & ACCESSORIESS,"ANCHOR ROUND PLATE 4.25"" WHITE",ANCHOR,8548,RC00132,NOS,14,18%,17,,
133,Product,Electrical,CONDUIT & ACCESSORIESS,ANCHOR RIGID PVC CONDUIT PIPE 20MM MMS SOCKET TYPE,ANCHOR,8548,RC00133,NOS,116,18%,138,,
134,Product,Electrical,CONDUIT & ACCESSORIESS,NORPACK MMS PVC CONDUIT PIPE 25MM 3 METRE,NORPACK,8548,RC00134,NOS,127,18%,151,,
135,Product,Electrical,CONDUIT & ACCESSORIESS,NORPACK HMS PVC CONDUIT PIPE 25MM 3 METRE,NORPACK,8548,RC00135,NOS,133,18%,158,,
136,Product,Electrical,CONDUIT & ACCESSORIESS,"ANCHOR ROUND PLATE 5"" WHITE",ANCHOR,8548,RC00136,NOS,18,18%,122,,
137,Product,Electrical,CONDUIT & ACCESSORIESS,ANCHOR SPACE BAR SADDLE 25MM,ANCHOR,8548,RC00137,NOS,11,18%,14,,
138,Product,Electrical,CONDUIT & ACCESSORIESS,TEKSON 25MM MS SHADDLE,TEKSON,8548,RC00138,NOS,2.54,18%,3,,
139,Product,Electrical,CONDUIT & ACCESSORIESS,ANCHOR SLIP BEND LONG 20MM,ANCHOR,8548,RC00139,NOS,16.94,18%,20,,
140,Product,Electrical,CONDUIT & ACCESSORIESS,ANCHOR SLIP BEND LONG 25MM,ANCHOR,8548,RC00140,NOS,30,18%,36,,
141,Product,Electrical,CONDUIT & ACCESSORIESS,TEKSON 75MM CONCEALED BOX,TEKSON,8548,RC00141,NOS,77.96,18%,92,,
142,Product,Electrical,CONDUIT & ACCESSORIESS,ANCHOR CIRCULAR SURFACE BOX WITH LID 4 WAY 20MM,ANCHOR,8548,RC00142,NOS,38,18%,45,,
143,Product,Electrical,CONDUIT & ACCESSORIESS,TEKSON 25MM GREY (25MTR) FLEXIBLE PIPE,TEKSON,8548,RC00143,NOS,237,18%,280,,
144,Product,Electrical,CONDUIT & ACCESSORIESS,TEKSON 20MM MS SHADDLE,TEKSON,8548,RC00144,NOS,2.54,18%,3,,
145,Product,Electrical,CONDUIT & ACCESSORIESS,ANCHOR CIRCULAR SURFACE BOX WITH LID 4 WAY 25MM,ANCHOR,8548,RC00145,NOS,48,18%,57,,
146,Product,Electrical,CONDUIT & ACCESSORIESS,NORPACK LMS PVC CONDUIT PIPE 25MM 3 METRE,NORPACK,8548,RC00146,NOS,104,18%,123,,
147,Product,Electrical,CONDUIT & ACCESSORIESS,NORPACK SURFACE JUNCTION BOX 35MM DEEP FOUR WAY 25MM,NORPACK,8548,RC00147,NOS,48,18%,57,,
148,Product,Electrical,CONDUIT & ACCESSORIESS,NORPACK LONG BEND WITH ISI MARK 25MM,NORPACK,8548,RC00148,NOS,28,18%,34,,
149,Product,Electrical,CONDUIT & ACCESSORIESS,NORPACK LONG BEND (STANDARD) 20MM,NORPACK,8548,RC00149,NOS,11,18%,13,,
150,Product,Electrical,CONDUIT & ACCESSORIESS,TEKSON 25MM GI JUNCTION BOX,TEKSON,8548,RC00150,NOS,25,18%,30,,
151,Product,Electrical,CONDUIT & ACCESSORIESS,TEKSON 20MM GREY (25MTR) FLEXIBLE PIPE,TEKSON,8548,RC00151,NOS,177,18%,210,,
152,Product,Electrical,CONDUIT & ACCESSORIESS,NORPACK LONG BEND STANDARD 25MM,NORPACK,8548,RC00152,NOS,13.55,18%,16,,
153,Product,Electrical,CONDUIT & ACCESSORIESS,NORPACK HMS PVC CONDUIT PIPE 32MM 3 METRE,NORPACK,8548,RC00153,NOS,233,18%,276,,
154,Product,Electrical,CONDUIT & ACCESSORIESS,ANCHOR FAN BOX WITHOUT ROD 20/25MM,ANCHOR,8548,RC00154,NOS,78.81,18%,93,,
155,Product,Electrical,TOOLS,TEKSON PVC TAPE MIX COLORS,TEKSON,8548,RC00155,NOS,11,18%,13,,
156,Product,Electrical,TOOLS,TEKSON 500 GRAMS STEEL WIRE,TEKSON,8548,RC00156,NOS,97,18%,115,,
157,Product,Electrical,TOOLS,TEKSON 200 X 3.2 MM (100PCS) NYLON CABLE TIE,TEKSON,8548,RC00157,NOS,61,18%,72,,
158,Product,Electrical,TOOLS,TEKSON FAN SHEET 7 INCH POP,TEKSON,8548,RC00158,NOS,14,18%,17,,
159,Product,Electrical,TOOLS,TEKSON T-COVER 4 INCH POP,TEKSON,8548,RC00159,NOS,5,18%,6,,
160,Product,Electrical,FANS,ANCHOR 200MM SMART AIR VENTILATION FAN WHITE,ANCHOR,8548,RC00160,NOS,1377,18%,1625,,
161,Product,Electrical,FANS,ANCHOR 150MM SMART AIR VENTILATION FAN WHITE,ANCHOR,8548,RC00161,NOS,1250,18%,1475,,
162,Product,Electrical,FANS,ANCHOR 250MM SMART AIR VENTILATION FAN WHITE,ANCHOR,8548,RC00162,NOS,1483,18%,1750,,
163,Product,Electrical,FANS,BAJAJ DRY IRON DX-4 NEW,BAJAJ,8548,RC00163,NOS,1169,18%,1380,,
164,Product,Electrical,FANS,ORIENT STAND-32 400 CRIMSON GREY,ORIENT,8548,RC00164,NOS,3580,18%,4225,,
165,Product,Electrical,FANS,ANCHOR 150MM SMART AIR PIPE SERIES V-01 SS,ANCHOR,8548,RC00165,NOS,1483,18%,1750,,
166,Product,Electrical,FANS,ANCHOR 100MM SMART AIR PIPE SERIES V-01 SS,ANCHOR,8548,RC00166,NOS,1313,18%,1550,,
167,Product,Carpentry,TOOLS,"BOSCH 4"" 30TEETH CIRCULAR SAW BLADE",BOSCH,8548,RC00167,NOS,248,18%,293,,
168,Product,Carpentry,TOOLS,TAPARIA (B) PLASTIC TOOL BOX ORGANIZOR H 195 W 240 L 435,TAPARIA,8548,RC00168,NOS,902,18%,1065,,
169,Product,Carpentry,TOOLS,TAPARIA (B) PLASTIC TOOL BOX ORGANIZOR H 250 W 260 L 495,TAPARIA,8548,RC00169,NOS,1402,18%,1655,,
170,Product,Carpentry,TOOLS,TAPARIA (B) PLASTIC TOOL BOX ORGANIZOR H 150 W 190 L 335,TAPARIA,8548,RC00170,NOS,627,18%,740,,
171,Product,Carpentry,TOOLS,BOSCH GSB 450 BLUE MATT,BOSCH,8548,RC00171,NOS,3305,18%,3900,,
172,Product,Carpentry,TOOLS,BOSCH MARBLE CUTTER GDC 141,BOSCH,8548,RC00172,NOS,5847,18%,6900,,
173,Product,Carpentry,TOOLS,TAPARIA BIMETAL MINI HOLE SAWS 35MM,TAPARIA,8548,RC00173,NOS,308,18%,364,,
174,Product,Carpentry,TOOLS,BOSCH GSB 501 BLUE MATT,BOSCH,8548,RC00174,NOS,3750,18%,4425,,
175,Product,Carpentry,TOOLS,BOSCH GSB 13 RE BLUE MATT,BOSCH,8548,RC00175,NOS,5974,18%,7050,,
176,Product,Carpentry,TOOLS,BOSCH GSB 13 RE KIT BLUE MATT,BOSCH,8548,RC00176,NOS,7838,18%,9250,,
177,Product,Carpentry,TOOLS,BOSCH GSS 2300 BLUE MATT,BOSCH,8548,RC00177,NOS,7224,18%,8525,,
178,Product,Carpentry,TOOLS,BOSCH GBL 620 BLUE MATT,BOSCH,8548,RC00178,NOS,3834,18%,4525,,
179,Product,Carpentry,TOOLS,BOSCH BOSCH GO 2.0 - SOLO BLUE MATT,BOSCH,8548,RC00179,NOS,4364,18%,5150,,
180,Product,Carpentry,TOOLS,BOSCH GBM 350 BLUE MATT,BOSCH,8548,RC00180,NOS,2775,18%,3275,,
181,Product,Carpentry,TOOLS,STANLEY I-BEAM LEVEL 24/60CM,STANLEY,8548,RC00181,NOS,554,18%,654,,
182,Product,Carpentry,TOOLS,BOSCH GKF 550 GKF 550 ROTARY TOOL,BOSCH,8548,RC00182,NOS,6864,18%,8100,,
183,Product,Carpentry,TOOLS,BOSCH GEX 125 AE RANDOM ORBITAL SANDER,BOSCH,8548,RC00183,NOS,8559,18%,10100,,
184,Product,Carpentry,TOOLS,"BOSCH GEX 34-150 GEX 34-125 6"" RANDOM ORBITAL SANDER",BOSCH,8548,RC00184,NOS,17987,18%,21225,,
185,Product,Carpentry,TOOLS,"BOSCH 5PC IMPACT DRILL SET (4,5,6,8,10MM)",BOSCH,8548,RC00185,NOS,501,18%,592,,
186,Product,Carpentry,TOOLS,"BOSCH 4"" (100MM) GRINDING WHEEL",BOSCH,8548,RC00186,NOS,45.76,18%,54,,
187,Product,Carpentry,TOOLS,"BOSCH 5 PC HAMMER DRILL BIT SET (5,6,6,8,10MM)",BOSCH,8548,RC00187,NOS,402,18%,475,,
188,Product,Carpentry,TOOLS,"BOSCH 4"" (100MM) MARBLE / CONCRETE CUTTING WHEEL",BOSCH,8548,RC00188,NOS,152,18%,180,,
189,Product,Carpentry,TOOLS,BOSCH 25MM PH2 SCREW DRIVER BIT,BOSCH,8548,RC00189,NOS,3906,18%,4610,,
190,Product,Carpentry,TOOLS,BOSCH 10PC METAL DRILL BIT SET,BOSCH,8548,RC00190,NOS,1076,18%,1270,,
191,Product,Carpentry,TOOLS,TPRIA SPIRIT LEVEL S 400MM (1MM ACCURACY WITHOUT MAGNET),TAPARIA,8548,RC00191,NOS,355,18%,420,,
192,Product,Carpentry,TOOLS,TAPARIA MASONRY DRILL BITS 3X30X60,TAPARIA,8548,RC00192,NOS,26,18%,31,,
193,Product,Carpentry,TOOLS,TPRIA SPIRIT LEVEL S 300MM (1MM ACCURACY WITHOUT MAGNET),TAPARIA,8548,RC00193,NOS,267.79,18%,316,,
194,Product,Carpentry,TOOLS,TAPARIA MASONRY DRILL BITS 5.5X60X100,TAPARIA,8548,RC00194,NOS,37,18%,44,,
195,Product,Carpentry,TOOLS,TAPARIA MASONRY DRILL BITS 9X90X150,TAPARIA,8548,RC00195,NOS,93,18%,110,,
196,Product,Carpentry,TOOLS,TAPARIA MASONRY DRILL BITS 6X90X150,TAPARIA,8548,RC00196,NOS,50.84,18%,60,,
197,Product,Carpentry,TOOLS,TAPARIA MASONRY DRILL BITS 8X60X110,TAPARIA,8548,RC00197,NOS,60,18%,71,,
198,Product,Carpentry,TOOLS,TAPARIA MASONRY DRILL BITS 10X90X150,TAPARIA,8548,RC00198,NOS,77,18%,91,,
199,Product,Carpentry,TOOLS,TAPARIA MASONRY DRILL BITS 5X45X85,TAPARIA,8548,RC00199,NOS,31,18%,37,,
200,Product,Carpentry,TOOLS,TAPARIA BIMETAL MINI HOLE SAWS 40MM,TAPARIA,8548,RC00200,NOS,330,18%,390,,
201,Product,Carpentry,TOOLS,TAPARIA MASONRY DRILL BITS 11X90X150,TAPARIA,8548,RC00201,NOS,100,18%,118,,
202,Product,Carpentry,TOOLS,TAPARIA MASONRY DRILL BITS 7X55X100,TAPARIA,8548,RC00202,NOS,55.93,18%,66,,
203,Product,Carpentry,TOOLS,TAPARIA BIMETAL MINI HOLE SAWS 25MM,TAPARIA,8548,RC00203,NOS,277,18%,327,,
204,Product,Carpentry,TOOLS, TAPARIA MASONRY DRILL BITS 12X90X150,TAPARIA,8548,RC00204,NOS,90.67,18%,107,,
205,Product,Carpentry,TOOLS,TAPARIA MASONRY DRILL BITS 13X85X150,TAPARIA,8548,RC00205,NOS,92,18%,109,,
206,Product,Carpentry,TOOLS,STANLEY HEAVY DUTY BI-MATERIAL HANDSAW 20” (500MM),STANLEY,8548,RC00206,NOS,812,18%,959,,
207,Product,Carpentry,TOOLS,STANLEY 710W SMALL ANGLE GRINDER 100 MM,STANLEY,8548,RC00207,NOS,3440,18%,4060,,
208,Product,Carpentry,TOOLS,"STANLEY 1200W 4"" TILE CUTTER",STANLEY,8548,RC00208,NOS,4466,18%,5270,,
209,Product,Carpentry,TOOLS,STANLEY 500W BLOWER,STANLEY,8548,RC00209,NOS,3347,18%,3950,,
210,Product,Carpentry,TOOLS,BOSCH GDC 120 BLUE MATT,BOSCH,8548,RC00210,NOS,4894,18%,5775,,
211,Product,Carpentry,TOOLS,STANLEY 240W 1/4 SHEET SANDER,STANLEY,8548,RC00211,NOS,3813,18%,4500,,
212,Product,Carpentry,TOOLS,BOSCH GSB 10 RE KIT BLUE MATT,BOSCH,8548,RC00212,NOS,6144,18%,7250,,
213,Product,Carpentry,TOOLS,BOSCH GSR 120 LI SINGLE BATTERY BLUE MATT,BOSCH,8548,RC00213,NOS,6059,18%,7150,,
214,Product,Carpentry,TOOLS,STNL HCKSW-STLFRM450MM17 3/4BLD-305MM-12,STNL,8548,RC00214,NOS,1492,18%,1761,,
215,Product,Carpentry,TOOLS,"BOSCH 3 PC HAMMER DRILL BITSET(6,8,10MM)",BOSCH,8548,RC00215,NOS,254,18%,300,,
216,Product,Carpentry,TOOLS,BOSCH GSR 120 LI BLUE MATT,BOSCH,8548,RC00216,NOS,9703,18%,11450,,
217,Product,Carpentry,TOOLS,STANLEY MOISTURE METER,STANLEY,8548,RC00217,NOS,3173,18%,3745,,
218,Product,Carpentry,TOOLS,"STANLEY WOOD CHISELS SET, 3 PCS",STANLEY,8548,RC00218,NOS,703,18%,830,,
219,Product,Carpentry,TOOLS,"BOSCH 4"" (100MM) CUTTING WHEEL",BOSCH,8548,RC00219,NOS,21,18%,25,,
220,Product,Carpentry,TOOLS,TAPARIA (E) SILVER SERIES,TAPARIA,8548,RC00220,NOS,177,18%,210,,
221,Product,Carpentry,TOOLS,TAPARIA ADJUSTABLE SPANNER L 445,TAPARIA,8548,RC00221,NOS,2347,18%,2770,,
222,Product,Carpentry,TOOLS,BOSCH 65MM PH2 SCREW DRIVER BIT,BOSCH,8548,RC00222,NOS,415,18%,490,,
223,Product,Carpentry,TOOLS,BOSCH GST 650 BLUE MATT,BOSCH,8548,RC00223,NOS,5000,18%,5900,,
224,Product,Carpentry,TOOLS,STANLEY MINI HACKSAW,STANLEY,8548,RC00224,NOS,172,18%,203,,
225,Product,Carpentry,TOOLS,BLACK & DECKER 6 PCS NEEDLE FILE SET,BLACK,8548,RC00225,NOS,398,18%,470,,
226,Product,Carpentry,TOOLS,"STANLEY CLASSIC 99 RETRACTABL, LEN 152MM-6, GREY",STANLEY,8548,RC00226,NOS,336,18%,397,,
227,Product,Carpentry,TOOLS,STANLEY BALL PEIN HAMMER 16OZ WOOD,STANLEY,8548,RC00227,NOS,462,18%,546,,
228,Product,Carpentry,TOOLS,STANLEY MW40M MEASURING WHEEL 318MM-12,STANLEY,8548,RC00228,NOS,3674,18%,4336,,
229,Product,Carpentry,TOOLS,STANLEY STANLEY SHORT TAPE RULES 3M/10' X 13MM,STANLEY,8548,RC00229,NOS,94,18%,112,,
230,Product,Carpentry,TOOLS,STANLEY STANLEY SHORT TAPE RULES 5M/16' X 19MM,STANLEY,8548,RC00230,NOS,144,18%,170,,
231,Product,Carpentry,TOOLS,"STANLEY WIRE STRIPPER, 130MM 5 1/4",STANLEY,8548,RC00231,NOS,327,18%,387,,
232,Product,Carpentry,TOOLS,"STANLEY WAT PMP PLIER BOX JT,CRV STL,175MM-7",STANLEY,8548,RC00232,NOS,319,18%,377,,
233,Product,Carpentry,TOOLS,STANLEY BASIC DIAGONAL CUTTING PLIER 6 IN LENGT,STANLEY,8548,RC00233,NOS,378.81,18%,447,,
234,Product,Carpentry,TOOLS,"STANLEY 8""COMBINATION PLIER, SINGLE COLOUR SLEEV",STANLEY,8548,RC00234,NOS,290,18%,343,,
235,Product,Carpentry,TOOLS,STANLEY S/DVR -SPARK TESTING 135MM PP,STANLEY,8548,RC00235,NOS,55,18%,65,,
236,Product,Carpentry,TOOLS,STANLEY SCREWDRIVER 6X300MM,STANLEY,8548,RC00236,NOS,114,18%,135,,
237,Product,Carpentry,TOOLS, STANLEY SLOTTED 6X100MM SCREW DRIVER,STANLEY,8548,RC00237,NOS,85,18%,101,,
238,Product,Carpentry,TOOLS,STANLEY SCREW DRIVER PHILLIPS 0X150MM,STANLEY,8548,RC00238,NOS,58,18%,69,,
239,Product,Carpentry,TOOLS,BLACK & DECKER UNIVERSAL SCISSORS,BLACK,8548,RC00239,NOS,251,18%,297,,
240,Product,Carpentry,TOOLS,STANLEY 9 PC LONG SPHERIC-HEAD HEX KEY SET,STANLEY,8548,RC00240,NOS,1201,18%,1418,,
241,Product,Carpentry,TOOLS,STANLEY HEX KEY SET 9PC MET L/ARM BALL,STANLEY,8548,RC00241,NOS,864,18%,1020,,
242,Product,Carpentry,TOOLS,STANLEY 7PCS VDE SCREWDRIVER SET,STANLEY,8548,RC00242,NOS,2335.59,18%,2756,,
243,Product,Carpentry,TOOLS,STANLEY ADJ. WRENCH PHOSPHATE FINISH 150MM-6,STANLEY,8548,RC00243,NOS,233,18%,275,,
244,Product,Carpentry,TOOLS,TAPARIA PIPE WRENCH 300MM,TAPARIA,8548,RC00244,NOS,330,18%,390,,
245,Product,Carpentry,TOOLS,TAPARIA BIT SCREW DRIVER SET,TAPARIA,8548,RC00245,NOS,416,18%,492,,
246,Product,Carpentry,TOOLS,TAPARIA SCREW DRIVER BITS SET (80 PCS),TAPARIA,8548,RC00246,NOS,1915,18%,2260,,
247,Product,Carpentry,TOOLS,TAPARIA UNIVERSAL SETS,TAPARIA,8548,RC00247,NOS,1084,18%,1280,,
248,Product,Carpentry,TOOLS,TAPARIA TWO IN ONE SCREW DRIVER L 55 D 3.5,TAPARIA,8548,RC00248,NOS,50,18%,59,,
249,Product,Carpentry,TOOLS,TAPARIA PIPE WRENCH 250MM,TAPARIA,8548,RC00249,NOS,249,18%,294,,
250,Product,Carpentry,TOOLS,TPRIA HAMMER HANDLE (BALL PEIN & CROSS PEIN) 200 GM,TAPARIA,8548,RC00250,NOS,200.84,18%,237,,
251,Product,Carpentry,TOOLS,TPRIA HAMMER HANDLE (BALL PEIN & CROSS PEIN) 800 GM,TAPARIA,8548,RC00251,NOS,390,18%,461,,
252,Product,Carpentry,TOOLS,TPRIA HAMMER HANDLE (BALL PEIN & CROSS PEIN) 340 GM,TAPARIA,8548,RC00252,NOS,255,18%,302,,
253,Product,Carpentry,TOOLS,TPRIA HAMMER HANDLE (BALL PEIN & CROSS PEIN) 500 GM,TAPARIA,8548,RC00253,NOS,293,18%,346,,
254,Product,Carpentry,TOOLS,TAPARIA OCTAGONAL CHISELS L 200MM E 22MM,TAPARIA,8548,RC00254,NOS,154,18%,182,,
255,Product,Carpentry,TOOLS,TAPARIA BEVELED EDGE CHISELS WCB 12,TAPARIA,8548,RC00255,NOS,150,18%,178,,
256,Product,Carpentry,TOOLS,TAPARIA DOUBLE ENDED SPANNER DEP 2022,TAPARIA,8548,RC00256,NOS,66,18%,78,,
257,Product,Carpentry,TOOLS,TAPARIA DOUBLE ENDED SPANNER DEP 1213,TAPARIA,8548,RC00257,NOS,32,18%,38,,
258,Product,Carpentry,TOOLS,TAPARIA DOUBLE ENDED SPANNER DEP 1417,TAPARIA,8548,RC00258,NOS,48,18%,57,,
259,Product,Carpentry,TOOLS,TAPARIA DOUBLE ENDED SPANNER DEP 1617,TAPARIA,8548,RC00259,NOS,44,18%,52,,
260,Product,Carpentry,TOOLS,TAPARIA DOUBLE ENDED SPANNER DEP 1819,TAPARIA,8548,RC00260,NOS,53,18%,63,,
261,Product,Carpentry,TOOLS,TAPARIA SOFT FACED HAMMER WITH HANDLE 30 GM,TAPARIA,8548,RC00261,NOS,236,18%,279,,
262,Product,Carpentry,TOOLS,TAPARIA DOUBLE ENDED SPANNER DEP 89,TAPARIA,8548,RC00262,NOS,25,18%,30,,
263,Product,Carpentry,TOOLS,TAPARIA DOUBLE ENDED SPANNER DEP 67,TAPARIA,8548,RC00263,NOS,24.57,18%,29,,
264,Product,Carpentry,TOOLS,TAPARIA FLAT SCREW DRIVER L 400 (101.5),TAPARIA,8548,RC00264,NOS,192,18%,227,,
265,Product,Carpentry,TOOLS,TPRIA HAMMER HANDLE (BALL PEIN & CROSS PEIN) 110 GM,TAPARIA,8548,RC00265,NOS,146.61,18%,173,,
266,Product,Carpentry,TOOLS,TAPARIA SCREW DRIVER BITS SET (80 PCS),TAPARIA,8548,RC00266,NOS,1915,18%,2260,,
267,Product,Carpentry,TOOLS,TAPARIA UNIVERSAL SETS,TAPARIA,8548,RC00267,NOS,1084.74,18%,1280,,
268,Product,Carpentry,TOOLS,TAPARIA TWO IN ONE SCREW DRIVER L 55 D 3.5,TAPARIA,8548,RC00268,NOS,50,18%,59,,
269,Product,Carpentry,TOOLS,TAPARIA PIPE WRENCH 250MM,TAPARIA,8548,RC00269,NOS,249,18%,294,,
270,Product,Carpentry,TOOLS,TPRIA HAMMER HANDLE (BALL PEIN & CROSS PEIN) 200 GM,TAPARIA,8548,RC00270,NOS,200.84,18%,237,,
271,Product,Carpentry,TOOLS,TPRIA HAMMER HANDLE (BALL PEIN & CROSS PEIN) 800 GM,TAPARIA,8548,RC00271,NOS,390.67,18%,461,,
272,Product,Carpentry,TOOLS,TPRIA HAMMER HANDLE (BALL PEIN & CROSS PEIN) 340 GM,TAPARIA,8548,RC00272,NOS,255.93,18%,302,,
273,Product,Carpentry,TOOLS,TPRIA HAMMER HANDLE (BALL PEIN & CROSS PEIN) 500 GM,TAPARIA,8548,RC00273,NOS,293,18%,346,,
274,Product,Carpentry,TOOLS,TAPARIA OCTAGONAL CHISELS L 200MM E 22MM,TAPARIA,8548,RC00274,NOS,154,18%,182,,
275,Product,Carpentry,TOOLS,TAPARIA BEVELED EDGE CHISELS WCB 12,TAPARIA,8548,RC00275,NOS,150.84,18%,178,,
276,Product,Carpentry,TOOLS,TAPARIA DOUBLE ENDED SPANNER DEP 2022,TAPARIA,8548,RC00276,NOS,66,18%,78,,
277,Product,Carpentry,TOOLS,TAPARIA DOUBLE ENDED SPANNER DEP 1213,TAPARIA,8548,RC00277,NOS,32,18%,38,,
278,Product,Carpentry,TOOLS,TAPARIA DOUBLE ENDED SPANNER DEP 1417,TAPARIA,8548,RC00278,NOS,48.3,18%,57,,
279,Product,Carpentry,TOOLS,TAPARIA DOUBLE ENDED SPANNER DEP 1617,TAPARIA,8548,RC00279,NOS,44,18%,52,,
280,Product,Carpentry,TOOLS,TAPARIA DOUBLE ENDED SPANNER DEP 1819,TAPARIA,8548,RC00280,NOS,53.38,18%,63,,
281,Product,Carpentry,TOOLS,TAPARIA SOFT FACED HAMMER WITH HANDLE 30 GM,TAPARIA,8548,RC00281,NOS,236.44,18%,279,,
282,Product,Carpentry,TOOLS,TAPARIA DOUBLE ENDED SPANNER DEP 89,TAPARIA,8548,RC00282,NOS,25.42,18%,30,,
283,Product,Carpentry,TOOLS,TAPARIA DOUBLE ENDED SPANNER DEP 67,TAPARIA,8548,RC00283,NOS,24.57,18%,29,,
284,Product,Carpentry,TOOLS,TAPARIA FLAT SCREW DRIVER L 400 (101.5),TAPARIA,8548,RC00284,NOS,192.37,18%,227,,
285,Product,Carpentry,TOOLS,TPRIA HAMMER HANDLE (BALL PEIN & CROSS PEIN) 110 GM,TAPARIA,8548,RC00285,NOS,146.61,18%,173,,
286,Product,Carpentry,TOOLS,TAPARIA DOUBLE ENDED SPANNER DEP 1415,TAPARIA,8548,RC00286,NOS,33.89,18%,40,,
287,Product,Carpentry,TOOLS,TAPARIA DOUBLE ENDED SPANNER DEP 1011,TAPARIA,8548,RC00287,NOS,27.96,18%,33,,
288,Product,Carpentry,TOOLS,TAPARIA DOUBLE ENDED SPANNER DEP 1922,TAPARIA,8548,RC00288,NOS,65.25,18%,77,,
289,Product,Carpentry,TOOLS,TAPARIA ADJUSTABLE SPANNER L 255,TAPARIA,8548,RC00289,NOS,337.28,18%,398,,
290,Product,Carpentry,TOOLS,TAPARIA ADJUSTABLE SPANNER L 205,TAPARIA,8548,RC00290,NOS,246.61,18%,291,,
291,Product,Carpentry,TOOLS,TAPARIA ADJUSTABLE SPANNER L 305,TAPARIA,8548,RC00291,NOS,463.55,18%,547,,
292,Product,Carpentry,TOOLS,TAPARIA FLAT SCREW DRIVER L 300 (101.5),TAPARIA,8548,RC00292,NOS,175.42,18%,207,,
293,Product,Carpentry,TOOLS,TAPARIA FLAT SCREW DRIVER L 450 (131.9),TAPARIA,8548,RC00293,NOS,203,18%,240,,
294,Product,Carpentry,TOOLS,TAPARIA WATER PUMP PLIER L 250,TAPARIA,8548,RC00294,NOS,375.42,18%,443,,
295,Product,Carpentry,TOOLS,STANLEY 35 IN 1 SCREWDRIVER SET,TAPARIA,8548,RC00295,NOS,622,18%,734,,
296,Product,Carpentry,TOOLS,TAPARIA BEVELED EDGE CHISELS WCB 38,TAPARIA,8548,RC00296,NOS,220,18%,260,,
297,Product,Carpentry,TOOLS,TAPARIA BEVELED EDGE CHISELS WCB 19,TAPARIA,8548,RC00297,NOS,179.66,18%,212,,
298,Product,Carpentry,TOOLS,TAPARIA BEVELED EDGE CHISELS WCB 25,TAPARIA,8548,RC00298,NOS,186.44,18%,220,,
299,Product,Carpentry,TOOLS,TAPARIA MASONRY DRILL BITS 4X35X70,TAPARIA,8548,RC00299,NOS,28.81,18%,34,,
300,Product,Carpentry,TOOLS,BOSCH GBH 220,TAPARIA,8548,RC00300,NOS,9343,18%,11025,,
301,Product,Carpentry,TOOLS,TAPARIA MASONRY DRILL BITS 6X60X100,TAPARIA,8548,RC00301,NOS,39.83,18%,47,,
302,Product,Carpentry,TOOLS,BLACK & DECKER HAND TOOL KIT 126 PC,BLACK,8548,RC00302,NOS,2648,18%,3125,,
303,Product,Carpentry,TOOLS,STANLEY GLASS CUTTER OVERALL LENGTH 130MM 5 1/8'',STANLEY,8548,RC00303,NOS,231,18%,273,,
304,Product,Carpentry,TOOLS,BOSCH GWS 600 BLUE MATT,BOSCH,8548,RC00304,NOS,3220,18%,3800,,
305,Product,Carpentry,TOOLS,BOSCH GWS 750-100 BLUE MATT,BOSCH,8548,RC00305,NOS,4364,18%,5150,,
306,Product,Carpentry,TOOLS,TAPARIA PIPE WRENCH 350MM,TAPARIA,8548,RC00306,NOS,402.54,18%,475,,
307,Product,Carpentry,TOOLS,TAPARIA CLAMPS 55MM,TAPARIA,8548,RC00307,NOS,274.57,18%,324,,
308,Product,Carpentry,TOOLS,TAPARIA DOUBLE ENDED SPANNERS DEP 10*12,TAPARIA,8548,RC00308,NOS,29.66,18%,35,,
309,Product,Carpentry,TOOLS,TAPARIA ADJUSTABLE SPANNER L 380,TAPARIA,8548,RC00309,NOS,923.72,18%,1090,,
310,Product,Carpentry,TOOLS,TAPARIA SOFT FACED HAMMER WITH HANDL25GM,TAPARIA,8548,RC00310,NOS,188.98,18%,223,,
311,Product,Carpentry,TOOLS,STANLEY 8PCS PLUMBER KIT,STANLEY,8548,RC00311,NOS,3245,18%,3830,,
312,Product,Carpentry,TOOLS,STANLEY 600W JIGSAW,STANLEY,8548,RC00312,NOS,6330,18%,7470,,
313,Product,Carpentry,TOOLS,TPARIA CRBON STEL DOUBL SIDE CUTING24TPI,TPARIA,8548,RC00313,NOS,19.49,18%,23,,
314,Product,Carpentry,TOOLS,STNL STHT47443-8WHITE/BLUE CHALK LINE,STNL,8548,RC00314,NOS,488,18%,576,,
315,Product,Carpentry,TOOLS,TAPARIA OCTAGONAL CHISELS L250 MM E 30MM,TAPARIA,8548,RC00315,NOS,259,18%,306,,
316,Product,Plumbing,WASH BASIN,VKOHLER CONICAL BELL WHITE WHITE GLOSSY,Kohler 2200IN-0,8548,RC00316,NOS,6779,18%,8000,,
317,Product,Plumbing,WASH BASIN,KOHLER SPAN SQUARE VESSEL 25316IN-0 VESSEL / TABLE TOP / COUNTER TOP,KOHLER,8548,RC00317,NOS,6144,18%,7250,,
318,Product,Plumbing,WASH BASIN,KOHLER SPAN ROUND VESSEL 25318IN-0 VESSEL / TABLE TOP / COUNTER TOP,KOHLER,8548,RC00318,NOS,4830,18%,5700,,
319,Product,Plumbing,WASH BASIN,KOHLER SPAN SQUARE VESSEL W/O DECK 485X344 31459IN-0 VESSEL / TABLE TOP / COUNTER TOP,KOHLER,8548,RC00319,NOS,5635,18%,6650,,
320,Product,Plumbing,WASH BASIN,KOHLER FOREFRONT SQUARE W/ DECK 75374IN-1-0 VESSEL / TABLE TOP / COUNTER TOP,KOHLER,8548,RC00320,NOS,10169,18%,12000,,
321,Product,Plumbing,WASH BASIN,KOHLER KANKARA W/O DECK WHITE GLOSSY,KOHLER,8548,RC00321,NOS,14406,18%,17000,,
322,Product,Plumbing,WASH BASIN,KOHLER VEIL VESSEL WHITE,KOHLER,8548,RC00322,NOS,,18%,,,
323,Product,Plumbing,WASH BASIN,KOHLER VEIL VESSEL WHITE,KOHLER,8548,RC00323,NOS,16949,18%,20000,,
324,Product,Plumbing,WASH BASIN,KOHLER FOREFRONT ACCENT RECT W/O FAUCET DECK,KOHLER,8548,RC00324,NOS,15254,18%,18000,,
325,Product,Plumbing,WASH BASIN,KOHLER RIBANA NEO W/O DECK,KOHLER,8548,RC00325,NOS,15254,18%,18000,,
326,Product,Plumbing,WASH BASIN,KOHLER MODERNLIFE EDGE VESSEL BASIN WITHOUT FAUCET HOLE,KOHLER,8548,RC00326,NOS,25423,18%,30000,,
327,Product,Plumbing,WASH BASIN,CERA COYAL GLITZ TABLETOP W BASIN FRENCH GOLD,CERA,8548,RC00327,NOS,5533,18%,6530,,
328,Product,Plumbing,WASH BASIN,CERA CAFÉ TABLE TOP 600*400*160MM S2020103MB,CERA,8548,RC00328,NOS,7796,18%,9200,,
329,Product,Plumbing,WASH BASIN,CERA S2040136 WASH BASIN,CERA,8548,RC00329,NOS,3381,18%,3990,,
330,Product,Plumbing,WASH BASIN,HINDWARE WB NEO 55X40 STAR WHITE WITH PED,HINDWARE,8548,RC00330,NOS,3042,18%,3590,,
331,Product,Plumbing,WASH BASIN,CERA OVAL EXPOSED UNDERCOUNTER BASIN WHITE GLOSSY,CERA,8548,RC00331,NOS,2737,18%,3230,,
332,Product,Plumbing,WASH BASIN,CERA CORNET WALL HUNG WASH BASIN EXPOSED WHITE GLOSSY WALL HUNG BASIN / WALL MOUNT BASIN,CERA,8548,RC00332,NOS,1601,18%,1890,,
333,Product,Plumbing,WASH BASIN,CERA CANAH WALL HUNG WASH BASIN EXPOSED WHITE GLOSSY WALL HUNG BASIN /WALL MOUNT BASIN,CERA,8548,RC00333,NOS,1516,18%,1790,,
334,Product,Plumbing,WASH BASIN,CERA CANTON WALL HUNG WASH BASIN EXPOSED WHITE GLOSSY WALL HUNG BASIN / WALL MOUNT BASIN,CERA,8548,RC00334,NOS,5720,18%,6750,,
335,Product,Plumbing,WASH BASIN,CERA WASH BASIN SQUARE,CERA,8548,RC00335,NOS,3644,18%,4300,,
336,Product,Plumbing,WASH BASIN,"JAQUAR TABLE TOP BASIN, SIZE:495X365X160 mm SLS-WHT-6901",JAQUAR,8548,RC00336,NOS,4398,18%,5190,,
337,Product,Plumbing,WASH BASIN,"JAQUAR TABLE TOP BASIN, SIZE:400X400X150 MM JDS-WHT-25911",JAQUAR,8548,RC00337,NOS,5245,18%,6190,,
338,Product,Plumbing,WASH BASIN,"JAQUAR TABLE TOP BASIN, SIZE: 510X360X120MM FLS-WHITE-5931 VESSEL / TABLE TOP / COUNTER TOP",JAQUAR,8548,RC00338,NOS,4906,18%,5790,,
339,Product,Plumbing,WASH BASIN,KOHLER CONICAL BELL VESSEL CASHMERE 2200IN-K4 VESSEL / TABLE TOP / COUNTER TOP,KOHLER,8548,RC00339,NOS,7796,18%,9200,,
340,Product,Plumbing,WASH BASIN,CERA CATMID EXPOSED WHITE GLOSSY VESSEL / TABLE TOP / COUNTER TOP,CERA,8548,RC00340,NOS,5245,18%,6190,,
341,Product,Plumbing,WASH BASIN,"JAQUAR TABLE TOP BASIN, SIZE: 450X450X175 MM JDS-WHITE-25905 VESSEL / TABLE TOP / COUNTER TOP",JAQUAR,8548,RC00341,NOS,7203,18%,8500,,
342,Product,Plumbing,WASH BASIN,KOHLER VEIL VESSEL IN BLACK 77171IN-7 VESSEL / TABLE TOP / COUNTER TOP,KOHLER,8548,RC00342,NOS,19491,18%,23000,,
343,Product,Plumbing,WASH BASIN,"JAQUAR TABLE TOP BASIN, SIZE: 465X465X170MM JDS-WHITE-25935 VESSEL / TABLE TOP / COUNTER TOP",JAQUAR,8548,RC00343,NOS,3559,18%,4200,,
344,Product,Plumbing,WASH BASIN,"JAQUAR TABLE TOP BASIN, SIZE: 480X480X130MM OPS-WHITE-15901N VESSEL / TABLE TOP / COUNTER TOP",JAQUAR,8548,RC00344,NOS,5754,18%,6790,,
345,Product,Plumbing,WASH BASIN,"JAQUAR TABLE TOP BASIN, SIZE: 600X410X100MM LYS-WHITE-38901N VESSEL / TABLE TOP / COUNTER TOP",JAQUAR,8548,RC00345,NOS,5500,18%,6490,,
346,Product,Plumbing,WASH BASIN,KOHLER NYSA LAV IN WHITE,KOHLER,8548,RC00346,NOS,22033.89,18%,26000,,
347,Product,Plumbing,WASH BASIN,KOHLER CHALICE ROUND VESSEL,KOHLER,8548,RC00347,NOS,8432,18%,9950,,
348,Product,Plumbing,WASH BASIN,JAQUAR WALL HUNG BASIN WITH FIXING ACCESSORIES CNS-WHT-801,JAQUAR,8548,RC00348,NOS,2330.5,18%,2750,,
349,Product,Plumbing,WASH BASIN,KOHLER VEIL™ TROUGH VESSEL,KOHLER,8548,RC00349,NOS,69491.52,18%,82000,,
350,Product,Plumbing,WASH BASIN,"JAQUAR TABLE TOP BASIN, SIZE:450450110MM JDS-WHITE-25939 VESSEL / TABLE TOP / COUNTER TOP",JAQUAR,8548,RC00350,NOS,5974.57,18%,7050,,
351,Product,Plumbing,WASH BASIN,"JAQUAR TABLE TOP BASIN, SIZE: 475X465X185 MM JDS-WHITE-25903 VESSEL / TABLE TOP / COUNTER TOP",JAQUAR,8548,RC00351,NOS,5076.27,18%,5990,,
352,Product,Plumbing,WASH BASIN,CERA CAFE TABLE TOP WASH BASIN EXPOSED WHITE GLOSSY VESSEL / TABLE TOP / COUNTER TOP,CERA,8548,RC00352,NOS,6186,18%,7300,,
353,Product,Plumbing,WASH BASIN,CERA CATMAX EXPOSED WHITE GLOSSY VESSEL / TABLE TOP / COUNTER TOP,CERA,8548,RC00353,NOS,10161,18%,11990,,
354,Product,Plumbing,WASH BASIN,KOHLER FOREFRONT RECT W/O DECK HONED TRUFFLE 5373IN-HT1 VESSEL / TABLE TOP / COUNTER TOP,KOHLER,8548,RC00354,NOS,20974.57,18%,24750,,
355,Product,Plumbing,WASH BASIN,KOHLER FOREFRONT VESSEL W/FAUCET DECK 2660IN-1-0,KOHLER,8548,RC00355,NOS,13559.32,18%,16000,,
356,Product,Plumbing,WASH BASIN,CERA S2020102 CAMPA,CERA,8548,RC00356,NOS,5000,18%,5900,,
357,Product,Plumbing,WASH BASIN,KOHLER CHALICE ROUND VESSEL 1TAP HOLE 29024IN-1-0 VESSEL / TABLE TOP / COUNTER TOP,KOHLER,8548,RC00357,NOS,7669.49,18%,9050,,
358,Product,Plumbing,WASH BASIN,KOHLER CONICAL BELL VESSEL BLACK 2200IN-7 VESSEL / TABLE TOP / COUNTER TOP,KOHLER,8548,RC00358,NOS,7796,18%,9200,,
359,Product,Plumbing,WASH BASIN,KOHLER KANKARA VESSEL WITH 1TH 76600IN-0 VESSEL / TABLE TOP / COUNTER TOP,KOHLER,8548,RC00359,NOS,13559.32,18%,16000,,
360,Product,Plumbing,WASH BASIN,KOHLER FOREFRONT SQUARE VESSEL 2661IN-7 VESSEL / TABLE TOP / COUNTER TOP,KOHLER,8548,RC00360,NOS,12182,18%,14375,,
361,Product,Plumbing,WASH BASIN,KOHLER TRACE VESSEL WITH 1TH 75376IN-1-0 VESSEL / TABLE TOP / COUNTER TOP,KOHLER,8548,RC00361,NOS,11440.67,18%,13500,,
362,Product,Plumbing,WASH BASIN,KOHLER FOREFRONT VESSEL W/FAUCET DECK 2660IN-1-7 VESSEL / TABLE TOP / COUNTER TOP,KOHLER,8548,RC00362,NOS,15593,18%,18400,,
363,Product,Plumbing,WASH BASIN,CERA CONCORD EXPOSED WHITE GLOSSY VESSEL / TABLE TOP / COUNTER TOP,CERA,8548,RC00363,NOS,4576,18%,5400,,
364,Product,Plumbing,WASH BASIN,"JAQUAR TABLE TOP BASIN, SIZE: 700X435X135 MM ARS-WHITE-39903 VESSEL / TABLE TOP / COUNTER TOP",JAQUAR,8548,RC00364,NOS,6355.93,18%,7500,,
365,Product,Plumbing,WASH BASIN,"JAQUAR TABLE TOP BASIN, SIZE:500420120MM FLS-WHITE-5935 VESSEL / TABLE TOP / COUNTER TOP",JAQUAR,8548,RC00365,NOS,7033.89,18%,8300,,
366,Product,Plumbing,WASH BASIN,JAQUAR SANITARYWARE TABLE TOP BASIN SIZE: 410X410X150 MM CNS-WHT-905,JAQUAR,8548,RC00366,NOS,2500,18%,2950,,
367,Product,Plumbing,WASH BASIN,KOHLER VEIL™ SMALL VESSEL,KOHLER,8548,RC00367,NOS,38135.59,18%,,,
368,Product,Plumbing,WASH BASIN,KOHLER FOREFRONT RECT W/O DECK HONED PEACOCK 5373IN-HP1 VESSEL / TABLE TOP / COUNTER TOP,KOHLER,8548,RC00368,NOS,18727,18%,22098,,
369,Product,Plumbing,WASH BASIN,KOHLER FOREFRONT RECT W/O DECK HONED THUNDER GR 5373IN-HG1 VESSEL / TABLE TOP / COUNTER TOP,KOHLER,8548,RC00369,NOS,18727,18%,22098,,
370,Product,Plumbing,WASH BASIN,"KOHLER MEMOIRS UNDER COUNTER BASIN 579X459MM SR, SGL HOLE 2241IN-1-0",KOHLER,8548,RC00370,NOS,11864.4,18%,14000,,
371,Product,Plumbing,WASH BASIN,"JAQUAR TABLE TOP BASIN, SIZE:400X400X150 MM JDS-WHM-25911",JAQUAR,8548,RC00371,NOS,6864.4,18%,8100,,
372,Product,Plumbing,WASH BASIN,KOHLER LADENA 591 X 410MM UNDERCOUNTER BASIN LAVATORY 2215IN-0,KOHLER,8548,RC00372,NOS,8050.84,18%,9500,,
373,Product,Plumbing,WASH BASIN,"JAQUAR COUNTER TOP BASIN, SIZE: 610X415X160MM DRS-WHITE-37601 VESSEL / TABLE TOP / COUNTER TOP",JAQUAR,8548,RC00373,NOS,5754,18%,6790,,
374,Product,Plumbing,WASH BASIN,"JAQUAR TABLE TOP BASIN, SIZE: 480X380X140MM JDS-WHITE-25909 VESSEL / TABLE TOP / COUNTER TOP",JAQUAR,8548,RC00374,NOS,3813.55,18%,4500,,
375,Product,Plumbing,WASH BASIN,"JAQUAR TABLE TOP BASIN, SIZE: 510X400X135 MM JDS-WHITE-25907N VESSEL / TABLE TOP / COUNTER TOP",JAQUAR,8548,RC00375,NOS,5847.45,18%,6900,,
376,Product,Plumbing,WASH BASIN,"JAQUAR TABLE TOP BASIN, SIZE: 425X350X185 mm CNS-WHT-903",JAQUAR,8548,RC00376,NOS,1970,18%,2325,,
377,Product,Plumbing,WASH BASIN,CERA S2020153 COLMID,CERA,8548,RC00377,NOS,4991.52,18%,5890,,
378,Product,Plumbing,WASH BASIN,"KOHLER SERIF 559X426MM UNDER COUNTER BASIN COUNTERTOP, SGL HOLE 2075IN-1-0",KOHLER,8548,RC00378,NOS,4406.77,18%,5200,,
379,Product,Plumbing,WASH BASIN,KOHLER CAXTON 536 X 435MM UNDERCOUNTER BASIN LAVATORY 2211IN-0,KOHLER,8548,RC00379,NOS,3813.55,18%,4500,,
380,Product,Plumbing,WASH BASIN,GROHE EUROSMART BASIN UNDER-COUNT. W.OVERFL 55,GROHE,8548,RC00380,NOS,7923.72,18%,9350,,
381,Product,Plumbing,WASH BASIN,GROHE EUROSMART COUNTER TOP BASIN 60,GROHE,8548,RC00381,NOS,11381,18%,13430,,
382,Product,Plumbing,WASH BASIN,KOHLER VERTICYL™ ROUND UNDERCOUNTER BASIN LAVATORY 2883-0,KOHLER,8548,RC00382,NOS,6949.15,18%,8200,,
383,Product,Plumbing,WASH BASIN,CERA S2020152 COLMIN,CERA,8548,RC00383,NOS,3974.57,18%,4690,,
384,Product,Plumbing,WASH BASIN,KOHLER SPAN RD 482X466 WM LAVATORY W HALF PED,KOHLER,8548,RC00384,NOS,6101.69,18%,7200,,
385,Product,Plumbing,WASH BASIN,JAQUAR SANITARYWARE TABLE TOP BASIN SIZE:410*410*140MM,JAQUAR,8548,RC00385,NOS,4744.91,18%,5599,,
386,Product,Plumbing,WASH BASIN,CERA SINATRA TABLE TOP BASIN SNOW WHITE,CERA,8548,RC00386,NOS,7626,18%,8999,,
387,Product,Plumbing,WASH BASIN,CERA SINATRA TABLE TOP WASH BASIN SNOW WHITE,CERA,8548,RC00387,NOS,5423.72,18%,6400,,
388,Product,Plumbing,WASH BASIN,CERA SEAN SEMI INSERT BASIN SNOW WHITE,CERA,8548,RC00388,NOS,7542,18%,8900,,
389,Product,Plumbing,WASH BASIN,CERA SERENADE TABLE TOP BASIN SNOW WHITE,CERA,8548,RC00389,NOS,8050.84,18%,9500,,
390,Product,Plumbing,WASH BASIN,CERA SERENADE TABLE TOP BASIN 505X385 SN WH,CERA,8548,RC00390,NOS,7203.38,18%,8500,,
391,Product,Plumbing,WASH BASIN,CERA SERENADE TABLE TOP BASIN 405X405 SN WH,CERA,8548,RC00391,NOS,6779.66,18%,8000,,
392,Product,Plumbing,WASH BASIN,CERA SOLITAIRE TABLE TOP WASH BASIN GOLD,CERA,8548,RC00392,NOS,13898.3,18%,16400,,
393,Product,Plumbing,WASH BASIN,CERA SOPHIE TABLE TOP WASH BASIN SILVER,CERA,8548,RC00393,NOS,13898.3,18%,16400,,
394,Product,Plumbing,WASH BASIN,CERA SOLAR TABLE TOP WASH BASIN GOLD,CERA,8548,RC00394,NOS,13898.3,18%,16400,,
395,Product,Plumbing,WASH BASIN,CERA SIGNOR TABLE TOP WASH BASIN SILVER,CERA,8548,RC00395,NOS,13898.3,18%,16400,,
396,Product,Plumbing,WASH BASIN,CERA SHILOH TABLE TOP WASH BASIN GOLD,CERA,8548,RC00396,NOS,13898.3,18%,16400,,
397,Product,Plumbing,WASH BASIN,CERA PURE-SOFT TABLE TOP BASIN SNOW WHITE,CERA,8548,RC00397,NOS,10169.49,18%,12000,,
398,Product,Plumbing,WASH BASIN,CERA MAGNA-ARTE TABLE TOP BASIN- SNOW WHITE,CERA,8548,RC00398,NOS,8898.3,18%,10500,,
399,Product,Plumbing,WASH BASIN,CERA AESTHETIC-EDGE TABLE TOP BASIN SN WHITE,CERA,8548,RC00399,NOS,10161,18%,11990,,
400,Product,Plumbing,WASH BASIN,CERA SHIELDS TABLE TOP WASH BASIN GOLD,CERA,8548,RC00400,NOS,13898.3,18%,16400,,
401,Product,Plumbing,WASH BASIN,CERA CAMPA S TABLE TOP WASH BASIN IVORY,CERA,8548,RC00401,NOS,5601.69,18%,6610,,
402,Product,Plumbing,WASH BASIN,CERA CAMPA S GLITZ SELECT TT WB FRENCH GOLD,CERA,8548,RC00402,NOS,9135.59,18%,10780,,
403,Product,Plumbing,WASH BASIN,CERA CAMPA L TABLE TOP WASH BASIN ROSE GOLD,CERA,8548,RC00403,NOS,7500,18%,8850,,
404,Product,Plumbing,WASH BASIN,CERA CAMPA L TABLE TOP WASH BASIN IVORY,CERA,8548,RC00404,NOS,6254.23,18%,7380,,
405,Product,Plumbing,WASH BASIN,CERA CAMPA S GLITZ TABLE TOP WB ROSE GOLD,CERA,8548,RC00405,NOS,6728.81,18%,7940,,
406,Product,Plumbing,WASH BASIN,CERA CAMPA S GLITZ TABLE TOP W BASIN PLATINA,CERA,8548,RC00406,NOS,6728.81,18%,7940,,
407,Product,Plumbing,WASH BASIN,CERA CAMPA L TABLE TOP WASH BASIN PLATINUM,CERA,8548,RC00407,NOS,7500,18%,8850,,
408,Product,Plumbing,WASH BASIN,CERA COYAL TABLE TOP WASH BASIN IVORY,CERA,8548,RC00408,NOS,4610.16,18%,5440,,
409,Product,Plumbing,WASH BASIN,CERA COYAL GLITZ TABLE TOP WASH BASIN PLATINA,CERA,8548,RC00409,NOS,5533.89,18%,6530,,
410,Product,Plumbing,WASH BASIN,AQUIEEN WASH BASIN 500 X 320 X 130,AQUIEEN,8548,RC00410,NOS,4576.27,18%,5400,,
411,Product,Plumbing,WASH BASIN,AQUIEEN WASH BASIN 500 X 395 X 145,AQUIEEN,8548,RC00411,NOS,4237.28,18%,5000,,
412,Product,Plumbing,WASH BASIN,AQUIEEN WASH BASIN 455 X 325 X 135,AQUIEEN,8548,RC00412,NOS,3516.94,18%,4150,,
413,Product,Plumbing,WASH BASIN,KOHLER BRINK VESSEL W/O DECK 500MM,KOHLER,8548,RC00413,NOS,12711.86,18%,15000,,
414,Product,Plumbing,WASH BASIN,KOHLER BRINK VESSEL W/DECK 600MM,KOHLER,8548,RC00414,NOS,13983,18%,16500,,
415,Product,Plumbing,WASH BASIN,CERA CAMPA S TABLE TOP WASH BASIN SNOW WHITE,CERA,8548,RC00415,NOS,4483,18%,5290,,
416,Product,Plumbing,WASH BASIN,CERA COYAL TABLE TOP WASH BASIN SNOW WHITE,CERA,8548,RC00416,NOS,3686.44,18%,4350,,
417,Product,Plumbing,WASH BASIN,CERA CAMPA S TABLE TOP WASH BASIN MATT BLACK,CERA,8548,RC00417,NOS,5601.69,18%,6610,,
418,Product,Plumbing,WASH BASIN,CERA COYAL TABLE TOP WASH BASIN MATT BLACK,CERA,8548,RC00418,NOS,4610,18%,5440,,
419,Product,Plumbing,WASH BASIN,CERA CAMPA L TABLE TOP WASH BASIN FRENCH GOLD,CERA,8548,RC00419,NOS,7500,18%,8850,,
420,Product,Plumbing,WASH BASIN,TWBC NIRVANA VOLGA WHITE 405MMX405MMX127MM TWCTT0022,TWBC,8548,RC00420,NOS,7118.64,18%,8400,,
421,Product,Plumbing,WASH BASIN,TWBC PORTORO ITALIAN BOTTICINO MARBLE381MMX381MMX115MM TWCTT0021,TWBC,8548,RC00421,NOS,8542.37,18%,10080,,
422,Product,Plumbing,WASH BASIN,TWBC SABI VOLGA WHITE 405MMX405MMX101MM TWCTT0020,TWBC,8548,RC00422,NOS,11389.83,18%,13440,,
423,Product,Plumbing,WASH BASIN,TWBC PIXCLE ITALIAN STATURIO 405MMX405MMX127MM TWCTT023,TWBC,8548,RC00423,NOS,27762.71,18%,32760,,
424,Product,Plumbing,WASH BASIN,TWBC SILA ITALIAN MARBLE NERO MARQUINA 405MMX405MMX127MM TWCTT0018,TWBC,8548,RC00424,NOS,15661,18%,18480,,
425,Product,Plumbing,WASH BASIN,TWBC PIETRA DOMA ITALIAN MARBLE ARMANI BRONZE405MMX405MMX889MM TWCST006,TWBC,8548,RC00425,NOS,8542.37,18%,10080,,
426,Product,Plumbing,WASH BASIN,TWBC NIRVANA VOLGA WHITE 405MMX405MMX127MM TWCTT0022,TWBC,8548,RC00426,NOS,7118.64,18%,8400,,
427,Product,Plumbing,WASH BASIN,AQUIEEN WASH BASIN 455 X 325 X 135,AQUIEEN,8548,RC00427,NOS,3516.94,18%,4150,,
428,Product,Plumbing,WASH BASIN,TWBC GULDASTA VOLGA WHITE 381MMX381MMX127MM TWCTT0010,TWBC,8548,RC00428,NOS,19220.33,18%,22680,,
429,Product,Plumbing,WASH BASIN,TWBC ULAIN ARMANI GREY & ARMANI STATURIO406MMX406X863MM TWCST007,TWBC,8548,RC00429,NOS,130983,18%,154560,,
430,Product,Plumbing,WASH BASIN,TWBC SABI VOLGA WHITE 405MMX405MMX101MM TWCTT0020,TWBC,8548,RC00430,NOS,11389.83,18%,13440,,
431,Product,Plumbing,WASH BASIN,CERA MAGNA-ARTE TABLE TOP BASIN- SNOW WH,CERA,8548,RC00431,NOS,8898,18%,10500,,
432,Product,Plumbing,WASH BASIN,CERA CAMPA S GLITZ SELECT TT WB FRENCH GOLD,CERA,8548,RC00432,NOS,9135.59,18%,10780,,
433,Product,Plumbing,WASH BASIN,CERA SILVIO TABLE TOP WASH BASIN SILVER,CERA,8548,RC00433,NOS,13898.3,18%,16400,,
434,Product,Plumbing,WASH BASIN,CERA CAMPA S TABLE TOP WASH BASIN IVORY,CERA,8548,RC00434,NOS,5601.69,18%,6610,,
435,Product,Plumbing,WASH BASIN,KOHLER BRINK VESSEL W/DECK 600MM,KOHLER,8548,RC00435,NOS,13983,18%,16500,,
436,Product,Plumbing,WASH BASIN,CERA AESTHETIC-EDGE TABLE TOP BASIN SN WHITE,CERA,8548,RC00436,NOS,10161,18%,11990,,
437,Product,Plumbing,WASH BASIN,CERA CAMPA L TABLE TOP WASH BASIN IVORY,CERA,8548,RC00437,NOS,6254.23,18%,7380,,
438,Product,Plumbing,WASH BASIN,KOHLER BRINK VESSEL W/O DECK 500MM,KOHLER,8548,RC00438,NOS,12711.86,18%,15000,,
439,Product,Plumbing,WASH BASIN,CERA COYAL TABLE TOP WASH BASIN SNOW WHITE,CERA,8548,RC00439,NOS,3686.44,18%,4350,,
440,Product,Plumbing,WASH BASIN,CERA COYAL GLITZ TABLE TOP WASH BASIN PLATINA,CERA,8548,RC00440,NOS,5533.89,18%,6530,,
441,Product,Plumbing,WASH BASIN,KOHLER SPAN RD 482X466 WM LAVATORY W HALF PED,KOHLER,8548,RC00441,NOS,6101.69,18%,7200,,
442,Product,Plumbing,WASH BASIN,CERA CAMPA L TABLE TOP WASH BASIN PLATINUM,CERA,8548,RC00442,NOS,7500,18%,8850,,
443,Product,Plumbing,WASH BASIN,CERA SERENADE TABLE TOP BASIN SNOW WHITE,CERA,8548,RC00443,NOS,8050.84,18%,9500,,
444,Product,Plumbing,WASH BASIN,CERA SHILOH TABLE TOP WASH BASIN GOLD,CERA,8548,RC00444,NOS,13898.3,18%,16400,,
445,Product,Plumbing,WASH BASIN,CERA SINATRA TABLE TOP BASIN SNOW WHITE,CERA,8548,RC00445,NOS,10169.49,18%,12000,,
446,Product,Plumbing,WASH BASIN,CERA COYAL TABLE TOP WASH BASIN IVORY,CERA,8548,RC00446,NOS,4610.16,18%,5440,,
447,Product,Plumbing,WASH BASIN,CERA CAMPA S GLITZ TABLE TOP W BASIN PLATINA,CERA,8548,RC00447,NOS,6728.81,18%,7940,,
448,Product,Plumbing,WASH BASIN,CERA COYAL TABLE TOP WASH BASIN MATT BLACK,CERA,8548,RC00448,NOS,4610.16,18%,5440,,
449,Product,Plumbing,WASH BASIN,CERA SOLAR TABLE TOP WASH BASIN GOLD,CERA,8548,RC00449,NOS,13898.3,18%,16400,,
450,Product,Plumbing,WASH BASIN,CERA SERENADE TABLE TOP BASIN 405X405 SN WH,CERA,8548,RC00450,NOS,6779.66,18%,8000,,
451,Product,Plumbing,WASH BASIN,CERA PURE-SOFT TABLE TOP BASIN SNOW WHITE,CERA,8548,RC00451,NOS,10169.49,18%,12000,,
452,Product,Plumbing,WASH BASIN,CERA SERENADE TABLE TOP BASIN 505X385 SN WH,CERA,8548,RC00452,NOS,7203.39,18%,8500,,
453,Product,Plumbing,WASH BASIN,CERA SEAN SEMI INSERT BASIN SNOW WHITE,CERA,8548,RC00453,NOS,7542.37,18%,8900,,
454,Product,Plumbing,WASH BASIN,CERA SIGNOR TABLE TOP WASH BASIN SILVER,CERA,8548,RC00454,NOS,13898.3,18%,16400,,
455,Product,Plumbing,WASH BASIN,CERA SOPHIE TABLE TOP WASH BASIN SILVER,CERA,8548,RC00455,NOS,13898,18%,16400,,
456,Product,Plumbing,WASH BASIN,CERA CAMPA L TABLE TOP WASH BASIN FRENCH GOLD,CERA,8548,RC00456,NOS,7500,18%,8850,,
457,Product,Plumbing,WASH BASIN,CERA SINATRA TABLE TOP WASH BASIN SNOW WHITE,CERA,8548,RC00457,NOS,5423,18%,6400,,
458,Product,Plumbing,WASH BASIN,CERA CAMPA S TABLE TOP WASH BASIN IVORY,CERA,8548,RC00458,NOS,5601,18%,6610,,
459,Product,Plumbing,WASH BASIN,KOHLER BRINK VESSEL W/DECK 600MM,KOHLERC,8548,RC00459,NOS,13983,18%,16500,,
460,Product,Plumbing,WASH BASIN,CERA AESTHETIC-EDGE TABLE TOP BASIN SN WHITE,CERA,8548,RC00460,NOS,10161,18%,11990,,
461,Product,Plumbing,WASH BASIN,CERA CAMPA L TABLE TOP WASH BASIN IVORY,CERA,8548,RC00461,NOS,6254,18%,7380,,
462,Product,Plumbing,WASH BASIN,KOHLER BRINK VESSEL W/O DECK 500MM,KOHLER,8548,RC00462,NOS,12711,18%,15000,,
463,Product,Plumbing,WASH BASIN,CERA COYAL TABLE TOP WASH BASIN SNOW WHITE,CERA,8548,RC00463,NOS,3686,18%,4350,,
464,Product,Plumbing,WASH BASIN,CERA COYAL GLITZ TABLE TOP WASH BASIN PLATINA,CERA,8548,RC00464,NOS,5533,18%,6530,,
465,Product,Plumbing,WASH BASIN,KOHLER REPLAY WALL HUNG BOWL ONLY 6088IN-0,KOHLER,8548,RC00465,NOS,9745,18%,11500,,
466,Product,Plumbing,WASH BASIN,KOHLER SPAN-ROUND WALL HUNG BOWL 29169IN-0,KOHLER,8548,RC00466,NOS,6779,18%,8000,,
467,Product,Plumbing,WASH BASIN,KOHLER PRESQUILE WALL-HUNG TOILET BOWL 19080IN-SS-0,KOHLER,8548,RC00467,NOS,20330,18%,23990,,
468,Product,Plumbing,WASH BASIN,KOHLER SPAN-SQUARE WALL HUNG BOWL 29172IN-0,KOHLER,8548,RC00468,NOS,8211,18%,9690,,
469,Product,Plumbing,WASH BASIN,JAQUAR WALL HUNG WC IN BUILT JET UF SOFT,JAQUAR,8548,RC00469,NOS,11271,18%,13300,,
470,Product,Plumbing,WASH BASIN,KOHLER TRACE WALL HUNG BOWL,KOHLER,8548,RC00470,NOS,14830,18%,17500,,
471,Product,Plumbing,WASH BASIN,JQR RMLS WL HNG WC SLM ST CV, JAQ,8548,RC00471,NOS,10762,18%,12700,,
472,Product,Plumbing,WASH BASIN,JQSW RML WL HNG WC UF STC CNS-WHT963UFSM,JQSW,8548,RC00472,NOS,8262,18%,9750,,
473,Product,Plumbing,WASH BASIN,KOHLER VIVE WALL HUNG BOWL 28780IN-0,KOHLER,8548,RC00473,NOS,15254,18%,18000,,
474,Product,Plumbing,WASH BASIN,KOHLER VIVE QC SLIM UF SEAT 28781IN-0,KOHLER,8548,RC00474,NOS,5932,18%,7000,,
475,Product,Plumbing,WASH BASIN,KOHLER PATIO WALL HUNG BOWL W/ FLUSH DIVERTER 4187IN-WD-0,KOHLER,8548,RC00475,NOS,6355,18%,7500,,
476,Product,Plumbing,WASH BASIN,KOHLER PATIO QUIET-CLOSE TOILET SEAT 10614IN-0,KOHLER,8548,RC00476,NOS,2542,18%,3000,,
477,Product,Plumbing,WASH BASIN,KOHLER VIVE WH TOILET WITH SEAT,KOHLER,8548,RC00477,NOS,21186,18%,25000,,
478,Product,Plumbing,WASH BASIN,JAQUAR WALL HUNG WC KUS-WHITE-35953BIUFSM,JAQUAR,8548,RC00478,NOS,10838,18%,12790,,
479,Product,Plumbing,WASH BASIN,JAQUAR ONE PIECE-WC WITH UF SOFT CLOSE SLIM LYS-WHITE-38851S220SMN,JAQUAR,8548,RC00479,NOS,21101,18%,24900,,
480,Product,Plumbing,WASH BASIN,JAQUAR WALL HUNG WC WITH UF SOFT CLOSE SLIM SEA ARS-WHITE-39951UFSM,JAQUAR,8548,RC00480,NOS,14661,18%,17300,,
481,Product,Plumbing,WASH BASIN,KOHLER BRAZN QC TOILET SEAT (WASHDOWN ROUND),KOHLER,8548,RC00481,NOS,5084,18%,6000,,
482,Product,Plumbing,WASH BASIN,JAQUAR SANITARYWARE RIMLESS BLIND INSTALLATION WALL HUNG WC ARS-WHT-39953BIUFSM,JAQUAR,8548,RC00482,NOS,13220,18%,15600,,
483,Product,Plumbing,WASH BASIN,KHLR SPAN SQUARE WALLHUNG W PURECLN SEAT,KHLR,8548,RC00483,NOS,15838,18%,18690,,
484,Product,Plumbing,WASH BASIN,KOHLER PURECLEAN UNIVERSAL BIDET,KOHLER,8548,RC00484,NOS,3389,18%,4000,,
485,Product,Plumbing,WASH BASIN,JQSW WALL HUNG WC PP SOFT CLOSE SEAT COV,JQSW,8548,RC00485,NOS,6779,18%,8000,,
486,Product,Plumbing,WASH BASIN,CERA CAPSTAN MINI 225 MM ONE PC EWC,CERA,8548,RC00486,NOS,11008,18%,12990,,
487,Product,Plumbing,WASH BASIN,KHLR MODRN LIF EDG WH TOLT UF SET WHT GY,KHLR,8548,RC00487,NOS,42796,18%,50500,,
488,Product,Plumbing,WASH BASIN,KOHLER VEIL WALL HUNG RIMLESS BOWL,KOHLER,8548,RC00488,NOS,21186,18%,25000,,
489,Product,Plumbing,WASH BASIN,KOHLER MODERNLIFE EDGE WH BOWL,KOHLER,8548,RC00489,NOS,32203,18%,38000,,
490,Product,Plumbing,WASH BASIN,CERA CONVNTNL EWC S TRAP CARNA SEAT COVR,CERA,8548,RC00490,NOS,2584,18%,3050,,
491,Product,Plumbing,WASH BASIN,CERA S1044142 P TRAP COSMIC,CERA,8548,RC00491,NOS,12703,18%,14990,,
492,Product,Plumbing,WASH BASIN,JQR RMLS WL HNG WC UF ST CLS VGS-WT81953,JQR,8548,RC00492,NOS,16864,18%,19900,,
493,Product,Plumbing,WASH BASIN,KOHLER ESCALE WALL-HUNG TOILET BOWL,KOHLER,8548,RC00493,NOS,34745,18%,41000,,
494,Product,Plumbing,WASH BASIN,CERA CUTINA WALL HUNG WITH DUROPLAST SEAT COVER S1044141SN,CERA,8548,RC00494,NOS,13550,18%,15990,,
495,Product,Plumbing,WASH BASIN,KOHLER PATIO QUIET-CLOSE TOILET SEAT,KOHLER,8548,RC00495,NOS,2923,18%,3450,,
496,Product,Plumbing,WASH BASIN,CERA CAPTOR ONE PCS EWC S1013205SN,CERA,8548,RC00496,NOS,10161,18%,11990,,
497,Product,Plumbing,WASH BASIN,KOHLER PATIO WALLHUNG BOWL W/ FLUSH DIVERTER,KOHLER,8548,RC00497,NOS,7309,18%,8625,,
498,Product,Plumbing,WASH BASIN,KOHLER ESCALE -SS QUIET CLOSE SLIM SEAT UF,KOHLER,8548,RC00498,NOS,14000,18%,11864,,
499,Product,Plumbing,WASH BASIN,KOHLER PURECLEAN™ BIDET TOILET SEAT - SQUARE 8196IN-0,KOHLER,8548,RC00499,NOS,7627,18%,9000,,
500,Product,Plumbing,WASH BASIN,KOHLER ESCALE WALL HUNG BOWL W/O SEAT 19045IN-2-7,KOHLER,8548,RC00500,NOS,39957,18%,47150,,
501,Product,Plumbing,WASH BASIN,KOHLER TRACE QUIET CLOSE SLIM TOILET SEAT 20219IN-UF-0,KOHLER,8548,RC00501,NOS,4661,18%,5500,,
502,Product,Plumbing,WASH BASIN,KOHLER ESCALE QUIET CLOSE SLIM TOILET SEAT UF BLACK 20192IN-UF-7,KOHLER,8548,RC00502,NOS,13644,18%,16100,,
503,Product,Plumbing,WASH BASIN,KOHLER REPLAY QUITE CLOSE TOILET SEAT CASHMERE 6091IN-K4,KOHLER,8548,RC00503,NOS,4989,18%,5888,,
504,Product,Plumbing,WASH BASIN,CERA CALIBRE 220 ONE PIECE EWC INCL FTG,CERA,8548,RC00504,NOS,9313,18%,10990,,
505,Product,Plumbing,WASH BASIN,KOHLER REPLAY WALL HUNG BOWL ONLY CASHMERE 6088IN-K4,KOHLER,8548,RC00505,NOS,15983,18%,18860,,
506,Product,Plumbing,WASH BASIN,CERA S1013200 ONE PIECE EWC STRAP 300MM,CERA,8548,RC00506,NOS,11516,18%,13590,,
507,Product,Plumbing,WASH BASIN,CERA B1510101 CARINA SEAT COVER ( TWO PIECE ),CERA,8548,RC00507,NOS,677,18%,800,,
508,Product,Plumbing,WASH BASIN,KOHLER REACH™ WALL HUNG BOWL ONLY 5573IN-0,KOHLER,8548,RC00508,NOS,9661,18%,11400,,
509,Product,Plumbing,WASH BASIN,KOHLER PRESQUILE SOFT CLOSE TOILET SEAT 29017IN-UF-7,KOHLER,8548,RC00509,NOS,5847,18%,6900,,
510,Product,Plumbing,WASH BASIN,KOHLER VEIL® WALL HUNG QC UF TOILET SEAT 77070IN-SS-0,KOHLER,8548,RC00510,NOS,6355,18%,7500,,
511,Product,Plumbing,WASH BASIN,KOHLER REACH QUIET CLOSE SLIM TOILET SEAT 22562IN-UF-0,KOHLER,8548,RC00511,NOS,4237,18%,5000,,
512,Product,Plumbing,WASH BASIN,KOHLER BRIVE PLUS WALL HUNG BOWL / TOILET BOWL ONLY WHITE GLOSSY,KOHLER,8548,RC00512,NOS,5033,18%,5940,,
513,Product,Plumbing,WASH BASIN,KOHLER BRIVE PLUS QUIET-CLOSE TOILET SEAT AND COVER WHITE GLOSSY,KOHLER,8548,RC00513,NOS,1957,18%,2310,,
514,Product,Plumbing,WASH BASIN,CERA CIMBA 225 MM ONE PC EWC SNOW WHITE,CERA,8548,RC00514,NOS,12279,18%,14490,,
515,Product,Plumbing,WASH BASIN,KOHLER PURECLEAN BIDET TOILET SEAT - OVAL 72757IN-0,KOHLER,8548,RC00515,NOS,7627,18%,9000,,
516,Product,Plumbing,WASH BASIN,CERA CALLAGHAN CISTERN EXPOSED WHITE GLOSSY ( TWO PIECE ),CERA,8548,RC00516,NOS,2872,18%,3390,,
517,Product,Plumbing,WASH BASIN,CERA CARNIVAL CLEANRIM WALL HUNG EWC EXPOSED WHITE GLOSSY,CERA,8548,RC00517,NOS,9372,18%,11060,,
518,Product,Plumbing,WASH BASIN,CERA CANDY SOFT CLOSE TOILET SEAT COVER EXPOSED WHITE GLOSSY,CERA,8548,RC00518,NOS,1822,18%,2150,,
519,Product,Plumbing,WASH BASIN,CERA CAMEO P TRAP WALL HUNG WITH SEAT COVER,CERA,8548,RC00519,NOS,14067,18%,16600,,
520,Product,Plumbing,WASH BASIN,CERA CHISEL 285MM ONE PIECE EWC EXPOSED WHITE GLOSSY,CERA,8548,RC00520,NOS,15245,18%,17990,,
521,Product,Plumbing,WASH BASIN,KOHLER MODERN LIFE - SS WALL HUNG TOILET SEAT 77168IN-SS-0,KOHLER,8548,RC00521,NOS,10593,18%,12500,,
522,Product,Plumbing,WASH BASIN,KOHLER PRESQUILE WALL HUNG TOILET BOWL 19080IN-2-7,KOHLER,8548,RC00522,NOS,23389,18%,27600,,
523,Product,Plumbing,WASH BASIN,KOHLER VEIL® WH TOILET WITH QC UF SEAT 75708IN-SS-0,KOHLER,8548,RC00523,NOS,27542,18%,32500,,
524,Product,Plumbing,WASH BASIN,CERA CRUST 220MM ONE PIECE EWC WHITE GLOSSY,CERA,8548,RC00524,NOS,16529,18%,19505,,
525,Product,Plumbing,WASH BASIN,CERA P TRAP <(>&<)> SC CAMPBELL MINI SET WHITE GLOSSY ( TWO PIECE ),CERA,8548,RC00525,NOS,7618,18%,8990,,
526,Product,Plumbing,WASH BASIN,JAQUAR RIMLESS WALL HUNG WC WITH UF SOFT CLOSE FLS-WHITE-5953UFSM,JAQUAR,8548,RC00526,NOS,9745,18%,11500,,
527,Product,Plumbing,WASH BASIN,JAQUAR ONE PIECE WC WITH UF SOFT CLOSE SEAT KUS-WHITE-35851S300UF,JAQUAR,8548,RC00527,NOS,31779,18%,37500,,
528,Product,Plumbing,WASH BASIN,JAQUAR RIMLESS ONE PIECE-WC WITH UF SOFT CLO VGS-WHITE-81851S300UF,JAQUAR,8548,RC00528,NOS,20338,18%,24000,,
529,Product,Plumbing,WASH BASIN,CERA CHARISHMA 100MM ONE PIECE EWC WHITE GLOSSY,CERA,8548,RC00529,NOS,18220,18%,21500,,
530,Product,Plumbing,WASH BASIN,JAQUAR WALL HUNG WC WITH UF SOFT CLOSE SEAT COV FNS-WHITE-40951UF,JAQUAR,8548,RC00530,NOS,15847,18%,18700,,
531,Product,Plumbing,WASH BASIN,"JAQUAR RIMLESS, BLIND INSTALLATION WALL HUNG WC ONS-WHITE-10953BIUFSM",JAQUAR,8548,RC00531,NOS,12627,18%,14900,,
532,Product,Plumbing,WASH BASIN,CERA CODI 220MM ONE PIECE EWC EXPOSED WHITE GLOSSY,CERA,8548,RC00532,NOS,11855,18%,13990,,
533,Product,Plumbing,WASH BASIN,CERA CADRE 220MM ONE PIECE EWC S CLOSE SC SN WH EXPOSED WHITE GLOSSY,CERA,8548,RC00533,NOS,14822,18%,17490,,
534,Product,Plumbing,WASH BASIN,JAQUAR WALL HUNG- WC WITH PP SOFT CLOSE SEAT CO CNS-WHT-959SPP,JAQUAR,8548,RC00534,NOS,7330,18%,8650,,
535,Product,Plumbing,WASH BASIN,CERA CALLAGHAN S FM EWC EXPOSED WHITE GLOSSY ( TWO PIECE ),CERA,8548,RC00535,NOS,4627,18%,5460,,
536,Product,Plumbing,WASH BASIN,CERA CONA 225MM ONE PC EWC,,8548,RC00536,NOS,10584,18%,12490,,
537,Product,Plumbing,WASH BASIN,JAQUAR SANITARYWARE RIMLESS WALL HUNG WC WITH IN BUILT JET W FLS-WHT-5953JPPSM,JAQUAR,8548,RC00537,NOS,10330,18%,12190,,
538,Product,Plumbing,WASH BASIN,CERA CAMPBELL 220 ONE PIECE EWC SLIM SC,CERA,8548,RC00538,NOS,11008,18%,12990,,
539,Product,Plumbing,WASH BASIN,CERA S TRAP TOILET 120MM ( TWO PIECE ),CERA,8548,RC00539,NOS,6449,18%,7610,,
540,Product,Plumbing,WASH BASIN,CERA S1043144 P TRAP CARNIVAL RIMLESS- WITH DUROPLAST SEAT COVER,CERA,8548,RC00540,NOS,9737,18%,11490,,
541,Product,Plumbing,WASH BASIN,JAQUAR RIMLESS WALL HUNG WC WITH PP NORMAL CLOS CNS-WHITE-963PP,JAQUAR,8548,RC00541,NOS,7500,18%,8850,,
542,Product,Plumbing,WASH BASIN,CERA CARNIVAL RIMLESS WALL HUNG MATT WHITE WITH DUROPLAST SEAT COVER S1044144MW,CERA,8548,RC00542,NOS,12169,18%,14360,,
543,Product,Plumbing,WASH BASIN,GROTTO JENA ONE PIECE TOILET SEAT-S TRAP 300MM,GROTTO,8548,RC00543,NOS,15762,18%,18600,,
544,Product,Plumbing,WASH BASIN,CERA CATTLER ONE PCS EWC S1013208SN,CERA,8548,RC00544,NOS,11432,18%,13490,,
545,Product,Plumbing,WASH BASIN,CERA CAMEL WALL HUNG WITH DUROPLAST SEAT COVER S1043128SN,CERA,8548,RC00545,NOS,11855,18%,13990,,
546,Product,Plumbing,WASH BASIN,CERA CUBICA WALL HUNG WITH SLIM SEAT COVER S1043140SN,CERA,8548,RC00546,NOS,6909,18%,8150,,
547,Product,Plumbing,WASH BASIN,ROCA INSPIRA ROUND RIMLESS WALL HUNG BOWL / TOILET BOWL WC WH 560X370,ROCA,8548,RC00547,NOS,28703,18%,33870,,
548,Product,Plumbing,WASH BASIN,JQFT URINAL PARTITION CUR 450MM,JQFT,8548,RC00548,NOS,4211,18%,4970,,
549,Product,Plumbing,WASH BASIN,CERA AESTH EDGE RIMLES WH DP S COVER SNW,CERA,8548,RC00549,NOS,18220,18%,21500,,
550,Product,Plumbing,WASH BASIN,MOZIO LEON (420X420X400 MM),MOZIO,8548,RC00550,NOS,17796,18%,21000,,
551,Product,Plumbing,WASH BASIN,MOZIO GRLD AND MIRROR CBT(610X450X730MM),MOZIO,8548,RC00551,NOS,19067,18%,22500,,
552,Product,Plumbing,WASH BASIN,CERA SERENADE RIMLESS DP SEAT CVR SN WH,CERA,8548,RC00552,NOS,12711,18%,15000,,
553,Product,Plumbing,WASH BASIN,MOZIO ALBRTO MIRROR CBNT(610X500X465MM),MOZIO,8548,RC00553,NOS,19364,18%,22850,,
554,Product,Plumbing,WASH BASIN,CERA TUSCANY RIMLESS ONE PC. DP S.COVER SN WH,CERA,8548,RC00554,NOS,19483,18%,22990,,
555,Product,Plumbing,WASH BASIN,CERA PURE-SOFT RIMLESS WH DP SEAT COVER SNWH,CERA,8548,RC00555,NOS,19491,18%,23000,,
556,Product,Plumbing,WASH BASIN,CERA SINATRA WALL HUNG EWC D PLAST SC SN WH,CERA,8548,RC00556,NOS,16101,18%,19000,,
557,Product,Plumbing,WASH BASIN,CERA ELANORE RIMLESS ONE PC. DP S.COVER SN WH,CERA,8548,RC00557,NOS,18211,18%,21490,,
558,Product,Plumbing,WASH BASIN,CERA TUSCANY RIMLESS ONE PC. DP S.COVER SN WH,CERA,8548,RC00558,NOS,19483,18%,22990,,
559,Product,Plumbing,WASH BASIN,CERA MAGNA-ARTE RIMLESS WH DP SEAT COVER SNWH,CERA,8548,RC00559,NOS,17372,18%,20500,,
560,Product,Plumbing,WASH BASIN,CERA ESPELLO RIMLESS ONE PC. DP S.COVER SN WH,CERA,8548,RC00560,NOS,16516,18%,19490,,
561,Product,Plumbing,WASH BASIN,CERA SEAN WALL HUNG EWC D PLAST SC SN WH,CERA,8548,RC00561,NOS,14406,18%,17000,,
562,Product,Plumbing,WASH BASIN,CERA ELANORE RIMLESS ONE PC. DP S.COVER SN WH,CERA,8548,RC00562,NOS,18211,18%,21490,,
563,Product,Plumbing,WASH BASIN,MOZIO DIRU WITH MIRROR CABINET (800X470X480 MM ),MOZIO,8548,RC00563,NOS,31355,18%,37000,,
564,Product,Plumbing,WASH BASIN,CERA CARLTON RIMLESS WH EWC DPLAST SC F GOLD,CERA,8548,RC00564,NOS,22864,18%,26980,,
565,Product,Plumbing,WASH BASIN,MERCATO LATINA BASIN CABINET,MERCATO,8548,RC00565,NOS,33389,18%,39400,,
566,Product,Plumbing,WASH BASIN,MOZIO BRULE WITH MIRROR CABINET (600X480 MM),MOZIO,8548,RC00566,NOS,22881,18%,27000,,
567,Product,Plumbing,WASH BASIN,MOZIO RAY AND MIRROR CABINET (800X450X680 MM ),MOZIO,8548,RC00567,NOS,25423,18%,30000,,
568,Product,Plumbing,WASH BASIN,MOZIO COUNTY CABINET BASIN MARBLE (WITH BASIN MIXER HOLE) 800X700 MM,MOZIO,8548,RC00568,NOS,30932,18%,36500,,
569,Product,Plumbing,WASH BASIN,MOZIO ORKO AND MIRROR CABINET (610X450X730MM),MOZIO,8548,RC00569,NOS,19406,18%,22900,,
570,Product,Plumbing,WASH BASIN,MOZIO BUSH (630X450X730 MM),MOZIO,8548,RC00570,NOS,17796,18%,21000,,
571,Product,Plumbing,WASH BASIN,TWBC SILVER POP-UP WASTE COUPLING ITALIAN STATURIO 63MMX63MMX89MM TWCWC029,TWBC,8548,RC00571,NOS,1779,18%,2100,,
572,Product,Plumbing,WASH BASIN,TWBC GOLD POP-UP WASTE COUPLING ITALIAN STATURIO 63MMX63MMX89MM TWCWC031,TWBC,8548,RC00572,NOS,1779,18%,2100,,
573,Product,Plumbing,WASH BASIN,TWBC SILVER POP-UP WASTE COUPLING ARMANI BRONZE63MMX63MMX89MM TWCWC039,TWBC,8548,RC00573,NOS,1779,18%,2100,,
574,Product,Plumbing,WASH BASIN,TWBC GOLD POP-UP WASTE COUPLING ITALIAN STATURIO 63MMX63MMX89MM TWCWC032,TWBC,8548,RC00574,NOS,1779,18%,2100,,
575,Product,Plumbing,WASH BASIN,TWBC MARBLE TUMBLER ITALIAN STATURIO 114MMX76MMX76MM TWCBS021,TWBC,8548,RC00575,NOS,1708,18%,2016,,
576,Product,Plumbing,WASH BASIN,TWBC MARBLE BATHSET SET OF 6 PIECES ITALIAN GREY PLATE TWCBS0020,TWBC,8548,RC00576,NOS,10250,18%,12096,,
577,Product,Plumbing,WASH BASIN,TWBC ROSE GOLD POP-UP WASTE COUPLING ITALIAN STATURIO 63MMX63MMX89MM TWCWC026,TWBC,8548,RC00577,NOS,1779,18%,2100,,
578,Product,Plumbing,WASH BASIN,TWBC ROSE GOLD POP-UP WASTE COUPLING ARMANI BLACK 63MMX63MMX89MM TWCWC042,TWBC,8548,RC00578,NOS,1779,18%,2100,,
579,Product,Plumbing,WASH BASIN,TWBC MARBLE BRUSH HOLDER ITALIAN STATURIO 114MMX76MMX76MM TWCBS022,TWBC,8548,RC00579,NOS,1708,18%,2016,,
580,Product,Plumbing,WASH BASIN,TWBC MARBLE PLATE ITALIAN STATURIO 279MMX279MMX25MM TWCBS020,TWBC,8548,RC00580,NOS,2562,18%,3024,,
581,Product,Plumbing,WASH BASIN,TWBC SILVER POP-UP WASTE COUPLING ITALIAN SILVER MARBLE 63MMX63MMX89MM TWCWC028,TWBC,8548,RC00581,NOS,1779,18%,2100,,
582,Product,Plumbing,WASH BASIN,TWBC GOLD POP-UP WASTE COUPLING ITALIAN STATURIO 63MMX63MMX89MM TWCWC031,TWBC,8548,RC00582,NOS,1779,18%,2100,,
583,Product,Plumbing,WASH BASIN,TWBC SILVER POP-UP WASTE COUPLING ITALIAN STATURIO 63MMX63MMX89MM TWCWC033,TWBC,8548,RC00583,NOS,1779,18%,2100,,
584,Product,Plumbing,WASH BASIN,TWBC MARBLE BATHSET SET OF 6 PIECES ITALIAN STATURIO PLATE TWCBS0019,TWBC,8548,RC00584,NOS,10564,18%,12466,,
585,Product,Plumbing,WASH BASIN,TWBC MARBLE SOAP DISH ITALIAN STATURIO 127MMX127MMX25MM TWCBS023,TWBC,8548,RC00585,NOS,1566,18%,1848,,
586,Product,Plumbing,WASH BASIN,TWBC SILVER POP-UP WASTE COUPLING WILLIAM GREY 63MMX63MMX89MM TWCWC037,TWBC,8548,RC00586,NOS,1779,18%,2100,,
587,Product,Plumbing,WASH BASIN,TWBC ROSE GOLD POP-UP WASTE COUPLING ITALIAN STATURIO 63MMX63MMX89MM TWCWC030,TWBC,8548,RC00587,NOS,1779,18%,2100,,
588,Product,Plumbing,WASH BASIN,TWBC SILVER POP-UP WASTE COUPLING VOLGA WHITE 63MMX63MMX89MM TWCWC034,TWBC,8548,RC00588,NOS,1779,18%,2100,,
589,Product,Plumbing,WASH BASIN,TWBC MARBLE COTTON BOX ITALIAN STATURIO 114MMX76MMX76MM TWCBS024,TWBC,8548,RC00589,NOS,1708,18%,2016,,
590,Product,Plumbing,WASH BASIN,TWBC GOLD POP-UP WASTE COUPLING INDIAN BLACK MARBLE 63MMX63MMX89MM TWCWC027,TWBC,8548,RC00590,NOS,1779,18%,2100,,
591,Product,Plumbing,WASH BASIN,TWBC SILVER POP-UP WASTE COUPLING ITALIAN NERO MARQUINA 63MMX63MMX89MM TWCWC040,TWBC,8548,RC00591,NOS,1779,18%,2100,,
592,Product,Plumbing,WASH BASIN,TWBC SILVER POP-UP WASTE COUPLING BOTTICINO MARBLE63MMX63MMX89MM TWCWC038,TWBC,8548,RC00592,NOS,1779,18%,2100,,
593,Product,Plumbing,WASH BASIN,TWBC SILVER POP-UP WASTE COUPLING VOLGA WHITE 63MMX63MMX89MM TWCWC035,TWBC,8548,RC00593,NOS,1779,18%,2100,,
594,Product,Plumbing,WASH BASIN,TWBC MARBLE SOAP DISPENSER ITALIAN STATURIO 114MMX76MMX76MM TWCBS025,TWBC,8548,RC00594,NOS,2277,18%,2688,,
595,Product,Plumbing,WASH BASIN,TWBC SILVER POP-UP WASTE COUPLING VOLGA WHITE 63MMX63MMX89MM TWCWC036,TWBC,8548,RC00595,NOS,1779,18%,2100,,
596,Product,Plumbing,WASH BASIN,TWBC ROSE GOLD POP-UP WASTE COUPLING ARMANI BLACK 63MMX63MMX89MM TWCWC041,TWBC,8548,RC00596,NOS,1779,18%,2100,,
597,Product,Plumbing,WASH BASIN,"KOHLER WASH BASIN BOTTLE TRAP 1-1/4"" W/O PLUG POLISHED CHROME GLOSSY",KOHLER,8548,RC00597,NOS,1779,18%,2100,,
598,Product,Plumbing,WASH BASIN,"GOEKA BRASS DLX. WASTE COUP. F/T 3""",GOEKA,8548,RC00598,NOS,313,18%,370,,
599,Product,Plumbing,WASH BASIN,"GOEKA PLASTO WASTE COUP 5"" F/T",GOEKA,8548,RC00599,NOS,347,18%,410,,
600,Product,Plumbing,WASH BASIN,JAQUAR SENSOR FAUCET FOR WASH BASIN SNR-CHR-51011,JAQUAR,8548,RC00600,NOS,12966,18%,15300,,
601,Product,Plumbing,WASH BASIN,"GOEKA PLASTO WASTE COUP 3"" H/T",GOEKA,8548,RC00601,NOS,347,18%,410,,
602,Product,Plumbing,WASH BASIN,GOEKA MS WASH BASIN BOLT,GOEKA,8548,RC00602,NOS,74,18%,88,,
603,Product,Plumbing,WASH BASIN,JQFT SENSOR FAUCET WASH BASIN BATTERY OP,JQFT,8548,RC00603,NOS,8007,18%,9449,,
604,Product,Plumbing,WASH BASIN,JAQUAR SINGLE LEVER TALL BOY LAV FAUCET / BASIN MIXER WITH 125MM EXTENSI ALI-CHR-85005B,JAQUAR,8548,RC00604,NOS,6737,18%,7950,,
605,Product,Plumbing,WASH BASIN,JAQUAR S/L TALL BOY LAV FAUCET / BASIN MIXER WITH 150MM EXTENSION BODY & ARI-CHR-39005B,JAQUAR,8548,RC00605,NOS,4872,18%,5750,,
606,Product,Plumbing,WASH BASIN,JAQUAR SINGLE LEVER TALL BOY LAV FAUCET / BASIN MIXER WITH 120MM EXTENSI VGP-CHR-81005NB,JAQUAR,8548,RC00606,NOS,5254,18%,6200,,
607,Product,Carpentry,HARDWARE,HINDWARE UNIPLUS STANDARD GREY-500 MM (NORMAL) 40KG,HINDWARE,8548,RC00607,NOS,3632,18%,4286,,
608,Product,Carpentry,HARDWARE,HINDWARE UNIPLUS STANDARD GREY-500 MM (DOUBLE ROUND RAILINGS) 40KG,HINDWARE,8548,RC00608,NOS,4572,18%,5396,,
609,Product,Carpentry,HARDWARE,"HAFELE MATRIXBOX PREMIUM, SOFT CLOSE, ANTHRACITE, 35KG, NOMINAL LENGTH 500MM",HAFELE,8548,RC00609,NOS,5423,18%,6400,,
610,Product,Carpentry,HARDWARE,"HETTICH ADD ON KIT FOR 8"" INNOTECH DRAWE",HETTICH,8548,RC00610,NOS,566,18%,669,,
611,Product,Carpentry,HARDWARE,DORSET CYLINDER LOCK KEY & KNOB 60MM SS CL101SS,DORSET,8548,RC00611,NOS,694,18%,820,,
612,Product,Carpentry,HARDWARE,HETTICH SENSYS 8639I W90 HINGE BASE 4 (CRANK 4) WITH MOUNTING PLATE,HETTICH,8548,RC00612,NOS,1313,18%,1550,,
613,Product,Carpentry,HARDWARE,HAFELE MATRIXBOX PREMIUM ROUND GALLERY SET METALLIC SILVER NOMINAL LENGTH 500MM,HAFELE,8548,RC00613,NOS,491,18%,580,,
614,Product,Carpentry,HARDWARE,FGV UNILUX STANDARD GREY - 500 MM (SINGLE H - 120 MM),FGV,8548,RC00614,NOS,4530,18%,5346,,
615,Product,Carpentry,HARDWARE,HAFELE MATRIXBOX PREMIUM SOFT CLOSE METALLIC SILVER 35KG NOMINAL LENGTH 500MM,HAFELE,8548,RC00615,NOS,5423,18%,6400,,
616,Product,Carpentry,HARDWARE,HAFELE MATRIX UM 35 SOFT CLOSE FULL EXTENSION RUNNER 35 KG NOMINAL LENGTH 450 MM,HAFELE,8548,RC00616,NOS,1864,18%,2200,,
617,Product,Carpentry,HARDWARE,ATOM LOCK SIZE 60MM DOUBLE STAGE LOCKING SIZE: 205MM (8”) O 38 SATIN BLACK WITH O LEVER HANDLES,ATOM,8548,RC00617,NOS,2628,18%,3102,,
618,Product,Carpentry,HARDWARE,INOX PLATE RACK 900MM - SS,INOX,8548,RC00618,NOS,2550,18%,3009,,
619,Product,Carpentry,HARDWARE,INOX FIXING ANGLE FOR J HANDLE PROFILE SQUARE,INOX,8548,RC00619,NOS,41,18%,49,,
620,Product,Carpentry,HARDWARE,INOX FIXING ANGLE FOR C HANDLE PROFILE SQUARE,INOX,8548,RC00620,NOS,35,18%,42,,
621,Product,Carpentry,HARDWARE,ATOM LOCK SIZE 60MM DOUBLE STAGE LOCKING SIZE: 205MM (8”) O 40 ANTIQUE WITH OSK C LEVER HANDLES,ATOM,8548,RC00621,NOS,2707,18%,3195,,
622,Product,Carpentry,HARDWARE,HETTICH SOFT CLOSE SENSYS 8645I HINGE - FOR 15-24MM THICK DOORS; OPENING ANGLE 110° - 9.5CRANK,HETTICH,8548,RC00622,NOS,616,18%,728,,
623,Product,Carpentry,HARDWARE,DORSET CYLINDRICAL LOCK (ENTRANCE )- SILVER SATIN,DORSET,8548,RC00623,NOS,911,18%,1075,,
624,Product,Carpentry,HARDWARE,DORSET DOOR CLOSER 80KG WITH PALMET ARM,DORSET,8548,RC00624,NOS,3118,18%,3680,,
625,Product,Carpentry,HARDWARE,HETTICH SL 16- FITTING SET,HETTICH,8548,RC00625,NOS,1139,18%,1345,,
626,Product,Carpentry,HARDWARE,HETTICH INNOTECH- 470MM (30KG ) FULL EXTENSION. SILENT - POT AND PAN DRAWER BOX SYSTEMS,HETTICH,8548,RC00626,NOS,5481,18%,6468,,
627,Product,Carpentry,HARDWARE,"HETTICH KA 4532, 35 KG SILENT SYSTEM 500 MM",HETTICH,8548,RC00627,NOS,1225,18%,1446,,
628,Product,Carpentry,HARDWARE,HETTICH SOFT CLOSE SENSYS 8645I HINGE - FOR 15-24MM THICK DOORS; OPENING ANGLE 110° - 0CRANK,HETTICH,8548,RC00628,NOS,584,18%,690,,
629,Product,Carpentry,HARDWARE,"HETTICH KA 4532, 35 KG SILENT SYSTEM 300MM",HETTICH,8548,RC00629,NOS,1041,18%,1229,,
630,Product,Carpentry,HARDWARE,HAFELE TELESCOPIC SOFT CLOSE TELE RUNNER 40KG 500MM ZP,HAFELE,8548,RC00630,NOS,1269,18%,1498,,
631,Product,Carpentry,HARDWARE,HAFELE METALLA NORMAL HINGE 110° FULL OVERLAY,HAFELE,8548,RC00631,NOS,87,18%,103,,
632,Product,Carpentry,HARDWARE,HAFELE THICK DOOR SOFT CLOSE HINGE FULL OVERLAY,HAFELE,8548,RC00632,NOS,629,18%,743,,
633,Product,Carpentry,HARDWARE,"DORSET 10"" KAIRA HANDLE (SC FINISH) WITHOUT CYLINDER",DORSET,8548,RC00633,NOS,2300,18%,2715,,
634,Product,Carpentry,HARDWARE,DORSET VELVET HANDLE ON ROSE (HG) LEVER HANDLES,DORSET,8548,RC00634,NOS,4500,18%,5310,,
635,Product,Carpentry,HARDWARE,DORSET TRASE PREMIUM DOOR HANDLE(SNWD) LEVER HANDLES,DORSET,8548,RC00635,NOS,3127,18%,3690,,
636,Product,Carpentry,HARDWARE,DORSET DOOR CLOSER DC 60 SM,DORSET,8548,RC00636,NOS,1478,18%,1745,,
637,Product,Carpentry,HARDWARE,HETTICH SOFT CLOSE ONSYS 4447I HINGE- FOR 14-25MM THICK DOOR; OPENING ANGLE 105 - 9.5CRANK,HETTICH,8548,RC00637,NOS,318,18%,376,,
638,Product,Carpentry,HARDWARE,"HETTICH KA 4532, 35 KG SILENT SYSTEM 400 MM",HETTICH,8548,RC00638,NOS,1133,18%,1337,,
639,Product,Carpentry,HARDWARE,"DORSET 8"" ZOVI HANDLE (SC FINISH) WITHOUT CYLINDER",DORSET,8548,RC00639,NOS,1944,18%,2295,,
640,Product,Carpentry,HARDWARE,"HETTICH KA 4532, 35 KG SILENT SYSTEM 450 MM",HETTICH,8548,RC00640,NOS,1179,18%,1392,,
641,Product,Carpentry,HARDWARE,HAFELE SOFT CLOSE METALLA SC HINGE 110 DEGREE  HALF OVERLAY- 9 CRANK,HAFELE,8548,RC00641,NOS,437,18%,516,,
642,Product,Carpentry,HARDWARE,HAFELE SOFT CLOSE METALLA SC HINGE 110 DEGREE  FULL OVERLAY- 0 CRANK,HAFELE,8548,RC00642,NOS,434,18%,513,,
643,Product,Carpentry,HARDWARE,HAFELE BUTT HINGE STAINLESS STEEL304 STAINLESS STEEL 4 INX3 INX3MM-2 BB 926.32.160,HAFELE,8548,RC00643,NOS,555,18%,655,,
644,Product,Carpentry,HARDWARE,HETTICH KA 5632 45 KG ZINC / BLACK 500 MM,HETTICH,8548,RC00644,NOS,465,18%,549,,
645,Product,Carpentry,HARDWARE,HAFELE METALLA NORMAL HINGE 110° HALF OVERLAY,HAFELE,8548,RC00645,NOS,91,18%,108,,
646,Product,Carpentry,HARDWARE,HETTICH INNOTECH- 470 MM (30 KG) FULL EXTN. SILENT,HETTICH,8548,RC00646,NOS,4764,18%,5622,,
647,Product,Carpentry,HARDWARE,HAFELE TELESCOPIC SOFT CLOSE TELE RUNNER 40KG 400MM ZP,HAFELE,8548,RC00647,NOS,1228,18%,1450,,
648,Product,Carpentry,HARDWARE,HAFELE BUTT HINGE STAINLESS STEEL304 STAINLESS STEEL 5 INX3 INX3MM-2 BB,HAFELE,8548,RC00648,NOS,728,18%,860,,
649,Product,Carpentry,HARDWARE,HETTICH SENSYS 8657I HINGE - TH52 FOR 15-32 MM THICK DOORS OPENING ANGLE 165° (ZERO PROTRUSION HINGE) -WIDE ANGLE,HETTICH,8548,RC00649,NOS,1394,18%,1645,,
650,Product,Carpentry,HARDWARE,ATOM TB-002 6 INCH XYLO ATOM ANTIQUE,ATOM,8548,RC00650,NOS,250,18%,296,,
651,Product,Carpentry,HARDWARE,ATOM TB-002 4 INCH XYLO ATOM SS,ATOM,8548,RC00651,NOS,166,18%,197,,
652,Product,Carpentry,HARDWARE,ATOM TB-002 8 INCH XYLO ATOM ANTIQUE,ATOM,8548,RC00652,NOS,334,18%,395,,
653,Product,Carpentry,HARDWARE,ARCHIS CABINET HANDLE AH-606-096 AB,ARCHIS,8548,RC00653,NOS,271,18%,320,,
654,Product,Carpentry,HARDWARE,ATOM TB-002 4 INCH XYLO ATOM ANTIQUE,ATOM,8548,RC00654,NOS,166,18%,197,,
655,Product,Carpentry,HARDWARE,ATOM TB-002 6 INCH XYLO ATOM SS,ATOM,8548,RC00655,NOS,250,18%,296,,
656,Product,Carpentry,HARDWARE,HTIC SL16PROFL SET SCRW2000MM-SLVR ANOZD,HTIC,8548,RC00656,NOS,1384,18%,1634,,
657,Product,Carpentry,HARDWARE,"DORSET TERO PULL HANDLE (W/O ROSE MODEL) PSN FINISH (PAIR) 12""",DORSET,8548,RC00657,NOS,4355,18%,5140,,
658,Product,Carpentry,HARDWARE,"DORSET ONIX MORTISE LOCKSET WITH 60 MM CYLINDER KEY & KNOB (10"") SC FINISH",DORSET,8548,RC00658,NOS,3974,18%,4690,,
659,Product,Carpentry,HARDWARE,"DORSET ZARA MORTISE LOCKSET WITH 60 MM CYLINDER KEY & KNOB (10"") SC FINISH",DORSET,8548,RC00659,NOS,3661,18%,4320,,
660,Product,Carpentry,HARDWARE,"DORSET FORZA PULL HANDLE (ON ROSE MODEL) PRHG FINISH (PC) 12""",DORSET,8548,RC00660,NOS,2762,18%,3260,,
661,Product,Carpentry,HARDWARE,"DORSET FORTE PULL HANDLE (W/O ROSE MODEL) PGM FINISH (PAIR) 12""",DORSET,8548,RC00661,NOS,3961,18%,4675,,
662,Product,Carpentry,HARDWARE,HINDWARE UNILUX STANDARD GREY-500 MM (SINGLE H-203 MM) 40KG,HINDWARE,8548,RC00662,NOS,5477,18%,6463,,
663,Product,Carpentry,HARDWARE,DORSET CYLINDER LOCK KEY & KNOB 60MM GM CL101GM,DORSET,8548,RC00663,NOS,733,18%,865,,
664,Product,Carpentry,HARDWARE,DORSET CYLINDER LOCK KEY & KNOB 60MM PT CL101PT,DORSET,8548,RC00664,NOS,694,18%,820,,
665,Product,Carpentry,HARDWARE,ACELINE BRASS DOOR STOPPER PBE,ACELINE,8548,RC00665,NOS,418,18%,494,,
666,Product,Carpentry,HARDWARE,ARCHIS CABINET KNOB AH-711-040 CP,ARCHIS,8548,RC00666,NOS,254,18%,300,,
667,Product,Carpentry,HARDWARE,"FGV COMFY NORMAL 250MM,ZINC - 45 KG",FGV,8548,RC00667,NOS,457,18%,540,,
668,Product,Carpentry,HARDWARE,FGV SLOW MTN BALL BRG TLSCPC DCSC-350MM,FGV,8548,RC00668,NOS,1154,18%,1362,,
669,Product,Carpentry,HARDWARE,FGV BLIND HINGE WITH MP,FGV,8548,RC00669,NOS,672,18%,793,,
670,Product,Carpentry,HARDWARE,FGV SLOW MOTION BALL BEARING TELESCOPIC DRAWER CHANNEL - SOFT CLOSE - 450 MM,FGV,8548,RC00670,NOS,1218,18%,1438,,
671,Product,Carpentry,HARDWARE,FGV SLOW MOTION BALL BEARING TELESCOPIC DRAWER CHANNEL - SOFT CLOSE - 400 MM,FGV,8548,RC00671,NOS,1202,18%,1419,,
672,Product,Carpentry,HARDWARE,FGV SLOW MOTION BALL BEARING TELESCOPIC DRAWER CHANNEL - SOFT CLOSE - 500 MM,FGV,8548,RC00672,NOS,1238,18%,1462,,
673,Product,Carpentry,HARDWARE,"FGV EXCEL FULL EXTENSION CONCEALED MOUNTING DRAWER CHANNEL WITH EASY FIX,SLOW MOTION , 450 MM",FGV,8548,RC00673,NOS,2010,18%,2372,,
674,Product,Carpentry,HARDWARE,"FGV COMFY NORMAL 400MM,ZINC - 45 KG",FGV,8548,RC00674,NOS,572,18%,675,,
675,Product,Carpentry,HARDWARE,"FGV EXCEL FULL EXTENSION CONCEALED MOUNTING DRAWER CHANNEL WITH EASY FIX,SLOW MOTION , 400 MM",FGV,8548,RC00675,NOS,1933,18%,2281,,
676,Product,Carpentry,HARDWARE,"FGV EXCEL SINGLE EXTENSION CONCEALED MOUNTING DRAWER CHANNEL WITH EASY FIX, SLOW MOTION , 350 MM",FGV,8548,RC00676,NOS,1129,18%,1333,,
677,Product,Carpentry,HARDWARE,"FGV COMFY NORMAL 450MM,ZINC - 45 KG",FGV,8548,RC00677,NOS,593,18%,700,,
678,Product,Carpentry,HARDWARE,"FGV EXCEL FULL EXTENSION CONCEALED MOUNTING DRAWER CHANNEL WITH EASY FIX,SLOW MOTION , 300 MM",FGV,8548,RC00678,NOS,1778,18%,2099,,
679,Product,Carpentry,HARDWARE,FGV AERO LIFT 120 N-PC,FGV,8548,RC00679,NOS,218,18%,258,,
680,Product,Carpentry,HARDWARE,"FGV CONCEALED MOUNTING DRAWER CHANNEL WITH EASY FIX,ONE TOUCH OPEN,400 MM (P2O)",FGV,8548,RC00680,NOS,2100,18%,2479,,
681,Product,Carpentry,HARDWARE,FGV AERO LIFT 100N-PC,FGV,8548,RC00681,NOS,218,18%,258,,
682,Product,Carpentry,HARDWARE,"FGV CONCEALED MOUNTING DRAWER CHANNEL WITH EASY FIX,ONE TOUCH OPEN,500 MM (P2O)",FGV,8548,RC00682,NOS,2371,18%,2798,,
683,Product,Carpentry,HARDWARE,"FGV CONCEALED MOUNTING DRAWER CHANNEL WITH EASY FIX,ONE TOUCH OPEN,450 MM (P2O)",FGV,8548,RC00683,NOS,2202,18%,2599,,
684,Product,Carpentry,HARDWARE,"FGV CONCEALED MOUNTING DRAWER CHANNEL WITH EASY FIX,ONE TOUCH OPEN,300 MM (P2O)",FGV,8548,RC00684,NOS,1861,18%,2197,,
685,Product,Carpentry,HARDWARE,"FGV CONCEALED MOUNTING DRAWER CHANNEL WITH EASY FIX,ONE TOUCH OPEN,350 MM (P2O)",FGV,8548,RC00685,NOS,1996,18%,2356,,
686,Product,Carpentry,HARDWARE,HAFELE MATRIX UM 35 SOFT CLOSE FULL EXTENSION RUNNER 35 KG NOMINAL LENGTH 400 MM,HAFELE,8548,RC00686,NOS,1864,18%,2200,,
687,Product,Carpentry,HARDWARE,HAFELE MP LOCK 30MM SS 1 00 000 KEY COMB,HAFELE,8548,RC00687,NOS,438,18%,517,,
688,Product,Carpentry,HARDWARE,HAFELE WRD LOCK FOR 30MM THICK DOOR SS,HAFELE,8548,RC00688,NOS,630,18%,744,,
689,Product,Carpentry,HARDWARE,HAFELE THICK DOOR SOFT CLOSE HINGE INSET,HAFELE,8548,RC00689,NOS,680,18%,803,,
690,Product,Carpentry,HARDWARE,HAFELE THICK DOOR SOFT CLOSE HINGE HALF OVERLAY,HAFELE,8548,RC00690,NOS,649,18%,766,,
691,Product,Carpentry,HARDWARE,HAFELE WIDE ANGLE SOFT CLOSE HINGE 165DEG ST NP,HAFELE,8548,RC00691,NOS,883,18%,1042,,
692,Product,Carpentry,HARDWARE,HAFELE MP LOCK 20MM SS 1 00 000 KEY COMB,HAFELE,8548,RC00692,NOS,390,18%,461,,
693,Product,Carpentry,HARDWARE,HAFELE MP LOCK 25MM SS 1 00 000 KEY COMB,HAFELE,8548,RC00693,NOS,420,18%,496,,
694,Product,Carpentry,HARDWARE,HAFELE VIGOR NL+KNOB DR THK 30-85 SATIN,HAFELE,8548,RC00694,NOS,2029,18%,2395,,
695,Product,Carpentry,HARDWARE,HETTICH KIT FOR 1 DOOR,HETTICH,8548,RC00695,NOS,5961,18%,7034,,
696,Product,Carpentry,HARDWARE,HETTICH TOPLINE 1230 BUMPER STOP,HETTICH,8548,RC00696,NOS,1027,18%,1213,,
697,Product,Carpentry,HARDWARE,HETTICH FLOOR GUIDE TAB STEEL,HETTICH,8548,RC00697,NOS,466,18%,550,,
698,Product,Carpentry,HARDWARE,HETTICH KA 5632 45 KG ZINC / BLACK 300 MM,HETTICH,8548,RC00698,NOS,388,18%,459,,
699,Product,Carpentry,HARDWARE,HETTICH KA 5632 45 KG ZINC / BLACK 350 MM,HETTICH,8548,RC00699,NOS,405,18%,479,,
700,Product,Carpentry,HARDWARE,HETTICH KA 5632 45 KG ZINC / BLACK 400 MM,HETTICH,8548,RC00700,NOS,422,18%,499,,
701,Product,Carpentry,HARDWARE,HETTICH KA 5632 45 KG ZINC / BLACK 250 MM,HETTICH,8548,RC00701,NOS,372,18%,439,,
702,Product,Carpentry,HARDWARE,"INOX INNOVA-X PLAIN BASKET 450MM 4"" (15 X 20 X 4)",INOX,8548,RC00702,NOS,1321,18%,1559,,
703,Product,Carpentry,HARDWARE,"INOX INNOVA-X PLAIN BASKET 450MM 6"" (15 X 20 X 6)",INOX,8548,RC00703,NOS,1490,18%,1759,,
704,Product,Carpentry,HARDWARE,"INOX INNOVA-X PLAIN BASKET 450MM 8"" (15 X 20 X 8)",INOX,8548,RC00704,NOS,1812,18%,2139,,
705,Product,Carpentry,HARDWARE,"INOX INNOVA-X PLAIN BASKET 500MM 4"" (17 X 20 X 4)",INOX,8548,RC00705,NOS,1643,18%,1939,,
706,Product,Carpentry,HARDWARE,"INOX INNOVA-X PLAIN BASKET 500MM 6"" (17 X 20 X 6)",INOX,8548,RC00706,NOS,1821,18%,2149,,
707,Product,Carpentry,HARDWARE,"INOX INNOVA-X THALI/PLATE INSERT 6""",INOX,8548,RC00707,NOS,634,18%,749,,
708,Product,Carpentry,HARDWARE,"INOX INNOVA-X CUP & SAUCER BASKET 600MM 4"" (21 X 20 X 4)",INOX,8548,RC00708,NOS,2304,18%,2719,,
709,Product,Carpentry,HARDWARE,"INOX INNOVA-X THALI BASKET 500MM 6"" (17 X 20 X 6)",INOX,8548,RC00709,NOS,2465,18%,2909,,
710,Product,Carpentry,HARDWARE,"INOX INNOVA-X THALI BASKET 550MM 8"" (19 X 20 X 8)",INOX,8548,RC00710,NOS,2880,18%,3399,,
711,Product,Carpentry,HARDWARE,"INOX INNOVA-X THALI BASKET 600MM 6"" (21 X 20 X 6)",INOX,8548,RC00711,NOS,2600,18%,3069,,
712,Product,Carpentry,HARDWARE,"INOX INNOVA-X THALI BASKET 600MM 8"" (21 X 20 X 8)",INOX,8548,RC00712,NOS,2965,18%,3499,,
713,Product,Carpentry,HARDWARE,"INOX INNOVA-X THALI BASKET 450MM 6"" (15 X 20 X 6)",INOX,8548,RC00713,NOS,2100,18%,2479,,
714,Product,Carpentry,HARDWARE,"INOX INNOVA-X CUP & SAUCER INSERT 4""",INOX,8548,RC00714,NOS,541,18%,639,,
715,Product,Carpentry,HARDWARE,"INOX INNOVA-X THALI/PLATE INSERT 6""",INOX,8548,RC00715,NOS,634,18%,749,,
716,Product,Carpentry,HARDWARE,"INOX INNOVA-X PLAIN BASKET 550MM 4"" (19 X 20 X 4)",INOX,8548,RC00716,NOS,1736,18%,2049,,
717,Product,Carpentry,HARDWARE,"INOX INNOVA-X PLAIN BASKET 600MM 4"" (21 X 20 X 4)",INOX,8548,RC00717,NOS,1812,18%,2139,,
718,Product,Carpentry,HARDWARE,"INOX INNOVA-X PLAIN BASKET 600MM 6"" (21 X 20 X 6)",INOX,8548,RC00718,NOS,1982,18%,2339,,
719,Product,Carpentry,HARDWARE,"INOX INNOVA-X PLAIN BASKET 600MM 8"" (21 X 20 X 8)",INOX,8548,RC00719,NOS,2304,18%,2719,,
720,Product,Carpentry,HARDWARE,"INOX INNOVA-X CUP & SAUCER BASKET 550MM 4"" (19 X 20 X 4)",INOX,8548,RC00720,NOS,2278,18%,2689,,
721,Product,Carpentry,HARDWARE,"INOX INNOVA-X PLAIN BASKET 550MM 6"" (19 X 20 X 6)",INOX,8548,RC00721,NOS,1914,18%,2259,,
722,Product,Carpentry,HARDWARE,"INOX INNOVA-X CUP & SAUCER BASKET 500MM 4"" (17 X 20 X 4)",INOX,8548,RC00722,NOS,2185,18%,2579,,
723,Product,Carpentry,HARDWARE,"INOX INNOVA-X PERFORATED CUTLERY BASKET 500MM-4"" (17 X 20 X 4)",INOX,8548,RC00723,NOS,2550,18%,3009,,
724,Product,Carpentry,HARDWARE,"INOX INNOVA-X PERFORATED CUTLERY BASKET 550MM-4"" (19 X 20 X 4)",INOX,8548,RC00724,NOS,2804,18%,3309,,
725,Product,Carpentry,HARDWARE,INOX GLASS PROFILE 45MM FOR W/G - HANDLE CHAMPAGNE,INOX,8548,RC00725,NOS,1982,18%,2339,,
726,Product,Carpentry,HARDWARE,INOX CUTLERY TRAY 450MM - GRAY,INOX,8548,RC00726,NOS,643,18%,759,,
727,Product,Carpentry,HARDWARE,INOX CUTLERY TRAY 900MM - GRAY,INOX,8548,RC00727,NOS,1439,18%,1699,,
728,Product,Carpentry,HARDWARE,INOX SATIN BPO 150MM 2 BASKETS,INOX,8548,RC00728,NOS,4278,18%,5049,,
729,Product,Carpentry,HARDWARE,INOX DISH RACK 600MM -SS,INOX,8548,RC00729,NOS,1914,18%,2259,,
730,Product,Carpentry,HARDWARE,INOX SATIN FULL EXTENSION BOTTOM CONCEALED SLIDER 500MM,INOX,8548,RC00730,NOS,1897,18%,2239,,
731,Product,Carpentry,HARDWARE,INOX CUTLERY TRAY 600MM - GRAY,INOX,8548,RC00731,NOS,846,18%,999,,
732,Product,Carpentry,HARDWARE,INOX GLASS PROFILE 45MM W/G - HANDLE CHAMPAGNE,INOX,8548,RC00732,NOS,3126,18%,3689,,
733,Product,Carpentry,HARDWARE,"INOX ALUMINIUM HANDLE J-PROFILE SQUARE, BRIGHT CHROME",INOX,8548,RC00733,NOS,1566,18%,1849,,
734,Product,Carpentry,HARDWARE,"INOX END CAP FOR J PROFILE SQUARE, PVC",INOX,8548,RC00734,NOS,109,18%,129,,
735,Product,Carpentry,HARDWARE,INOX GLASS PROFILE 45MM FOR W/G - HANDLE BRIGHT CHROME,INOX,8548,RC00735,NOS,1812,18%,2139,,
736,Product,Carpentry,HARDWARE,INOX GLASS PROFILE 45MM FOR W/G - HANDLE ANODIZED,INOX,8548,RC00736,NOS,1490,18%,1759,,
737,Product,Carpentry,HARDWARE,INOX GLASS PROFILE 45MM W/G - HANDLE BRIGHT CHROME,INOX,8548,RC00737,NOS,3050,18%,3599,,
738,Product,Carpentry,HARDWARE,INOX GLASS PROFILE 45MM FOR W/G - HANDLE GUN METAL,INOX,8548,RC00738,NOS,1982,18%,2339,,
739,Product,Carpentry,HARDWARE,INOX GLASS PROFILE 45MM W/G - HANDLE ANODIZED,INOX,8548,RC00739,NOS,2388,18%,2819,,
740,Product,Carpentry,HARDWARE,"INOX ALUMINIUM HANDLE G -PROFILE, ANODIZED",INOX,8548,RC00740,NOS,1490,18%,1759,,
741,Product,Carpentry,HARDWARE,INOX PLASTIC SUPPORT FOR GLASS DOORS NEW,INOX,8548,RC00741,NOS,5,18%,6,,
742,Product,Carpentry,HARDWARE,INOX 90*/270* ELBOW SILVER 100MM NEW,INOX,8548,RC00742,NOS,38,18%,45,,
743,Product,Carpentry,HARDWARE,"INOX ALUMINIUM HANDLE C-PROFILE SQUARE, BRIGHT CHROME",INOX,8548,RC00743,NOS,1897,18%,2239,,
744,Product,Carpentry,HARDWARE,INOX CORNER ELBOW FOR J PROFILE SQUARE,INOX,8548,RC00744,NOS,668,18%,789,,
745,Product,Carpentry,HARDWARE,DORSET INFINITO HANDLE ON ROSE (GMHG) LEVER HANDLES,DORSET,8548,RC00745,NOS,3750,18%,4425,,
746,Product,Carpentry,HARDWARE,DORSET CELISA HANDLE ON ROSE (FE) LEVER HANDLES,DORSET,8548,RC00746,NOS,4165,18%,4915,,
747,Product,Carpentry,HARDWARE,DORSET MORTISE LOCK BODY ML100HG,DORSET,8548,RC00747,NOS,1372,18%,1620,,
748,Product,Carpentry,HARDWARE,DORSET CYLINDER LOCK ONE SIDE KEY & ONE SIDE KNOB 70MM FE,DORSET,8548,RC00748,NOS,885,18%,1045,,
749,Product,Carpentry,HARDWARE,DORSET MORTISE LOCK BODY ML110GM,DORSET,8548,RC00749,NOS,915,18%,1080,,
750,Product,Carpentry,HARDWARE,DORSET CYLINDER LOCK ONE SIDE KEY & ONE SIDE KNOB 70MM GM,DORSET,8548,RC00750,NOS,779,18%,920,,
751,Product,Carpentry,HARDWARE,DORSET CYLINDER LOCK ONE SIDE KEY & ONE SIDE KNOB 70MM TM,DORSET,8548,RC00751,NOS,779,18%,920,,
752,Product,Carpentry,HARDWARE,DORSET CYLINDER LOCK ONE SIDE KEY & ONE SIDE KNOB 70MM HG,DORSET,8548,RC00752,NOS,885,18%,1045,,
753,Product,Carpentry,HARDWARE,DORSET TRIO LOCK DEAD LOCK 14 PIN CYLINDER KEY & KNOB (HGFE) NIGHT LATCH,DORSET,8548,RC00753,NOS,3110,18%,3670,,
754,Product,Carpentry,HARDWARE,ATOM LOCK SIZE 65MM DOUBLE STAGE LOCKING SIZE: 200MM (8”) 904 K.Y- CP SATAN LEVER HANDLES,ATOM,8548,RC00754,NOS,1324,18%,1563,,
755,Product,Carpentry,HARDWARE,DORSET PHANTOM MAINDOOR NIGHT LATCH WITH KEY & KNOB (NICKEL SILVER) NIGHT LATCH,DORSET,8548,RC00755,NOS,2194,18%,2590,,
756,Product,Carpentry,HARDWARE,DORSET PHANTOM MAIN DOOR TRIO LOCK DEAD BOLT WITH KEY & KNOB (NICKEL SILVER) NIGHT LATCH,DORSET,8548,RC00756,NOS,2826,18%,3335,,
757,Product,Carpentry,HARDWARE,DORSET CYLINDRICAL LOCK (PRIVACY )- SILVER SATIN,DORSET,8548,RC00757,NOS,847,18%,1000,,
758,Product,Carpentry,HARDWARE,DORSET DASH HANDLE ON PLATE CY 8 SS+ ML170 + CL201E,DORSET,8548,RC00758,NOS,2915,18%,3440,,
759,Product,Carpentry,HARDWARE,DORSET MORTISE LOCK ML110SN,DORSET,8548,RC00759,NOS,915,18%,1080,,
760,Product,Carpentry,HARDWARE,DORSET DASH HANDLE ON PLATE CY 10 SS+ ML110 + CL201E,DORSET,8548,RC00760,NOS,3262,18%,3850,,
761,Product,Carpentry,HARDWARE,DORSET PHANTOM MAIN DOOR VERTI LOCK WITH KEY & KNOB (NICKEL SILVER),DORSET,8548,RC00761,NOS,2529,18%,2985,,
762,Product,Carpentry,HARDWARE,DORSET PHANTOM MAINDOOR DEAD LOCK WITH KEY & KNOB (NICKEL SILVER) NIGHT LATCH,DORSET,8548,RC00762,NOS,1677,18%,1980,,
763,Product,Carpentry,HARDWARE,"DORSET TERO PULL HANDLE (W/O ROSE MODEL) PSN FINISH (PAIR) 12""",DORSET,8548,RC00763,NOS,4355,18%,5140,,
764,Product,Carpentry,HARDWARE,"DORSET FORTE PULL HANDLE (W/O ROSE MODEL) PGM FINISH (PAIR) 12""",DORSET,8548,RC00764,NOS,3961,18%,4675,,
765,Product,Carpentry,HARDWARE,"DORSET ONIX MORTISE LOCKSET WITH 60 MM CYLINDER KEY & KNOB (10"") SC FINISH",DORSET,8548,RC00765,NOS,3974,18%,4690,,
766,Product,Carpentry,HARDWARE,HAFELE MATRIX UM 35 SOFT CLOSE FULL EXTENSION RUNNER 35 KG NOMINAL LENGTH 350 MM,HAFELE,8548,RC00766,NOS,1762,18%,2080,,
767,Product,Carpentry,HARDWARE,HAFELE MATRIX UM 35 SOFT CLOSE FULL EXTENSION RUNNER 35 KG NOMINAL LENGTH 400 MM,HAFELE,8548,RC00767,NOS,1864,18%,2200,,
768,Product,Carpentry,HARDWARE,HAFELE MATRIX UM 35 SOFT CLOSE FULL EXTENSION RUNNER 35 KG NOMINAL LENGTH 500 MM,HAFELE,8548,RC00768,NOS,1864,18%,2200,,
769,Product,Carpentry,HARDWARE,HAFELE MATRIX UM 35 SOFT CLOSE FULL EXTENSION RUNNER 35 KG NOMINAL LENGTH 550 MM,HAFELE,8548,RC00769,NOS,2161,18%,2550,,
770,Product,Carpentry,HARDWARE,OZONE FS- 8400-ACC-CPL-PSS SS PLT FLR SP,OZONE,8548,RC00770,NOS,650,18%,768,,
771,Product,Carpentry,HARDWARE,OZON OPL 1STD BM CRNR PTCH LK STRIKE PLT,OZON,8548,RC00771,NOS,3531,18%,4167,,
772,Product,Carpentry,HARDWARE,OZONE FS-8400 CVR BM SS PLT FLR SNG,OZONE,8548,RC00772,NOS,1994,18%,2354,,
773,Product,Carpentry,HARDWARE,HAFELE KIT OF STEEL UPPER SLIDE WITH 2 HINGES 409.36.100,HAFELE,8548,RC00773,NOS,6440,18%,7600,,
774,Product,Carpentry,HARDWARE,HAFELE CLASSIC 120 W,HAFELE,8548,RC00774,NOS,4661,18%,5500,,
775,Product,Carpentry,HARDWARE,HAFELE INT DR KIT WITH BALL BEARING I/25. LOAD,HAFELE,8548,RC00775,NOS,10625,18%,12538,,
776,Product,Carpentry,HARDWARE,HAFELE TELESCOPIC  FULL EXTENSION BALL BEARING RUNNER GALVA 30KG- 500MM,HAFELE,8548,RC00776,NOS,566,18%,669,,
777,Product,Carpentry,HARDWARE,HAFELE TELESCOPIC  FULL EXTENSION BALL BEARING RUNNER GALVA 30KG- 450MM,HAFELE,8548,RC00777,NOS,531,18%,627,,
778,Product,Carpentry,HARDWARE,HAFELE TELESCOPIC  FULL EXTENSION BALL BEARING RUNNER GALVA 30KG- 550MM,HAFELE,8548,RC00778,NOS,588,18%,695,,
779,Product,Carpentry,HARDWARE,HAFELE TELESCOPIC  FULL EXTENSION BALL BEARING RUNNER GALVA 30KG- 350MM,HAFELE,8548,RC00779,NOS,454,18%,536,,
780,Product,Carpentry,HARDWARE,HAFELE TELESCOPIC  FULL EXTENSION BALL BEARING RUNNER GALVA 30KG- 250MM,HAFELE,8548,RC00780,NOS,395,18%,467,,
781,Product,Carpentry,HARDWARE,HAFELE TELESCOPIC  FULL EXTENSION BALL BEARING RUNNER GALVA 30KG- 300MM,HAFELE,8548,RC00781,NOS,433,18%,511,,
782,Product,Carpentry,HARDWARE,HAFELE TELESCOPIC  FULL EXTENSION BALL BEARING RUNNER GALVA 30KG- 400MM,HAFELE,8548,RC00782,NOS,482,18%,569,,
783,Product,Carpentry,HARDWARE,HAFELE TELESCOPIC  FULL EXTENSION BALL BEARING RUNNER GALVA 45KG- 350MM,HAFELE,8548,RC00783,NOS,550,18%,649,,
784,Product,Carpentry,HARDWARE,HAFELE TELESCOPIC  FULL EXTENSION BALL BEARING RUNNER GALVA 45KG- 450MM,HAFELE,8548,RC00784,NOS,620,18%,732,,
785,Product,Carpentry,HARDWARE,HAFELE TELESCOPIC  FULL EXTENSION BALL BEARING RUNNER GALVA 45KG- 500MM,HAFELE,8548,RC00785,NOS,638,18%,753,,
786,Product,Carpentry,HARDWARE,HAFELE TELESCOPIC  FULL EXTENSION BALL BEARING RUNNER GALVA 45KG- 550MM,HAFELE,8548,RC00786,NOS,763,18%,901,,
787,Product,Carpentry,HARDWARE,HAFELE TELESCOPIC  FULL EXTENSION BALL BEARING RUNNER GALVA 45KG- 700MM,HAFELE,8548,RC00787,NOS,1125,18%,1328,,
788,Product,Carpentry,HARDWARE,HAFELE TELESCOPIC  FULL EXTENSION BALL BEARING RUNNER GALVA 45KG- 250MM,HAFELE,8548,RC00788,NOS,480,18%,567,,
789,Product,Carpentry,HARDWARE,HAFELE TELESCOPIC  FULL EXTENSION BALL BEARING RUNNER GALVA 45KG- 300MM,HAFELE,8548,RC00789,NOS,527,18%,623,,
790,Product,Carpentry,HARDWARE,HAFELE TELESCOPIC  FULL EXTENSION BALL BEARING RUNNER GALVA 45KG- 400MM,HAFELE,8548,RC00790,NOS,588,18%,694,,
791,Product,Carpentry,HARDWARE,HAFELE TELESCOPIC  FULL EXTENSION BALL BEARING RUNNER GALVA 45KG- 650MM,HAFELE,8548,RC00791,NOS,962,18%,1136,,
792,Product,Carpentry,HARDWARE,HAFELE WRD LOCK FOR 35MM THICK DOOR SS,HAFELE,8548,RC00792,NOS,649,18%,766,,
793,Product,Carpentry,HARDWARE,HAFELE METALLAMAT WIDE ANGLE HINGE 175 DEG FULL OVERLAY,HAFELE,8548,RC00793,NOS,385,18%,455,,
794,Product,Carpentry,HARDWARE,HAFELE PLANOFIT STRAIGHTENING FITING FOR 2400MM,HAFELE,8548,RC00794,NOS,2227,18%,2628,,
795,Product,Carpentry,HARDWARE,HAFELE MULTI PURPOSE LOCK 32MM NP,HAFELE,8548,RC00795,NOS,169,18%,200,,
796,Product,Carpentry,HARDWARE,"DORSET HALE ECO HANDLE SET ON PLATE 10"" CY SC+ML110+CL206 LEVER HANDLES",DORSET,8548,RC00796,NOS,3262,18%,3850,,
797,Product,Carpentry,HARDWARE,DORSET DASH HANDLE ON PLATE CY 8 SC+ ML170 + CL202E LEVER HANDLES,DORSET,8548,RC00797,NOS,2864,18%,3380,,
798,Product,Carpentry,HARDWARE,DORSET DASH HANDLE ON PLATE CY 10 SC+ ML110 + CL202E LEVER HANDLES,DORSET,8548,RC00798,NOS,3211,18%,3790,,
799,Product,Carpentry,HARDWARE,DORSET NOHA HANDLE ON ROSE CY SC + ML110 + CL201 LEVER HANDLES,DORSET,8548,RC00799,NOS,4186,18%,4940,,
800,Product,Carpentry,HARDWARE,DORSET HALE HANDLE ON ATINA ROSE (SC)+ML110+CL207ESS LEVER HANDLES,DORSET,8548,RC00800,NOS,3432,18%,4050,,
801,Product,Carpentry,HARDWARE,"DORSET NOHA HANDLE ON PLATE CY 10"" SC + ML110 + CL201 LEVER HANDLES",DORSET,8548,RC00801,NOS,4063,18%,4795,,
802,Product,Carpentry,HARDWARE,DORSET MORTISE LOCK ML110PT,DORSET,8548,RC00802,NOS,868,18%,1025,,
803,Product,Carpentry,HARDWARE,DORSET CYLINDER LOCK ONE SIDE KEY & ONE SIDE KNOB 70 MM PT,DORSET,8548,RC00803,NOS,741,18%,875,,
804,Product,Carpentry,HARDWARE,DORSET CYLINDER LOCK BOTH SIDE KEY 60MM SS,DORSET,8548,RC00804,NOS,627,18%,740,,
805,Product,Carpentry,HARDWARE,DORSET CYLINDER LOCK ONE SIDE KEY & ONE SIDE KNOB 70MM SS,DORSET,8548,RC00805,NOS,741,18%,875,,
806,Product,Carpentry,HARDWARE,DORSET CYLINDER LOCK ONE SIDECOIN AND ONE SIDEKNOB 70MM PT,DORSET,8548,RC00806,NOS,673,18%,795,,
807,Product,Carpentry,HARDWARE,DORSET CYLINDER LOCK ONE SIDECOIN AND ONE SIDEKNOB 70MM SS,DORSET,8548,RC00807,NOS,673,18%,795,,
808,Product,Carpentry,HARDWARE,DORSET TRASE HANDLE ON ROSE (FEGM) LEVER HANDLES,DORSET,8548,RC00808,NOS,3966,18%,4680,,
809,Product,Carpentry,HARDWARE,DORSET TRASE HANDLE ON ROSE (HGFE) LEVER HANDLES,DORSET,8548,RC00809,NOS,4199,18%,4955,,
810,Product,Carpentry,HARDWARE,DORSET PILOT HANDLE ON ROSE (FEGM) LEVER HANDLES,DORSET,8548,RC00810,NOS,4084,18%,4820,,
811,Product,Carpentry,HARDWARE,DORSET INFINITO HANDLE ON ROSE (FEGM) LEVER HANDLES,DORSET,8548,RC00811,NOS,3966,18%,4680,,
812,Product,Carpentry,HARDWARE,DORSET DROP HANDLE ON ROSE (HG) LEVER HANDLES,DORSET,8548,RC00812,NOS,3622,18%,4275,,
813,Product,Carpentry,HARDWARE,DORSET MORTISE LOCK BODY ML110FM,DORSET,8548,RC00813,NOS,915,18%,1080,,
814,Product,Carpentry,HARDWARE,HAFELE PLASTIC COVER,HAFELE,8548,RC00814,NOS,669,18%,790,,
815,Product,Carpentry,HARDWARE,DORSET MORTISE LOCK BODY ML100FE,DORSET,8548,RC00815,NOS,1372,18%,1620,,
816,Product,Carpentry,HARDWARE,DORSET CYLINDER LOCK ONE SIDE KEY & ONE SIDE KNOB 70MM FM,DORSET,8548,RC00816,NOS,779,18%,920,,
817,Product,Carpentry,HARDWARE,DORSET CETO HANDLE ON ROSE CY SC + ML110 + CL202 LEVER HANDLES,DORSET,8548,RC00817,NOS,4016,18%,4740,,
818,Product,Carpentry,HARDWARE,"DORSET CETO HANDLE ON PLATE 10"" SC + ML110 + CL202 LEVER HANDLES",DORSET,8548,RC00818,NOS,3868,18%,4565,,
819,Product,Carpentry,HARDWARE,DORSET DROP HANDLE ON ROSE (FE) LEVER HANDLES,DORSET,8548,RC00819,NOS,3622,18%,4275,,
820,Product,Carpentry,HARDWARE,HAFELE ALUMINUM FIXING PLATES MIDDLE CROSSBEAM,HAFELE,8548,RC00820,NOS,2145,18%,2535,,
821,Product,Carpentry,HARDWARE,HAFELE STEEL HINGE,HAFELE,8548,RC00821,NOS,237,18%,280,,
822,Product,Carpentry,HARDWARE,HAFELE THREADED BAR M5STRAIGHTNER SET OF 2 BARS,HAFELE,8548,RC00822,NOS,13130,18%,15494,,
823,Product,Carpentry,HARDWARE,HAFELE GASKET FOR GLASS LENGTH 3000MM,HAFELE,8548,RC00823,NOS,882,18%,1041,,
824,Product,Carpentry,HARDWARE,HAFELE UPPER RAIL FOR PS23,HAFELE,8548,RC00824,NOS,1957,18%,2310,,
825,Product,Carpentry,HARDWARE,HAFELE PLASTIC COVER,HAFELE,8548,RC00825,NOS,669,18%,790,,
826,Product,Carpentry,HARDWARE,HAFELE MIDDLE CROSS BEAM ALU PROFILE 3M,HAFELE,8548,RC00826,NOS,2438,18%,2878,,
827,Product,Carpentry,HARDWARE,HAFELE UPPER LOWER CROSS ALUPROFILE LENGTH3M,HAFELE,8548,RC00827,NOS,4105,18%,4845,,
828,Product,Carpentry,HARDWARE,HAFELE 2.1 METERS SL/AL/AN TRK EXCELLENCE,HAFELE,8548,RC00828,NOS,1745,18%,2060,,
829,Product,Carpentry,HARDWARE,HAFELE COMPLETE KIT SF-A81 - SURFACE MOUNT,HAFELE,8548,RC00829,NOS,3771,18%,4450,,
830,Product,Carpentry,HARDWARE,"DORSET DEOLO HANDLE ON PIERA PLATE 10"" CY SC + ML110NI + CL201ESTAINLESS STEEL (WITH KNOB AND KEY)60MM LEVER HANDLES",DORSET,8548,RC00830,NOS,3601,18%,4250,,
831,Product,Carpentry,HARDWARE,"DORSET LOCK BODY (ML112) DEADLOCK-SILVER SATIN, BACKSET -50MM",DORSET,8548,RC00831,NOS,631,18%,745,,
832,Product,Carpentry,HARDWARE,"DORSET LOCK BODY (ML110)WITH LATCH & DEADBOLT-SILVER SATIN, BACKSET -50MM",DORSET,8548,RC00832,NOS,868,18%,1025,,
833,Product,Carpentry,HARDWARE,DORSET PHANTOM MAINDOOR TRIO LOCK WITH KEY & KNOB (NICKEL SILVER) NIGHT LATCH,DORSET,8548,RC00833,NOS,3033,18%,3580,,
834,Product,Carpentry,HARDWARE,DORSET CYLINDRICAL LOCK ENTRANCE (TOMATO),DORSET,8548,RC00834,NOS,974,18%,1150,,
835,Product,Carpentry,HARDWARE,"DORSET HALE MORTISE LOCK SET WITH BOTH SIDE KEYS(8"" HANDLE ON PLATE) LEVER HANDLES",DORSET,8548,RC00835,NOS,2864,18%,3380,,
836,Product,Carpentry,HARDWARE,"DORSET HALE MORTISE LOCK SET WITH KEY & KNOB (8"" HANDLE ON PLATE) LEVER HANDLES",DORSET,8548,RC00836,NOS,2915,18%,3440,,
837,Product,Carpentry,HARDWARE,"DORSET CETO MORTISE LOCK SET WITH KEY & KNOB (8"" HANDLE ON PLATE) LEVER HANDLES",DORSET,8548,RC00837,NOS,3453,18%,4075,,
838,Product,Carpentry,HARDWARE,"DORSET CETO MORTISE LOCK SET WITH BOTH SIDE KEYS(8"" HANDLE ON PLATE) LEVER HANDLES",DORSET,8548,RC00838,NOS,3398,18%,4010,,
839,Product,Carpentry,HARDWARE,"DORSET BOW MORTISE LEVERLOCK SET (8"" HANDLE ON PLATE)",DORSET,8548,RC00839,NOS,1474,18%,1740,,
840,Product,Carpentry,HARDWARE,"DORSET BRITO MORTISE LEVERLOCK SET (8"" HANDLE ON PLATE) LEVER HANDLES",DORSET,8548,RC00840,NOS,1309,18%,1545,,
841,Product,Carpentry,HARDWARE,DORSET SECURA WARDROBE LOCK-AL400(22/25MM)-NICKEL FINISH,DORSET,8548,RC00841,NOS,512,18%,605,,
842,Product,Carpentry,HARDWARE,DORSET CYLINDRICAL LOCK (ENTRANCE )- POLISHED BRASTAINLESS STEEL,DORSET,8548,RC00842,NOS,792,18%,935,,
843,Product,Carpentry,HARDWARE,DORSET DOOR CLOSER EXT DC 80 PDC,DORSET,8548,RC00843,NOS,2411,18%,2845,,
844,Product,Carpentry,HARDWARE,DORSET CYLINDER LOCK BOTH SIDE KEY 70 MM CL106SS,DORSET,8548,RC00844,NOS,673,18%,795,,
845,Product,Carpentry,HARDWARE,DORSET ELINA MORTISE LOCKSET WITH 60 MM CYLINDER KEY <(>&<)> KNOB (ONROSE) SCFINISH,DORSET,8548,RC00845,NOS,4063,18%,4795,,
846,Product,Carpentry,HARDWARE,DORSET DASH HANDLE ON ROSE SC+ ML110SS + CL200ESS LEVER HANDLES,DORSET,8548,RC00846,NOS,3326,18%,3925,,
847,Product,Carpentry,HARDWARE,DORSET ZOVI HANDLE ON ATINA ROSE SC + ML110SS + CL201ESS,DORSET,8548,RC00847,NOS,2864,18%,3380,,
848,Product,Carpentry,HARDWARE,"DORSET HALE HANDLE SET ON PLATE CY 10"" SC + ML110NI + CL201ESS",DORSET,8548,RC00848,NOS,3262,18%,3850,,
849,Product,Carpentry,HARDWARE,"DORSET DEOLO HANDLE ON PIERA PLATE 8"" CY SC + ML170NI + CL201ESS LEVER HANDLE",DORSET,8548,RC00849,NOS,3190,18%,3765,,
850,Product,Carpentry,HARDWARE,"DORSET NOHA HANDLE ON PLATE CY 8"" SC + ML170 + CL200 LEVER HANDLES",DORSET,8548,RC00850,NOS,3601,18%,4250,,
851,Product,Carpentry,HARDWARE,DORSET CYLINDER LOCK ONE SIDECOIN AND ONE SIDEKNOB 70 MM FE,DORSET,8548,RC00851,NOS,813,18%,960,,
852,Product,Carpentry,HARDWARE,DORSET CYLINDER LOCK ONE SIDE KEY & ONE SIDE KNOB 70 MM SN,DORSET,8548,RC00852,NOS,779,18%,920,,
853,Product,Carpentry,HARDWARE,HAFELE ANODISED AL TOP TRK - 2.4METER,HAFELE,8548,RC00853,NOS,1966,18%,2320,,
854,Product,Carpentry,HARDWARE,HAFELE DOOR CLOSER DIY78 -HP ARM 2/3/4 <= 80KG,HAFELE,8548,RC00854,NOS,3754,18%,4430,,
855,Product,Carpentry,HARDWARE,DORSET CYLINDER LOCK ONE SIDECOIN AND ONE SIDEKNOB 70 MM GM,DORSET,8548,RC00855,NOS,707,18%,835,,
856,Product,Carpentry,HARDWARE,DORSET CYLINDER LOCK ONE SIDE COIN AND ONE SIDE KNOB 70 MM HG,DORSET,8548,RC00856,NOS,813,18%,960,,
857,Product,Carpentry,HARDWARE,INOX SATIN SOHO UNIT 600MM 12 BASKETS,INOX,8548,RC00857,NOS,23414,18%,27629,,
858,Product,Carpentry,HARDWARE,DORSET CYLINDER LOCK BOTH SIDE KEY 60MM PT CL100PT,DORSET,8548,RC00858,NOS,627,18%,740,,
859,Product,Carpentry,HARDWARE,DORSET CYLINDER LOCK BOTH SIDE KEY 60MM SN CL100SN,DORSET,8548,RC00859,NOS,661,18%,780,,
860,Product,Carpentry,HARDWARE,DORSET CYLINDER LOCK BOTH SIDE KEY 60MM TM CL100TM,DORSET,8548,RC00860,NOS,661,18%,780,,
861,Product,Carpentry,HARDWARE,DORSET CYLINDER LOCK KEY & KNOB 60MM FE CL101FE,DORSET,8548,RC00861,NOS,826,18%,975,,
862,Product,Carpentry,HARDWARE,DORSET CYLINDER LOCK COIN & KNOB 60MM SS CL102SS,DORSET,8548,RC00862,NOS,627,18%,740,,
863,Product,Carpentry,HARDWARE,DORSET CYLINDER LOCK COIN & KNOB 60MM GM CL102GM,DORSET,8548,RC00863,NOS,661,18%,780,,
864,Product,Carpentry,HARDWARE,DORSET CYLINDER LOCK BOTH SIDE KEY 60MM HG CL100HG,DORSET,8548,RC00864,NOS,758,18%,895,,
865,Product,Carpentry,HARDWARE,DORSET CYLINDER LOCK BOTH SIDE KEY 60MM FE CL100FE,DORSET,8548,RC00865,NOS,758,18%,895,,
866,Product,Carpentry,HARDWARE,DORSET CYLINDER LOCK BOTH SIDE KEY 60MM GM CL100GM,DORSET,8548,RC00866,NOS,661,18%,780,,
867,Product,Carpentry,HARDWARE,DORSET CYLINDER LOCK BOTH SIDE KEY 70MM SN CL106SN,DORSET,8548,RC00867,NOS,707,18%,835,,
868,Product,Carpentry,HARDWARE,DORSET CYLINDER LOCK COIN & KNOB 60MM FE CL102FE,DORSET,8548,RC00868,NOS,758,18%,895,,
869,Product,Carpentry,HARDWARE,DORSET CYLINDER LOCK BOTH SIDE KEY 70MM TM CL106TM,DORSET,8548,RC00869,NOS,707,18%,835,,
870,Product,Carpentry,HARDWARE,DORSET CYLINDER LOCK BOTH SIDE KEY 70MM HG CL106HG,DORSET,8548,RC00870,NOS,813,18%,960,,
871,Product,Carpentry,HARDWARE,DORSET CYLINDER LOCK BOTH SIDE KEY 70MM GM CL106GM,DORSET,8548,RC00871,NOS,707,18%,835,,
872,Product,Carpentry,HARDWARE,DORSET CYLINDER LOCK KEY & KNOB 60MM HG CL101HG,DORSET,8548,RC00872,NOS,826,18%,975,,
873,Product,Carpentry,HARDWARE,DORSET CYLINDER LOCK BOTH SIDE KEY 70MM PT CL106PT,DORSET,8548,RC00873,NOS,673,18%,795,,
874,Product,Carpentry,HARDWARE,DORSET CYLINDER LOCK COIN & KNOB 60MM HG CL102HG,DORSET,8548,RC00874,NOS,758,18%,895,,
875,Product,Carpentry,HARDWARE,DORSET CYLINDER LOCK BOTH SIDE KEY 70MM FE CL106FE,DORSET,8548,RC00875,NOS,813,18%,960,,
876,Product,Carpentry,HARDWARE,GODREJ DC 7383 LV 6L 175 ELC 01 ST*,GODREJ,8548,RC00876,NOS,1466,18%,1730,,
877,Product,Carpentry,HARDWARE,GODREJ FLR SPRG BLK DC 5652 COMBI*,GODREJ,8548,RC00877,NOS,11593,18%,13680,,
878,Product,Carpentry,HARDWARE,GODREJ DH PL SS 75MM 47MM 1.7MM DC,GODREJ,8548,RC00878,NOS,46,18%,55,,
879,Product,Carpentry,HARDWARE,GODREJ NEH 15 ROSSETTE*,GODREJ,8548,RC00879,NOS,1525,18%,1800,,
880,Product,Carpentry,HARDWARE,OZONE OPF - 3BM BOTTOM PATCH FTNG,OZONE,8548,RC00880,NOS,2557,18%,2664,,
881,Product,Carpentry,HARDWARE,GODREJ DC 7111 PO PC 200 NEH5 1CK SS*,GODREJ,8548,RC00881,NOS,3135,18%,3700,,
882,Product,Carpentry,HARDWARE,GODREJ 8297 / CAM LOCK 5 LEVER,GODREJ,8548,RC00882,NOS,186,18%,220,,
883,Product,Carpentry,HARDWARE,OZONE OPF - 2BM TOP PATCH FITTING,OZONE,8548,RC00883,NOS,2257,18%,2664,,
884,Product,Carpentry,HARDWARE,GODREJ DC 5992 PO PC 200 NEH16 1CK SS*,GODREJ,8548,RC00884,NOS,2618,18%,3090,,
885,Product,Carpentry,HARDWARE,GODREJ NEH 15 - 24CM DOOR HANDLE LB 2C*,GODREJ,8548,RC00885,NOS,2906,18%,3430,,
886,Product,Carpentry,HARDWARE,GODREJ DH PL SS 75MM 50MM 2.5MM DC,GODREJ,8548,RC00886,NOS,95,18%,80,,
887,Product,Carpentry,HARDWARE,GODREJ DC 6757 PO PC 200 NEH7 1CK SS*,GODREJ,8548,RC00887,NOS,3084,18%,3640,,
888,Product,Carpentry,HARDWARE,OZONE OFS-ACC-GDP-SS TOP PIVOT PATCH,OZONE,8548,RC00888,NOS,416,18%,491,,
889,Product,Carpentry,HARDWARE,OZONE OFS-6400SD SINGL CYLDR FLR SPG EN3,OZONE,8548,RC00889,NOS,5601,18%,6610,,
890,Product,Carpentry,HARDWARE,GODREJ DR CLR SLR UL DC 1938 60 DS,GODREJ,8548,RC00890,NOS,2610,18%,3080,,
891,Product,Carpentry,HARDWARE,OZN MRT HDL POD LOK FNS OPKL-K2N STDSSS*,OZN,8548,RC00891,NOS,1696,18%,2002,,
892,Product,Carpentry,HARDWARE,OZONE OFS-ACC-GDP-STD BM TOP PIVOT FTING,OZONE,8548,RC00892,NOS,477,18%,563,,
893,Product,Carpentry,HARDWARE,GODREJ DC 4492 PO PC 175 BM1 1CK ST*,GODREJ,8548,RC00893,NOS,2067,18%,2440,,
894,Product,Carpentry,HARDWARE,GODREJ DC 8220 PO PC 200 GLOR 1CK SS*,GODREJ,8548,RC00894,NOS,3728,18%,4400,,
895,Product,Carpentry,HARDWARE,OZONE FS - 8400 BM STD STD (BLACK MATT),OZONE,8548,RC00895,NOS,11335,18%,13376,,
896,Product,Carpentry,HARDWARE,OZON OFS-ACC-OP-L/R SS OFST PIVOT ST WDN,OZON,8548,RC00896,NOS,1620,18%,1912,,
897,Product,Carpentry,HARDWARE,OZON FLOOR SPRING FS-8400 STANDARD,OZON,8548,RC00897,NOS,9577,18%,11302,,
898,Product,Carpentry,HARDWARE,OZONE FLOOR/WAL GLASS CNTR OGC1A STD PSS,OZONE,8548,RC00898,NOS,472,18%,558,,
899,Product,Carpentry,HARDWARE,"HAFELE MATRIXBOX PREMIUM, ROUND GALLERY SET, METALLIC ANTHRACITE, NOMINAL LENGTH 500MM",HAFELE,8548,RC00899,NOS,491,18%,580,,
900,Product,Carpentry,HARDWARE,"HAFELE MATRIXBOX PREMIUM, SOFT CLOSE, WHITE, 35KG, NOMINAL LENGTH 500MM",HAFELE,8548,RC00900,NOS,5169,18%,6100,,
901,Product,Carpentry,HARDWARE,DORSET CYLINDER LOCK KEY & KNOB 60MM SN CL101SN,DORSET,8548,RC00901,NOS,733,18%,865,,
902,Product,Carpentry,HARDWARE,DORSET CYLINDER LOCK KEY & KNOB 60MM TM CL101TM,DORSET,8548,RC00902,NOS,733,18%,865,,
903,Product,Carpentry,HARDWARE,"DORSET TERO PULL HANDLE (W/O ROSE MODEL) PGM FINISH (PAIR) 12""",DORSET,8548,RC00903,NOS,4355,18%,5140,,
904,Product,Carpentry,HARDWARE,HINDWARE UNILUX STANDARD GREY-500 MM (NORMAL H-88 MM) 40KG,HINDWARE,8548,RC00904,NOS,3838,18%,4529,,
905,Product,Carpentry,HARDWARE,HAFELE 5 MM BED FITTING MECHANISM 34 INCHES S S G,HAFELE,8548,RC00905,NOS,3405,18%,4018,,
906,Product,Carpentry,HARDWARE,DORSET ONIX MORTISE LOCKSET WITH 60 MM CYLINDER KEY & KNOB (ON ROSE) SC FINISH,DORSET,8548,RC00906,NOS,4118,18%,4860,,
907,Product,Carpentry,HARDWARE,"DORSET ZARA MORTISE LOCKSET WITH 60 MM CYLINDER KEY & KNOB (8"") SC FINISH",DORSET,8548,RC00907,NOS,3305,18%,3900,,
908,Product,Carpentry,HARDWARE,"HAFELE BOTTLE PULLOUT 150MM DOOR WIDTH, SOLID BASE, CHROME BASKET, RIGHT SIDE MOUNTING",HAFELE,8548,RC00908,NOS,8898,18%,10500,,
909,Product,Carpentry,HARDWARE,"HAFELE LARDER UNIT 1900-2200MM, 5 SOLID BASE, CHROME BASKET, CABINET WIDTH 300MM",HAFELE,8548,RC00909,NOS,40677,18%,48000,,
910,Product,Carpentry,HARDWARE,HAFELE WASTEBIN DELUXE BRIGHT STEEL 15L,HAFELE,8548,RC00910,NOS,7754,18%,9150,,
911,Product,Carpentry,HARDWARE,"HAFELE PANTRY UNIT, 1900-2200MM, 5 SETS OF SOLID BASE, CHROME BASKETS, CABINET WIDTH 600MM",HAFELE,8548,RC00911,NOS,63135,18%,74500,,
912,Product,Carpentry,HARDWARE,"HAFELE MATRIXBOX PREMIUM EXTENSION WALL, WHITE, NOMINAL LENGTH 500MM",HAFELE,8548,RC00912,NOS,2457,18%,2900,,
913,Product,Carpentry,HARDWARE,OZONE OFS-ACC-MH1-STD-SS MN FLR HNG CMTB,OZONE,8548,RC00913,NOS,1226,18%,1447,,
914,Product,Carpentry,HARDWARE,HAFELE 5 MM BED FITTING MECHANISM 60 INCHES S S G,HAFELE,8548,RC00914,NOS,4930,18%,5818,,
915,Product,Carpentry,HARDWARE,HAFELE GAS SP FOR 3 & 5MM 1500N BED FITT 84 KG,HAFELE,8548,RC00915,NOS,1262,18%,1490,,
916,Product,Carpentry,HARDWARE,HAFELE GAS SP FOR 3 & 5MM 1000N BED FITT 49 KG,HAFELE,8548,RC00916,NOS,1131,18%,1335,,
917,Product,Carpentry,HARDWARE,HAFELE GAS SP FOR 3 & 5MM 750N BED FITT 32 KG,HAFELE,8548,RC00917,NOS,1131,18%,1335,,
918,Product,Carpentry,HARDWARE,HAFELE 5 MM BED FITTING MECHANISM 48 INCHES S S G,HAFELE,8548,RC00918,NOS,4793,18%,5656,,
919,Product,Carpentry,HARDWARE,HAFELE 5 MM BED FITTING MECHANISM 60 INCHES S S G,HAFELE,8548,RC00919,NOS,4930,18%,5818,,
920,Product,Carpentry,HARDWARE,HAFELE METALLA 510 BLIND CORNER SOFT CLOSE HINGE 110° WITH 3MM CRUCIFORM MOUNTING PLATE STEEL NICKEL PLATED 48/6 MM,HAFELE,8548,RC00920,NOS,815,18%,962,,
921,Product,Carpentry,HARDWARE,OZONE OFS-ACC-MH1-STD-SS MN FLR HNG CMTB,OZONE,8548,RC00921,NOS,1226,18%,1447,,
922,Product,Carpentry,HARDWARE,DORSET CYLINDER LOCK COIN & KNOB 60MM PT CL102PT,DORSET,8548,RC00922,NOS,627,18%,740,,
923,Product,Carpentry,HARDWARE,"HAFELE FREE FOLD K6FO 960-1010MM,8.6-17.3KG",HAFELE,8548,RC00923,NOS,18983,18%,22400,,
924,Product,Carpentry,HARDWARE,DORSET DEOLO HANDLE ON ROSE SC + ML110SS + CL200ESS LEVER HANDLE,DORSET,8548,RC00924,NOS,3669,18%,4330,,
925,Product,Electrical,ACCESSORIES,Luminous Eco Watt Neo Series Square Wave inverter 672/800,LUMINOUS,8548,RC00925,NOS,5677,18%,6700,,
926,Product,Electrical,ACCESSORIES,Luminous Eco Watt Neo 1050 900 VA Square Wave UPS,LUMINOUS,8548,RC00926,NOS,7245,18%,8550,,
927,Product,Electrical,ACCESSORIES,MXVOLT Submersible Cable Diameter 1.5 mm Length 50 Metre,MXVOLT,8548,RC00927,NOS,1432,18%,1690,,
928,Product,Electrical,ACCESSORIES,MXVOLT Submersible Cable Diameter 1.5 mm Length 100 Metre,MXVOLT,8548,RC00928,NOS,2345,18%,2768,,
929,Product,Electrical,ACCESSORIES,"Self Locking Black Nylon Cable Tie, Size 150x3.6 mm ",SELF,8548,RC00929,NOS,59,18%,70,,
930,Product,Electrical,ACCESSORIES, Self Locking Nylon Cable Ties Black 150x3.6 mm ,SELF,8548,RC00930,NOS,227,18%,269,,
931,Product,Electrical,ACCESSORIES,Self Locking Nylon Cable Ties Black 150x3.6 mm (Pack of 5000),SELF,8548,RC00931,NOS,1093,18%,1290,,
932,Product,Electrical,ACCESSORIES,INDOASIAN 1 Pole 50A AC Circuit Breaker 811133,INDOASIAN,8548,RC00932,NOS,3722,18%,4392,,
933,Product,Electrical,ACCESSORIES,Havells 16A Euro II PRCD Adaptor DHPSJWH016201603,HAVELLS,8548,RC00933,NOS,964,18%,1138,,
934,Product,Electrical,ACCESSORIES,Havells 16 A Solution with Insulated Plug and Socket DHDPBDP016,HAVELLS,8548,RC00934,NOS,10889,18%,12850,,
935,Product,Electrical,ACCESSORIES,Havells 16 A Solution with Insulated Plug and Socket DHDPBTN016,HAVELLS,8548,RC00935,NOS,10944,18%,12915,,
936,Product,Electrical,ACCESSORIES,Havells 32 A Solution with Insulated Plug and Socket DHDPBTN032,HAVELLS,8548,RC00936,NOS,2806,18%,3312,,
937,Product,Electrical,ACCESSORIES,Havells 32 A Solution with Insulated Plug and Socket DHDPBEN032,HAVELLS,8548,RC00937,NOS,10782,18%,12723,,
938,Product,Electrical,ACCESSORIES,"INDOASIAN 100 W 2 Module Fan Step Regulator, 800142",INDOASIAN,8548,RC00938,NOS,596,18%,704,,
939,Product,Electrical,ACCESSORIES,"Schneider 6A Opale 1-Way Flush Mounted White Switch, X1001WH ",SCHNEIDER,8548,RC00939,NOS,198,18%,234,,
940,Product,Electrical,ACCESSORIES,Schneider 2 Modules Fan Speed Regulator X3200WH,SCHNEIDER,8548,RC00940,NOS,6029,18%,7115,,
941,Product,Electrical,ACCESSORIES,Schneider Livia P3200 Step Type Fan Regulator,SCHNEIDER,8548,RC00941,NOS,924,18%,1091,,
942,Product,Electrical,ACCESSORIES,Schneider 220 - 240 V AC Fan Speed Regulator P3100,SCHNEIDER,8548,RC00942,NOS,3339,18%,3941,,
943,Product,Electrical,ACCESSORIES,Schneider Opale 6A 1 Module White Switch without Indicator X1002WH ,SCHNEIDER,8548,RC00943,NOS,272,18%,322,,
944,Product,Electrical,ACCESSORIES,Schneider AvatarOn 5 Steps 360 Degree Fan Regulator White E8331FR350_WE_G8,SCHNEIDER,8548,RC00944,NOS,2768,18%,3267,,
945,Product,Electrical,ACCESSORIES,"Schneider 6A Opale 1-Way Flush Mounted White Switch, X1001WH ",SCHNEIDER,8548,RC00945,NOS,198,18%,234,,
946,Product,Electrical,ACCESSORIES,Schneider Zencelo IN8401/16 1M 20A 1 Way Switch,SCHNEIDER,8548,RC00946,NOS,2615,18%,3086,,
947,Product,Electrical,ACCESSORIES,Schneider Livia P1120 20A Switch with indicator,SCHNEIDER,8548,RC00947,NOS,474,18%,560,,
948,Product,Electrical,ACCESSORIES,Schneider Livia P1132 32A Switch with indicator,SCHNEIDER,8548,RC00948,NOS,1309,18%,1545,,
949,Product,Electrical,ACCESSORIES,Schneider Livia P1101 16A 1 Way Switch,SCHNEIDER,8548,RC00949,NOS,426,18%,503,,
950,Product,Electrical,ACCESSORIES,Schneider Livia P1102 1M 16A 2 Way Switch,SCHNEIDER,8548,RC00950,NOS,1093,18%,1290,,
951,Product,Electrical,ACCESSORIES,"Schneider Livia 20A 2 Module Flush Mounted Pebble Grey Switch, P1120 (Pack of 10)",SCHNEIDER,8548,RC00951,NOS,1860,18%,2195,,
952,Product,Electrical,ACCESSORIES,"Schneider Livia 20A Flush Mounted White Switch with Indicator, P1120_DG (Pack of 10)",SCHNEIDER,8548,RC00952,NOS,6347,18%,7490,,
953,Product,Electrical,ACCESSORIES,"Schneider Electric 6A 3 Pin So With Shutter, Wh X2005WHNS",SCHNEIDER,8548,RC00953,NOS,335,18%,396,,
954,Product,Electrical,ACCESSORIES,Schneider Zencelo IN8431USB(BZ) 2.1A USB Charger Socket,SCHNEIDER,8548,RC00954,NOS,1516,18%,1790,,
955,Product,Electrical,ACCESSORIES,"Schneider Zencelo Full-Flat Illuminated DND Switch INH8452, ",SCHNEIDER,8548,RC00955,NOS,1541,18%,1819,,
956,Product,Electrical,ACCESSORIES,Schneider Zencelo 2/3 Pin Universal Socket with Shutter IN8426U,SCHNEIDER,8548,RC00956,NOS,543,18%,641,,
957,Product,Electrical,ACCESSORIES,Schneider Step Fan Regulator AAKY3100,SCHNEIDER,8548,RC00957,NOS,1125,18%,1328,,
958,Product,Electrical,ACCESSORIES,Schneider Opale Dimmer 1200W AAKY3012,SCHNEIDER,8548,RC00958,NOS,5076,18%,5990,,
959,Product,Electrical,ACCESSORIES,Schneider Zencelo IN84SFR(BZ) Step Type Fan Regulator,SCHNEIDER,8548,RC00959,NOS,2306,18%,2722,,
960,Product,Electrical,ACCESSORIES,Schneider Zencelo IN84SFR Step Type Fan Regulator,SCHNEIDER,8548,RC00960,NOS,4000,18%,4720,,
961,Product,Electrical,ACCESSORIES,"Schneider Zencelo 400W 1 Module Full Flat Dimmer IN8404D, Set of 10",SCHNEIDER,8548,RC00961,NOS,2040,18%,2408,,
962,Product,Electrical,ACCESSORIES,Schneider Avataron Switched Socket 3P 6 A 250 V E8315_6_DG Dark Grey,SCHNEIDER,8548,RC00962,NOS,1411,18%,1665,,
963,Product,Electrical,ACCESSORIES,Schneider Avataron Switched Socket 3P 6 A 250 V E8315_6_WD Wood,SCHNEIDER,8548,RC00963,NOS,1743,18%,1477,,
964,Product,Electrical,ACCESSORIES,Schneider Avataron Switched Socket 3P 6 A 250 V E8315_6_LW Light Wood,SCHNEIDER,8548,RC00964,NOS,1060,18%,1551,,
965,Product,Electrical,ACCESSORIES,Schneider Avataron Switched Socket 3P 6 A 250 V E8315_6_WE White,SCHNEIDER,8548,RC00965,NOS,2192,18%,2587,,
966,Product,Electrical,ACCESSORIES,Schneider Avataron Switched Socket 3P 6 A 250 V E8315_6_WG Wine Gold,SCHNEIDER,8548,RC00966,NOS,1477,18%,1743,,
967,Product,Electrical,ACCESSORIES,Schneider Avataron Switched Socket 3P 6 A 250 V E8315_6_GH Metal Gold Hairline,SCHNEIDER,8548,RC00967,NOS,1477,18%,1743,,
968,Product,Electrical,ACCESSORIES,Schneider AvatarOn 3 switches 16AX 250V 1 way Metal Gold Hairline E8333L1_GH_G8,SCHNEIDER,8548,RC00968,NOS,1896,18%,2238,,
969,Product,Electrical,ACCESSORIES,Schneider AvatarOn 3 switches 16AX 250V 1 way Dark Grey E8333L1_DG_G8,SCHNEIDER,8548,RC00969,NOS,1933,18%,2281,,
970,Product,Electrical,ACCESSORIES,Schneider 3 Gangs Polycarbonate Cover Frame P0703,SCHNEIDER,8548,RC00970,NOS,332,18%,392,,
971,Product,Electrical,ACCESSORIES,Schneider P0702_N Electric 1-2 M Grid & 2 M Cover Frame,SCHNEIDER,8548,RC00971,NOS,389,18%,460,,
972,Product,Electrical,ACCESSORIES,Schneider P0701_N Electric 1-2 M Grid & 1 M Cover Frame,SCHNEIDER,8548,RC00972,NOS,389,18%,460,,
973,Product,Electrical,ACCESSORIES,Schneider 8 Gangs Polycarbonate Cover Frame P0709,SCHNEIDER,8548,RC00973,NOS,1686,18%,1990,,
974,Product,Electrical,ACCESSORIES,Schneider P07016 Electric 16 M Grid & 16 M Cover Frame,SCHNEIDER,8548,RC00974,NOS,550,18%,650,,
975,Product,Electrical,ACCESSORIES,Schneider 6 Gangs Polycarbonate Cover Frame P0706,SCHNEIDER,8548,RC00975,NOS,482,18%,569,,
976,Product,Electrical,ACCESSORIES,Schneider P0712_N Electric 12 M Grid & 12 M Cover Frame,SCHNEIDER,8548,RC00976,NOS,462,18%,546,,
977,Product,Electrical,ACCESSORIES,Schneider Livia P1001_DG 10A 1 Way Switch,SCHNEIDER,8548,RC00977,NOS,322,18%,380,,
978,Product,Electrical,ACCESSORIES,Schneider Livia P1181_DG 16A 1 Way Switch with indicator,SCHNEIDER,8548,RC00978,NOS,1432,18%,1690,,
979,Product,Electrical,ACCESSORIES,Schneider Livia P1132_DG 32A Switch with indicator,SCHNEIDER,8548,RC00979,NOS,1090,18%,1287,,
980,Product,Electrical,ACCESSORIES,Schneider Clipsal X 25A Motor Starter Switch White CPXMTSTART2M_WE,SCHNEIDER,8548,RC00980,NOS,1068,18%,1261,,
981,Product,Electrical,ACCESSORIES,Schneider Clipsal X 25A Motor Starter Switch Coke Grey CPXMTSTART2M_GY,SCHNEIDER,8548,RC00981,NOS,1978,18%,2335,,
982,Product,Electrical,ACCESSORIES,Schneider P4045_N Outlet with Shutter 240V,SCHNEIDER,8548,RC00982,NOS,650,18%,767,,
983,Product,Electrical,ACCESSORIES,"Schneider Livia 16A Flush Mounted 1 Way White Switch with Indicator, P1181 ",SCHNEIDER,8548,RC00983,NOS,293,18%,346,,
984,Product,Electrical,ACCESSORIES,"Schneider Livia 16A Flush Mounted 1 Way Pebble Grey Switch with Indicator, P1181_DG",SCHNEIDER,8548,RC00984,NOS,160,18%,189,,
985,Product,Electrical,ACCESSORIES,Schneider Livia P0704 4M Cover Frame,SCHNEIDER,8548,RC00985,NOS,371,18%,438,,
986,Product,Electrical,ACCESSORIES,Schneider Livia P0704 4M Cover Frame,SCHNEIDER,8548,RC00986,NOS,177,18%,210,,
987,Product,Electrical,ACCESSORIES,"Schneider Livia 10-25A 3 Pin White Socket with Shutter, P2207 ",SCHNEIDER,8548,RC00987,NOS,462,18%,546,,
988,Product,Electrical,ACCESSORIES,"Schneider Livia 10-25A 3 Pin Pebble Grey Socket with Shutter, P2207_DG ",SCHNEIDER,8548,RC00988,NOS,255,18%,301,,
989,Product,Electrical,ACCESSORIES,Schneider Livia P4500 Tv Socket,SCHNEIDER,8548,RC00989,NOS,355,18%,420,,
990,Product,Electrical,ACCESSORIES,Schneider Zencelo IN8404C(BZ) Cover Frame,SCHNEIDER,8548,RC00990,NOS,1109,18%,1309,,
991,Product,Electrical,ACCESSORIES,Schneider Zencelo IN8404C(SZ) 4M Cover Frame,SCHNEIDER,8548,RC00991,NOS,3760,18%,4437,,
992,Product,Electrical,ACCESSORIES,"Schneider Zencelo 9 Module White Grid and Cover Frame, IN8409C ",SCHNEIDER,8548,RC00992,NOS,1528,18%,1804,,
993,Product,Electrical,ACCESSORIES,"Schneider Zencelo 9 Module Silver Bronze Grid and Cover Frame, IN8409C(SZ) ",SCHNEIDER,8548,RC00993,NOS,4607,18%,5437,,
994,Product,Electrical,ACCESSORIES,"Schneider Zencelo 9 Module Satin Silver Grid and Cover Frame, IN8409C(SA) ",SCHNEIDER,8548,RC00994,NOS,5445,18%,6426,,
995,Product,Electrical,ACCESSORIES,"Schneider Zencelo 9 Module Bronze Grid and Cover Frame, IN8409C(BZ) ",SCHNEIDER,8548,RC00995,NOS,1911,18%,2256,,
996,Product,Electrical,ACCESSORIES,"Schneider Livia 20A 2 Module Flush Mounted Pebble Grey Switch, P1120 ",SCHNEIDER,8548,RC00996,NOS,219,18%,259,,
997,Product,Electrical,ACCESSORIES,"Schneider Livia 20A Flush Mounted White Switch with Indicator, P1120_DG ",SCHNEIDER,8548,RC00997,NOS,634,18%,749,,
998,Product,Electrical,ACCESSORIES,"Schneider Electric 6A 3 Pin So With Shutter, Wh X2005WHNS",SCHNEIDER,8548,RC00998,NOS,335,18%,396,,
999,Product,Electrical,ACCESSORIES,Schneider Zencelo 6A Full Flat Switch with Neon IN8481,SCHNEIDER,8548,RC00999,NOS,5440,18%,6420,,
1000,Product,Electrical,ACCESSORIES,"Schneider Zencelo RJ45 CAT6 Shuttered Data Outlet IN8431RJ6, ",SCHNEIDER,8548,RC01000,NOS,1898,18%,2240,,
1001,Product,Electrical,ACCESSORIES,"Schneider Zencelo RJ45 CAT6 Shuttered Data Outlet IN8431RJ6(BZ), ",SCHNEIDER,8548,RC01001,NOS,2318,18%,2736,,
1002,Product,Electrical,ACCESSORIES,Schneider Zencelo IN8431USB(BZ) 2.1A USB Charger Socket,SCHNEIDER,8548,RC01002,NOS,1516,18%,1790,,
1003,Product,Electrical,ACCESSORIES,"Schneider Zencelo Full-Flat Illuminated DND Switch INH8452, ",SCHNEIDER,8548,RC01003,NOS,1541,18%,1819,,
1004,Product,Electrical,ACCESSORIES,"Schneider Zencelo 2/3 Pin Universal Socket with Shutter IN8426U,  ",SCHNEIDER,8548,RC01004,NOS,543,18%,641,,
1005,Product,Electrical,ACCESSORIES,Schneider Zencelo 2/3 Pin Universal Socket with Shutter IN8426U(BZ),SCHNEIDER,8548,RC01005,NOS,775,18%,915,,
1006,Product,Electrical,ACCESSORIES,"Schneider Opale 13A 250V AC-DC White 3x2P with Shutters Socket, X2010WH ",SCHNEIDER,8548,RC01006,NOS,490,18%,579,,
1007,Product,Electrical,ACCESSORIES,Schneider Zencelo 100W 2 Module White Fan Regulator IN84SFR ,SCHNEIDER,8548,RC01007,NOS,8470,18%,9995,,
1008,Product,Electrical,ACCESSORIES,Schneider Opale X3100WH 1M Step Type Fan Regulator,SCHNEIDER,8548,RC01008,NOS,2583,18%,3048,,
1009,Product,Electrical,ACCESSORIES,"Schneider Unica Pure 10A 1 Module Polar White Intermediate Switch, UNS10SW1M_WE ",SCHNEIDER,8548,RC01009,NOS,550,18%,649,,
1010,Product,Electrical,ACCESSORIES,"Schneider Unica Pure 10A 1 Module Volcanic Grey Intermediate Switch, UNS10SW1M_GY ",SCHNEIDER,8548,RC01010,NOS,634,18%,749,,
1011,Product,Electrical,ACCESSORIES,"Schneider Electric 0.5 W and 230 V AC at 50 Hz Mechanical Time Switch, CCT16364",SCHNEIDER,8548,RC01011,NOS,4275,18%,5045,,
1012,Product,Electrical,ACCESSORIES,"Jainson Light Duty Double Compression Flame Proof Brass Cable Gland 25x3.5 sq.mm, JPFL-1.1/8"" ",JAINSON,8548,RC01012,NOS,488,18%,576,,
1013,Product,Electrical,ACCESSORIES,"Jainson Light Duty Double Compression Flame Proof Brass Cable Gland 95-120x3.5 sq.mm, JPFL-1.3/4"" ",JAINSON,8548,RC01013,NOS,1072,18%,1265,,
1014,Product,Electrical,ACCESSORIES,"Jainson Light Duty Double Compression Flame Proof Brass Cable Gland 70-95x3 sq.mm, JPFL-1.1/2"" ",JAINSON,8548,RC01014,NOS,916,18%,1081,,
1015,Product,Electrical,ACCESSORIES,"Jainson Light Duty Double Compression Flame Proof Brass Cable Gland 50-35x3.5 sq.mm, JPFL-1.1/4"" ",JAINSON,8548,RC01015,NOS,627,18%,740,,
1016,Product,Electrical,ACCESSORIES,"Jainson Light Duty Double Compression Flame Proof Brass Cable Gland 1.5x2 sq.mm, JPFL-3/8"" ",JAINSON,8548,RC01016,NOS,207,18%,245,,
1017,Product,Electrical,ACCESSORIES,"Jainson Light Duty Double Compression Flame Proof Brass Cable Gland 2.5x2 sq.mm, JPFL-5/8"" ",JAINSON,8548,RC01017,NOS,219,18%,259,,
1018,Product,Electrical,ACCESSORIES,"Jainson Light Duty Double Compression Flame Proof Brass Cable Gland 1.5x6 sq.mm, JPFL-3/4"" ",JAINSON,8548,RC01018,NOS,244,18%,288,,
1019,Product,Electrical,ACCESSORIES,"Jainson Light Duty Double Compression Flame Proof Brass Cable Gland 1.5x10 sq.mm, JPFL-7/8"" ",JAINSON,8548,RC01019,NOS,297,18%,351,,
1020,Product,Electrical,ACCESSORIES,"Jainson Light Duty Double Compression Flame Proof Brass Cable Gland 50x4 sq.mm, JPFL-1.3/8"" ",JAINSON,8548,RC01020,NOS,738,18%,872,,
1021,Product,Electrical,ACCESSORIES,"Jainson Long Nipple Single Compression Siemens Type Brass Cable Gland 150x3.5 sq.mm, JC-2""L.N. ",JAINSON,8548,RC01021,NOS,544,18%,643,,
1022,Product,Electrical,ACCESSORIES,"Jainson Long Nipple Single Compression Siemens Type Brass Cable Gland 120x3.5 sq.mm, JC-1.3/4""L.N. ",JAINSON,8548,RC01022,NOS,435,18%,514,,
1023,Product,Electrical,ACCESSORIES,"Jainson Long Nipple Single Compression Siemens Type Brass Cable Gland 2.5x12 sq.mm, JC-1""L.N. ",JAINSON,8548,RC01023,NOS,147,18%,174,,
1024,Product,Electrical,ACCESSORIES,"Jainson Long Nipple Single Compression Siemens Type Brass Cable Gland 25-35x3.5 sq.mm, JC-1.1/4""L.N. ",JAINSON,8548,RC01024,NOS,260,18%,307,,
1025,Product,Electrical,ACCESSORIES,"Jainson Long Nipple Single Compression Siemens Type Brass Cable Gland 1.5x4 sq.mm, JC-5/8""L.N. ",JAINSON,8548,RC01025,NOS,76,18%,90,,
1026,Product,Electrical,ACCESSORIES,"Jainson Long Nipple Single Compression Siemens Type Brass Cable Gland 1.5x5 sq.mm, JC-3/4""L.N. ",JAINSON,8548,RC01026,NOS,103,18%,122,,
1027,Product,Electrical,ACCESSORIES,"Jainson Long Nipple Single Compression Siemens Type Brass Cable Gland 4x6 sq.mm, JC-7/8""L.N. ",JAINSON,8548,RC01027,NOS,111,18%,131,,
1028,Product,Electrical,ACCESSORIES,Jainson Single Compression Brass Cable Gland 8490 Cable upto - 84 mm ,JAINSON,8548,RC01028,NOS,2354,18%,2778,,
1029,Product,Electrical,ACCESSORIES,Jainson Single Compression Brass Cable Gland 6675 Cable upto - 66 mm ,JAINSON,8548,RC01029,NOS,1230,18%,1452,,
1030,Product,Electrical,ACCESSORIES,Jainson Single Compression Brass Cable Gland 3638 Cable upto - 37 mm ,JAINSON,8548,RC01030,NOS,450,18%,532,,
1031,Product,Electrical,ACCESSORIES,Jainson Single Compression Brass Cable Gland 2938 Cable upto - 29 mm ,JAINSON,8548,RC01031,NOS,289,18%,342,,
1032,Product,Electrical,ACCESSORIES,Jainson Single Compression Brass Cable Gland 5451 Cable upto - 50 mm ,JAINSON,8548,RC01032,NOS,796,18%,940,,
1033,Product,Electrical,ACCESSORIES,Jainson Single Compression Brass Cable Gland 7882 Cable upto - 77 mm ,JAINSON,8548,RC01033,NOS,1631,18%,1925,,
1034,Product,Electrical,ACCESSORIES,Jainson Single Compression Brass Cable Gland 5463 Cable upto - 50 mm ,JAINSON,8548,RC01034,NOS,819,18%,967,,
1035,Product,Electrical,ACCESSORIES,Jainson Single Compression Brass Cable Gland 2125 Cable upto - 20 mm ,JAINSON,8548,RC01035,NOS,172,18%,203,,
1036,Product,Electrical,ACCESSORIES,Jainson Single Compression Brass Cable Gland 2925 Cable upto - 26 mm ,JAINSON,8548,RC01036,NOS,250,18%,296,,
1037,Product,Electrical,ACCESSORIES,Jainson Single Compression Brass Cable Gland 4251 Cable upto - 45 mm ,JAINSON,8548,RC01037,NOS,700,18%,827,,
1038,Product,Electrical,ACCESSORIES,Jainson Single Compression Brass Cable Gland 6063 Cable upto - 60 mm ,JAINSON,8548,RC01038,NOS,1082,18%,1277,,
1039,Product,Electrical,ACCESSORIES,Jainson Single Compression Brass Cable Gland 1616 Cable upto - 16 mm ,JAINSON,8548,RC01039,NOS,122,18%,145,,
1040,Product,Electrical,ACCESSORIES,Jainson Single Compression Brass Cable Gland 1612 Cable upto - 12 mm ,JAINSON,8548,RC01040,NOS,87,18%,103,,
1041,Product,Electrical,ACCESSORIES,Jainson Double Compression Brass Cable Gland JPF-011 Cable upto 60 ,JAINSON,8548,RC01041,NOS,2882,18%,3401,,
1042,Product,Electrical,ACCESSORIES,Jainson Double Compression Brass Cable Gland JPF-016 Cable upto 105 mm,JAINSON,8548,RC01042,NOS,8953,18%,10565,,
1043,Product,Electrical,ACCESSORIES,Jainson Double Compression Brass Cable Gland JPF-010A Cable upto 52 ,JAINSON,8548,RC01043,NOS,2406,18%,2840,,
1044,Product,Electrical,ACCESSORIES,Jainson Double Compression Brass Cable Gland JPF-012 Cable upto 67 ,JAINSON,8548,RC01044,NOS,3605,18%,4255,,
1045,Product,Electrical,ACCESSORIES,Jainson Double Compression Brass Cable Gland JPF-04 Cable upto - 26 mm ,JAINSON,8548,RC01045,NOS,647,18%,764,,
1046,Product,Electrical,ACCESSORIES,Jainson Double Compression Brass Cable Gland JPF-015 Cable upto 94 mm,JAINSON,8548,RC01046,NOS,7879,18%,9298,,
1047,Product,Electrical,ACCESSORIES,Jainson Double Compression Brass Cable Gland JPF-04A Cable upto 26 mm ,JAINSON,8548,RC01047,NOS,740,18%,874,,
1048,Product,Electrical,ACCESSORIES,Jainson Double Compression Brass Cable Gland JPF-016 Cable upto 105 mm,JAINSON,8548,RC01048,NOS,8953,18%,10565,,
1049,Product,Electrical,ACCESSORIES,Jainson Double Compression Brass Cable Gland JPF-013 Cable upto 78 mm (Pack of 2),JAINSON,8548,RC01049,NOS,9090,18%,10727,,
1050,Product,Electrical,ACCESSORIES,Jainson Double Compression Brass Cable Gland JPF-01 Cable upto 18.5 mm,JAINSON,8548,RC01050,NOS,364,18%,430,,
1051,Product,Electrical,ACCESSORIES,Jainson Double Compression Brass Cable Gland JPF-02 Cable upto - 20 mm ,JAINSON,8548,RC01051,NOS,466,18%,550,,
1052,Product,Electrical,ACCESSORIES,Jainson Double Compression Brass Cable Gland JPF-05 Cable upto - 30 mm ,JAINSON,8548,RC01052,NOS,800,18%,945,,
1053,Product,Electrical,ACCESSORIES,Jainson Double Compression Brass Cable Gland JPF-01S Cable upto 15 mm,JAINSON,8548,RC01053,NOS,326,18%,385,,
1054,Product,Electrical,ACCESSORIES,Jainson Double Compression Brass Cable Gland JPF-010A Cable upto 52 mm ,JAINSON,8548,RC01054,NOS,2406,18%,2840,,
1055,Product,Electrical,ACCESSORIES,Jainson Double Compression Brass Cable Gland JPF-07 Cable upto - 37 mm ,JAINSON,8548,RC01055,NOS,1292,18%,1525,,
1056,Product,Electrical,ACCESSORIES,Jainson Double Compression Cable Gland JPW-015 Cable upto 94 mm,JAINSON,8548,RC01056,NOS,6590,18%,7777,,
1057,Product,Electrical,ACCESSORIES,Jainson Double Compression Cable Gland JPW-016 Cable upto 105 mm,JAINSON,8548,RC01057,NOS,7959,18%,9392,,
1058,Product,Electrical,ACCESSORIES,Jainson Double Compression Cable Gland JPW-017 Cable upto 105 mm,JAINSON,8548,RC01058,NOS,8238,18%,9721,,
1059,Product,Electrical,ACCESSORIES,Jainson 100 mm Brass Single Compression Cable Gland JC-4. inch,JAINSON,8548,RC01059,NOS,2163,18%,2553,,
1060,Product,Electrical,ACCESSORIES,Jainson 115 mm Brass Single Compression Cable Gland JC-4.1/2 inch,JAINSON,8548,RC01060,NOS,3288,18%,3880,,
1061,Product,Electrical,ACCESSORIES,Jainson 70 mm Brass Single Compression Cable Gland JC -2 3/4 inch ,JAINSON,8548,RC01061,NOS,841,18%,993,,
1062,Product,Electrical,ACCESSORIES,Jainson 75 mm Brass Single Compression Cable Gland JC -3 inch L ,JAINSON,8548,RC01062,NOS,858,18%,1013,,
1063,Product,Electrical,ACCESSORIES,Jainson 75 mm Brass Single Compression Cable Gland JC -3 inch,JAINSON,8548,RC01063,NOS,1021,18%,1205,,
1064,Product,Electrical,ACCESSORIES,Jainson 63 mm Brass Single Compression Cable Gland JC -2 1/2 inch,JAINSON,8548,RC01064,NOS,733,18%,865,,
1065,Product,Electrical,ACCESSORIES,ainson 70 mm Brass Single Compression Cable Gland JC -2 3/4 inch L,AINSON,8548,RC01065,NOS,727,18%,858,,
1066,Product,Electrical,ACCESSORIES,"Schneider Zencelo 6A Bronze Door Bell, IN8425-BZ",SCHNEIDER,8548,RC01066,NOS,405,18%,479,,
1067,Product,Electrical,ACCESSORIES,"Schneider Zencelo 6A White Full Flat Bell Push Switch, IN8425",SCHNEIDER,8548,RC01067,NOS,850,18%,1004,,
1068,Product,Electrical,ACCESSORIES,"Anchor Wireless Door Bell 45 Selectable Tune, 22730",ANCHOR,8548,RC01068,NOS,744,18%,879,,
1069,Product,Electrical,ACCESSORIES,Goldmedal Ek Mantra- Gayatri Mantra Mantra Door Bell,GOLDMEDAL,8548,RC01069,NOS,324,18%,383,,
1070,Product,Electrical,ACCESSORIES,Goldmedal Mantras (Mp3 Door Bell) Mantra Door Bell,GOLDMEDAL,8548,RC01070,NOS,1514,18%,1787,,
1071,Product,Electrical,ACCESSORIES,"Anchor Water Tank Overflow Alarm Bell with 2 Pin Plug White, 38908",ANCHOR,8548,RC01071,NOS,314,18%,371,,
1072,Product,Electrical,ACCESSORIES,Goldmedal 204080 Ekaant-Polyphonic with 4 Selectable Tune & Flashing Light,GOLDMEDAL,8548,RC01072,NOS,405,18%,479,,
1073,Product,Electrical,ACCESSORIES,Goldmedal Ekaant - Mantra Bell Mantra Door Bell,GOLDMEDAL,8548,RC01073,NOS,405,18%,479,,
1074,Product,Electrical,ACCESSORIES,"Goldmedal Ekaant Mantra Bell-B, 204080BWHIT",GOLDMEDAL,8548,RC01074,NOS,405,18%,479,,
1075,Product,Electrical,ACCESSORIES,Goldmedal Ekaant - Mantra Bell Mantra Door Bell,GOLDMEDAL,8548,RC01075,NOS,405,18%,479,,
1076,Product,Electrical,ACCESSORIES,"Anchor Door Bell Stereo Chime Wood Finished, 38830",ANCHOR,8548,RC01076,NOS,1822,18%,2150,,
1077,Product,Electrical,ACCESSORIES,"Anchor Door Bell City Ding Dong, 8363",ANCHOR,8548,RC01077,NOS,872,18%,1030,,
1078,Product,Electrical,ACCESSORIES,"Anchor Door Bell Capton Ding Dong, 8272",ANCHOR,8548,RC01078,NOS,872,18%,1030,,
1079,Product,Electrical,ACCESSORIES,Schneider A3031WBP_WE Surface Mounted Door Bell 6A,SCHNEIDER,8548,RC01079,NOS,1008,18%,1190,,
1080,Product,Electrical,ACCESSORIES,Schneider A3031WBP_GY Surface Mounted Door Bell 6A,SCHNEIDER,8548,RC01080,NOS,1601,18%,1890,,
1081,Product,Electrical,ACCESSORIES,"Schneider Livia 10A 2 Module White Bell Push with Indicator, P1086 ",SCHNEIDER,8548,RC01081,NOS,160,18%,189,,
1082,Product,Electrical,ACCESSORIES,"Schneider Livia 10A 2 Module Dark Grey Bell Push with Indicator, P1086_DG ",SCHNEIDER,8548,RC01082,NOS,185,18%,219,,
1083,Product,Electrical,ACCESSORIES,"Schneider Unica Pure 6A 1 Module Polar White Bellpress, UNS6BP1M_WE ",SCHNEIDER,8548,RC01083,NOS,134,18%,159,,
1084,Product,Electrical,ACCESSORIES,"Schneider Unica Pure 6A 1 Module Volcanic Grey Bellpress, UNS6BP1M_GY",SCHNEIDER,8548,RC01084,NOS,155,18%,184,,
1085,Product,Electrical,ACCESSORIES,Havells Murano ACMSBIW101 10 AX Bell Switch Flat Module with Magic Indicator (White),HAVELLS,8548,RC01085,NOS,272,18%,322,,
1086,Product,Electrical,ACCESSORIES,Havells Murano ACUSBIB101 10 A Bell Push Switch with Indicator Super Soft (Grey),HAVELLS,8548,RC01086,NOS,289,18%,342,,
1087,Product,Electrical,ACCESSORIES,Schneider Electric Metal Box 4 module - 0.8mm,SCHNEIDER,8548,RC01087,NOS,273,18%,323,,
1088,Product,Electrical,ACCESSORIES,Schneider Electric Metal Box 4 module - 1mm,SCHNEIDER,8548,RC01088,NOS,465,18%,549,,
1089,Product,Electrical,ACCESSORIES,Schneider 16 A Industrial P&S Units A9HKS316,SCHNEIDER,8548,RC01089,NOS,2072,18%,2445,,
1090,Product,Electrical,ACCESSORIES,Schneider 32 A Industrial P&S Units A9HKS332,SCHNEIDER,8548,RC01090,NOS,3422,18%,4039,,
1091,Product,Electrical,ACCESSORIES,Schneider 32 A Industrial P&S Units A9HKS532,SCHNEIDER,8548,RC01091,NOS,4116,18%,4857,,
1092,Product,Electrical,ACCESSORIES,Schneider 63 A Industrial P&S Units A9HKS563,SCHNEIDER,8548,RC01092,NOS,8311,18%,9807,,
1093,Product,Electrical,ACCESSORIES,Schneider Vertical TPN Distribution Board 12 Way A9HVD12M,SCHNEIDER,8548,RC01093,NOS,27533,18%,32490,,
1094,Product,Electrical,ACCESSORIES,Schneider Vertical TPN Distribution Board 12 Way A9HVD12L,SCHNEIDER,8548,RC01094,NOS,25350,18%,29914,,
1095,Product,Electrical,ACCESSORIES,Schneider Vertical TPN Distribution Board 12 Way A9HVD12H,SCHNEIDER,8548,RC01095,NOS,37578,18%,44343,,
1096,Product,Electrical,ACCESSORIES,Schneider Vertical TPN Distribution Board 12 Way A9HVD12H,SCHNEIDER,8548,RC01096,NOS,37578,18%,44343,,
1097,Product,Electrical,ACCESSORIES,Schneider Vertical TPN Distribution Board 8 Way A9HVD08L,SCHNEIDER,8548,RC01097,NOS,19065,18%,22497,,
1098,Product,Electrical,ACCESSORIES,Schneider Vertical TPN Distribution Board 8 Way A9HVD08M,SCHNEIDER,8548,RC01098,NOS,20630,18%,24344,,
1099,Product,Electrical,ACCESSORIES,Schneider Vertical TPN Distribution Board 8 Way A9HVD08H,SCHNEIDER,8548,RC01099,NOS,49991,18%,58990,,
1100,Product,Electrical,ACCESSORIES,ABB 1 Way Metal Door SPN Distribution Board (I- Blank Plate),SCHNEIDER,8548,RC01100,NOS,27,18%,32,,
1101,Product,Electrical,ACCESSORIES,ABB 14 Ways Metal Door SPN Distribution Board (I- 14 MOD Insulated Busbar),ABB,8548,RC01101,NOS,520,18%,614,,
1102,Product,Electrical,ACCESSORIES,ABB 13 Ways Metal Door SPN Distribution Board (I- 13 MOD Insulated Busbar),ABB,8548,RC01102,NOS,520,18%,614,,
1103,Product,Electrical,ACCESSORIES,ABB 14 Ways Metal Door SPN Distribution Board (I- 14 MOD Insulated Busbar),ABB,8548,RC01103,NOS,520,18%,614,,
1104,Product,Electrical,ACCESSORIES,ABB 13 Ways Metal Door SPN Distribution Board (I- 13 MOD Insulated Busbar),ABB,8548,RC01104,NOS,520,18%,614,,
1105,Product,Electrical,ACCESSORIES,ABB 13 Ways Metal Door SPN Distribution Board (I- 13 MOD Insulated Busbar),ABB,8548,RC01105,NOS,520,18%,614,,
1106,Product,Electrical,ACCESSORIES,ABB 2P enclosure Metal Door TPN Distribution Board (I- 2MOD Metal Enclosure),ABB,8548,RC01106,NOS,1020,18%,1204,,
1107,Product,Electrical,ACCESSORIES,ABB 4P enclosure Metal Door TPN Distribution Board (I- 4MOD Metal Enclosure),ABB,8548,RC01107,NOS,1029,18%,1215,,
1108,Product,Electrical,ACCESSORIES,ABB 6P enclosure Metal Door TPN Distribution Board (I- 6MOD Metal Enclosure),ABB,8548,RC01108,NOS,1400,18%,1652,,
1109,Product,Electrical,ACCESSORIES,ABB 6 way Metal Door SPN Distribution Board (I- VPPI06 WAY MD CEB),ABB,8548,RC01109,NOS,1670,18%,1971,,
1110,Product,Electrical,ACCESSORIES,ABB 8 way Metal Door SPN Distribution Board (I- VPPI08 WAY MD CEB),ABB,8548,RC01110,NOS,1670,18%,1971,,
1111,Product,Electrical,ACCESSORIES,ABB 12 way Metal Door SPN Distribution Board (I- VPPI12 WAY MD CEB),ABB,8548,RC01111,NOS,1910,18%,2254,,
1112,Product,Electrical,ACCESSORIES,ABB 6 way Metal Door SPN Distribution Board (I-SPN06 WAY MD CEB),ABB,8548,RC01112,NOS,929,18%,1097,,
1113,Product,Electrical,ACCESSORIES,ABB 8 way Metal Door SPN Distribution Board (I-SPN08 WAY MD CEB),ABB,8548,RC01113,NOS,1139,18%,1345,,
1114,Product,Electrical,ACCESSORIES,ABB 10 way Metal Door SPN Distribution Board (I-SPN10 WAY MD CEB),ABB,8548,RC01114,NOS,1200,18%,1416,,
1115,Product,Electrical,ACCESSORIES,ABB 12 way Metal Door SPN Distribution Board (I-SPN12 WAY MD CEB),ABB,8548,RC01115,NOS,1329,18%,1569,,
1116,Product,Electrical,ACCESSORIES,ABB 14 way Metal Door SPN Distribution Board (I-SPN14 WAY MD CEB),ABB,8548,RC01116,NOS,1439,18%,1699,,
1117,Product,Electrical,ACCESSORIES,ABB 16 way Metal Door SPN Distribution Board (I-SPN16 WAY MD CEB),ABB,8548,RC01117,NOS,1629,18%,1923,,
1118,Product,Electrical,ACCESSORIES,ABB 18 way Metal Door SPN Distribution Board (I-SPN18 WAY MD CEB),ABB,8548,RC01118,NOS,1950,18%,2301,,
1119,Product,Electrical,ACCESSORIES,ABB 22 way Metal Door SPN Distribution Board (I-SPN22 WAY MD CEB),ABB,8548,RC01119,NOS,2070,18%,2443,,
1120,Product,Electrical,ACCESSORIES,ABB 13 module Metal Door SPN Distribution Board (I- 13 MOD CEB),ABB,8548,RC01120,NOS,2070,18%,2443,,
1121,Product,Electrical,ACCESSORIES,ABB 14 module Metal Door SPN Distribution Board (I-14 MOD CEB),ABB,8548,RC01121,NOS,2470,18%,2915,,
1122,Product,Electrical,ACCESSORIES,ABB 1 Way Metal Door TPN Distribution Board (I- 20A SP 2Pin P&S Enclosure),ABB,8548,RC01122,NOS,2620,18%,3092,,
1123,Product,Electrical,ACCESSORIES,ABB 1 Way Metal Door TPN Distribution Board (I- 30A TP 3Pin P&S Enclosure),ABB,8548,RC01123,NOS,5610,18%,6620,,
1124,Product,Electrical,ACCESSORIES,ABB 2 Row of 13 Mod IP43 Metal Door TPN Distribution Board (I-2 ROW 13 MOD DB),ABB,8548,RC01124,NOS,7820,18%,9228,,
1125,Product,Electrical,ACCESSORIES,ABB 3 Row of 13 Mod IP43 Metal Door TPN Distribution Board (I-3 ROW 13 MOD DB),ABB,8548,RC01125,NOS,9500,18%,11210,,
1126,Product,Electrical,ACCESSORIES,ABB 4 Row of 13 Mod IP43 Metal Door TPN Distribution Board (I-4 ROW 13 MOD DB),ABB,8548,RC01126,NOS,11570,18%,13653,,
1127,Product,Electrical,ACCESSORIES,ABB 2 Row of 14 Mod IP43 Metal Door TPN Distribution Board (I-2 ROW 14 MOD DB),ABB,8548,RC01127,NOS,9020,18%,10644,,
1128,Product,Electrical,ACCESSORIES,ABB 3 row of 14 Mod IP43 Metal Door TPN Distribution Board (I-3 ROW 14 MOD DB),ABB,8548,RC01128,NOS,9939,18%,11729,,
1129,Product,Electrical,ACCESSORIES,ABB 4 Row of 14 Mod IP43 Metal Door TPN Distribution Board (I-4 ROW 14 MOD DB),ABB,8548,RC01129,NOS,12220,18%,14420,,
1130,Product,Electrical,ACCESSORIES,ABB 4 Ways IP43 Metal Door TPN Distribution Board (I-VTPN04 WAY MCB/IC MD DB),ABB,8548,RC01130,NOS,16960,18%,20013,,
1131,Product,Electrical,ACCESSORIES,ABB 6 Ways IP43 Metal Door TPN Distribution Board (I-VTPN06 WAY MCB/IC MD DB),ABB,8548,RC01131,NOS,19320,18%,22798,,
1132,Product,Electrical,ACCESSORIES,ABB 8 Ways IP43 Metal Door TPN Distribution Board (I-VTPN08 WAY MCB/IC MD DB),ABB,8548,RC01132,NOS,20960,18%,24733,,
1133,Product,Electrical,ACCESSORIES,ABB 12 Ways IP43 Metal Door TPN Distribution Board (I-VTPN12 WAY MCB/IC MD DB ),ABB,8548,RC01133,NOS,28650,18%,33807,,
1134,Product,Electrical,ACCESSORIES,ABB 4 way Metal Door SPN Distribution Board (I-TPN04 WAY MD CEB),ABB,8548,RC01134,NOS,1400,18%,1652,,
1135,Product,Electrical,ACCESSORIES,ABB 6 way Metal Door SPN Distribution Board (I-TPN06 WAY MD CEB),ABB,8548,RC01135,NOS,1950,18%,2301,,
1136,Product,Electrical,ACCESSORIES,ABB 8 way Metal Door SPN Distribution Board (I-TPN08 WAY MD CEB),ABB,8548,RC01136,NOS,3400,18%,4012,,
1137,Product,Electrical,ACCESSORIES,ABB 12 way Metal Door SPN Distribution Board (I-TPN12 WAY MD CEB),ABB,8548,RC01137,NOS,4639,18%,5475,,
1138,Product,Electrical,ACCESSORIES,ABB For all SVTDB MCB I/C Metal Door SPN Distribution Board (I-VTPN MCB/IC MD CEB),ABB,8548,RC01138,NOS,3189,18%,3764,,
1139,Product,Electrical,ACCESSORIES,ABB For all SVTDB MCCB XT1 I/C Metal Door SPN Distribution Board (I-VTPN XT1/IC MD CEB),ABB,8548,RC01139,NOS,5050,18%,5959,,
1140,Product,Electrical,ACCESSORIES,ABB For all SVTDB MCCB XT3 I/C Metal Door SPN Distribution Board (I-VTPN XT3/IC MD CEB),ABB,8548,RC01140,NOS,5050,18%,5959,,
1141,Product,Electrical,ACCESSORIES,ABB 8 Ways IP43 Metal Door TPN Distribution Board (I-VPPI08 WAY MD DB),ABB,8548,RC01141,NOS,15150,18%,17877,,
1142,Product,Electrical,ACCESSORIES,ABB 12 Ways IP43 Metal Door TPN Distribution Board (I-VPPI12 WAY MD DB),ABB,8548,RC01142,NOS,17229,18%,20331,,
1143,Product,Electrical,ACCESSORIES,ABB 4 Ways IP43 Metal Door TPN Distribution Board (I-PS 63A04 WAY MD DB),ABB,8548,RC01143,NOS,22300,18%,26314,,
1144,Product,Electrical,ACCESSORIES,ABB 6 Ways IP43 Metal Door TPN Distribution Board (I-PS 63A06 WAY MD DB),ABB,8548,RC01144,NOS,22300,18%,26314,,
1145,Product,Electrical,ACCESSORIES,ABB 8 Ways IP43 Metal Door TPN Distribution Board (I-PS 63A08 WAY MD DB),ABB,8548,RC01145,NOS,24500,18%,28910,,
1146,Product,Electrical,ACCESSORIES,ABB 12 Ways IP43 Metal Door TPN Distribution Board (I-PS 63A12 WAY MD DB ),ABB,8548,RC01146,NOS,26729,18%,31541,,
1147,Product,Electrical,ACCESSORIES,ABB For all SVTDB MCB I/C Metal Door SPN Distribution Board (I-VTPN MCB/IC MD CEB),ABB,8548,RC01147,NOS,3189,18%,3764,,
1148,Product,Electrical,ACCESSORIES,ABB For all SVTDB MCCB XT1 I/C Metal Door SPN Distribution Board (I-VTPN XT1/IC MD CEB),ABB,8548,RC01148,NOS,5050,18%,5959,,
1149,Product,Electrical,ACCESSORIES,ABB For all SVTDB MCCB XT3 I/C Metal Door SPN Distribution Board (I-VTPN XT3/IC MD CEB),ABB,8548,RC01149,NOS,5050,18%,5959,,
1150,Product,Electrical,ACCESSORIES,Hensel Junction Boxes KF 3535 B,HENSEL,8548,RC01150,NOS,16294,18%,19228,,
1151,Product,Electrical,ACCESSORIES,"Siemens 8GB32201RC04 TPN Single Door DBs, IP20",SIEMENS,8548,RC01151,NOS,5728,18%,6760,,
1152,Product,Electrical,ACCESSORIES,"Siemens 8GB32201RC06 TPN Single Door DBs, IP20",SIEMENS,8548,RC01152,NOS,6504,18%,7675,,
1153,Product,Electrical,ACCESSORIES,"Siemens 8GB32201RC08 TPN Single Door DBs, IP20",SIEMENS,8548,RC01153,NOS,11631,18%,13725,,
1154,Product,Electrical,ACCESSORIES,"Siemens 8GB32201RC10 TPN Single Door DBs, IP20",SIEMENS,8548,RC01154,NOS,11389,18%,13440,,
1155,Product,Electrical,ACCESSORIES,"Siemens 8GB32201RC14 TPN Single Door DBs, IP20",SIEMENS,8548,RC01155,NOS,13338,18%,15740,,
1156,Product,Electrical,ACCESSORIES,"Siemens 8GB32201RC16 TPN Single Door DBs, IP20",SIEMENS,8548,RC01156,NOS,13838,18%,16330,,
1157,Product,Electrical,ACCESSORIES,"Siemens 8GB32202RC04 TPN Metal Double Door DBs, IP 43",SIEMENS,8548,RC01157,NOS,6995,18%,8255,,
1158,Product,Electrical,ACCESSORIES,"Siemens 8GB32202RC06 TPN Metal Double Door DBs, IP 43",SIEMENS,8548,RC01158,NOS,8457,18%,9980,,
1159,Product,Electrical,ACCESSORIES,"Siemens 8GB32202RC08 TPN Metal Double Door DBs, IP 43",SIEMENS,8548,RC01159,NOS,10165,18%,11995,,
1160,Product,Electrical,ACCESSORIES,"Siemens 8GB32202RC12 TPN Metal Double Door DBs, IP 43",SIEMENS,8548,RC01160,NOS,15050,18%,17760,,
1161,Product,Electrical,ACCESSORIES,"Siemens 8GB32202RC10 TPN Metal Double Door DBs, IP 43",SIEMENS,8548,RC01161,NOS,14686,18%,17330,,
1162,Product,Electrical,ACCESSORIES,"Siemens 8GB32202RC14 TPN Metal Double Door DBs, IP 43",SIEMENS,8548,RC01162,NOS,17864,18%,21080,,
1163,Product,Electrical,ACCESSORIES,"Siemens 8GB32202RC16 TPN Metal Double Door DBs, IP 43",SIEMENS,8548,RC01163,NOS,18368,18%,21675,,
1164,Product,Electrical,ACCESSORIES,"Siemens 8GB32007RC04 Wire Way box for MCB Incomer, IP 43 DBs",SIEMENS,8548,RC01164,NOS,4919,18%,5805,,
1165,Product,Electrical,ACCESSORIES,"Siemens 8GB32007RC06 Wire Way box for MCB Incomer, IP 43 DBs",SIEMENS,8548,RC01165,NOS,5906,18%,6970,,
1166,Product,Electrical,ACCESSORIES,"Siemens 8GB32007RC08 Wire Way box for MCB Incomer, IP 43 DBs",SIEMENS,8548,RC01166,NOS,6889,18%,8130,,
1167,Product,Electrical,ACCESSORIES,"Siemens 8GB32007RC12 Wire Way box for MCB Incomer, IP 43 DBs",SIEMENS,8548,RC01167,NOS,7877,18%,9295,,
1168,Product,Electrical,ACCESSORIES,Siemens 4 Way Wire Box For TPN Double Door Distribution Board,SIEMENS,8548,RC01168,NOS,1978,18%,2335,,
1169,Product,Electrical,ACCESSORIES,Siemens 8 Way Wire Box For TPN Double Door Distribution Board,SIEMENS,8548,RC01169,NOS,3559,18%,4200,,
1170,Product,Electrical,ACCESSORIES,Siemens 14 Way Wire Box For TPN Double Door Distribution Board,SIEMENS,8548,RC01170,NOS,4911,18%,5795,,
1171,Product,Electrical,ACCESSORIES,Siemens 8GB32103RC06 SPN Acrylic Double Door DBs,SIEMENS,8548,RC01171,NOS,4182,18%,4935,,
1172,Product,Electrical,ACCESSORIES,Siemens 8GB32103RC10 SPN Acrylic Double Door DBs,SIEMENS,8548,RC01172,NOS,5148,18%,6075,,
1173,Product,Electrical,ACCESSORIES,INDOASIAN 16 Ways Double Door Distribution Boards 811829,INDOASIAN,8548,RC01173,NOS,8047,18%,9496,,
1174,Product,Electrical,ACCESSORIES,INDOASIAN 4 Ways Acryclic Door Distribution Boards 811816,INDOASIAN,8548,RC01174,NOS,2708,18%,3196,,
1175,Product,Electrical,ACCESSORIES,INDOASIAN 6 Ways Acryclic Door Distribution Boards 811817,INDOASIAN,8548,RC01175,NOS,3216,18%,3796,,
1176,Product,Electrical,ACCESSORIES,INDOASIAN 8 Ways Acryclic Door Distribution Boards 811818,INDOASIAN,8548,RC01176,NOS,3389,18%,4000,,
1177,Product,Electrical,ACCESSORIES,INDOASIAN 12 Ways Acryclic Door Distribution Boards 811819,INDOASIAN,8548,RC01177,NOS,4291,18%,5064,,
1178,Product,Electrical,ACCESSORIES,INDOASIAN 16 Ways Acryclic Door Distribution Boards 811820,INDOASIAN,8548,RC01178,NOS,5284,18%,6236,,
1179,Product,Electrical,ACCESSORIES,INDOASIAN 4 way compact TPN DB Single Door Distribution Boards 811832,INDOASIAN,8548,RC01179,NOS,4135,18%,4880,,
1180,Product,Electrical,ACCESSORIES,INDOASIAN 4 way TPN DB Single Door Distribution Boards 811833,INDOASIAN,8548,RC01180,NOS,4664,18%,5504,,
1181,Product,Electrical,ACCESSORIES,INDOASIAN 6 way compact TPN DB Single Door Distribution Boards 811834,INDOASIAN,8548,RC01181,NOS,5596,18%,6604,,
1182,Product,Electrical,ACCESSORIES,INDOASIAN 6 way TPN DB Single Door Distribution Boards 811835,INDOASIAN,8548,RC01182,NOS,5928,18%,6996,,
1183,Product,Electrical,ACCESSORIES,INDOASIAN 8 Way TPN DB Single Door Distribution Boards 811836,INDOASIAN,8548,RC01183,NOS,6837,18%,8068,,
1184,Product,Electrical,ACCESSORIES,INDOASIAN 12 way TPN DB Single Door Distribution Boards 811837,INDOASIAN,8548,RC01184,NOS,10064,18%,11876,,
1185,Product,Electrical,ACCESSORIES,INDOASIAN 16 way TPN DB Single Door Distribution Boards 811838,INDOASIAN,8548,RC01185,NOS,12756,18%,15056,,
1186,Product,Electrical,ACCESSORIES,INDOASIAN 4 way compact TPN DB Double Door Distribution Boards 811840,INDOASIAN,8548,RC01186,NOS,5257,18%,6204,,
1187,Product,Electrical,ACCESSORIES,INDOASIAN 4 way TPN DB Double Door Distribution Boards 811841,INDOASIAN,8548,RC01187,NOS,5955,18%,7028,,
1188,Product,Electrical,ACCESSORIES,INDOASIAN 6 way compact TPN DB Double Door Distribution Boards 811842,INDOASIAN,8548,RC01188,NOS,6823,18%,8052,,
1189,Product,Electrical,ACCESSORIES,INDOASIAN 6 way TPN DB Double Door Distribution Boards 811843,INDOASIAN,8548,RC01189,NOS,7444,18%,8784,,
1190,Product,Electrical,ACCESSORIES,INDOASIAN 8 Way TPN DB Double Door Distribution Boards 811844,INDOASIAN,8548,RC01190,NOS,9244,18%,10908,,
1191,Product,Electrical,ACCESSORIES,INDOASIAN 12 way TPN DB Double Door Distribution Boards 811845,INDOASIAN,8548,RC01191,NOS,13138,18%,15504,,
1192,Product,Electrical,ACCESSORIES,INDOASIAN 4 way compact TPN DB Double Door Distribution Boards 811856,INDOASIAN,8548,RC01192,NOS,9847,18%,11620,,
1193,Product,Electrical,ACCESSORIES,INDOASIAN 8 Way TPN DB Double Door Distribution Boards 811860,INDOASIAN,8548,RC01193,NOS,17308,18%,20424,,
1194,Product,Electrical,ACCESSORIES,INDOASIAN 12 way TPN DB Double Door Distribution Boards 811861,INDOASIAN,8548,RC01194,NOS,24596,18%,29024,,
1195,Product,Electrical,ACCESSORIES,INDOASIAN 4 way compact TPN DB Acryclic Door Distribution Boards 811848,INDOASIAN,8548,RC01195,NOS,6698,18%,7904,,
1196,Product,Electrical,ACCESSORIES,"INDOASIAN 800184, 4 Module Plastic Surface Box",INDOASIAN,8548,RC01196,NOS,366,18%,432,,
1197,Product,Electrical,ACCESSORIES,"ABB 6 Ways IP43 MCB Distribution Box, I-VPPI06 WAY MD DB",INDOASIAN,8548,RC01197,NOS,12779,18%,15080,,
1198,Product,Electrical,ACCESSORIES,"INDOASIAN 800187, 8 Module (V) Plastic Surface Box",INDOASIAN,8548,RC01198,NOS,522,18%,616,,
1199,Product,Electrical,ACCESSORIES,"INDOASIAN 800177, 8 Module (V) Metal Flush Box",INDOASIAN,8548,RC01199,NOS,508,18%,600,,
1200,Product,Electrical,ACCESSORIES,"INDOASIAN 800178, 8 Module (H) Metal Flush Box",INDOASIAN,8548,RC01200,NOS,508,18%,600,,
1201,Product,Electrical,ACCESSORIES,Schneider NBKXTND06GBSSSTS TPN Distribution Board 415 V,SCHNEIDER,8548,RC01201,NOS,10076,18%,11890,,
1202,Product,Electrical,ACCESSORIES,Schneider Electric 4W Tpn 1Mm Ip42 Tvtel Df 2375,SCHNEIDER,8548,RC01202,NOS,8277,18%,9768,,
1203,Product,Electrical,ACCESSORIES,"Havells 4 Way Double Door Distribution Board, DHDPSHODRW04",HAVELLS,8548,RC01203,NOS,1777,18%,2098,,
1204,Product,Electrical,ACCESSORIES,"Havells 8 Way Double Door Distribution Board, DHDPSHODRW08",HAVELLS,8548,RC01204,NOS,2353,18%,2777,,
1205,Product,Electrical,ACCESSORIES,"Havells 12 Way Double Door Distribution Board, DHDPSHODRW12",HAVELLS,8548,RC01205,NOS,2856,18%,3371,,
1206,Product,Electrical,ACCESSORIES,Havells 16A Triple Pole With Neutral Link Rewireable Porcelein Fuse Unit IHBRTE4016,HAVELLS,8548,RC01206,NOS,11039,18%,13027,,
1207,Product,Electrical,ACCESSORIES,Havells 32A Triple Pole With Neutral Link Rewireable Porcelein Fuse Unit IHBRTE4032,HAVELLS,8548,RC01207,NOS,14474,18%,17080,,
1208,Product,Electrical,ACCESSORIES,Havells 100A Triple Pole With Neutral Link Rewireable Porcelein Fuse Unit IHBRTE4100,HAVELLS,8548,RC01208,NOS,21629,18%,25523,,
1209,Product,Electrical,ACCESSORIES,Havells 63A Triple Pole With Neutral Link Rewireable Porcelein Fuse Unit IHBRTE4063,HAVELLS,8548,RC01209,NOS,12510,18%,14762,,
1210,Product,Electrical,ACCESSORIES,Havells 320A Triple Pole With Neutral Link Rewireable Porcelein Fuse Unit IHBRTE4320,HAVELLS,8548,RC01210,NOS,27315,18%,32232,,
1211,Product,Electrical,ACCESSORIES,"Havells 6 Way Double Door Distribution Board, DHDMSHODOW06",HAVELLS,8548,RC01211,NOS,10800,18%,12744,,
1212,Product,Electrical,ACCESSORIES,"Havells 4 Way Double Door Distribution Board, DHDMSHODOW04",HAVELLS,8548,RC01212,NOS,10877,18%,12836,,
1213,Product,Electrical,ACCESSORIES,"Havells 8 Way Double Door Distribution Board, DHDMSHODOW08",HAVELLS,8548,RC01213,NOS,12152,18%,14340,,
1214,Product,Electrical,ACCESSORIES,"Havells 12 Way Double Door Distribution Board, DHDMSHODOW12",HAVELLS,8548,RC01214,NOS,12184,18%,14378,,
1215,Product,Electrical,ACCESSORIES,"Havells 16 Way Double Door Distribution Board, DHDMSHODOW16",HAVELLS,8548,RC01215,NOS,12879,18%,15198,,
1216,Product,Electrical,ACCESSORIES,Havells 4 Way 32 A Automatic Phase Selector Distribution Box DHDANVDRZ04032,HAVELLS,8548,RC01216,NOS,17262,18%,20370,,
1217,Product,Electrical,ACCESSORIES,"Havells 6 Way Double Door Automatic Phase Selector Distribution Box, DHDANVDRZ06032",HAVELLS,8548,RC01217,NOS,20846,18%,24599,,
1218,Product,Electrical,ACCESSORIES,"Havells 6 Way Double Door Distribution Board, DHDNTHCDOW06",HAVELLS,8548,RC01218,NOS,12154,18%,14342,,
1219,Product,Electrical,ACCESSORIES,"Havells 12 Way Double Door Distribution Board, DHDNTHCDOW12",HAVELLS,8548,RC01219,NOS,11092,18%,13089,,
1220,Product,Electrical,ACCESSORIES,"Havells 8 Way Double Door Distribution Board, DHDNTHCDOW08",HAVELLS,8548,RC01220,NOS,15261,18%,18009,,
1221,Product,Electrical,ACCESSORIES,"Havells 8 Way Double Door Loadline End Distribution Box, DHDATVLD04",HAVELLS,8548,RC01221,NOS,1204,18%,1421,,
1222,Product,Electrical,ACCESSORIES,"Havells 4 Way Double Door Loadline Distribution Box, DHDATVLD04",HAVELLS,8548,RC01222,NOS,1204,18%,1421,,
1223,Product,Electrical,ACCESSORIES,"IBCab 1 Sq. mm Tinned Copper Single End Sleeve Lug, E1008 (Pack of 200)",IBCAB,8548,RC01223,NOS,48,18%,57,,
1224,Product,Electrical,ACCESSORIES,"IBCab 1.5 Sq. mm Tinned Copper Single End Sleeve Lug, E1508 (Pack of 200)",IBCAB,8548,RC01224,NOS,55,18%,65,,
1225,Product,Electrical,ACCESSORIES,"IBCab 2.5 Sq. mm Tinned Copper Single End Sleeve Lug, E2508 (Pack of 100)",IBCAB,8548,RC01225,NOS,71,18%,84,,
1226,Product,Electrical,ACCESSORIES,"IBCab 0.75 Sq. mm Tinned Copper Single End Sleeve Lug, E7508 (Pack of 200)",IBCAB,8548,RC01226,NOS,88,18%,104,,
1227,Product,Electrical,ACCESSORIES,"IBCab 0.5 Sq. mm Tinned Copper Single End Sleeve Lug, E0805 (Pack of 200)",IBCAB,8548,RC01227,NOS,83,18%,98,,
1228,Product,Electrical,ACCESSORIES,"IBCab 1.5 to 5 sq. mm Ring Terminal Tinned Copper Insulated, RSI-7062 (Pack of 200)",IBCAB,8548,RC01228,NOS,261,18%,309,,
1229,Product,Electrical,ACCESSORIES,"IBCab 4.6 to 6 sq. mm Ring Terminal Tinned Copper Insulated, RSI-7089 (Pack of 200)",IBCAB,8548,RC01229,NOS,541,18%,639,,
1230,Product,Electrical,ACCESSORIES,"IBCab 2.5 to 6 sq. mm Ring Terminal Tinned Copper Insulated, RSI-7072 (Pack of 200)",IBCAB,8548,RC01230,NOS,336,18%,397,,
1231,Product,Electrical,ACCESSORIES,Dowells RSI-7062 Insulated Ring Terminal Conductor Size - 1.5-5 Sq.mm (Pack of 200),DOWELLS,8548,RC01231,NOS,414,18%,489,,
1232,Product,Electrical,ACCESSORIES,Dowells RSI-7072 Insulated Ring Terminal Conductor Size - 2.5-5 Sq.mm (Pack of 200),DOWELLS,8548,RC01232,NOS,499,18%,589,,
1233,Product,Electrical,ACCESSORIES,Dowells RSI-7089 Insulated Ring Terminal Conductor Size - 4.6-6 Sq.mm (Pack of 200),DOWELLS,8548,RC01233,NOS,838,18%,989,,
1234,Product,Electrical,ACCESSORIES,"IBCab 1 Sq. mm Pin Terminal Tinned Copper Insulated, CPI-45 (Pack of 200)",IBCAB,8548,RC01234,NOS,244,18%,289,,
1235,Product,Electrical,ACCESSORIES,"IBCab 1.5 Sq. mm Pin Terminal Tinned Copper Insulated, CPI-17 (Pack of 200)",IBCAB,8548,RC01235,NOS,261,18%,309,,
1236,Product,Electrical,ACCESSORIES,"IBCab 0.75 Sq. mm Pin Terminal Tinned Copper Insulated, CPI-60 (Pack of 200)",IBCAB,8548,RC01236,NOS,244,18%,289,,
1237,Product,Electrical,ACCESSORIES,Dowells CPI-60 Tinned Copper Insulated Pin Terminal Conductor Size - 0.75 Sq.mm (Pack of 200),DOWELLS,8548,RC01237,NOS,363,18%,429,,
1238,Product,Electrical,ACCESSORIES,Dowells CPI-17 Tinned Copper Insulated Pin Terminal (Conductor Size - 1.5 Sq.mm) Pack of 200,DOWELLS,8548,RC01238,NOS,363,18%,429,,
1239,Product,Electrical,ACCESSORIES,Dowells CPI-45 Tinned Copper Insulated Pin Terminal Conductor Size - 1 Sq.mm (Pack of 200),DOWELLS,8548,RC01239,NOS,388,18%,459,,
1240,Product,Electrical,ACCESSORIES,Dowells RSI-7928 Fork Terminal 2.5-3.5 Sq.mm (Pack of 200),DOWELLS,8548,RC01240,NOS,414,18%,489,,
1241,Product,Electrical,ACCESSORIES,Dowells RSI-7928 Fork Terminal 1.5-3.5 Sq.mm (Pack of 200),DOWELLS,8548,RC01241,NOS,448,18%,529,,
1242,Product,Electrical,ACCESSORIES,0.5 Sq. mm Insulated Ferrules Cable Terminal End,0.5 SQ,8548,RC01242,NOS,2,18%,4,,
1243,Product,Electrical,ACCESSORIES,0.75 Sq. mm Insulated Ferrules Cable Terminal End ,SQ,8548,RC01243,NOS,2,18%,2,,
1244,Product,Electrical,ACCESSORIES,1 Sq. mm Insulated Ferrules Cable Terminal End ,SQ,8548,RC01244,NOS,2,18%,2,,
1245,Product,Electrical,ACCESSORIES,1.5 Sq. mm Insulated Ferrules Cable Terminal End,SQ,8548,RC01245,NOS,2,18%,2,,
1246,Product,Electrical,ACCESSORIES,Rpi Shop 2 Way Quick Push Wire Connector for Cable Lock Screwless Connector Pack of 10 (White),RPI,8548,RC01246,NOS,938,18%,1107,,
1247,Product,Electrical,ACCESSORIES,Rpi Shop 0.5 SQMM (E0508) Wire Ferrules Copper Crimp Connector White (Pack of 100),RPI SHOP 0,8548,RC01247,NOS,970,18%,1145,,
1248,Product,Electrical,ACCESSORIES,0.75 SQMM (E7508) Wire Ferrules Copper Crimp Connector Grey (Pack of 100),SQMM,8548,RC01248,NOS,1000,18%,1180,,
1249,Product,Electrical,ACCESSORIES,"Jainson Insulated Copper Pin Type Terminal End 1.5 mm² Area, 316-17 (Pack of 1000)",JAINSON,8548,RC01249,NOS,3370,18%,3977,,
1250,Product,Electrical,ACCESSORIES,"Jainson Insulated Copper Pin Type Terminal End 1.0 mm² Area, 316-45 (I) (Pack of 1000)",JAINSON,8548,RC01250,NOS,9020,18%,10644,,
1251,Product,Electrical,ACCESSORIES,"Jainson Insulated Copper Pin Type Terminal End 2.5 mm² Area, 316-19 (Pack of 1000)",JAINSON,8548,RC01251,NOS,3850,18%,4543,,
1252,Product,Electrical,ACCESSORIES,"Jainson Insulated Copper Pin Type Terminal End 6 mm² Area, 316-23 (Pack of 500)",JAINSON,8548,RC01252,NOS,7420,18%,8756,,
1253,Product,Electrical,ACCESSORIES,"Jainson Insulated Copper Pin Type Terminal End 4 mm² Area, 316-21 (Pack of 500)",JAINSON,8548,RC01253,NOS,7420,18%,8756,,
1254,Product,Electrical,ACCESSORIES,"Jainson Insulated Copper Pin Type Terminal End 10 mm² Area, 316-24 (Pack of 500)",JAINSON,8548,RC01254,NOS,11905,18%,14048,,
1255,Product,Electrical,ACCESSORIES,"Jainson Insulated Copper Pin Type Terminal End 4 mm² Area, 316-21 (Pack of 500)",JAINSON,8548,RC01255,NOS,7420,18%,8756,,
1256,Product,Electrical,ACCESSORIES,"Jainson Copper Pin Type Terminal End 1.5 mm² Area, 316-9 (Pack of 1000)",JAINSON COPPER PIN TYPE TERMINAL END 1,8548,RC01256,NOS,2529,18%,2985,,
1257,Product,Electrical,ACCESSORIES,"Jainson Copper Pin Type Terminal End 1.0 mm² Area, 316-0 (Pack of 1000)",JAINSON COPPER PIN TYPE TERMINAL END 1,8548,RC01257,NOS,3200,18%,3776,,
1258,Product,Electrical,ACCESSORIES,"Jainson Copper Pin Type Terminal End 2.5 mm² Area, 316-10 (Pack of 1000)",JAINSON COPPER PIN TYPE TERMINAL END 2,8548,RC01258,NOS,4510,18%,5322,,
1259,Product,Electrical,ACCESSORIES,"Jainson Copper Pin Type Terminal End 25 mm² Area, 316-125 (Pack of 300)",JAINSON,8548,RC01259,NOS,12864,18%,15180,,
1260,Product,Electrical,ACCESSORIES,"Jainson Copper Pin Type Terminal End 6 mm² Area, 316-5 (Pack of 1000)",JAINSON,8548,RC01260,NOS,5850,18%,6903,,
1261,Product,Electrical,ACCESSORIES,"Jainson Copper Pin Type Terminal End 50 mm² Area, 316-150 (Pack of 150)",JAINSON,8548,RC01261,NOS,10864,18%,12820,,
1262,Product,Electrical,ACCESSORIES,"Jainson Copper Pin Type Terminal End 95 mm² Area, 316-195 (Pack of 100)",JAINSON,8548,RC01262,NOS,14009,18%,16531,,
1263,Product,Electrical,ACCESSORIES,"Jainson Copper Pin Type Terminal End 70 mm² Area, 316-170 (Pack of 100)",JAINSON,8548,RC01263,NOS,9976,18%,11772,,
1264,Product,Electrical,ACCESSORIES,"Jainson Insulated U-Shaped Copper Fork Hook Terminal End 1.5 mm² Area, 172789 (Pack of 1000)",JAINSON,8548,RC01264,NOS,5210,18%,6148,,
1265,Product,Electrical,ACCESSORIES,"Jainson Insulated U-Shaped Copper Fork Hook Terminal End 0.75 mm² Area, 172799 (Pack of 1000)",JAINSON,8548,RC01265,NOS,6179,18%,7292,,
1266,Product,Electrical,ACCESSORIES,"Jainson Insulated U-Shaped Copper Fork Hook Terminal End M.R. 6 mm² Area, 179889 (Pack of 500)",JAINSON,8548,RC01266,NOS,7159,18%,8448,,
1267,Product,Electrical,ACCESSORIES,"Jainson Insulated U-Shaped Copper Fork Hook Terminal End M.R. 1.5 mm² Area, 179689 (Pack of 1000)",JAINSON,8548,RC01267,NOS,8689,18%,10254,,
1268,Product,Electrical,ACCESSORIES,"Jainson Insulated U-Shaped Copper Fork Hook Terminal End M.R. 2.5 mm² Area, 179799 (Pack of 1000)",JAINSON,8548,RC01268,NOS,1299,18%,1533,,
1269,Product,Electrical,ACCESSORIES,"Jainson Insulated U-Shaped Copper Fork Hook Terminal End M.R. 4 mm² Area, 179809 (Pack of 500)",JAINSON,8548,RC01269,NOS,10255,18%,12101,,
1270,Product,Electrical,ACCESSORIES,"Jainson Insulated U-Shaped Copper Fork Hook Terminal End M.R. 4.6 mm² Area, 179879 (Pack of 500)",JAINSON,8548,RC01270,NOS,7189,18%,8484,,
1271,Product,Electrical,ACCESSORIES,"Jainson Insulated U-Shaped Copper Fork Hook Terminal End M.R. 0.75 mm² Area, 179679 (Pack of 1000)",JAINSON,8548,RC01271,NOS,9370,18%,11057,,
1272,Product,Electrical,ACCESSORIES,"Jainson Compression Type Aluminium Tubular Terminal 225 mm² Area, 119-320 (Pack of 40)",JAINSON,8548,RC01272,NOS,2992,18%,3531,,
1273,Product,Electrical,ACCESSORIES,"Jainson Compression Type Aluminium Tubular Terminal 240 mm² Area, 119-237 (Pack of 40)",JAINSON,8548,RC01273,NOS,3783,18%,4465,,
1274,Product,Electrical,ACCESSORIES,"Jainson Compression Type Aluminium Tubular Terminal 185 mm² Area, 119-311 (Pack of 75)",JAINSON,8548,RC01274,NOS,4249,18%,5014,,
1275,Product,Electrical,ACCESSORIES,"Jainson Compression Type Aluminium Tubular Terminal 95 mm² Area, 119-229 (Pack of 150)",JAINSON,8548,RC01275,NOS,3548,18%,4187,,
1276,Product,Electrical,ACCESSORIES,"Jainson Compression Type Aluminium Tubular Terminal 70 mm² Area, 119-256 (Pack of 200)",JAINSON,8548,RC01276,NOS,4179,18%,4932,,
1277,Product,Electrical,ACCESSORIES,"Jainson Compression Type Aluminium Tubular Terminal 120 mm² Area, 119-230 (Pack of 100)",JAINSON,8548,RC01277,NOS,3320,18%,3918,,
1278,Product,Electrical,ACCESSORIES,"Jainson Compression Type Aluminium Tubular Terminal 150 mm² Area, 119-232 (Pack of 80)",JAINSON,8548,RC01278,NOS,3520,18%,4154,,
1279,Product,Electrical,ACCESSORIES,Immech 0.75 SQMM (E7508) Wire Ferrules Copper Crimp Connector Gray (Pack of 100),IMMECH 0,8548,RC01279,NOS,1000,18%,1180,,
1280,Product,Electrical,ACCESSORIES,Rpi Shop Fully Insulated Male Female Bullet Wire Connector (MPD 2-156 FRD 2-156) Pack of 50 (Blue),RPI,8548,RC01280,NOS,600,18%,708,,
1281,Product,Electrical,ACCESSORIES,Immech 0.5 SQMM (E0508) Wire Ferrules Copper Crimp Connector White (Pack of 100),IMMECH 0,8548,RC01281,NOS,970,18%,1145,,
1282,Product,Electrical,ACCESSORIES,pi Shop Copper Wire Lug Crimp Terminal Fit Cable Size:2.5 Sqmm Bolt Mouth Size: 6.2mm (Pack of 25),PI,8548,RC01282,NOS,529,18%,625,,
1283,Product,Electrical,ACCESSORIES,Rpi Shop 0.5 SQMM (E0508) Wire Ferrules Copper Crimp Connector White (Pack of 200),RPI SHOP 0,8548,RC01283,NOS,555,18%,655,,
1284,Product,Electrical,ACCESSORIES,Rpi Shop Insulated Male Female Spade Bullet Wire Connector (MDD 2-250 FDFD 2-250) Pack of 50 (Blue),RPI,8548,RC01284,NOS,615,18%,726,,
1285,Product,Electrical,ACCESSORIES,Rpi Shop Insulated Male Female Spade Bullet Wire Connector (MDD 1-250 FDFD 1-250) Pack of 50 (Red),RPI,8548,RC01285,NOS,610,18%,720,,
1286,Product,Electrical,ACCESSORIES,Rpi Shop Fully Insulated Straight Butt Connector (BV-1) Pack of 50 (Red),RPI,8548,RC01286,NOS,625,18%,738,,
1287,Product,Electrical,ACCESSORIES,Rpi Shop Copper Wire Lug Crimp Terminal Fit Cable Size:1.5 Sqmm Bolt Mouth Size: 5.2mm (Pack of 50),RPI,8548,RC01287,NOS,574,18%,678,,
1288,Product,Electrical,ACCESSORIES,Rpi Shop Fully Insulated Straight Butt Connector (BV-2) Pack of 50 (Blue),RPI,8548,RC01288,NOS,629,18%,743,,
1289,Product,Electrical,ACCESSORIES,Rpi Shop 0.75 SQMM (E7508) Wire Ferrules Copper Crimp Connector Grey (Pack of 200),RPI SHOP 0,8548,RC01289,NOS,579,18%,684,,
1290,Product,Electrical,ACCESSORIES,Rpi Shop 4 SQMM (E4009) Wire Ferrules Copper Crimp Connector Grey (Pack of 100),RPI,8548,RC01290,NOS,579,18%,684,,
1291,Product,Electrical,ACCESSORIES,"Jainson Bi-Metal Cable Lugs 185 sq.mm M10 Stud Size, JBI-185M 10 (Pack of 25)",JAINSON,8548,RC01291,NOS,24077,18%,28411,,
1292,Product,Electrical,ACCESSORIES,"Jainson Bi-Metal Cable Lugs 35 sq.mm M10 Stud Size, JBI-35M 10 (Pack of 200)",JAINSON,8548,RC01292,NOS,67738,18%,79931,,
1293,Product,Electrical,ACCESSORIES,"Jainson Bi-Metal Cable Lugs 16 sq.mm M10 Stud Size, JBI-16M 10 (Pack of 200)",JAINSON,8548,RC01293,NOS,62900,18%,74222,,
1294,Product,Electrical,ACCESSORIES,"Jainson Bi-Metal Cable Lugs 630 sq.mm M10 Stud Size, JBI-630M 12 (Pack of 15)",JAINSON,8548,RC01294,NOS,73244,18%,86428,,
