Client Ticket Reference,Branch Code,Cateogory ,Subcategory,"Prioirity
(Low / Medium / High)",Status,Ticket Date,Assigned To (Blank - It will be Assigned to City Lead),Short description
INC000003479041,60902,Facilities - Carpentry,Carpentry-shutter,Critical,Assigned,2024-02-05,,NEED GREESING ON SHUTTER
INC000003508782,61302,Facilities - Lockers,Lockers,Critical,Assigned,2024-02-09,,Sealing of locker keys of Godrej
INC000003545586,60302,Facilities - Carpentry,Carpentry-Doors,Critical,Assigned,2024-02-15,,Entry door is damaged not working properly.
INC000003548446,40152,Facilities - Electrical,Electrical -Panel / Boards,Critical,Assigned,2024-02-15,,Branch signage lights to be replaced as not working
INC000003569376,60302,Facilities - Plumbing,Plumbing-Sanitary Equipments,Critical,Assigned,2024-02-19,,WASH BASIN DAMAGED.
INC000003621601,40152,Facilities - Furniture,Furniture-Chair,Critical,Assigned,2024-02-27,,chair repring
INC000003675509,60304,Facilities - Electrical,Electrical -Lights,Critical,Assigned,2024-03-05,,Lobby light not working.
INC000003706190,60302,Facilities - Carpentry,Carpentry-Doors,Critical,Assigned,2024-03-11,,FEMALE WASHROOM WODDEN DOOR DISLODGED.
INC000003713799,60303,Facilities - Plumbing,Plumbing-Sanitary Equipments,Critical,Assigned,2024-03-12,,"Taps is broken, leakage. NEW TAP required"
INC000003715184,61081,Facilities - Plumbing,Plumbing-Sanitary Equipments,Critical,Assigned,2024-03-12,,"Main door closure is not working properly, lock mover is completely free or automatically not  close the door."
INC000003740137,42963,Facilities - Carpentry,Carpentry-shutter,Critical,Assigned,2024-03-15,,Required Branch door shutter Servicing  Ahmednagar Branch -42963
INC000003741491,41447,Facilities - Carpentry,Carpentry-Workstation,Critical,Assigned,2024-03-15,,Keyboard tray slide damage
INC000003741832,40152,Facilities - Carpentry,Carpentry-Lock / Key,Critical,Assigned,2024-03-15,,Drawer not getting locked as drawer lock broken. Also handle of the drawer broken
INC000003746804,42881,Facilities - Furniture,Furniture-Chair,Critical,Assigned,2024-03-16,,chair maintenance required.
INC000003747209,42402,Facilities - Carpentry,Carpentry-Lock / Key,Critical,Assigned,2024-03-16,,cash drawer locker is not getting close
INC000003755065,42882,Facilities - Carpentry,Carpentry-Doors,Critical,Assigned,2024-03-18,,ATM Electricity Board Box in broken condition.
INC000003759952,41447,Facilities - Carpentry,Carpentry-Doors,Critical,Assigned,2024-03-18,,Branch common Key Box Door not Lock
INC000003763637,40132,Facilities - Electrical,Electrical -Lights,Critical,Assigned,2024-03-19,,Sign Board light not working
INC000003789256,40148,Facilities - Carpentry,Carpentry-Doors,Critical,Assigned,2024-03-22,,CASH DOOR NOT CLOSE PROPERLY AND MAIN DOOR HANDLE BREAK
INC000003808851,40136,Facilities - Carpentry,Carpentry-Doors,Critical,Assigned,2024-03-26,,MAIN ENTERANCE GLASS DOOR ISSUE AND HANDLE BROKEN
INC000003817101,60902,Facilities - Electrical,Electrical -Lights,Critical,Assigned,2024-03-27,,LIGHTS ARE NOT WORKING IN GIRLS AND MENS WASHROOM
INC000003820917,40112,Facilities - Carpentry,Carpentry-shutter,Critical,Assigned,2024-03-27,,Office shutter not working properly
INC000003825847,40108,Facilities - Furniture,Furniture-Chair,Critical,Assigned,2024-03-28,,most of the chairs are damaged
INC000003827584,40132,Facilities - Furniture,Furniture-Chair,Critical,Assigned,2024-03-28,,Chairs at Nerul Branch are Damaged no chairs in sitting condition
INC000003831891,40143,Facilities - Carpentry,Carpentry-Lock / Key,Critical,Assigned,2024-03-29,,Branch Main Glass door issue -unlock lock issue
INC000003839781,40148,Facilities - Carpentry,Carpentry-Doors,Critical,Assigned,2024-03-30,,Door Handles Broken
INC000003847357,60261,Facilities - Electrical,Electrical -Panel / Boards,Critical,Assigned,2024-04-01,,Branch Power down . Electrical fuse down
INC000003847484,21351,Facilities - Sanitization,Sanitization,Critical,Assigned,2024-04-01,,branch male wash room in very bad shape. it is blocked.
INC000003847883,21219,Facilities - Carpentry,Carpentry-Doors,Critical,Assigned,2024-04-01,,"Entry Wooden Doors for Chandigarh Sales HUB - Sector 8 are dislodged, please get the repair done on priority Basis."
INC000003854002,21394,Facilities - Carpentry,Carpentry-Lock / Key,Critical,Assigned,2024-04-02,,door lock not working i have requirement new door lock 9588199450
INC000003854382,43652,Facilities - Carpentry,Carpentry-Lock / Key,Critical,Assigned,2024-04-02,,this is the old ticket no......since last 4 months work has not been done......so request you to please take this call in urgent. drawer handle 
INC000003854789,42502,Facilities - Lockers,Lockers,Critical,Assigned,2024-04-02,,Dear Admin Cianfrance room lock is not working please change
INC000003855545,21091,Facilities - Furniture,Furniture-Chair,Critical,Assigned,2024-04-02,,5 chairs armrest damaged
INC000003856669,22132,Facilities - Electrical,Electrical -Panel / Boards,Critical,Assigned,2024-04-02,,pantry socket board not working
INC000003857536,40112,Facilities - Electrical,Electrical -Panel / Boards,Critical,Assigned,2024-04-02,,branch shutter button  is not working
INC000003857583,21351,Facilities - Lockers,Lockers,Critical,Assigned,2024-04-02,,kindly swap keys of surrender lockers . Locker no 30 and 10.
INC000003858189,21622,Facilities - Electrical,Electrical -Panel / Boards,Critical,Assigned,2024-04-02,,kitchen Plug in board not working properly
INC000003858858,61451,Facilities - Carpentry,Carpentry-Workstation,Critical,Assigned,2024-04-02,,Hotline tray required at Kharagpur Br
INC000003862584,21041,Facilities - Electrical,Electrical -Lights,Critical,Assigned,2024-04-03,,Kindly provide 100 ltr diesel on urgent basis.
INC000003863193,42264,Facilities - Electrical,Electrical -Wiring,Critical,Assigned,2024-04-03,,Kindly arrange an electricitan to Surat-IBC office for create 11 no 5 amp power point creation for Access Point and 2 nos 16 amp power point creation in network
INC000003864789,40162,Facilities - Plumbing,Plumbing,Critical,Assigned,2024-04-03,,WASH BASIN REPAIR
INC000003865094,21219,Facilities - Carpentry,Carpentry-Doors,Critical,Assigned,2024-04-03,,"door closer, door stopper, door lock not functioning, new shelf required in pantry"
INC000003866351,60201,Facilities - Plumbing,Plumbing-Sanitary Equipments,Critical,Assigned,2024-04-03,,water leakage from male toilet .
INC000003866478,42221,Facilities - Carpentry,Carpentry-Lock / Key,Critical,Assigned,2024-04-03,,"Dear team, Branch wooden gate lock not working kindly arrange the vendor for lock replacement"
INC000003866495,60221,Facilities - Electrical,Electrical -Wiring,Critical,Assigned,2024-04-03,,IMMEDIATELY REQUIRE ONE ELECTRICIAN
INC000003866972,60303,Facilities - Sanitization,Sanitization,Critical,Assigned,2024-04-03,,PIPE CHOAK IN WASHROOM.
INC000003870198,60135,Facilities - Electrical,Electrical -Power,Critical,Assigned,2024-04-04,,"many of the lights, exhaust fan , air conditioner are not working along with refrigerator, coffee vending machine and microwave."
INC000003870470,21351,Facilities - Sanitization,Sanitization,Critical,Assigned,2024-04-04,,There is blockage in male wash room. KIndly resolve the issue on priority basis.
INC000003870941,21433,Facilities - Carpentry,Carpentry-shutter,Critical,Assigned,2024-04-04,,office shutter need repair
INC000003872173,61154,Facilities - Electrical,Electrical -Power,Critical,Assigned,2024-04-04,,Electrical power issues at Habra branch anytime power up and down and light off on please suggest
INC000003873744,61281,Facilities - Electrical,Electrical -Lights,Critical,Assigned,2024-04-04,,Pantry light not working
INC000003874305,60118,Facilities - Electrical,Electrical -Lights,Critical,Assigned,2024-04-04,,Tube lights are not working.
INC000003874377,60118,Facilities - Carpentry,Carpentry-shutter,Critical,Assigned,2024-04-04,,ATM shutter is not functioning properly
INC000003874932,40135,Facilities - Electrical,Electrical -Fans,Critical,Assigned,2024-04-04,,ceiling fan is not working
INC000003874943,40135,Facilities - Carpentry,Carpentry-Lock / Key,Critical,Assigned,2024-04-04,,drawers are not getting locked
INC000003875025,21943,Facilities - Plumbing,Plumbing,Critical,Assigned,2024-04-04,,In pantry drain chock smell  issue created
INC000003878304,21064,Facilities - Electrical,Electrical -Power,Critical,Assigned,2024-04-05,,6 electrical ports are not working due to which PCs are not able to start
INC000003878765,40139,Facilities - Furniture,Furniture-Chair,Critical,Assigned,2024-04-05,,CHAIRS ARE BROKEN
INC000003879113,42429,Facilities - Carpentry,Carpentry-Lock / Key,Critical,Assigned,2024-04-05,,locks keys not available drawer not working properly
INC000003881433,60138,Facilities - Electrical,Electrical -Fans,Critical,Assigned,2024-04-05,,FAN BROKEN IN HOWRAH
INC000003882120,60114,Facilities - Furniture,Furniture-Chair,Critical,Assigned,2024-04-05,,Maximum chair's backside is broken
INC000003882502,21392,Facilities - Carpentry,Carpentry-Lock / Key,Critical,Assigned,2024-04-05,,"vault door broken, locks are not working, drawers channels are broken"
INC000003882506,21392,Facilities - Electrical,Electrical -Fans,Critical,Assigned,2024-04-05,,pantry exhaust fan is not working
INC000003882514,21392,Facilities - Plumbing,Plumbing-Sanitary Equipments,Critical,Assigned,2024-04-05,,toilet flush is not working properly
INC000003885854,20133,Facilities - Furniture,Furniture-Chair,Critical,Assigned,2024-04-06,,Chair repairing and cleaning required
INC000003885867,60522,Facilities - Electrical,Electrical -Fans,Critical,Assigned,2024-04-06,,lobby ceiling fan and lights not work
INC000003885924,40163,Facilities - Electrical,Electrical -Lights,Critical,Assigned,2024-04-06,,pantry light power is off
INC000003886228,60381,Facilities - Carpentry,Carpentry-Lock / Key,Critical,Assigned,2024-04-06,,Server room door lock not working
INC000003886230,21433,Facilities - Carpentry,Carpentry-Doors,Critical,Assigned,2024-04-06,,please check
INC000003886257,21091,Facilities - Lockers,Lockers,Critical,Assigned,2024-04-06,,"dear Team, locker proper not working kaithal branch 21091 ."
INC000003886357,21624,Facilities - Carpentry,Carpentry-Lock / Key,Critical,Assigned,2024-04-06,,My Table drawer keys are already lost before my joining. Now i need keys to keep documents in lock.
INC000003887827,21391,Facilities - Carpentry,Carpentry-Doors,Critical,Assigned,2024-04-06,,Doors at Ambala Branch is broked-21391
INC000003888277,40195,Facilities - Carpentry,Carpentry-Workstation,Critical,Assigned,2024-04-06,,fire extinguisher installation on wall
INC000003889840,21071,Facilities - Electrical,Electrical -Power,Critical,Assigned,2024-04-06,,team power not working MCB Fail
INC000003896531,21064,Facilities - Electrical,Electrical -Lights,Critical,Assigned,2024-04-08,,GENSET ELECTRICITY NOT PASS TO SERVER ROOM SO AFTER SWITCH GENSET ON IT PRODUCE NO LIGHT IN BRANCH
INC000003896572,42136,Facilities - Carpentry,Carpentry-Doors,Critical,Assigned,2024-04-08,,please arrange engineer on urgent basis
INC000003896578,41268,Facilities - Carpentry,Carpentry-Lock / Key,Critical,Assigned,2024-04-08,,Need to change Drawer's lock.
INC000003896676,42581,Facilities - Carpentry,Carpentry-Lock / Key,Critical,Assigned,2024-04-08,,Drawers and cabinets doors are nit getting locked
INC000003897493,21792,Facilities - Lockers,Lockers,Critical,Assigned,2024-04-08,,"Dear Team, Key embossing is pending kindly do the needful"
INC000003898259,40104,Facilities - Civil,Civil-work,Critical,Assigned,2024-04-08,,"Flash issue at Man's toilet , need urgent attention for the same."
INC000003899683,21008,Facilities - Carpentry,Carpentry-Lock / Key,Critical,Assigned,2024-04-08,,atm power box repair
INC000003899702,42741,Facilities - Carpentry,Carpentry-Lock / Key,Critical,Assigned,2024-04-08,,drawer lock damage
INC000003899704,21234,Facilities - Carpentry,Carpentry-Doors,Critical,Assigned,2024-04-08,,while open and closing glass door is stuck in floor and door  handle are loose
INC000003901037,40327,Facilities - Electrical,Electrical -Panel / Boards,Critical,Assigned,2024-04-08,,MAIN DOOR ELECTRICAL SENSOR CAP ISSUE
INC000003901295,40314,Facilities - Electrical,Electrical -Power,Critical,Assigned,2024-04-08,,ATM IS NOT working due to power issue
INC000003901640,21634,Facilities - Electrical,Electrical -Lights,Critical,Assigned,2024-04-08,,Branch sign board not working
INC000003904656,60581,Facilities - Plumbing,Plumbing-Sanitary Equipments,Critical,Assigned,2024-04-09,,IN BOTH WASHROOMS WATER ISSUES
INC000003904863,42162,Facilities - Carpentry,Carpentry-Lock / Key,Critical,Assigned,2024-04-09,,godrej interio drawers lock break.
INC000003905011,21634,Facilities - Pantry Equipment,Pantry Equipment,Critical,Assigned,2024-04-09,,Water dispanser cleaning requires
INC000003905145,61183,Facilities - Plumbing,Plumbing-Sanitary Equipments,Critical,Assigned,2024-04-09,,Water leakage from joints of sanitary tapes
INC000003905200,42223,Facilities - Furniture,Furniture-Chair,Critical,Assigned,2024-04-09,,REQUIRED WORKSTATION FOR AADHAR DESK
INC000003905730,60423,Facilities - Plumbing,Plumbing,Critical,Assigned,2024-04-09,,urinal chocked up
INC000003905808,60502,Facilities - Electrical,Electrical -Lights,Critical,Assigned,2024-04-09,,"gold loan counter tube light blackened, need immediate repair/replacement and also ups connection required in that"
INC000003905925,60641,Facilities - Electrical,Electrical -Panel / Boards,Critical,Assigned,2024-04-09,,NEW ATM  LOLIPOP REQUIRED FOR NAYAGARH BRANCH
INC000003906353,43221,Facilities - Electrical,Electrical -Fans,Critical,Assigned,2024-04-09,,3 Ceiling fan required.
INC000003906542,41282,Facilities - Electrical,Electrical -Stabilizer,Critical,Assigned,2024-04-09,,Dear team when i swicth on of coffe matchine automatic elctricity suply are stop
INC000003906763,42141,Facilities - Electrical,Electrical -Fans,Critical,Assigned,2024-04-09,,Bathroom exhaust not working
INC000003907085,20107,Facilities - Electrical,Electrical -Lights,Critical,Assigned,2024-04-09,,PENTRY ANG LOBBY LIGHT NOT WORKING
INC000003910374,41222,Facilities - Electrical,Electrical -Power,Critical,Assigned,2024-04-10,,power issue in branch back side area
INC000003911314,20102,Facilities - Plumbing,Plumbing-Sanitary Equipments,Critical,Assigned,2024-04-10,,plumbing work required
INC000003911403,60581,Facilities - Plumbing,Plumbing-Sanitary Equipments,Critical,Assigned,2024-04-10,,WASHROOMS JETSPRAY & TAPS NOT WORKING
INC000003911560,60365,Facilities - Carpentry,Carpentry-shutter,Critical,Assigned,2024-04-10,,KINDLY AARANGE FOR SHUTTER MAINTENANCE WITH GREASE OIL WHICH IS NOT WORKING PROPER
INC000003912302,21392,Facilities - Carpentry,Carpentry-Workstation,Critical,Assigned,2024-04-10,,provide the vendor for repair the deposit slip box in branch
INC000003912703,60281,Facilities - Plumbing,Plumbing-Sanitary Equipments,Critical,Assigned,2024-04-10,,In pantry sink water blocked
INC000003912787,21581,Facilities - Electrical,Electrical -Power,Critical,Assigned,2024-04-10,,ELECTRICITY ISSUE ON 1ST FLOOR CHARGER SOCKETS NOT WORKING.
INC000003912959,60741,Facilities - Carpentry,Carpentry-Workstation,Critical,Assigned,2024-04-10,,IN PENTRY BROKEN OF LUNCH TABLE
INC000003913531,21419,Facilities - Carpentry,Carpentry-Workstation,Critical,Assigned,2024-04-10,,STORGARE REQUIRED FOR INSTALLATION ON OTHER PLACE IN PANTRY.
INC000003914100,40119,Facilities - Plumbing,Plumbing-Sanitary Equipments,Critical,Assigned,2024-04-10,,Jet spray not working
INC000003922090,20112,Facilities - Carpentry,Carpentry-Lock / Key,Critical,Assigned,2024-04-12,,Issue in drawers
INC000003922572,20182,Facilities - Carpentry,Carpentry-Lock / Key,Critical,Assigned,2024-04-12,,"Dear Team, kindly arrange Carpentry for Drawer Lock in Delhi Laxmi Nagar."
INC000003922712,42381,Facilities - Carpentry,Carpentry-Lock / Key,Critical,Assigned,2024-04-12,,cash cabin drawer lock not work kindly arrange vendor on urgent basis.
INC000003923010,21352,Facilities - Electrical,Electrical -Power,Critical,Assigned,2024-04-12,,KINLDY RESOLVE URGENTLY
INC000003923397,21064,Facilities - Lockers,Lockers,Critical,Assigned,2024-04-12,,"shutter lock handle is very tight , need greasing"
INC000003923438,60144,Facilities - Electrical,Electrical -Power,Critical,Assigned,2024-04-12,,Power Failure in ATM
INC000003923593,42432,Facilities - Carpentry,Carpentry-shutter,Critical,Assigned,2024-04-12,,Today morning shutter jam not open
INC000003923867,60121,Facilities - Electrical,Electrical -Lights,Critical,Assigned,2024-04-12,,Tube Light not working
INC000003923881,20157,Facilities - Plumbing,Plumbing-Sanitary Equipments,Critical,Assigned,2024-04-12,,Jet spray not working in gents washroom in both Part 1 & Part 2 (total 4)
INC000003923904,20157,Facilities - Plumbing,Plumbing-Sanitary Equipments,Critical,Assigned,2024-04-12,,Washbasin taps are not working (4 in Part 1 & 1 in Part 2 ) including both gents and ladies washroom
INC000003923922,20157,Facilities - Plumbing,Plumbing,Critical,Assigned,2024-04-12,,Urinal leakage in Part 1 gents toilet
INC000003923948,20157,Facilities - Sanitization,Sanitization,Critical,Assigned,2024-04-12,,2 Soap dispenser machine and 1 hand dryer not working in the part 2
INC000003925379,60115,Facilities - Electrical,Electrical -Lights,Critical,Assigned,2024-04-12,,CEILING ROUND PANEL LIGHT NOT WORKING
INC000003925592,60118,Facilities - Carpentry,Carpentry-Lock / Key,Critical,Assigned,2024-04-12,,ATM BACK DOOR LOCK NOT WORKING
INC000003925907,21791,Facilities - Carpentry,Carpentry-Doors,Critical,Assigned,2024-04-12,,branch glass not operating properly and lock is also not working properly
INC000003926140,61491,Facilities - Electrical,Electrical -Lights,Critical,Assigned,2024-04-12,,Electrical light issue in vault room
INC000003926540,21503,Facilities - Lockers,Lockers,Critical,Assigned,2024-04-12,,"Dear Team, kindly assign the vendor to visit the branch for repairing of main glass door lock for Bahu Plaza Jammu"
INC000003926550,40516,Facilities - Carpentry,Carpentry-Doors,Critical,Assigned,2024-04-12,,Carpenter required at ghansoli branch
INC000003936710,21004,Facilities - Electrical,Electrical -Power,Critical,Assigned,2024-04-15,,No electricity in entire branch
INC000003937413,20101,Facilities - Carpentry,Carpentry-Doors,Critical,Assigned,2024-04-15,,the main glass door is making sound and not closing properly please arrange a person to resolve this problem
INC000003937641,60144,Facilities - Electrical,Electrical -Power,Critical,Assigned,2024-04-15,,NEED ELECTRICIAN AT URGENT BASIS AS THERE IS POWER CUT IN THE BRANCH
INC000003937805,42429,Facilities - Electrical,Electrical -Power,Critical,Assigned,2024-04-15,,POWER FLUCTUATION AT SHAPAR BRANCH
INC000003938475,42383,Facilities - Plumbing,Plumbing,Critical,Assigned,2024-04-15,,Bad smell
INC000003939213,21432,Facilities - Carpentry,Carpentry-Doors,Critical,Assigned,2024-04-15,,Cash Counter Door Not Close properly
INC000003939273,42242,Facilities - Plumbing,Plumbing,Critical,Assigned,2024-04-15,,Wash Basin area chockup
INC000003940771,21943,Facilities - Carpentry,Carpentry-shutter,Critical,Assigned,2024-04-15,,office sutter not prperly closed and open kindly resolve urgently branch security risk
INC000003940827,21943,Facilities - Electrical,Electrical -Panel / Boards,Critical,Assigned,2024-04-15,,power switch not working properly  teller and server room power borad not working
INC000003940829,20106,Facilities - Carpentry,Carpentry-Doors,Critical,Assigned,2024-04-15,,third floor glass door dislodged
INC000003941536,21236,Facilities - Electrical,Electrical -Lights,Critical,Assigned,2024-04-15,,sales area light not working properly
INC000003945319,21003,Facilities - Carpentry,Carpentry-Workstation,Critical,Assigned,2024-04-16,,Table required for CCD coffee machine installation
INC000003945398,60109,Facilities - Carpentry,Carpentry-shutter,Critical,Assigned,2024-04-16,,ALL CUPBOARDS INSIDE PANTRY BROKEN
INC000003945648,20221,Facilities - Plumbing,Plumbing-Sanitary Equipments,Critical,Assigned,2024-04-16,,water fitting issue in washroom.
INC000003946029,60114,Facilities - Plumbing,Plumbing-Sanitary Equipments,Critical,Assigned,2024-04-16,,WATER PASSAGE BLOCKED IN URINAL POT
INC000003946564,40328,Facilities - Carpentry,Carpentry-Workstation,Critical,Assigned,2024-04-16,,We Requiver Coffie Machine woodan Stand for new Coffie Machine
INC000003947286,41261,Facilities - Carpentry,Carpentry-Lock / Key,Critical,Assigned,2024-04-16,,"please arrange carpenter for takipura branch, nee to repair drawer lock"
INC000003947340,60861,Facilities - Electrical,Electrical -Lights,Critical,Assigned,2024-04-16,,CORRIDOR AND BRANCH OUTSIDE LIGHT NOT WORKING
INC000003947423,40443,Facilities - Electrical,Electrical -Fans,Critical,Assigned,2024-04-16,,ATM Ceiling fans Are not Working
INC000003947478,40516,Facilities - Carpentry,Carpentry-Doors,Critical,Assigned,2024-04-16,,Glass door handle broken
INC000003947994,40112,Facilities - Carpentry,Carpentry-Doors,Critical,Assigned,2024-04-16,,pantry door issue
INC000003949627,60802,Facilities - Furniture,Furniture-Chair,Critical,Assigned,2024-04-16,,MANY CHAIRS GET DAMAGED
INC000003949984,42344,Facilities - Electrical,Electrical -Power,Critical,Assigned,2024-04-16,,ELECRICITY PROBLEM AT BRANCH
INC000003950206,20127,Facilities - Carpentry,Carpentry-Workstation,Critical,Assigned,2024-04-16,,new pin board required for notice
INC000003951046,60108,Facilities - Civil,Civil-work,Critical,Assigned,2024-04-16,,BRANCH GLASS DOOR LOCK IS BROKEN AND NOT FUNCTIONING
INC000003955554,20231,Facilities - Furniture,Furniture-Chair,Critical,Assigned,2024-04-17,,Chair Armrest Broken and dry-cleaning required for all the chairs
INC000003955637,20258,Facilities - Carpentry,Carpentry-Doors,Critical,Assigned,2024-04-17,,"Front doors lock breakage and in branch, there is very doors have some issues, kind arrange carpenter on urgent basis, same is for security purpose"
INC000003959083,21215,Facilities - Electrical,Electrical -Panel / Boards,Critical,Assigned,2024-04-18,,Switch of water motor is not working
INC000003959134,60681,Facilities - Electrical,Electrical -Lights,Critical,Assigned,2024-04-18,,Kindly change Branch pantry lights
INC000003959139,42138,Facilities - Electrical,Electrical -Lights,Critical,Assigned,2024-04-18,,PANTRY  LIGHTS NOT WORKING
INC000003959762,42139,Facilities - Electrical,Electrical -Panel / Boards,Critical,Assigned,2024-04-18,,board switch does not work
INC000003960245,20221,Facilities - Plumbing,Plumbing,Critical,Assigned,2024-04-18,,DAMPNESS IN LOCKER ROOM
INC000003960923,20231,Facilities - Electrical,Electrical -Wiring,Critical,Assigned,2024-04-18,,Switches and electrical panels not working
INC000003961802,40135,Facilities - Electrical,Electrical -Fans,Critical,Assigned,2024-04-18,,ceiling pan is not working
INC000003963157,20197,Facilities - Electrical,Electrical -Fans,Critical,Assigned,2024-04-18,,pantry table fan not working kindly change the fan
INC000003963656,40197,Facilities - Electrical,Electrical -Lights,Critical,Assigned,2024-04-18,,Lights not Working
INC000003963786,40148,Facilities - Carpentry,Carpentry-shutter,Critical,Assigned,2024-04-18,,SHUTTER JAM NOT WORKING PROPERLY KINDLY DO THE NEEDFUL.
INC000003963814,21621,Facilities - Lockers,Lockers,Critical,Assigned,2024-04-18,,Key's Not Available Of Drawer/Locker
INC000003963961,40134,Facilities - Electrical,Electrical -Lights,Critical,Assigned,2024-04-18,,Branch signage is not functioning during night time
INC000003964041,42403,Facilities - Electrical,Electrical -Lights,Critical,Assigned,2024-04-18,,ATM light not working
INC000003967331,60262,Facilities - Carpentry,Carpentry-Lock / Key,Critical,Assigned,2024-04-19,,drawer lock is broken and needs to ne changed
INC000003968085,20121,Facilities - Plumbing,Plumbing,Critical,Assigned,2024-04-19,,Flush sensors not working on both floors
INC000003968364,20121,Facilities - Electrical,Electrical -Fans,Critical,Assigned,2024-04-19,,Female washroom exhaust not wokring
INC000003968445,60138,Facilities - Carpentry,Carpentry-Lock / Key,Critical,Assigned,2024-04-19,,DRAWAERS OF CASH COUNTER AND FRONT DESK NOT WORKING
INC000003969041,21007,Facilities - Carpentry,Carpentry-Doors,Critical,Assigned,2024-04-19,,atm area door didn't close properly and also atm area wooden wall is damaged please repair both on urgent basis
INC000003969379,42482,Facilities - Lockers,Lockers,Critical,Assigned,2024-04-19,,Drawers locker is not working properly. Need to replace lock system of drawers.
INC000003971077,40143,Facilities - Carpentry,Carpentry-Workstation,Critical,Assigned,2024-04-19,,damged
INC000003971137,40108,Facilities - Carpentry,Carpentry-Lock / Key,Critical,Assigned,2024-04-19,,key Hive lock change
INC000003971281,21352,Facilities - Electrical,Electrical -Panel / Boards,Critical,Assigned,2024-04-19,,KINDLY REPAIRE URGENTLY
INC000003971409,60122,Facilities - Carpentry,Carpentry-Lock / Key,Critical,Assigned,2024-04-19,,LOCK OF CABINET IS DAMAGED
INC000003971786,40148,Facilities - Carpentry,Carpentry-Doors,Critical,Assigned,2024-04-19,,DOOR HANDLES BREAK AND CASH DROWER NOT OPEN
INC000003974840,21603,Facilities - Carpentry,Carpentry-shutter,Critical,Assigned,2024-04-20,,Shutter jam issue
INC000003974847,21603,Facilities - Pantry Equipment,Pantry Equipment,Critical,Assigned,2024-04-20,,Water dispener not working
INC000003974852,61151,Facilities - Carpentry,Carpentry-Doors,Critical,Assigned,2024-04-20,,FRONT GLASS DOOR IN NOT WORKING PROPERLY.KINDLY DO THE NEEDFUL ON URGENT BASIS
INC000003975048,60117,Facilities - Electrical,Electrical -Lights,Critical,Assigned,2024-04-20,,TELLER COUNTER LIGHT NOT WORKING PROPERLY
INC000003975067,60117,Facilities - Electrical,Electrical -Panel / Boards,Critical,Assigned,2024-04-20,,ROUTER PANNEL HAVE TO INSTALL
INC000003975322,40516,Facilities - Carpentry,Carpentry-Doors,Critical,Assigned,2024-04-20,,vault locker curtains to install
INC000003977410,60109,Facilities - Electrical,Electrical -Panel / Boards,Critical,Assigned,2024-04-20,,voltage issue is there for air condition
INC000003978022,42761,Facilities - Plumbing,Plumbing,Critical,Assigned,2024-04-20,,GENTS TOILET DEMAGE FLUSH GUN
INC000003978149,42602,Facilities - Carpentry,Carpentry-Doors,Critical,Assigned,2024-04-20,,Curtains Broken At Bikaner Branch
INC000003978674,20231,Facilities - Plumbing,Plumbing-Sanitary Equipments,Critical,Assigned,2024-04-20,,Washbasin leakage issue. Pipe replacement and leakage issue fixing required.
INC000003978692,20231,Facilities - Carpentry,Carpentry-shutter,Critical,Assigned,2024-04-20,,'- Door handle fixing required.
INC000003986111,60701,Facilities - Electrical,Electrical -Power,Critical,Assigned,2024-04-22,,ATM site is having high earthing issue for Dhenkanal Branch-60701
INC000003986116,42224,Facilities - Electrical,Electrical -Fans,Critical,Assigned,2024-04-22,,Dear Team request to you please arrange new fan inside atm area
INC000003986128,42224,Facilities - Carpentry,Carpentry-Lock / Key,Critical,Assigned,2024-04-22,,Dear Team request to you please arrange drawer lock for CSM DESK and teller desk
INC000003986140,42224,Facilities - Carpentry,Carpentry-Doors,Critical,Assigned,2024-04-22,,Dear team branch wooden gate and atm wooden gate door not proper functioning kindly arrange vendor
INC000003986158,60521,Facilities - Carpentry,Carpentry-Doors,Critical,Assigned,2024-04-22,,dear team teller wooden door repairs required urgently with locker.
INC000003986691,39202,Facilities - Electrical,Electrical -Wiring,Critical,Assigned,2024-04-22,,Electrical work for Bio-Metric installation
INC000003987026,21351,Facilities - Electrical,Electrical -Fans,Critical,Assigned,2024-04-22,,we require wall mount fan in CPC lobby area
INC000003987843,21005,Facilities - Carpentry,Carpentry-Lock / Key,Critical,Assigned,2024-04-22,,cheque drop box key broken
INC000003988010,60117,Facilities - Electrical,Electrical -Wiring,Critical,Assigned,2024-04-22,,engineer reqd for wifi device mount
INC000003988241,60115,Facilities - Electrical,Electrical -Power,Critical,Assigned,2024-04-22,,Continuous power failure in New Alipore Branch (60115) since today morning i.e. 22/04/2024
INC000003988559,40148,Facilities - Electrical,Electrical -Power,Critical,Assigned,2024-04-22,,"ATM MACHINE'S POWER NOT FUNCTUNING,"
INC000003988583,61312,Facilities - Carpentry,Carpentry-Lock / Key,Critical,Assigned,2024-04-22,,TELLER Door lock not working properly.
INC000003989278,20118,Facilities - Carpentry,Carpentry-Doors,Critical,Assigned,2024-04-22,,The lock of the ladies washroom has broken and hence people are getting stuck in washroom
INC000003990144,42129,Facilities - Carpentry,Carpentry-Doors,Critical,Assigned,2024-04-22,,DOOR HANDLE DAMAGED AT RAJA PARK AND ALSO STOPPER NEED TO BE REPLACED
INC000003990256,42129,Facilities - Carpentry,Carpentry-Lock / Key,Critical,Assigned,2024-04-22,,FEW CABINET LOCKS NOT WORKING AT RAJA PARK
INC000003990608,21313,Facilities - Electrical,Electrical -Lights,Critical,Assigned,2024-04-22,,"TELLER COUNTER BOARD LIGHT NOT WORKING, 21313, NIT FARIDABAD, CONTACT- 8285539711"
INC000003990857,20151,Facilities - Carpentry,Carpentry-Doors,Critical,Assigned,2024-04-22,,door closer not functioning
INC000003994226,20157,Facilities - Carpentry,Carpentry-Workstation,Critical,Assigned,2024-04-23,,Lan Port Console is broken
INC000003994454,21091,Facilities - Lockers,Lockers,Critical,Assigned,2024-04-23,,request for repair lockers
INC000003994997,42421,Facilities - Carpentry,Carpentry-Lock / Key,Critical,Assigned,2024-04-23,,"Cabinet Lock not working, and self/ Partition support broken of storage cabinet."
INC000003995743,21392,Facilities - Carpentry,Carpentry-Doors,Critical,Assigned,2024-04-23,,door locks and handles are broken.
INC000003995779,60132,Facilities - Carpentry,Carpentry-Doors,Critical,Assigned,2024-04-23,,Glass door Dislodged at CPC Main door
INC000003995846,20144,Facilities - Pantry Equipment,Pantry Equipment,Critical,Assigned,2024-04-23,,WATER BOTTLE NOT AVAILBE FOR COFFEE MACHINE
INC000003996598,60504,Facilities - Carpentry,Carpentry-Workstation,Critical,Assigned,2024-04-23,,kindly resolve  drawer broken
INC000003997748,42282,Facilities - Carpentry,Carpentry-Doors,Critical,Assigned,2024-04-23,,Unable to Lock Customer service door
INC000003999204,60121,Facilities - Carpentry,Carpentry-Doors,Critical,Assigned,2024-04-23,,Door Closer spring not working. Please resolve it ASAP.
INC000003999226,60121,Facilities - Electrical,Electrical -Fans,Critical,Assigned,2024-04-23,,Exhaust Fans not working.
INC000004002673,20107,Facilities - Electrical,Electrical -Power,Critical,Assigned,2024-04-24,,please do the needfull
INC000004003402,20152,Facilities - Carpentry,Carpentry-shutter,Critical,Assigned,2024-04-24,,UNABLE TO OPEN SHUTTER EASILY KINDLY RESOLVE
INC000004003838,61161,Facilities - Carpentry,Carpentry-Workstation,Critical,Assigned,2024-04-24,,KINDLY ARRANGE ONE EXTRA NOTICE BOARD ON BACK SIDE OF BRANCH FOR HR NOTICES
INC000004003860,61161,Facilities - Electrical,Electrical -Lights,Critical,Assigned,2024-04-24,,KINDLY ARRANGE ONE EXTRA LIGHT ON GOLD LOAN DESK
INC000004004006,20121,Facilities - Furniture,Furniture-Chair,Critical,Assigned,2024-04-24,,Multiple chairs need to be fixed - approx 30 chairs.
INC000004004146,43431,Facilities - Carpentry,Carpentry-Doors,Critical,Assigned,2024-04-24,,CASH COUNTER DOOR NOT CLOSE PROPERLY
INC000004004204,43312,Facilities - Carpentry,Carpentry-Lock / Key,Critical,Assigned,2024-04-24,,KEYBOARD TRAY BROKE
INC000004004690,60265,Facilities - Plumbing,Plumbing-Sanitary Equipments,Critical,Assigned,2024-04-24,,Water supplier pipe issue
INC000004005025,42924,Facilities - Civil,Civil-work,Critical,Assigned,2024-04-24,,water flush button toilet not working
INC000004005323,21231,Facilities - Carpentry,Carpentry-Workstation,Critical,Assigned,2024-04-24,,work to be done on workstations
INC000004005356,21231,Facilities - Electrical,Electrical -Lights,Critical,Assigned,2024-04-24,,LIGHTS NOT WORKING IN BRANCH
INC000004005432,21943,Facilities - Electrical,Electrical -Panel / Boards,Critical,Assigned,2024-04-24,,atm lollypop not working   also branch display boards light not working
INC000004005538,60902,Facilities - Electrical,Electrical -Lights,Critical,Assigned,2024-04-24,,PVC LIGHT NOT WORKING
INC000004006331,43661,Facilities - Electrical,Electrical -Fans,Critical,Assigned,2024-04-24,,Washroom Fan not working
INC000004006345,43661,Facilities - Plumbing,Plumbing,Critical,Assigned,2024-04-24,,Washroom water leakage issue
INC000004006620,21634,Facilities - Plumbing,Plumbing,Critical,Assigned,2024-04-24,,Filing water in Washroom
INC000004006656,21792,Facilities - Electrical,Electrical -Panel / Boards,Critical,Assigned,2024-04-24,,"Dear Team, LED Screen is getting auto off. kindly provide the solution"
INC000004006778,20217,Facilities - Lockers,Lockers,Critical,Assigned,2024-04-24,,Not able to open Locker. It's gate stuck while we are trying to open the locker. Locker Company Godrej
INC000004007262,21471,Facilities - Carpentry,Carpentry-Workstation,Critical,Assigned,2024-04-24,,Pantry Coffee machine stand/tray required
INC000004007429,21471,Facilities - Electrical,Electrical -Panel / Boards,Critical,Assigned,2024-04-24,,Coffee machine panel board required in pantry
INC000004007539,43392,Facilities - Plumbing,Plumbing-Sanitary Equipments,Critical,Assigned,2024-04-24,,FLUSH NOT WORKING OF WASHROOM
INC000004010964,20151,Facilities - Electrical,Electrical -Wiring,Critical,Assigned,2024-04-25,,NEED AN ELECTRICIAN FOR WIRING AS REQUIRED BY NETWORK TEAM FOR VODA NETWORK ISSUE
INC000004010985,43471,Facilities - Carpentry,Carpentry-Doors,Critical,Assigned,2024-04-25,,Dear Team in our branch 5 door stoppers not functioning kindly arrange vender asap.
INC000004011216,60145,Facilities - Plumbing,Plumbing,Critical,Assigned,2024-04-25,,there is drain chock up and the pantry is flooded with water
INC000004011369,21216,Facilities - Electrical,Electrical -Wiring,Critical,Assigned,2024-04-25,,ATM wiring box is not in the place
INC000004011445,21502,Facilities - Carpentry,Carpentry-Lock / Key,Critical,Assigned,2024-04-25,,Drawer Lock not working
INC000004011495,42542,Facilities - Electrical,Electrical -Fans,Critical,Assigned,2024-04-25,,WALL FAN NOT WORKING ARRANGE SOLUTION
INC000004011582,42542,Facilities - Carpentry,Carpentry-Doors,Critical,Assigned,2024-04-25,,WOODEN DOOR NOT WORKING PROPERLY
INC000004011676,41325,Facilities - Electrical,Electrical -Fans,Critical,Assigned,2024-04-25,,LIGHT  AND FAN ISSUE
INC000004011728,42224,Facilities - Electrical,Electrical -Fans,Critical,Assigned,2024-04-25,,Dear Team request to you please arrange celling fan inside the atm area
INC000004011772,21012,Facilities - Carpentry,Carpentry-Lock / Key,Critical,Assigned,2024-04-25,,"Dear Team, our Methodex almirah lock has been stuck. request you to please send the carpenter to the branch on urgent basis"
INC000004012207,60902,Facilities - Electrical,Electrical -Wiring,Critical,Assigned,2024-04-25,,server room wiring issue.
INC000004012219,42423,Facilities - Carpentry,Carpentry-Doors,Critical,Assigned,2024-04-25,,please share address name plate for branch -new address name plate requied
INC000004012252,60442,Facilities - Lockers,Lockers,Critical,Assigned,2024-04-25,,UNABLE TO OPEN LOCKER NO 1 FOR BRANCH USE
INC000004012407,41413,Facilities - Electrical,Electrical -Fans,Critical,Assigned,2024-04-25,,"Dear Team,  kindly repier the fan"
INC000004013078,60124,Facilities - Plumbing,Plumbing,Critical,Assigned,2024-04-25,,"Panty basin drain chockup  , we are facing problem. Kindly resolve the issue ASAP"
INC000004013215,42966,Facilities - Electrical,Electrical -Lights,Critical,Assigned,2024-04-25,,branch having 4 tubes are in not working condition kindly replace it on high priority
INC000004013223,20145,Facilities - Carpentry,Carpentry-Lock / Key,Critical,Assigned,2024-04-25,,ATM inner lock broken kindly replace on urgent basis
INC000004013257,20214,Facilities - Furniture,Furniture-Chair,Critical,Assigned,2024-04-25,,damage due to Nilgai
INC000004014033,20151,Facilities - Carpentry,Carpentry-Doors,Critical,Assigned,2024-04-25,,Door closer is not functioning
INC000004014328,61491,Facilities - Carpentry,Carpentry-Lock / Key,Critical,Assigned,2024-04-25,,FRFC LOCK ISSUE
INC000004015411,43621,Facilities - Electrical,Electrical -Panel / Boards,Critical,Assigned,2024-04-25,,"kindly repair plug points , exhaust fan and fan"
INC000004015753,61111,Facilities - Carpentry,Carpentry-Lock / Key,Critical,Assigned,2024-04-25,,locks are not functioning properly
INC000004016178,61061,Facilities - Plumbing,Plumbing-Sanitary Equipments,Critical,Assigned,2024-04-25,,Washroom tub not working properly
INC000004016179,61061,Facilities - Carpentry,Carpentry-Doors,Critical,Assigned,2024-04-25,,Branch main door not locked properly
INC000004019671,21431,Facilities - Carpentry,Carpentry-Lock / Key,Critical,Assigned,2024-04-26,,Server Room Door Lock not working
INC000004020538,61421,Facilities - Plumbing,Plumbing,Critical,Assigned,2024-04-26,,In both male and female washroom flush is not working properly.
INC000004020621,21432,Facilities - Carpentry,Carpentry-Doors,Critical,Assigned,2024-04-26,,Cash Counter door not functioning properly.
INC000004021342,61421,Facilities - Plumbing,Plumbing-Sanitary Equipments,Critical,Assigned,2024-04-26,,FEMALE WASHROOM JET SPRAY NOT WORKING
INC000004022128,20135,Facilities - Pantry Equipment,Pantry Equipment,Critical,Assigned,2024-04-26,,"Drinking water disposal cup not available at branch , kindly do the needful on priority basis"
INC000004022553,21231,Facilities - Electrical,Electrical -Wiring,Critical,Assigned,2024-04-26,,align Electrician and scheduled with us. Share time.
INC000004022842,60305,Facilities - Plumbing,Plumbing-Sanitary Equipments,Critical,Assigned,2024-04-26,,3 in one faucet tape damage water leakage kindly resolve on urgent basis.
INC000004022977,40136,Facilities - Plumbing,Plumbing,Critical,Assigned,2024-04-26,,wash basin tap issue
INC000004023187,40136,Facilities - Carpentry,Carpentry-Doors,Critical,Assigned,2024-04-26,,door closer not functioning
INC000004027038,40339,Facilities - Carpentry,Carpentry-Doors,Critical,Assigned,2024-04-27,,wash room air handles
INC000004027059,20113,Facilities - Pantry Equipment,Pantry Equipment,Critical,Assigned,2024-04-27,,THERE IS SHORTAGE OF DRINKING WATER IN EVERY THIRD DAY.
INC000004035090,20107,Facilities - Carpentry,Carpentry-Lock / Key,Critical,Assigned,2024-04-29,,METHODOX FRFC DOOR NOT WORKING PROPERLY
INC000004035425,21376,Facilities - Carpentry,Carpentry-Doors,Critical,Assigned,2024-04-29,,Thier is no lock given in the Men's wash room.
INC000004036973,21414,Facilities - Electrical,Electrical -Power,Critical,Assigned,2024-04-29,,No power in 3 branch AC.
INC000004037045,41272,Facilities - Electrical,Electrical -Stabilizer,Critical,Assigned,2024-04-29,,"Electricity power voltage continually up down - low 225 191 193 and high 240 242 255, hence Light, AC, FAN Continually Fluctuate."
INC000004037367,60103,Facilities - Electrical,Electrical -Panel / Boards,Critical,Assigned,2024-04-29,,Teller back signage was not working at Dalhousie branch. Light not working in signage board. Please resolve.
INC000004038577,43418,Facilities - Carpentry,Carpentry-Workstation,Critical,Assigned,2024-04-29,,"Dear Team Kindly find attached snap for furniture, workstation, wall for repairing works required for Bassi_43418 branch."
INC000004038900,20121,Facilities - Electrical,Electrical -Power,Critical,Assigned,2024-04-29,,"Power running on generator, multiple times power loss,please check on immediate basis."
INC000004039889,42501,Facilities - Electrical,Electrical -Lights,Critical,Assigned,2024-04-29,,some lights are not working
INC000004039935,42501,Facilities - Carpentry,Carpentry-Lock / Key,Critical,Assigned,2024-04-29,,drawer locks not working
INC000004039949,42501,Facilities - Carpentry,Carpentry-shutter,Critical,Assigned,2024-04-29,,shutter jam
INC000004043422,40181,Facilities - Plumbing,Plumbing,Critical,Assigned,2024-04-30,,branch has water tankers in which they fill the water on daily basis but for some issue water is not going in to tankers and now this is daily issue pls send pe
INC000004043426,42122,Facilities - Electrical,Electrical -Fans,Critical,Assigned,2024-04-30,,"Dear Team, ceiling Fan not working and reguleter not working. please resolve issue ."
INC000004043521,21332,Facilities - Plumbing,Plumbing,Critical,Assigned,2024-04-30,,kindly resolve sink get chok
INC000004044011,20197,Facilities - Carpentry,Carpentry-Doors,Critical,Assigned,2024-04-30,,cash drawer not open properly
INC000004044521,60603,Facilities - Carpentry,Carpentry-Doors,Critical,Assigned,2024-04-30,,"REPAIRE REQUIRE IN DOOR HANDLE IN ATM GATE, DUE TO HANDLE ISSUE IT IS UNCONFIRTABLE TO OPEN THE GATE"
INC000004046159,20228,Facilities - Carpentry,Carpentry-Lock / Key,Critical,Assigned,2024-04-30,,broken drawer
INC000004046175,60821,Facilities - Pantry Equipment,Pantry Equipment,Critical,Assigned,2024-04-30,,Water Dispenser not working.
INC000004046865,20258,Facilities - Electrical,Electrical -Power,Critical,Assigned,2024-04-30,,power failure at yamuna vihar branch
INC000004047767,40103,Facilities - Carpentry,Carpentry-Lock / Key,Critical,Assigned,2024-04-30,,DRAWER LOCK
INC000004048013,21333,Facilities - Carpentry,Carpentry-Doors,Critical,Assigned,2024-04-30,,DOOR HANDLE GETTING LOOSE.
INC000004051500,43101,Facilities - Carpentry,Carpentry-Lock / Key,Critical,Assigned,2024-05-01,,counter door are broken
INC000004051556,42682,Facilities - Electrical,Electrical -Lights,Critical,Assigned,2024-05-01,,Meeting room light is not working
INC000004051886,20159,Facilities - Carpentry,Carpentry-Workstation,Critical,Assigned,2024-05-01,,ATM Room Wall rushed with iron because of leakage of water from ATM Room AC Drane pine. Kindly resolve this on priority.
INC000004051926,20159,Facilities - Carpentry,Carpentry-Doors,Critical,Assigned,2024-05-01,,"2 Wooden door dislodged from one side, Kindly fix this on priority."
INC000004051928,40351,Facilities - Electrical,Electrical -Fans,Critical,Assigned,2024-05-01,,Exhausts Fans are not working
INC000004052040,20138,Facilities - Plumbing,Plumbing-Sanitary Equipments,Critical,Assigned,2024-05-01,,"jet spray broken, tissue paper box required and soft dispenser"
INC000004052550,40327,Facilities - Carpentry,Carpentry-Lock / Key,Critical,Assigned,2024-05-01,,drawer lock change required
INC000004052552,40327,Facilities - Carpentry,Carpentry-Doors,Critical,Assigned,2024-05-01,,door closure not working properly
INC000004052681,40443,Facilities - Electrical,Electrical -Fans,Critical,Assigned,2024-05-01,,ATM ceiling fan not working
INC000004052791,42421,Facilities - Furniture,Furniture-Chair,Critical,Assigned,2024-05-01,,"chair hydraulic not working, chair automatically down when we sit on the chair"
INC000004053315,60603,Facilities - Electrical,Electrical -Lights,Critical,Assigned,2024-05-01,,gold loan desk area does not have any back up current/light facility.
INC000004056542,20228,Facilities - Plumbing,Plumbing-Sanitary Equipments,Critical,Assigned,2024-05-02,,Female Washroom are not in use due to breakage of flush
INC000004056625,42421,Facilities - Electrical,Electrical -Panel / Boards,Critical,Assigned,2024-05-02,,inside bank bank sign light board is not working
INC000004057056,41112,Facilities - Furniture,Furniture-Chair,Critical,Assigned,2024-05-02,,kindly assist
INC000004057083,21792,Facilities - Dormitory,Dormitory-Maintanance,Critical,Assigned,2024-05-02,,"Dear Team, Branch big shutter is not working properly facing issue while opening and closing."
INC000004057130,21019,Facilities - Lockers,Lockers,Critical,Assigned,2024-05-02,,locker keys are surrendered. kindly assign the vendor for locker key replacement
INC000004057157,60133,Facilities - Electrical,Electrical -Fans,Critical,Assigned,2024-05-02,,LADIES WASHROOM AND PANTRY EXHAUST FAN NOT WORKING
INC000004057283,41263,Facilities - Carpentry,Carpentry-Lock / Key,Critical,Assigned,2024-05-02,,"drawer lock replacement and new lock required in server room , drawer reparing work"
INC000004057295,41263,Facilities - Plumbing,Plumbing-Sanitary Equipments,Critical,Assigned,2024-05-02,,"washroom pot needs to be changed, said Numerious times but still non of them changed it"
INC000004057984,41323,Facilities - Carpentry,Carpentry-Lock / Key,Critical,Assigned,2024-05-02,,DRAWERS IS NOT LOCK .
INC000004058254,41384,Facilities - Carpentry,Carpentry-Workstation,Critical,Assigned,2024-05-02,,5 Keyboards Tray requirements for CPA user desktop as work is impacted due to this.
INC000004058384,20127,Facilities - Carpentry,Carpentry-Workstation,Critical,Assigned,2024-05-02,,repairing of drawer
INC000004059635,20256,Facilities - Carpentry,Carpentry-Lock / Key,Critical,Assigned,2024-05-02,,DBM set got lost and found on the next day due to which branch needs to change the locks for frfc vault doors and gold loan safe and cash vault safe
INC000004059761,43351,Facilities - Carpentry,Carpentry-Lock / Key,Critical,Assigned,2024-05-02,,ALL drawers locks not working properly
INC000004060171,42563,Facilities - Carpentry,Carpentry-Lock / Key,Critical,Assigned,2024-05-02,,Key hive locks need to be changed as keys misplaced
INC000004060904,60341,Facilities - Furniture,Furniture-Chair,Critical,Assigned,2024-05-02,,Suitcaise of cash counter is Broken
INC000004064586,60442,Facilities - Carpentry,Carpentry-Doors,Critical,Assigned,2024-05-03,,BRANCH GLASS DOOR IS DISLODGED AND NOT OPEN AND SHUT PROPERLY.
INC000004064984,43161,Facilities - Carpentry,Carpentry-Lock / Key,Critical,Assigned,2024-05-03,,"dear team, my drawer lock is not working. contact no 7771857545"
INC000004065655,61151,Facilities - Carpentry,Carpentry-Doors,Critical,Assigned,2024-05-03,,DEAR TEAM MAIN GLASS DOOR IS NOT WORKING PROPERLY KINDLY DO THE NEEDFUL ON URGENT BASIS
INC000004065770,42682,Facilities - Electrical,Electrical -Lights,Critical,Assigned,2024-05-03,,light is not working
INC000004066704,20249,Facilities - Sanitization,Sanitization,Critical,Assigned,2024-05-03,,TEAM REQUIRED DOORMATE FOR MAIN DOOR
INC000004066751,20249,Facilities - Carpentry,Carpentry-Workstation,Critical,Assigned,2024-05-03,,DEAR TEAM PLEASE PROVIDE COFFIEC TABLE ON URGENT BASIS
INC000004066917,20145,Facilities - Plumbing,Plumbing,Critical,Assigned,2024-05-03,,leakages issue in Washroom
INC000004067422,42881,Facilities - Carpentry,Carpentry-Doors,Critical,Assigned,2024-05-03,,MAIN DOOR CLOSURE AND WASHROOM CLOSURE NOT WORKING
INC000004067522,42881,Facilities - Electrical,Electrical -Fans,Critical,Assigned,2024-05-03,,CEILING FAN NOT WORKING
INC000004067672,20144,Facilities - Carpentry,Carpentry-Lock / Key,Critical,Assigned,2024-05-03,,need to change to the lock lobby and BM Cabien
INC000004068884,21179,Facilities - Carpentry,Carpentry-Lock / Key,Critical,Assigned,2024-05-03,,Breakage of Drawers locks
INC000004069089,60721,Facilities - Carpentry,Carpentry-Workstation,Critical,Assigned,2024-05-03,,Wall plywood are damaged in lobby area.
INC000004069143,43722,Facilities - Electrical,Electrical -Lights,Critical,Assigned,2024-05-03,,BRANCH LED IS NOT WORKING
INC000004069429,61121,Facilities - Carpentry,Carpentry-Lock / Key,Critical,Assigned,2024-05-03,,DRAWER NOT WORKING PROPERLY
INC000004073160,20128,Facilities - Carpentry,Carpentry-Workstation,Critical,Assigned,2024-05-04,,comprehensive notice board not installed in the branch which needs to be drilled to get the same installed
INC000004073255,42948,Facilities - Carpentry,Carpentry-Workstation,Critical,Assigned,2024-05-04,,Cash counter cupboard pedestal getting collapse again and again.
INC000004073350,20159,Facilities - Dormitory,Dormitory-Maintanance,Critical,Assigned,2024-05-04,,Washroom Exhaust Fans are not working properly as they are running slow and ventilation is been not done properly. Kindly do the needful on priority.
INC000004073632,21472,Facilities - Plumbing,Plumbing,Critical,Assigned,2024-05-04,,Commode button is not working
INC000004073809,42123,Facilities - Carpentry,Carpentry-Lock / Key,Critical,Assigned,2024-05-04,,Main Door keys are Broken kindly change the Door lock Branch Code - 42123
INC000004074007,40108,Facilities - Plumbing,Plumbing-Sanitary Equipments,Critical,Assigned,2024-05-04,,JET SPRAY PIPE LEAKAGE
INC000004074296,60701,Facilities - Carpentry,Carpentry-Workstation,Critical,Assigned,2024-05-04,,dear team kindly arrange for a white board in BM CABIN
INC000004074926,43521,Facilities - Carpentry,Carpentry-Doors,Critical,Assigned,2024-05-04,,DOOR HANDLES
INC000004076636,20231,Facilities - Plumbing,Plumbing-Sanitary Equipments,Critical,Assigned,2024-05-04,,water chocking issue in branch
INC000004076647,20231,Facilities - Carpentry,Carpentry-Lock / Key,Critical,Assigned,2024-05-04,,locks not working properly
INC000004076825,43123,Facilities - Plumbing,Plumbing-Sanitary Equipments,Critical,Assigned,2024-05-04,,Pipe jammed
INC000004076885,60401,Facilities - Carpentry,Carpentry-Lock / Key,Critical,Assigned,2024-05-04,,Need To change drawer lock
INC000004077169,21231,Facilities - Carpentry,Carpentry-Lock / Key,Critical,Assigned,2024-05-04,,cash counter gate lock have some issues
INC000004077403,21792,Facilities - Carpentry,Carpentry-Doors,Critical,Assigned,2024-05-04,,Carpentry issue at Roorkee Branch
INC000004078958,20141,Facilities - Plumbing,Plumbing-Sanitary Equipments,Critical,Assigned,2024-05-05,,"jetspray not working in my branch, replacement required immediately"
INC000004084055,42344,Facilities - Carpentry,Carpentry-Lock / Key,Critical,Assigned,2024-05-06,,teller cash drawer broken
INC000004084057,60921,Facilities - Lockers,Lockers,Critical,Assigned,2024-05-06,,Gold Loan Drawer lock not working and cash counter cab bord broken
INC000004084240,42267,Facilities - Lockers,Lockers,Critical,Assigned,2024-05-06,,key lost
INC000004084259,41262,Facilities - Carpentry,Carpentry-Workstation,Critical,Assigned,2024-05-06,,4 5 keyboard tray repairing
INC000004084284,40352,Facilities - Electrical,Electrical -Lights,Critical,Assigned,2024-05-06,,TELLER CABIN LIGHT NOT WORKING
INC000004084360,40324,Facilities - Furniture,Furniture-Chair,Critical,Assigned,2024-05-06,,please arrange the engineers to do the needful
INC000004084452,41262,Facilities - Carpentry,Carpentry-Workstation,Critical,Assigned,2024-05-06,,Drawer repairing
INC000004085085,40353,Facilities - Plumbing,Plumbing,Critical,Assigned,2024-05-06,,washroom tap leakage
INC000004085236,61471,Facilities - Plumbing,Plumbing-Sanitary Equipments,Critical,Assigned,2024-05-06,,Jet spray not working
INC000004085454,60761,Facilities - Carpentry,Carpentry-shutter,Critical,Assigned,2024-05-06,,Dear team the glass door main door  is broken by customer while going out from the branch and the same needs to be get repaired on urgent basis
INC000004085472,43001,Facilities - Dormitory,Dormitory-Maintanance,Critical,Assigned,2024-05-06,,Atm fan not working
INC000004086380,43101,Facilities - Electrical,Electrical -Lights,Critical,Assigned,2024-05-06,,2 LED tubelight requried.
INC000004086407,20253,Facilities - Electrical,Electrical -Fans,Critical,Assigned,2024-05-06,,WALL FAN NOT WORKING AND CIELING LIGHT NOT WORKING
INC000004086495,40148,Facilities - Electrical,Electrical -Panel / Boards,Critical,Assigned,2024-05-06,,Short circuit happen in front desk eclectic board
INC000004087152,42389,Facilities - Plumbing,Plumbing,Critical,Assigned,2024-05-06,,Total 2 Wash basing pipe leakage issue @ Vadodara sales hub branch
INC000004087174,40122,Facilities - Electrical,Electrical -Lights,Critical,Assigned,2024-05-06,,POWER CUT AT KALYAN BRANCH EMP CODE 40122
INC000004087261,42223,Facilities - Carpentry,Carpentry-Lock / Key,Critical,Assigned,2024-05-06,,teller drawer broken need to fix on urgent basis.
INC000004088012,21471,Facilities - Electrical,Electrical -Wiring,Critical,Assigned,2024-05-06,,Branch internal electric wiring is not correct due to this problem electricity  is not coming in Karnal branch.
INC000004088160,20229,Facilities - Plumbing,Plumbing-Sanitary Equipments,Critical,Assigned,2024-05-06,,male washroom fittings and water leakage
INC000004088161,43419,Facilities - Electrical,Electrical -Fans,Critical,Assigned,2024-05-06,,"Wall mount fan is not working of pantry, Its cause of suffocation while having lunch ,"
INC000004088185,43419,Facilities - Plumbing,Plumbing-Sanitary Equipments,Critical,Assigned,2024-05-06,,Male washroom having issue in Jet Spray
INC000004088223,43419,Facilities - Carpentry,Carpentry-Doors,Critical,Assigned,2024-05-06,,Female washroom main gate is not working
INC000004088307,43419,Facilities - Carpentry,Carpentry-Doors,Critical,Assigned,2024-05-06,,Door handle of Female washroom inside
INC000004088332,42406,Facilities - Carpentry,Carpentry-Lock / Key,Critical,Assigned,2024-05-06,,"CPC Goa Processing door room lock not functioning properly, need to set the latch lock immediately"
INC000004088919,20118,Facilities - Carpentry,Carpentry-Doors,Critical,Assigned,2024-05-06,,some locker are not working request for help
INC000004092318,21313,Facilities - Electrical,Electrical -Power,Critical,Assigned,2024-05-07,,COMPLETE POWER FAILURE KINDLY HELP URGENTLY
INC000004092398,20105,Facilities - Plumbing,Plumbing,Critical,Assigned,2024-05-07,,"Dear Team, request you to assing the there is some to resolve the  issue  Chockup and Drainage ."
INC000004092411,20143,Facilities - Carpentry,Carpentry-Doors,Critical,Assigned,2024-05-07,,DOOR STOPPERS NOT WORKING
INC000004092424,21471,Facilities - Electrical,Electrical -Power,Critical,Assigned,2024-05-07,,NO ELECTRICITY IN KARNAL BRANCH
INC000004092429,20143,Facilities - Plumbing,Plumbing-Sanitary Equipments,Critical,Assigned,2024-05-07,,SINK PIPE FITTING
INC000004092703,21211,Facilities - Electrical,Electrical -Power,Critical,Assigned,2024-05-07,,Electricity Issue at Sector 8 Chandigarh Branch
INC000004093178,21317,Facilities - Electrical,Electrical -Panel / Boards,Critical,Assigned,2024-05-07,,Power Point and Lan port need to be installed for TV panel in newly opened branch
INC000004093338,21008,Facilities - Pantry Equipment,Pantry Equipment,Critical,Assigned,2024-05-07,,water coller dispenser not working
INC000004093343,20138,Facilities - Furniture,Furniture-Chair,Critical,Assigned,2024-05-07,,6 chairs need to be repaired at Mayur Vihar
INC000004093381,43419,Facilities - Electrical,Electrical -Fans,Critical,Assigned,2024-05-07,,Wall mount Fan required at Liablity Sales Hub at APO Desk
INC000004093647,42224,Facilities - Plumbing,Plumbing-Sanitary Equipments,Critical,Assigned,2024-05-07,,Dear Team request to you please arrange vendor for repair  water dispanser and ro for NKT BRANCH 42224
INC000004094525,41224,Facilities - Carpentry,Carpentry-shutter,Critical,Assigned,2024-05-07,,Shutter not functioning
INC000004094557,41224,Facilities - Electrical,Electrical -Lights,Critical,Assigned,2024-05-07,,Gold Loan Cabin Light issue
INC000004094594,20118,Facilities - Carpentry,Carpentry-Doors,Critical,Assigned,2024-05-07,,Main gate of the CS area gate not working
INC000004094607,42983,Facilities - Electrical,Electrical -Power,Critical,Assigned,2024-05-07,,System Network Issue
INC000004095208,41358,Facilities - Plumbing,Plumbing-Sanitary Equipments,Critical,Assigned,2024-05-07,,Drange chowk up issue in Kalyani Nagar Branch
INC000004095826,20144,Facilities - Carpentry,Carpentry-Lock / Key,Critical,Assigned,2024-05-07,,CABINETS LOCK ISSUE
INC000004095845,20144,Facilities - Electrical,Electrical -Fans,Critical,Assigned,2024-05-07,,PANTRY FAN CHANGE REQUEST
INC000004096131,21624,Facilities - Plumbing,Plumbing-Sanitary Equipments,Critical,Assigned,2024-05-07,,getting tap and fitting issue at pentry
INC000004096408,43722,Facilities - Electrical,Electrical -Lights,Critical,Assigned,2024-05-07,,FRONT LIGHT NOT WORKING
INC000004096611,41262,Facilities - Dormitory,Dormitory-Maintanance,Critical,Assigned,2024-05-07,,Dear  team  plambing (drainage line) block please need  support
INC000004100201,42136,Facilities - Carpentry,Carpentry-Doors,Critical,Assigned,2024-05-08,,carpentery work is pending
INC000004100226,21006,Facilities - Carpentry,Carpentry-Workstation,Critical,Assigned,2024-05-08,,ramp facility required in branch
INC000004101319,21416,Facilities - Plumbing,Plumbing,Critical,Assigned,2024-05-08,,LEAKAGE FOR PENTARY AREA
INC000004101328,20144,Facilities - Carpentry,Carpentry-Workstation,Critical,Assigned,2024-05-08,,NEED 1 TABLE
INC000004101623,20101,Facilities - Carpentry,Carpentry-Workstation,Critical,Assigned,2024-05-08,,Kindly arrange carpenter for repair of broken drawers
INC000004101732,41281,Facilities - Lockers,Lockers,Critical,Assigned,2024-05-08,,droz lock replacement
INC000004101994,43881,Facilities - Plumbing,Plumbing,Critical,Assigned,2024-05-08,,WATER LEAKAGES IN PANTRY AREA
INC000004102004,43102,Facilities - Electrical,Electrical -Fans,Critical,Assigned,2024-05-08,,Dear Team wash room fan are not working
INC000004102350,42561,Facilities - Plumbing,Plumbing,Critical,Assigned,2024-05-08,,leakages at WC and TAP
INC000004102649,21232,Facilities - Electrical,Electrical -Power,Critical,Assigned,2024-05-08,,"Dear Team, There is some phase issue in our branch due to which central AC's are not working and so much suffocation is there in branch employees are not able t"
INC000004102983,41361,Facilities - Carpentry,Carpentry-Lock / Key,Critical,Assigned,2024-05-08,,Key Misplace of E47
INC000004103787,60721,Facilities - Carpentry,Carpentry-Workstation,Critical,Assigned,2024-05-08,,Need a Soft notice board in branch
INC000004103797,42271,Facilities - Carpentry,Carpentry-Lock / Key,Critical,Assigned,2024-05-08,,Teller Cabin lock not working
INC000004103983,41111,Facilities - Plumbing,Plumbing,Critical,Assigned,2024-05-08,,Dear team we are unbale to sitting in branch there are plumbing issue in branch and worst smell condition in branch resolve this issue on priority
INC000004104466,42128,Facilities - Carpentry,Carpentry-Lock / Key,Critical,Assigned,2024-05-08,,Teller Drawer Not Working Please Resolve
INC000004104607,20256,Facilities - Carpentry,Carpentry-Doors,Critical,Assigned,2024-05-08,,branch main door dislodged and lobby wooden door not getting closed
INC000004105144,43841,Facilities - Carpentry,Carpentry-Lock / Key,Critical,Assigned,2024-05-08,,Drawer Lock Issue in Operational Area Counter.
INC000004105170,41273,Facilities - Furniture,Furniture-Chair,Critical,Assigned,2024-05-08,,Castors broken
INC000004105205,41273,Facilities - Carpentry,Carpentry-shutter,Critical,Assigned,2024-05-08,,shutter jam
INC000004105219,41273,Facilities - Plumbing,Plumbing-Sanitary Equipments,Critical,Assigned,2024-05-08,,tap fiting issu
INC000004109045,41261,Facilities - Furniture,Furniture-Chair,Critical,Assigned,2024-05-09,,chair damaged ( four chair and one while chair )
INC000004109076,41261,Facilities - Carpentry,Carpentry-Doors,Critical,Assigned,2024-05-09,,please arrange door locks and repair
INC000004109227,40421,Facilities - Carpentry,Carpentry-Doors,Critical,Assigned,2024-05-09,,2 Doors of gents Toilet closing function not working .
INC000004109527,43832,Facilities - Electrical,Electrical -Fans,Critical,Assigned,2024-05-09,,vault fan is not properly setup
INC000004109730,40148,Facilities - Electrical,Electrical -Lights,Critical,Assigned,2024-05-09,,ceiling lights not working in lobby kindly arrange on urgent basis
INC000004109859,43741,Facilities - Carpentry,Carpentry-Doors,Critical,Assigned,2024-05-09,,DOOR CLOSER IS NOT WORKING.
INC000004109873,40122,Facilities - Plumbing,Plumbing,Critical,Assigned,2024-05-09,,Due to some pending Plumbing work men's washroom is not in working condition since last 2 months. please help to resolve issue on priority.
INC000004109947,21233,Facilities - Carpentry,Carpentry-Doors,Critical,Assigned,2024-05-09,,ATM Doors is not getting Locked.
INC000004110203,41281,Facilities - Carpentry,Carpentry-Workstation,Critical,Assigned,2024-05-09,,Dran leakage problem in BM cabin
INC000004110322,43001,Facilities - Pantry Equipment,Pantry Equipment,Critical,Assigned,2024-05-09,,Water Cooler is damaged from last 1 Month in thus summer season. nobody takes action on this.
INC000004110348,41105,Facilities - Plumbing,Plumbing,Critical,Assigned,2024-05-09,,Choke issue in mens washroom.
INC000004110562,21603,Facilities - Plumbing,Plumbing-Sanitary Equipments,Critical,Assigned,2024-05-09,,Dear team Please arrange Plumber for tab and sawar pipe block for hansi branch(21603).
INC000004110615,41365,Facilities - Plumbing,Plumbing,Critical,Assigned,2024-05-09,,water leakage issue via tap in washroom area.Tap not working Properly
INC000004110746,41365,Facilities - Carpentry,Carpentry-Doors,Critical,Assigned,2024-05-09,,Furniture and marble break in Pantry. Kindly resolve
INC000004110755,40443,Facilities - Carpentry,Carpentry-Workstation,Critical,Assigned,2024-05-09,,required additional soft NOTICE Board in branch of 3*5 feet
INC000004110902,42624,Facilities - Carpentry,Carpentry-Workstation,Critical,Assigned,2024-05-09,,Key Board tray not functioning
INC000004110937,42624,Facilities - Carpentry,Carpentry-Doors,Critical,Assigned,2024-05-09,,"Branch 2nd floor pantry window broken,"
INC000004111854,42129,Facilities - Electrical,Electrical -Power,Critical,Assigned,2024-05-09,,while start the generator light not come. please assign the electrician for checking the light and generator.
INC000004113695,61251,Facilities - Electrical,Electrical -Fans,Critical,Assigned,2024-05-09,,"wash room exhaust fan not working, wall mount fan at front desk not working."
INC000004113889,21231,Facilities - Carpentry,Carpentry-Lock / Key,Critical,Assigned,2024-05-09,,Locks of Drawer in cash area and customer area-
INC000004113891,21231,Facilities - Pantry Equipment,Pantry Equipment,Critical,Assigned,2024-05-09,,Drinking water facility at 2nd floor
INC000004113895,21231,Facilities - Electrical,Electrical -Wiring,Critical,Assigned,2024-05-09,,Loose wire fixation
INC000004116892,41321,Facilities - Electrical,Electrical -Lights,Critical,Assigned,2024-05-10,,"Dear team, light is not working in vault room kindly resolve the issue as soon as posible"
INC000004117201,42761,Facilities - Plumbing,Plumbing,Critical,Assigned,2024-05-10,,2 WASHROOM ISSUE FLUSH GUN AND DRAIN CHOCKUP
INC000004117713,60361,Facilities - Plumbing,Plumbing,Critical,Assigned,2024-05-10,,WATER LEAKAGES
INC000004118420,42404,Facilities - Carpentry,Carpentry-Doors,Critical,Assigned,2024-05-10,,teller door lock issue
INC000004118559,42141,Facilities - Lockers,Lockers,Critical,Assigned,2024-05-10,,key loss please Change the lock.
INC000004119035,22143,Facilities - Electrical,Electrical -Panel / Boards,Critical,Assigned,2024-05-10,,"Please arrange someone  to install coffee machine power board its required as advised by vendor, please check and arrange someone for the same."
INC000004119449,21234,Facilities - Electrical,Electrical -Panel / Boards,Critical,Assigned,2024-05-10,,electrical panel got in fire due to all system shut
INC000004119931,60104,Facilities - Carpentry,Carpentry-Workstation,Critical,Assigned,2024-05-10,,TWO COMPUTER KEYBOARD IS NOT WORKING .BOTH ARE JAMMED.
INC000004120065,20254,Facilities - Electrical,Electrical -Panel / Boards,Critical,Assigned,2024-05-10,,SWITCH BOARD GOT SHORT CIRCUIT OF TELLER COUNTER DUE TO WHICH SERVICES GETTING HAMPERED
INC000004120349,43541,Facilities - Electrical,Electrical -Panel / Boards,Critical,Assigned,2024-05-10,,Dear Team when tea machine is on then branch line off mcb is trip please check urgent basis
INC000004121001,41324,Facilities - Electrical,Electrical -Fans,Critical,Assigned,2024-05-10,,ceiling fan not working at bhikangaon branch
INC000004121289,20101,Facilities - Lockers,Lockers,Critical,Assigned,2024-05-10,,Please align vendor for locker issue as locker is not opening after issuance and it is getting stuck. One key also needs to resealed
INC000004121320,43104,Facilities - Dormitory,Dormitory-Maintanance,Critical,Assigned,2024-05-10,,3 DRAWER LOCK NOT WORKING KINDLY RESOLVE.
INC000004121332,43104,Facilities - Electrical,Electrical -Lights,Critical,Assigned,2024-05-10,,BRANCH LOBBY LIGHT AND SIGN BOARD LIGHT NOT WORKING. KINDLY RESOLVE.
INC000004124903,20134,Facilities - Carpentry,Carpentry-Lock / Key,Critical,Assigned,2024-05-11,,"Almirah Lock is broken, Staff locker is misplaced"
INC000004124917,20105,Facilities - Plumbing,Plumbing,Critical,Assigned,2024-05-11,,Dear team request you to kindly send some to check the issue there is problem with Checkup in branch washroom
INC000004124938,20105,Facilities - Carpentry,Carpentry-Doors,Critical,Assigned,2024-05-11,,"Branch ATM door is not working properly , movement related issues or dislocated"
INC000004124944,20105,Facilities - Carpentry,Carpentry-Workstation,Critical,Assigned,2024-05-11,,Dear team request you to kindly check the issue some issues in ATM
INC000004129291,21394,Facilities - Carpentry,Carpentry-Doors,Critical,Assigned,2024-05-12,,R&M work in Ambala branch
INC000004132606,43415,Facilities - Electrical,Electrical -Lights,Critical,Assigned,2024-05-13,,Light broken
INC000004132821,42625,Facilities - Carpentry,Carpentry-Lock / Key,Critical,Assigned,2024-05-13,,Men's Washroom Lock not working. New washroom lock requirement. 
INC000004132930,43661,Facilities - Electrical,Electrical -Wiring,Critical,Assigned,2024-05-13,,Dear team please send electrician for water tank submersible pump issue is not solve locally
INC000004133065,42903,Facilities - Electrical,Electrical -Power,Critical,Assigned,2024-05-13,,Power Supply point required for Hotline working at amravati branch
INC000004133480,21892,Facilities - Lockers,Lockers,Critical,Assigned,2024-05-13,,"Dear team, Locker Key ID to be embossed & Master Key ID for the Baddi branch 21892."
INC000004133756,20113,Facilities - Electrical,Electrical -Panel / Boards,Critical,Assigned,2024-05-13,,"Dear Team, Required an electrical board in server room"
INC000004134659,43843,Facilities - Electrical,Electrical -Power,Critical,Assigned,2024-05-13,,Lights not operational at CPC-SURAT VAULT
INC000004135208,20121,Facilities - Electrical,Electrical -Fans,Critical,Assigned,2024-05-13,,Pedestal fan not working 
INC000004135841,21421,Facilities - Plumbing,Plumbing,Critical,Assigned,2024-05-13,,LEAKAGE ISSUE IN WASHROOM 
INC000004136146,21791,Facilities - Electrical,Electrical -Panel / Boards,Critical,Assigned,2024-05-13,,branch atm lollypop is not working/broken
INC000004136296,39201,Facilities - Electrical,Electrical -Lights,Critical,Assigned,2024-05-13,,Bulbs Are Not Working Properly
INC000004136819,42342,Facilities - Electrical,Electrical -Power,Critical,Assigned,2024-05-13,,some of the lights not working - power issue
INC000004137119,20113,Facilities - Carpentry,Carpentry-Workstation,Critical,Assigned,2024-05-13,,"Dear Team, Requirement 2 White Board In Uttam Nagar Branch "
INC000004137342,20254,Facilities - Electrical,Electrical -Panel / Boards,Critical,Assigned,2024-05-13,,SWITCH BOARD FAULT
INC000004137348,20229,Facilities - Electrical,Electrical -Panel / Boards,Critical,Assigned,2024-05-13,,2 extra board required pf 16 AMP for coffee machine power installation 
INC000004137358,20126,Facilities - Plumbing,Plumbing,Critical,Assigned,2024-05-13,,"Dear Team, its urgent leakage in branch washroom, kindly assigned plumber on urgent basis."
INC000004141218,21621,Facilities - Plumbing,Plumbing-Sanitary Equipments,Critical,Assigned,2024-05-14,,"branch washrooms problems, please contact urgent"
INC000004141230,42392,Facilities - Electrical,Electrical -Power,Critical,Assigned,2024-05-14,,No electricity at Gotri Branch
INC000004141368,20227,Facilities - Carpentry,Carpentry-Doors,Critical,Assigned,2024-05-14,,ATM DOOR ALIGNMENT ISSUE
INC000004141413,60138,Facilities - Lockers,Lockers,Critical,Assigned,2024-05-14,,RE SEALING OF LOCKER LOCKER KEY COVER
INC000004141517,40516,Facilities - Electrical,Electrical -Fans,Critical,Assigned,2024-05-14,,WALL MOUNT FAN NOT WORKING
INC000004141598,21351,Facilities - Electrical,Electrical -Panel / Boards,Critical,Assigned,2024-05-14,,Need 3 new MC on urgent basis . All old three MCs are broken. 
INC000004142003,20121,Facilities - Electrical,Electrical -Panel / Boards,Critical,Assigned,2024-05-14,,Power Socket not Working Upper Ground Floor karol Bagh Ops office
INC000004142163,20252,Facilities - Pantry Equipment,Pantry Equipment,Critical,Assigned,2024-05-14,,Cooling issue in Water Dispenser
INC000004142306,40516,Facilities - Electrical,Electrical -Wiring,Critical,Assigned,2024-05-14,,urgent requirement of technician it suffers operational work of branch 
INC000004142522,40514,Facilities - Carpentry,Carpentry-shutter,Critical,Assigned,2024-05-14,,Need carpenter as the board outside is damaged and needs to be removed
INC000004142603,43761,Facilities - Plumbing,Plumbing,Critical,Assigned,2024-05-14,,Kindly Arrange Plumber for Water Line Checking
INC000004142670,21234,Facilities - Plumbing,Plumbing-Sanitary Equipments,Critical,Assigned,2024-05-14,,leakage of taps 
INC000004143331,21004,Facilities - Electrical,Electrical -Power,Critical,Assigned,2024-05-14,,Dear team branch Electricty power supply damaged please resolved on priorty bassis 
INC000004143833,20111,Facilities - Carpentry,Carpentry-Doors,Critical,Assigned,2024-05-14,,Main glass door is not closing properly //gk II/ 20111
INC000004144068,42264,Facilities - Carpentry,Carpentry-Lock / Key,Critical,Assigned,2024-05-14,,Main door lock is broken.
INC000004144412,60423,Facilities - Carpentry,Carpentry-Doors,Critical,Assigned,2024-05-14,,main branch entrance door handle broke down
INC000004144748,42128,Facilities - Carpentry,Carpentry-Doors,Critical,Assigned,2024-05-14,,branch door handles are loose and and branch main glass door lock is not functioning properly
INC000004144770,42128,Facilities - Plumbing,Plumbing-Sanitary Equipments,Critical,Assigned,2024-05-14,,boys toilet is chocked 
INC000004144819,42128,Facilities - Electrical,Electrical -Fans,Critical,Assigned,2024-05-14,,pentry fan is not working
INC000004145325,43102,Facilities - Furniture,Furniture-Chair,Critical,Assigned,2024-05-14,,Dear Team Kindly provide a vender for door lock not working 
INC000004145808,40506,Facilities - Lockers,Lockers,Critical,Assigned,2024-05-14,,Locker key seal need to do 
INC000004146006,20121,Facilities - Lockers,Lockers,Critical,Assigned,2024-05-14,,Locks to be replaced of the lockers storing important documents
INC000004146438,21503,Facilities - Electrical,Electrical -Panel / Boards,Critical,Assigned,2024-05-14,,ATM LOLLY POP LIGHTS IS NOT WORKING FOR BAHU PLAZA JAMMU
INC000004149704,43416,Facilities - Electrical,Electrical -Wiring,Critical,Assigned,2024-05-15,,Vault grill gate light wire is not working properly also its wire is exposed from the switch. very risky. kindly send someone to repair the same.
INC000004149871,42261,Facilities - Carpentry,Carpentry-Doors,Critical,Assigned,2024-05-15,,atm door handle break. kindly repair on urgent basis
INC000004149884,43416,Facilities - Electrical,Electrical -Wiring,Critical,Assigned,2024-05-15,,Electrical problem need urgent resolution by the technical team
INC000004149923,42273,Facilities - Plumbing,Plumbing-Sanitary Equipments,Critical,Assigned,2024-05-15,,washroom basin not working from 3-4 months.
INC000004150128,42302,Facilities - Electrical,Electrical -Fans,Critical,Assigned,2024-05-15,,Dear Sir Ceiling fan not working.
INC000004150339,20215,Facilities - Electrical,Electrical -Wiring,Critical,Assigned,2024-05-15,,water motor wire not working 
INC000004150623,21064,Facilities - Carpentry,Carpentry-Workstation,Critical,Assigned,2024-05-15,,cupboard in pantry dislocate from its location
INC000004151430,20217,Facilities - Electrical,Electrical -Panel / Boards,Critical,Assigned,2024-05-15,,Electric panel board needs to be fixed wire are coming out and UV lamp is also not working. kindly arrange the electrician on urgent basis.
INC000004151440,43832,Facilities - Plumbing,Plumbing,Critical,Assigned,2024-05-15,,LEAKAGE IN FIRST FLOOR TOIELT   
INC000004151520,42425,Facilities - Electrical,Electrical -Panel / Boards,Critical,Assigned,2024-05-15,,ELECTRICAL PENAL BOARD INSTALL OF RAJKOT BHAKTINGAR BRANCH 42425
INC000004151963,41454,Facilities - Plumbing,Plumbing,Critical,Assigned,2024-05-15,,LEAKAGES ISSUE AT KOTHRUD BRANCH - WASHROOM AND PANTRY AREA
INC000004152335,21236,Facilities - Electrical,Electrical -Power,Critical,Assigned,2024-05-15,,Power cut in Branch
INC000004153062,41281,Facilities - Electrical,Electrical -Panel / Boards,Critical,Assigned,2024-05-15,,Electric board is damaged in cash cabin at Mandsaur branch 
INC000004153655,21331,Facilities - Carpentry,Carpentry-Workstation,Critical,Assigned,2024-05-15,,Please arrange to move cheque drop box from ATM to branch premise
INC000004153760,20144,Facilities - Carpentry,Carpentry-Workstation,Critical,Assigned,2024-05-15,,NEED FOR 1 TABLE
INC000004153803,43431,Facilities - Lockers,Lockers,Critical,Assigned,2024-05-15,,"dear team,drawers lock is not closed so plz arrange the lock facilities onpriority "
INC000004154780,21004,Facilities - Carpentry,Carpentry-Workstation,Critical,Assigned,2024-05-15,,"HOLES IN WALL, DUSTY WALLS"
INC000004155298,20257,Facilities - Carpentry,Carpentry-Lock / Key,Critical,Assigned,2024-05-15,,ATM door and gold loan has been stuck kindly repair 
INC000004155307,42241,Facilities - Carpentry,Carpentry-Doors,Critical,Assigned,2024-05-15,,DOOR ISSUE
INC000004158821,43433,Facilities - Carpentry,Carpentry-Lock / Key,Critical,Assigned,2024-05-16,,Vault wooden door lock key broken
INC000004159089,20159,Facilities - Electrical,Electrical -Fans,Critical,Assigned,2024-05-16,,slow work in lady washroom
INC000004159134,20159,Facilities - Carpentry,Carpentry-Workstation,Critical,Assigned,2024-05-16,,ALL CABINATE DOOR DAMAGE
INC000004159446,43843,Facilities - Carpentry,Carpentry-Workstation,Critical,Assigned,2024-05-16,,Key Board tray broken.
INC000004159847,21652,Facilities - Carpentry,Carpentry-Lock / Key,Critical,Assigned,2024-05-16,,"DEAR TEAM, SOME LOCKS ARE NOT WORKING IN THEIR BRANCH"
INC000004160565,21268,Facilities - Furniture,Furniture-Chair,Critical,Assigned,2024-05-16,,chair armrest  is broken
INC000004160715,42561,Facilities - Electrical,Electrical -Fans,Critical,Assigned,2024-05-16,,1 wall mount fan required 
INC000004160833,21471,Facilities - Electrical,Electrical -Panel / Boards,Critical,Assigned,2024-05-16,,Need to change MC and panel as same is damage 
INC000004161121,40197,Facilities - Carpentry,Carpentry-Workstation,Critical,Assigned,2024-05-16,,"need to arrange Table for coffee vending machine , modify edge or need seprate table for coffeee machine..."
INC000004161210,40197,Facilities - Electrical,Electrical -Fans,Critical,Assigned,2024-05-16,,exhaust fan not working 
INC000004161257,40197,Facilities - Plumbing,Plumbing-Sanitary Equipments,Critical,Assigned,2024-05-16,,flush tap npt working properly 
INC000004161272,42145,Facilities - Carpentry,Carpentry-Doors,Critical,Assigned,2024-05-16,,pantary door upper top sping brust
INC000004161771,21211,Facilities - Electrical,Electrical -Wiring,Critical,Assigned,2024-05-16,,ATM Electric Wires are loose and Electric Plug cover of steel box is also not in good condition at sector 8 Chandigarh
INC000004161817,40374,Facilities - Electrical,Electrical -Wiring,Critical,Assigned,2024-05-16,,dear sir we have discuss with phone call sutter  box issue
INC000004161966,43741,Facilities - Carpentry,Carpentry-Doors,Critical,Assigned,2024-05-16,,2 DOOR CLOSER IS NOT WORKING.
INC000004161970,41386,Facilities - Electrical,Electrical -Fans,Critical,Assigned,2024-05-16,,"Dear Team, Please look at the matter Washroom Exhaust Fan Not Working"
INC000004162001,60344,Facilities - Electrical,Electrical -Power,Critical,Assigned,2024-05-16,,"DG is not working in electric connection,please resolve on priority "
INC000004162260,21211,Facilities - Carpentry,Carpentry-Workstation,Critical,Assigned,2024-05-16,,Soft Notice Board mounted on Entrance Wall is required at Sector 8 Chandigarh Branch
INC000004162731,40402,Facilities - Furniture,Furniture-Chair,Critical,Assigned,2024-05-16,,chair backrest broken in mehsana mbl branch
INC000004162868,43411,Facilities - Plumbing,Plumbing,Critical,Assigned,2024-05-16,,Branch Male washroom is very smelly 
INC000004163333,21004,Facilities - Carpentry,Carpentry-Doors,Critical,Assigned,2024-05-16,,glass broken.
INC000004163343,21004,Facilities - Electrical,Electrical -Wiring,Critical,Assigned,2024-05-16,,wires are hanging here and there below led
INC000004163430,20158,Facilities - Carpentry,Carpentry-shutter,Critical,Assigned,2024-05-16,,branch shuttere jam pleses arrange staff to solve on  urgent basis
INC000004164078,43433,Facilities - Carpentry,Carpentry-Doors,Critical,Assigned,2024-05-16,,drawer issue
INC000004167176,60135,Facilities - Lockers,Lockers,Critical,Assigned,2024-05-17,,need staircase in the branch for accessing the locker by the customer.
INC000004167203,60135,Facilities - Electrical,Electrical -Panel / Boards,Critical,Assigned,2024-05-17,,"the main branch switch (day mode to night mode) is not working, while changing in night mode."
INC000004167241,41302,Facilities - Electrical,Electrical -Fans,Critical,Assigned,2024-05-17,,vault Celling and wall mount fan not working 
INC000004167256,41302,Facilities - Electrical,Electrical -Lights,Critical,Assigned,2024-05-17,,kindly replaces Closed led and tube light  
INC000004167271,41302,Facilities - Plumbing,Plumbing-Sanitary Equipments,Critical,Assigned,2024-05-17,,was washing pipe line chok 
INC000004167438,42387,Facilities - Carpentry,Carpentry-Workstation,Critical,Assigned,2024-05-17,,1 KYE Board trays broken 
INC000004167452,42387,Facilities - Carpentry,Carpentry-Workstation,Critical,Assigned,2024-05-17,,drover damege 
INC000004167483,21064,Facilities - Lockers,Lockers,Critical,Assigned,2024-05-17,,branch main wooden door lock not working
INC000004167745,42127,Facilities - Carpentry,Carpentry-Lock / Key,Critical,Assigned,2024-05-17,,"FRFC IS NOT WORKING , REUIRED SAME methdox vendor"
INC000004167765,42221,Facilities - Electrical,Electrical -Fans,Critical,Assigned,2024-05-17,,Dear team cash counter celling fan not working from today kindly change fan on priority basis.
INC000004167898,42132,Facilities - Electrical,Electrical -Wiring,Critical,Assigned,2024-05-17,,electric wires has been cut by rats
INC000004168097,42622,Facilities - Plumbing,Plumbing,Critical,Assigned,2024-05-17,,Drain  chockup in washroom
INC000004168396,60305,Facilities - Plumbing,Plumbing-Sanitary Equipments,Critical,Assigned,2024-05-17,,Washroom Fittings are not in right condition and may call for a mishappening
INC000004168636,60145,Facilities - Lockers,Lockers,Critical,Assigned,2024-05-17,,KEY EMBOSSMENT FOR 171 LOCKERS
INC000004169758,42137,Facilities - Electrical,Electrical -Wiring,Critical,Assigned,2024-05-17,,switch are not working in working table 
INC000004169998,43491,Facilities - Civil,Civil-work,Critical,Assigned,2024-05-17,,"NEW DOORMAT REQUIRE FOR ATM, BANK ENTRANCE AND WASHROOM"
INC000004170168,22091,Facilities - Furniture,Furniture-Chair,Critical,Assigned,2024-05-17,,"Dear Sir, Branch chair has been damaged, kindly find the images of chair and arrange the solution."
INC000004170265,41431,Facilities - Dormitory,Dormitory-Maintanance,Critical,Assigned,2024-05-17,,DOOR MAT REQUIRED
INC000004170647,40308,Facilities - Plumbing,Plumbing,Critical,Assigned,2024-05-17,,WASHROOM COMMODE CHOCKUP
INC000004171101,20133,Facilities - Carpentry,Carpentry-Lock / Key,Critical,Assigned,2024-05-17,,Cash drawer and 2 Glass Door broken 
INC000004171464,42984,Facilities - Furniture,Furniture-Chair,Critical,Assigned,2024-05-17,,"DOOR LOCK MAIN GATE , MEETING ROOM DOOR STOPER,SIGNAGE BOARD (BRANCH MANAGER), ONE CHAIR REPAIR"
INC000004171873,41241,Facilities - Carpentry,Carpentry-Workstation,Critical,Assigned,2024-05-17,,dear team kitchen tiles demise
INC000004172185,21072,Facilities - Carpentry,Carpentry-Lock / Key,Critical,Assigned,2024-05-17,,cabinet lock need to change
INC000004172432,21352,Facilities - Electrical,Electrical -Power,Critical,Assigned,2024-05-17,,PLEASE ARRANGE COFFEE MACHINE TABLE 
INC000004172460,21352,Facilities - Electrical,Electrical -Panel / Boards,Critical,Assigned,2024-05-17,,KINLDY REPLACE LOLLIPOP BOARD 
INC000004172671,60104,Facilities - Carpentry,Carpentry-Lock / Key,Critical,Assigned,2024-05-17,,Pedestal lock at my desk is not functioning 
INC000004172934,40142,Facilities - Electrical,Electrical -Lights,Critical,Assigned,2024-05-17,,kindly replaced the lights of branch lobby area.
INC000004176093,43505,Facilities - Plumbing,Plumbing-Sanitary Equipments,Critical,Assigned,2024-05-18,,Linkage in Tap in ladies toilet and water linkage. Require plumber visit to resolve
INC000004176098,60281,Facilities - Carpentry,Carpentry-shutter,Critical,Assigned,2024-05-18,,Kindly process in urgently
INC000004176104,41277,Facilities - Electrical,Electrical -Panel / Boards,Critical,Assigned,2024-05-18,,teller couneter 1 light is not working beacuse there is some issue in board and this ticket is already log before 2-3 months but still not resolved please fix t
INC000004176113,21634,Facilities - Carpentry,Carpentry-Doors,Critical,Assigned,2024-05-18,,"DOOR HANDLE , WOODEN DRAWER , KEYS LOCK BROCKEN "
INC000004176187,20224,Facilities - Electrical,Electrical -Lights,Critical,Assigned,2024-05-18,,1 light not working
INC000004176217,20142,Facilities - Electrical,Electrical -Power,Critical,Assigned,2024-05-18,,LIGHT NOT THERE IN BRANCH
INC000004176233,20224,Facilities - Electrical,Electrical -Fans,Critical,Assigned,2024-05-18,,SHIFT THE PLACE OF WALL MOUNT FAN
INC000004176274,21004,Facilities - Carpentry,Carpentry-Doors,Critical,Assigned,2024-05-18,,door is making sound while closing 
INC000004176584,20134,Facilities - Carpentry,Carpentry-Workstation,Critical,Assigned,2024-05-18,,cabin  soft board wall replacement
INC000004176595,20122,Facilities - Carpentry,Carpentry-Workstation,Critical,Assigned,2024-05-18,,idfc board is broken 
INC000004176676,42821,Facilities - Electrical,Electrical -Fans,Critical,Assigned,2024-05-18,,Branch Fans was not working Need to change the same
INC000004176848,21421,Facilities - Electrical,Electrical -Panel / Boards,Critical,Assigned,2024-05-18,,Light issue in IDFC Bank Sign Board occurs fifth times in a year.
INC000004177136,42342,Facilities - Electrical,Electrical -Fans,Critical,Assigned,2024-05-18,,Pantry fan not working
INC000004177527,42602,Facilities - Carpentry,Carpentry-Workstation,Critical,Assigned,2024-05-18,,Key boards trays break. 
INC000004177549,42602,Facilities - Furniture,Furniture-Chair,Critical,Assigned,2024-05-18,,Chair handle broken 
INC000004177591,42602,Facilities - Electrical,Electrical -Lights,Critical,Assigned,2024-05-18,,Wall Light not working 
INC000004177646,21374,Facilities - Electrical,Electrical -Power,Critical,Assigned,2024-05-18,,there is power fluctuation in branch due to new cofee machine usage . Please visit branch . 
INC000004177651,42602,Facilities - Electrical,Electrical -Panel / Boards,Critical,Assigned,2024-05-18,,Electric Boards Break
INC000004177677,21374,Facilities - Plumbing,Plumbing-Sanitary Equipments,Critical,Assigned,2024-05-18,,jet spray is not working properly
INC000004177721,21091,Facilities - Furniture,Furniture-Chair,Critical,Assigned,2024-05-18,,Approx 20 Chairs Handles/Back strip are damaged at Kaithal Branch.
INC000004177726,43501,Facilities - Plumbing,Plumbing,Critical,Assigned,2024-05-18,,"Water leakage, Jet Spray broken and etc as images attached"
INC000004178157,29102,Facilities - Plumbing,Plumbing,Critical,Assigned,2024-05-18,,He washroom leakage . Need to attend urgently.
INC000004178236,40304,Facilities - Civil,Civil-work,Critical,Assigned,2024-05-18,,Door gets Locked Automatically in Operation Department
INC000004178282,21431,Facilities - Electrical,Electrical -Panel / Boards,Critical,Assigned,2024-05-18,,"power supply damaged due to minor short circuit , socket not working "
INC000004178722,60109,Facilities - Electrical,Electrical -Power,Critical,Assigned,2024-05-18,,SERIOUS ISSUES WITH POWER.DIGITAL BOARD ALSO NOT WORKING.
INC000004178843,49105,Facilities - Plumbing,Plumbing,Critical,Assigned,2024-05-18,,Gents washroom wc flush not working and choke up in pipe
INC000004178917,40322,Facilities - Carpentry,Carpentry-Lock / Key,Critical,Assigned,2024-05-18,,key lost
INC000004178936,42987,Facilities - Electrical,Electrical -Power,Critical,Assigned,2024-05-18,,Power off since morning from power supplier.
INC000004178969,20154,Facilities - Plumbing,Plumbing-Sanitary Equipments,Critical,Assigned,2024-05-18,,washroom tap leakage
INC000004179450,43312,Facilities - Carpentry,Carpentry-Lock / Key,Critical,Assigned,2024-05-18,,Suggestion Box not getting lock
INC000004179519,40172,Facilities - Electrical,Electrical -Wiring,Critical,Assigned,2024-05-18,,cash machine servicing- 
INC000004179607,20127,Facilities - Electrical,Electrical -Power,Critical,Assigned,2024-05-18,,frequent power failure in branch. Please resolve.
INC000004179770,42201,Facilities - Lockers,Lockers,Critical,Assigned,2024-05-18,,Drawer lock demage
INC000004179920,42284,Facilities - Lockers,Lockers,Critical,Assigned,2024-05-18,,"dear team, my desk drawer was broken please kindly arrange new well quality drawer lock on priority base."
INC000004179954,40371,Facilities - Carpentry,Carpentry-Lock / Key,Critical,Assigned,2024-05-18,,due to front door lock is not working please arrange the wander 
INC000004179955,20151,Facilities - Electrical,Electrical -Lights,Critical,Assigned,2024-05-18,,"Vault Ceiling Light is not working, Kindly resolved"
INC000004179972,60502,Facilities - Carpentry,Carpentry-Doors,Critical,Assigned,2024-05-18,,There is an issue in Vault wooden gate it is totally damaged by side kindly do the needfull in urgent basis and 3 drawer of cash counter is also not working .
INC000004179988,40352,Facilities - Carpentry,Carpentry-Doors,Critical,Assigned,2024-05-18,,key hive lock break and workstation doors breake.
INC000004180061,42135,Facilities - Electrical,Electrical -Fans,Critical,Assigned,2024-05-18,,Exhaust is not available in branch rest room 
INC000004183672,42882,Facilities - Carpentry,Carpentry-Lock / Key,Critical,Assigned,2024-05-19,,"Dear Team, Drawer lock of front desk is in broken condition"
INC000004186623,60365,Facilities - Electrical,Electrical -Fans,Critical,Assigned,2024-05-20,,KINDLY ARRANGE FOR EXHAUST FAN REPAIRING OF PANTRY
INC000004186702,42277,Facilities - Electrical,Electrical -Panel / Boards,Critical,Assigned,2024-05-20,,Cash Cabin IDFC FIRST BANK Glow board are Break down
INC000004186729,40332,Facilities - Electrical,Electrical -Wiring,Critical,Assigned,2024-05-20,,as per torrent power engineer all meter load wire in burnt condition urgent intervention reuired for any hazard
INC000004186766,20254,Facilities - Pantry Equipment,Pantry Equipment,Critical,Assigned,2024-05-20,,drinking water not available.need urgently
INC000004186912,41447,Facilities - Electrical,Electrical -Lights,Critical,Assigned,2024-05-20,,As per isp there is earthing issue at branch.Kindly resolve earthing issue and share the earthing snap. Required Power Parameter : E-N = 0.1V to 3V  P-N = 220V 
INC000004187186,21331,Facilities - Carpentry,Carpentry-Doors,Critical,Assigned,2024-05-20,,TELLER COUNTER DRAWER ISSUE RAISED NOT RESOLVED AS WELL AS FRFC DRAWER ISSUE STILL EXIST
INC000004187312,40323,Facilities - Carpentry,Carpentry-Workstation,Critical,Assigned,2024-05-20,,"Dear Team, There is water leakage issue in BM Cabin Issue. Required shifting of Notice board to another wall."
INC000004187346,42387,Facilities - Carpentry,Carpentry-Doors,Critical,Assigned,2024-05-20,,new notice board is required in branch
INC000004187473,42964,Facilities - Electrical,Electrical -Power,Critical,Assigned,2024-05-20,,"Electrical engineer required, Electricity power getting off intermittently."
INC000004187911,21581,Facilities - Plumbing,Plumbing,Critical,Assigned,2024-05-20,,LEAKAGE IN PANTRY SINK PIPELINE NEED URGENT ATTENTION.
INC000004187942,41384,Facilities - Carpentry,Carpentry-Doors,Critical,Assigned,2024-05-20,,Door handle of conference hall located in 2nd floor is not working.
INC000004188082,21943,Facilities - Carpentry,Carpentry-Doors,Critical,Assigned,2024-05-20,,door locks breakage
INC000004188288,41381,Facilities - Electrical,Electrical -Panel / Boards,Critical,Assigned,2024-05-20,,Branch Lobby AC Power Board Not Working 
INC000004188541,60423,Facilities - Lockers,Lockers,Critical,Assigned,2024-05-20,,locker not opening
INC000004188733,42221,Facilities - Electrical,Electrical -Fans,Critical,Assigned,2024-05-20,,Cash cabin celling fan not working 
INC000004188757,21061,Facilities - Carpentry,Carpentry-Doors,Critical,Assigned,2024-05-20,,door closure not working
INC000004188907,43505,Facilities - Electrical,Electrical -Panel / Boards,Critical,Assigned,2024-05-20,,one panel board is required and branch Tv not working
INC000004188982,42361,Facilities - Furniture,Furniture-Chair,Critical,Assigned,2024-05-20,,Assets floor all sitting chair are damaged so need replace the all 20 chairs.
INC000004188988,42344,Facilities - Pantry Equipment,Pantry Equipment,Critical,Assigned,2024-05-20,,issue with water dispenser
INC000004189020,21072,Facilities - Carpentry,Carpentry-Lock / Key,Critical,Assigned,2024-05-20,,fatehabad branch main glass door need to change on urgent basis
INC000004189166,42502,Facilities - Plumbing,Plumbing-Sanitary Equipments,Critical,Assigned,2024-05-20,,"Dear Admin,Nagpur Chhatrapati Square Branch Toilet has choked last 7-8 day request please resolved it on priority "
INC000004189483,21216,Facilities - Carpentry,Carpentry-Lock / Key,Critical,Assigned,2024-05-20,,MAIN GLASS DOOR IS NOT WORKING
INC000004189593,21521,Facilities - Furniture,Furniture-Chair,Critical,Assigned,2024-05-20,,Chair Armrest broken
INC000004189866,42421,Facilities - Carpentry,Carpentry-Lock / Key,Critical,Assigned,2024-05-20,,DRAWER LOCK IS NOT WORKING
INC000004189903,43652,Facilities - Electrical,Electrical -Fans,Critical,Assigned,2024-05-20,,ATM CELLING FAN REMOTE NOT WORKING
INC000004189951,43652,Facilities - Plumbing,Plumbing,Critical,Assigned,2024-05-20,,PLUMBING ISSUE AT BRANCH
INC000004190078,42126,Facilities - Carpentry,Carpentry-Workstation,Critical,Assigned,2024-05-20,,Dear team there are window roller not available.
INC000004190218,43844,Facilities - Furniture,Furniture-Chair,Critical,Assigned,2024-05-20,,Office Table Damage Gold Loan Cebine Wall Ply Damage &  Branch Lobby Wooden Varnicing Pending
INC000004190264,43844,Facilities - Plumbing,Plumbing-Sanitary Equipments,Critical,Assigned,2024-05-20,,Mans Washroom TUB Change Required and Wash basing R & M
INC000004190292,42395,Facilities - Lockers,Lockers,Critical,Assigned,2024-05-20,,Locker Keys to be mapped in attached Excel Sheet
INC000004190389,43314,Facilities - Carpentry,Carpentry-Lock / Key,Critical,Assigned,2024-05-20,,my drawer not working
INC000004190426,42141,Facilities - Furniture,Furniture-Chair,Critical,Assigned,2024-05-20,,"door lock not working and lock break , key inside lock "
INC000004193575,40332,Facilities - Electrical,Electrical -Wiring,Critical,Assigned,2024-05-21,,wires burning in UPS room
INC000004193576,42141,Facilities - Carpentry,Carpentry-Lock / Key,Critical,Assigned,2024-05-21,,FRFC IS NOT LOCKED 
INC000004193586,60201,Facilities - Electrical,Electrical -Panel / Boards,Critical,Assigned,2024-05-21,,Existing electric panel board not working in BM cabin and Customer service area. Also required new panel board for installation of new printer.
INC000004193641,21003,Facilities - Electrical,Electrical -Power,Critical,Assigned,2024-05-21,,Electricity issue at branch
INC000004193713,42421,Facilities - Electrical,Electrical -Power,Critical,Assigned,2024-05-21,,need electrician for power issue
INC000004193740,43103,Facilities - Electrical,Electrical -Power,Critical,Assigned,2024-05-21,,FASH ISSUE
INC000004193778,42461,Facilities - Electrical,Electrical -Lights,Critical,Assigned,2024-05-21,,OUTSIDE SIGNAGE BOARD LIGHT NOT WORKING
INC000004193843,42343,Facilities - Electrical,Electrical -Power,Critical,Assigned,2024-05-21,,Power failure when we start AC of customer area
INC000004193959,21218,Facilities - Plumbing,Plumbing-Sanitary Equipments,Critical,Assigned,2024-05-21,,2 exhausts are not working 
INC000004194236,20219,Facilities - Lockers,Lockers,Critical,Assigned,2024-05-21,,"NEED TO INTERCHANGE LOCKER SURRENDER KEYS AS WE HAVE 4 SURRENDERED LOCKER AND NEED TO SWAPPING OF KEYS locker no: 25,16,38,58"
INC000004194543,40402,Facilities - Carpentry,Carpentry-Doors,Critical,Assigned,2024-05-21,,door handal in scoor loos
INC000004194794,42781,Facilities - Furniture,Furniture-Chair,Critical,Assigned,2024-05-21,,Request you to please resolve the issue of most of chairs are damaged. please arrange vendor for repairing the chairs. 
INC000004194826,40322,Facilities - Plumbing,Plumbing,Critical,Assigned,2024-05-21,,in ladies  washroom some part is broken so repair on urgent basis.
INC000004194860,40322,Facilities - Lockers,Lockers,Critical,Assigned,2024-05-21,,in gold loan cabin lock change required 
INC000004194932,22124,Facilities - Electrical,Electrical -Fans,Critical,Assigned,2024-05-21,,Exhaust fan not working in pantry 
INC000004195005,43581,Facilities - Plumbing,Plumbing-Sanitary Equipments,Critical,Assigned,2024-05-21,,Plumbing Not working 
INC000004195314,42385,Facilities - Furniture,Furniture-Chair,Critical,Assigned,2024-05-21,,2 chair is damanged 
INC000004195541,42622,Facilities - Electrical,Electrical -Lights,Critical,Assigned,2024-05-21,,Light fitting pending
INC000004195616,61191,Facilities - Electrical,Electrical -Panel / Boards,Critical,Assigned,2024-05-21,,REQUEST FOR 16 AMO TWO SWITCH BOARD 
INC000004195637,21015,Facilities - Lockers,Lockers,Critical,Assigned,2024-05-21,,REQUIRED CHANGE IN LOCKER RENUMBERING STICKERS
INC000004195771,21431,Facilities - Electrical,Electrical -Fans,Critical,Assigned,2024-05-21,,"RegularAC  issue at Branch , Required 4 Ceiling Fan Required at Branch , Impacting work and Customer Dealing "
INC000004195845,42432,Facilities - Electrical,Electrical -Lights,Critical,Assigned,2024-05-21,,in our branch all light working but gold loan cabin and washroom light not working 
INC000004196029,41225,Facilities - Electrical,Electrical -Fans,Critical,Assigned,2024-05-21,,"Dear team,  Exhaust fan not working "
INC000004196072,41269,Facilities - Plumbing,Plumbing-Sanitary Equipments,Critical,Assigned,2024-05-21,,PIPE LEAKAGE 
INC000004196097,41269,Facilities - Carpentry,Carpentry-Doors,Critical,Assigned,2024-05-21,,DOOR LOCK NOT WORKING
INC000004196107,43741,Facilities - Electrical,Electrical -Wiring,Critical,Assigned,2024-05-21,,SOME LIGHT ISSUE IN THE BRANCH.
INC000004196405,61183,Facilities - Lockers,Lockers,Critical,Assigned,2024-05-21,,Kindly do the needful for locker key embossing for Dibrugarh Branch
INC000004196417,42282,Facilities - Plumbing,Plumbing,Critical,Assigned,2024-05-21,,Ground floor men washroom Urinal pot Chockup 
INC000004197536,20214,Facilities - Carpentry,Carpentry-Lock / Key,Critical,Assigned,2024-05-21,,wooden lock door issue
INC000004197764,21005,Facilities - Electrical,Electrical -Power,Critical,Assigned,2024-05-21,,no electricity in branch since morning 
INC000004197824,43291,Facilities - Electrical,Electrical -Wiring,Critical,Assigned,2024-05-21,,issue regarding light fluctuation when 1 ac starting. 
INC000004198031,42201,Facilities - Furniture,Furniture-Chair,Critical,Assigned,2024-05-21,,Chair armrest broken and backrest broken
INC000004198383,60109,Facilities - Lockers,Lockers,Critical,Assigned,2024-05-21,,master key to be embossed for locker Kolkata GARIA 60109 
INC000004198446,43841,Facilities - Electrical,Electrical -Wiring,Critical,Assigned,2024-05-21,,Electrical Wired not Propper at Generator Connection / Hazardous Exposure of Earthing
INC000004198480,43652,Facilities - Carpentry,Carpentry-Doors,Critical,Assigned,2024-05-21,,KEYBOARD DRAWER BREACKAGE
INC000004198497,42502,Facilities - Electrical,Electrical -Power,Critical,Assigned,2024-05-21,,Dear Team Due to some electrical part MCCB has damage request please change on priority reason of without part change electrical supply not start    
INC000004202363,22291,Facilities - Electrical,Electrical -Power,Critical,Assigned,2024-05-22,,URGENT GOLD LOAN CCTV DISPLAY NOT ATTACHED WITH UPS RUDRAPUR BRANCH  22291 
INC000004202375,40148,Facilities - Electrical,Electrical -Power,Critical,Assigned,2024-05-22,,POWER FAILURE IN BHIWANDI BRANCH KINDLY DO THE NEEDFUL ON URGENT BASIS.
INC000004202388,42403,Facilities - Carpentry,Carpentry-Doors,Critical,Assigned,2024-05-22,,wooden door dislodged in teller counter and current account room. 
INC000004202509,40507,Facilities - Electrical,Electrical -Lights,Critical,Assigned,2024-05-22,,"LIGHTS OF LOBBY AREA NOT WORKING , ATM LOLIPOP LIGHT REQUIRED , ONE SWITCH REQUIRED NEAR DIGITAL BOARD ,VISIT BRANCH ON URGENT BASIS AS ITS MARKY BRANCH AND hni"
INC000004202580,61183,Facilities - Electrical,Electrical -Power,Critical,Assigned,2024-05-22,,"Branch is facing power failure since morning, kindly do the needful on priority."
INC000004202710,42925,Facilities - Electrical,Electrical -Fans,Critical,Assigned,2024-05-22,,ATM fan not working please do needful
INC000004202916,42221,Facilities - Electrical,Electrical -Fans,Critical,Assigned,2024-05-22,,Dear team cash counter fan does not work from 18/05/2024 kindly arrange now fan for cash counter.
INC000004203154,40324,Facilities - Electrical,Electrical -Power,Critical,Assigned,2024-05-22,,"electrical issue , power supply poor at front desk area "
INC000004203711,60115,Facilities - Carpentry,Carpentry-Workstation,Critical,Assigned,2024-05-22,,"Cabinet doors inside the pantry is broken, falling off while opening the cabinet. Kindly look into this in an urgent basis."
INC000004204177,40421,Facilities - Furniture,Furniture-Chair,Critical,Assigned,2024-05-22,,one side ARMREST OF CHAIR IS BROKEN AT OUR BRANCH .
INC000004204497,42505,Facilities - Plumbing,Plumbing-Sanitary Equipments,Critical,Assigned,2024-05-22,,Pantry wash basin tap repairing
INC000004204560,40196,Facilities - Plumbing,Plumbing,Critical,Assigned,2024-05-22,,WASHROOM WATER LEAKAGE
INC000004204569,21634,Facilities - Lockers,Lockers,Critical,Assigned,2024-05-22,,DROR LOCKER DAMAGED
INC000004205142,40375,Facilities - Electrical,Electrical -Lights,Critical,Assigned,2024-05-22,,TUBE LIGHT NOT WORKING IN GOLD LOAN DESK
INC000004205173,61081,Facilities - Electrical,Electrical -Wiring,Critical,Assigned,2024-05-22,,AC switch is not working due to main board power failure in server room.
INC000004205185,60261,Facilities - Plumbing,Plumbing-Sanitary Equipments,Critical,Assigned,2024-05-22,,"Leakage in Pantry Basin, Pending since long time"
INC000004205201,42642,Facilities - Carpentry,Carpentry-Lock / Key,Critical,Assigned,2024-05-22,,NOT ABLE TO OPEN CABINET 
INC000004205484,60423,Facilities - Lockers,Lockers,Critical,Assigned,2024-05-22,,re embossing of locker keys for Asansol
INC000004205534,42421,Facilities - Electrical,Electrical -Fans,Critical,Assigned,2024-05-22,,fan required 
INC000004206311,42186,Facilities - Electrical,Electrical -Power,Critical,Assigned,2024-05-22,,power failure branch called the electrician
INC000004206370,42429,Facilities - Electrical,Electrical -Panel / Boards,Critical,Assigned,2024-05-22,,MCB NOT WORKING PROPERLY IN SERVER ROOM 
INC000004206459,42267,Facilities - Carpentry,Carpentry-Lock / Key,Critical,Assigned,2024-05-22,,Unable to lock Drawer. 
INC000004206745,43661,Facilities - Plumbing,Plumbing-Sanitary Equipments,Critical,Assigned,2024-05-22,,OVER BRANCH IN NOT WATER IS NOT YET PLEASE THIS PROBLAM WAS 15 DAYS PLEASE SLOW THISH PROBLAM 
INC000004207281,43183,Facilities - Electrical,Electrical -Lights,Critical,Assigned,2024-05-22,,"STRONG ROOM LIGHT NEEDS TO CHANGE, PLZ ASSIST"
INC000004207472,20158,Facilities - Carpentry,Carpentry-shutter,Critical,Assigned,2024-05-22,,ITS 7 DAYS ABOVE BUT THERE IS NO RESPONSE FOR BRANCH SHUITTER REPARING 
INC000004207489,43291,Facilities - Electrical,Electrical -Power,Critical,Assigned,2024-05-22,,some of lights and electrical instrument not working in branch
INC000004207509,43161,Facilities - Carpentry,Carpentry-Lock / Key,Critical,Assigned,2024-05-22,,please change the lock of front desk drawer. the lock is damage
INC000004207631,42443,Facilities - Electrical,Electrical -Fans,Critical,Assigned,2024-05-22,,Fans are running slow in branch.
INC000004207686,41204,Facilities - Electrical,Electrical -Panel / Boards,Critical,Assigned,2024-05-22,,"•	Khirkian Branch Front Logo Board get breaks & disconnected with power cable due to wind /rainfall & also welding need to affix the same ,please help us immedi"
INC000004207751,60221,Facilities - Carpentry,Carpentry-Workstation,Critical,Assigned,2024-05-22,,CARPENTER REQUIRED FOR SETTING COFFEE MACHINE IN PANTRY
INC000004207915,60108,Facilities - Civil,Civil-work,Critical,Assigned,2024-05-22,,Main door lock is broken.
INC000004211033,43183,Facilities - Electrical,Electrical -Lights,Critical,Assigned,2024-05-23,,light is not working in vault 
INC000004211038,40343,Facilities - Carpentry,Carpentry-Lock / Key,Critical,Assigned,2024-05-23,,Main glass door lock repair required on urgent basis at Shela Branch
INC000004211159,21473,Facilities - Furniture,Furniture-Chair,Critical,Assigned,2024-05-23,,cash counter drawer is broken
INC000004211174,42421,Facilities - Electrical,Electrical -Lights,Critical,Assigned,2024-05-23,,UNABLE TO WORK LIGHTS SO KINDLY URGENT BASIS ISSUES SOLVE
INC000004211230,21634,Facilities - Carpentry,Carpentry-Lock / Key,Critical,Assigned,2024-05-23,,cash drawer wooden  panel is broken 
INC000004211350,40331,Facilities - Plumbing,Plumbing-Sanitary Equipments,Critical,Assigned,2024-05-23,,Jet spray is not working 
INC000004211521,42541,Facilities - Carpentry,Carpentry-Doors,Critical,Assigned,2024-05-23,,multiple door door handles are broken
INC000004211661,40339,Facilities - Electrical,Electrical -Fans,Critical,Assigned,2024-05-23,,wash room in exhaust fan not work.
INC000004211691,42181,Facilities - Carpentry,Carpentry-Workstation,Critical,Assigned,2024-05-23,,key board tray dislodged 
INC000004211893,21451,Facilities - Carpentry,Carpentry-Lock / Key,Critical,Assigned,2024-05-23,,Lock and key required for drawer near about 15 locks and key not working 
INC000004212601,42483,Facilities - Electrical,Electrical -Power,Critical,Assigned,2024-05-23,,Electricity issue UPS Battery not working 
INC000004213013,43844,Facilities - Carpentry,Carpentry-Lock / Key,Critical,Assigned,2024-05-23,,Cash Counter Door Lock Not Working
INC000004213469,21064,Facilities - Pantry Equipment,Pantry Equipment,Critical,Assigned,2024-05-23,,Lack of drinking water in branch all time. in this hot weather all employees of branch suffer this situation everyday.  
INC000004213704,21352,Facilities - Electrical,Electrical -Power,Critical,Assigned,2024-05-23,,kindly allign engineer on urgent basis 
INC000004213846,42481,Facilities - Electrical,Electrical -Panel / Boards,Critical,Assigned,2024-05-23,,auto switch not working when power failure at branch . DG mode not change in auto mode . panel not Woking . Earlier engineer visited the branch and said will co
INC000004214095,40324,Facilities - Lockers,Lockers,Critical,Assigned,2024-05-23,,Need installation key- lick in ladies toilet 
INC000004214196,43291,Facilities - Carpentry,Carpentry-Lock / Key,Critical,Assigned,2024-05-23,,10 drawer lock not working and 4 drawer is broken condition
INC000004214257,43001,Facilities - Carpentry,Carpentry-Doors,Critical,Assigned,2024-05-23,,gate spring are damaged so request you to kindly do the needful on top priority. gate not open and close
INC000004217324,41372,Facilities - Electrical,Electrical -Power,Critical,Assigned,2024-05-24,,branch electric power off .
INC000004217484,41359,Facilities - Civil,Civil-work,Critical,Assigned,2024-05-24,,GREECING TO BE DONE 
INC000004217522,42264,Facilities - Plumbing,Plumbing,Critical,Assigned,2024-05-24,,leakage issue at surat IBC 201 office in washroom 
INC000004217535,42127,Facilities - Carpentry,Carpentry-Lock / Key,Critical,Assigned,2024-05-24,,"LOCK NOT WORKING OF DRAWER OF WORK STATION, PLEASE RESOLVED SAME"
INC000004217537,42264,Facilities - Carpentry,Carpentry-Lock / Key,Critical,Assigned,2024-05-24,,8 to 10 lock required at surat IBC 201 pantry as no lock available  there and material issue for this 
INC000004217547,42261,Facilities - Carpentry,Carpentry-shutter,Critical,Assigned,2024-05-24,,shutter is not functioning properly
INC000004217629,42624,Facilities - Plumbing,Plumbing,Critical,Assigned,2024-05-24,,Urgent Leakage Check - Daily 3000 Ltr Tank empty because of this liakage
INC000004217747,21351,Facilities - Electrical,Electrical -Lights,Critical,Assigned,2024-05-24,,Emergency rechargeable lights require for CPC Panchkula  of pigeon or branded company
INC000004217919,43392,Facilities - Lockers,Lockers,Critical,Assigned,2024-05-24,,Kindly arrange for Locker Keys sealing for Virar west Branch. -43392
INC000004217986,20143,Facilities - Electrical,Electrical -Power,Critical,Assigned,2024-05-24,,Partly power failure at the prashant vihar branch.
INC000004218411,42404,Facilities - Carpentry,Carpentry-Doors,Critical,Assigned,2024-05-24,,TELLER DOOR AND LADIES WASHROOM
INC000004218524,61291,Facilities - Carpentry,Carpentry-Lock / Key,Critical,Assigned,2024-05-24,,GOLD VAULT ROOM DOOR KEY NOT WORKING
INC000004218634,42202,Facilities - Carpentry,Carpentry-Doors,Critical,Assigned,2024-05-24,,Door closer is broken.
INC000004218753,21171,Facilities - Electrical,Electrical -Lights,Critical,Assigned,2024-05-24,,SOME LOBBY LIGHTS DAMAGED  AND TELLER COUNTER IDFC BOARD NOT WORKING
INC000004218846,21029,Facilities - Electrical,Electrical -Panel / Boards,Critical,Assigned,2024-05-24,,electric connection issue for AC. 
INC000004218914,42388,Facilities - Electrical,Electrical -Wiring,Critical,Assigned,2024-05-24,,As per AC service man there is Supply issue in AC of Server room. Kindly Arrange Electrician for checking Supply issue.   
INC000004218980,21218,Facilities - Electrical,Electrical -Lights,Critical,Assigned,2024-05-24,,gold loan signange not glowing
INC000004219225,20253,Facilities - Electrical,Electrical -Lights,Critical,Assigned,2024-05-24,,Light not working
INC000004219386,20157,Facilities - Plumbing,Plumbing-Sanitary Equipments,Critical,Assigned,2024-05-24,,Soap dispeser not available in noida BOC part 2
INC000004219396,42185,Facilities - Carpentry,Carpentry-Lock / Key,Critical,Assigned,2024-05-24,,CASH COUNTER CABIN GATE LOCK NOT LOCKING PROPERLY
INC000004219544,20253,Facilities - Plumbing,Plumbing,Critical,Assigned,2024-05-24,,Drinking water issue
INC000004219975,43312,Facilities - Electrical,Electrical -Power,Critical,Assigned,2024-05-24,,Power Issue at Kuchaman City
INC000004220571,21603,Facilities - Carpentry,Carpentry-Lock / Key,Critical,Assigned,2024-05-24,,Drawers Lock is not in working conditions
INC000004220996,42343,Facilities - Carpentry,Carpentry-Doors,Critical,Assigned,2024-05-24,,Pantry Drawer and Electric Room Door issue_Gandhinagar_42343
INC000004221125,42122,Facilities - Electrical,Electrical -Fans,Critical,Assigned,2024-05-24,,please provide New ceiling fan 3
INC000004221196,43312,Facilities - Carpentry,Carpentry-Lock / Key,Critical,Assigned,2024-05-24,,Washroom Lock Breakage
INC000004221280,60144,Facilities - Lockers,Lockers,Critical,Assigned,2024-05-24,,LOCKER KEY EMBOSSING WRONGLY DONE
INC000004221495,60304,Facilities - Carpentry,Carpentry-Workstation,Critical,Assigned,2024-05-24,,due to water leakage from AC wooden ply is damaged. Need urgent help for replacement and drilling 
INC000004221525,60304,Facilities - Carpentry,Carpentry-Doors,Critical,Assigned,2024-05-24,,door is dislodged and making loud sound while closing
INC000004221606,20143,Facilities - Electrical,Electrical -Panel / Boards,Critical,Assigned,2024-05-24,,short circuit in board 
INC000004221921,43001,Facilities - Carpentry,Carpentry-Doors,Critical,Assigned,2024-05-24,,Branch glass door damaged 
INC000004222099,40372,Facilities - Electrical,Electrical -Panel / Boards,Critical,Assigned,2024-05-24,,In meeting Plug Bord issue
INC000004222199,40102,Facilities - Lockers,Lockers,Critical,Assigned,2024-05-24,, Locker lever to be swapped and locker need to be locked which is opened.
INC000004222368,41264,Facilities - Carpentry,Carpentry-Lock / Key,Critical,Assigned,2024-05-24,,CASH COUNTER GATE LOCK KEY DAMAGED UNABLE TO LOCK
INC000004222371,61121,Facilities - Carpentry,Carpentry-shutter,Critical,Assigned,2024-05-24,,Not functioning 
INC000004226283,42282,Facilities - Carpentry,Carpentry-Lock / Key,Critical,Assigned,2024-05-25,,female washroom door locked inside
INC000004233095,42344,Facilities - Carpentry,Carpentry-Workstation,Critical,Assigned,2024-05-27,,CASH COUNTER DRAWER BROKEN
INC000004233177,41321,Facilities - Electrical,Electrical -Power,Critical,Assigned,2024-05-27,,power not supply
INC000004233239,42262,Facilities - Electrical,Electrical -Panel / Boards,Critical,Assigned,2024-05-27,,1. sales room panels  bord broken 2. locker room portable wire plug broken  
INC000004233471,21431,Facilities - Electrical,Electrical -Fans,Critical,Assigned,2024-05-27,,FANS REQUIRED IN YAMUNA NAGAR LOAN CENTER BRANCH
INC000004233511,40514,Facilities - Electrical,Electrical -Panel / Boards,Critical,Assigned,2024-05-27,,REMOVAL OF DAMAGED GOLD LOAN LOLLYPOP AT MAHIM WEST BRANCH
INC000004233547,60384,Facilities - Electrical,Electrical -Power,Critical,Assigned,2024-05-27,,No Electricity Supply in Branch 
INC000004233579,40401,Facilities - Plumbing,Plumbing,Critical,Assigned,2024-05-27,,in water leakages in pentry 
INC000004233636,40423,Facilities - Electrical,Electrical -Panel / Boards,Critical,Assigned,2024-05-27,,loose power socket  burlglar alarm 
INC000004234409,21433,Facilities - Electrical,Electrical -Panel / Boards,Critical,Assigned,2024-05-27,,AS SWITCHES NOT WORKING KINDLY VISIT THE BRANCH TO RESOLVE THE ISSUE
INC000004234508,42269,Facilities - Electrical,Electrical -Panel / Boards,Critical,Assigned,2024-05-27,,ELECTRIC WORK REQUIRE
INC000004234570,21433,Facilities - Carpentry,Carpentry-Lock / Key,Critical,Assigned,2024-05-27,,need lock replacement of drawer
INC000004234683,21006,Facilities - Furniture,Furniture-Chair,Critical,Assigned,2024-05-27,,"Available chairs are not sufficient for the branch, kindly provide more chairs."
INC000004234728,21433,Facilities - Furniture,Furniture-Chair,Critical,Assigned,2024-05-27,,armrest broken
INC000004234746,21173,Facilities - Carpentry,Carpentry-Workstation,Critical,Assigned,2024-05-27,,Work station damage at 2nd floor other side
INC000004234920,42927,Facilities - Carpentry,Carpentry-Doors,Critical,Assigned,2024-05-27,,"Dear Team, Male washroom door handle lock broken & not functioning."
INC000004235018,60363,Facilities - Carpentry,Carpentry-Workstation,Critical,Assigned,2024-05-27,,WALL IN BM CABIN DAMAGED
INC000004235155,43844,Facilities - Carpentry,Carpentry-Doors,Critical,Assigned,2024-05-27,,CASH VAULT WOODER DOOR HANDLE BROKEN
INC000004235419,21634,Facilities - Carpentry,Carpentry-Doors,Critical,Assigned,2024-05-27,,MAIN ENTRANCE DOOR IS BROKEN 
INC000004235705,42624,Facilities - Electrical,Electrical -Fans,Critical,Assigned,2024-05-27,,ATM Fan not working
INC000004236143,60563,Facilities - Electrical,Electrical -Lights,Critical,Assigned,2024-05-27,,Men and Female Washroom Electricity Issue
INC000004236623,42421,Facilities - Electrical,Electrical -Panel / Boards,Critical,Assigned,2024-05-27,,Unable working Panels Boards Kindly Urgent Basis Resolved this problems
INC000004236679,42136,Facilities - Plumbing,Plumbing-Sanitary Equipments,Critical,Assigned,2024-05-27,,PLUMBING RELATED ISSUES AS FLUSH IS NOT WORKING AND ALSO WHOLE WASHROOM RELATED ISSUES 
INC000004236712,21634,Facilities - Plumbing,Plumbing,Critical,Assigned,2024-05-27,,Pantry main hole issue
INC000004236733,21634,Facilities - Carpentry,Carpentry-Doors,Critical,Assigned,2024-05-27,,ATM and main door not working properly 
INC000004236746,21634,Facilities - Carpentry,Carpentry-Workstation,Critical,Assigned,2024-05-27,,Kitchen wood store 
INC000004236884,43505,Facilities - Carpentry,Carpentry-Lock / Key,Critical,Assigned,2024-05-27,,Keys of some lockers are not available and some doors are not working properly
INC000004237300,21013,Facilities - Lockers,Lockers,Critical,Assigned,2024-05-27,,Godrej Elmira locker need to be change  
INC000004237510,20127,Facilities - Electrical,Electrical -Panel / Boards,Critical,Assigned,2024-05-27,,"Post New Board is installed ACs have stopped working, as it is affecting the outdoors"
INC000004237591,20127,Facilities - Carpentry,Carpentry-Doors,Critical,Assigned,2024-05-27,,"Drawers located in lobby are not broken, kindly get it fixed"
INC000004238303,21009,Facilities - Carpentry,Carpentry-Workstation,Critical,Assigned,2024-05-27,,BM cabin and customer meeting room required in branch
INC000004238367,20231,Facilities - Furniture,Furniture-Chair,Critical,Assigned,2024-05-27,,ARMREST BROKEN AND REPAIRING REQUIRED 
INC000004238380,41356,Facilities - Plumbing,Plumbing,Critical,Assigned,2024-05-27,,PANTRY BASIN CHOCKUP 
INC000004238415,41356,Facilities - Plumbing,Plumbing,Critical,Assigned,2024-05-27,,WASHROOM WATERTANK IS LEAKAGE 
INC000004238436,20231,Facilities - Carpentry,Carpentry-Lock / Key,Critical,Assigned,2024-05-27,,LOCKS NOT WORKING PROPERLY 
INC000004238749,60741,Facilities - Carpentry,Carpentry-Lock / Key,Critical,Assigned,2024-05-27,,"Dear Team,  Two lock is fully broken at Gold loan desk ,Kindly change the lock on prioirty basis .Cash counter lock is not working ,KIndlly replace "
INC000004238815,60363,Facilities - Carpentry,Carpentry-Doors,Critical,Assigned,2024-05-27,,store room door is damaged
INC000004239213,41354,Facilities - Carpentry,Carpentry-Doors,Critical,Assigned,2024-05-27,,CASH CABIN DOOR ISSUE
INC000004239217,41354,Facilities - Electrical,Electrical -Lights,Critical,Assigned,2024-05-27,,LIGHTS TO BE CHANGED ON PRIORITY
INC000004242266,42225,Facilities - Carpentry,Carpentry-Lock / Key,Critical,Assigned,2024-05-28,,main door lock is nit working properly
INC000004242273,20254,Facilities - Carpentry,Carpentry-Workstation,Critical,Assigned,2024-05-28,,IDFC NAME BOARD ON WORKSTATION GOT BROKEN
INC000004242526,43161,Facilities - Electrical,Electrical -Power,Critical,Assigned,2024-05-28,,No electricity in branch also power back up is also down
INC000004242534,21433,Facilities - Plumbing,Plumbing,Critical,Assigned,2024-05-28,,WATER BOLKAGE IN WASHROOM
INC000004242631,21019,Facilities - Carpentry,Carpentry-Doors,Critical,Assigned,2024-05-28,,TELLER DOOR NOT CLOSING PROPERLY. CRITICAL SO KINDLY ARRANGE VENDOR ASAP
INC000004242815,43162,Facilities - Electrical,Electrical -Lights,Critical,Assigned,2024-05-28,,"Dear Team request you to please check and resolve the electricity issue, since 17th may branch AC power not working, also taller cabin UPC MCV not working. kind"
INC000004243050,20194,Facilities - Carpentry,Carpentry-Doors,Critical,Assigned,2024-05-28,,Door stopper broken
INC000004243337,42124,Facilities - Plumbing,Plumbing-Sanitary Equipments,Critical,Assigned,2024-05-28,,washroom flas is not working 
INC000004243705,40316,Facilities - Electrical,Electrical -Lights,Critical,Assigned,2024-05-28,,As per SOP requirement we require Emergency lights to kept in Teller counter
INC000004243769,21072,Facilities - Electrical,Electrical -Wiring,Critical,Assigned,2024-05-28,,water motor is not working fatehabad branch
INC000004244407,60563,Facilities - Furniture,Furniture-Chair,Critical,Assigned,2024-05-28,,Need to Check the all chair and Furniture ( Pedaestel Dislocked )
INC000004244791,42124,Facilities - Plumbing,Plumbing,Critical,Assigned,2024-05-28,,FLUSH BUTTON NOT WORKING IN MALE AND FEMALE TOILETS
INC000004245009,21634,Facilities - Carpentry,Carpentry-Doors,Critical,Assigned,2024-05-28,,mAIN GLASS DOOR HANDLE BREAK
INC000004245067,21603,Facilities - Furniture,Furniture-Chair,Critical,Assigned,2024-05-28,,"Hi Team,Armrest broken of 2 chair"
INC000004245099,21416,Facilities - Carpentry,Carpentry-Lock / Key,Critical,Assigned,2024-05-28,,CLEARING BOX REPAIR 
INC000004245172,42124,Facilities - Carpentry,Carpentry-Workstation,Critical,Assigned,2024-05-28,,workstation glass are damaged need to repair 
INC000004245534,60442,Facilities - Lockers,Lockers,Critical,Assigned,2024-05-28,,Re-Embossing on keys
INC000004245726,21471,Facilities - Electrical,Electrical -Fans,Critical,Assigned,2024-05-28,,Wall fans required due to ac not working since long time 
INC000004246160,42392,Facilities - Lockers,Lockers,Critical,Assigned,2024-05-28,,need to seal loacker keys as we have recevied audit point  total number of keys needs to be seal is 40
INC000004246943,42326,Facilities - Carpentry,Carpentry-Doors,Critical,Assigned,2024-05-28,,washroom door not closing automatically
INC000004246957,42326,Facilities - Plumbing,Plumbing,Critical,Assigned,2024-05-28,,leakage and jet spray issue
INC000004247105,43104,Facilities - Electrical,Electrical -Panel / Boards,Critical,Assigned,2024-05-28,,Kindly change in MCB server room due to AC issue.
INC000004247329,40107,Facilities - Lockers,Lockers,Critical,Assigned,2024-05-28,,Kindly log a call for Sealed the vacant locker Keys
INC000004250713,21414,Facilities - Electrical,Electrical -Power,Critical,Assigned,2024-05-29,,Electricity issue...
INC000004250733,43392,Facilities - Plumbing,Plumbing-Sanitary Equipments,Critical,Assigned,2024-05-29,,jet spray not working
INC000004250810,20109,Facilities - Carpentry,Carpentry-Doors,Critical,Assigned,2024-05-29,,Side Laminates of teller door removed
INC000004250828,20109,Facilities - Carpentry,Carpentry-Workstation,Critical,Assigned,2024-05-29,,Pedestal damaged in locker room
INC000004250842,20109,Facilities - Plumbing,Plumbing-Sanitary Equipments,Critical,Assigned,2024-05-29,,Toilet sheet fitting damaged in Men's washroom
INC000004250888,42261,Facilities - Carpentry,Carpentry-Workstation,Critical,Assigned,2024-05-29,,KEYBOARD TRAY BROKEN
INC000004250971,42405,Facilities - Electrical,Electrical -Panel / Boards,Critical,Assigned,2024-05-29,,A Ssudden short circuit occured in Goa - Porvorim Branch.
INC000004251021,42184,Facilities - Plumbing,Plumbing,Critical,Assigned,2024-05-29,,Washroom pipe leakage and pantry waist pipe damage 
INC000004251128,42682,Facilities - Plumbing,Plumbing-Sanitary Equipments,Critical,Assigned,2024-05-29,,unable to work proper jet spray
INC000004251319,42581,Facilities - Electrical,Electrical -Lights,Critical,Assigned,2024-05-29,,Ceiling Light not working from last 2 days in Loan center 
INC000004251730,20195,Facilities - Electrical,Electrical -Panel / Boards,Critical,Assigned,2024-05-29,,CURRENT NOT IN SOCKETS
INC000004251759,22021,Facilities - Electrical,Electrical -Fans,Critical,Assigned,2024-05-29,,fan's are not working.
INC000004251810,22021,Facilities - Carpentry,Carpentry-Doors,Critical,Assigned,2024-05-29,,cash counter doors not functioning.
INC000004251832,22021,Facilities - Carpentry,Carpentry-Workstation,Critical,Assigned,2024-05-29,,cash counter mirror breakage 
INC000004251853,22041,Facilities - Plumbing,Plumbing,Critical,Assigned,2024-05-29,,There is leakage in Flush Tap
INC000004251881,41114,Facilities - Plumbing,Plumbing,Critical,Assigned,2024-05-29,,"Dear team, branch washroom pipes has been broken and leakages so please send some one to visit and rectify issue as earliest"
INC000004252181,42101,Facilities - Electrical,Electrical -Fans,Critical,Assigned,2024-05-29,,atm fan not working 
INC000004252491,22251,Facilities - Furniture,Furniture-Chair,Critical,Assigned,2024-05-29,,WOODEN DOOR MAINTENENCE 
INC000004252682,21295,Facilities - Carpentry,Carpentry-Doors,Critical,Assigned,2024-05-29,,Door Clousing issue 
INC000004252756,20258,Facilities - Lockers,Lockers,Critical,Assigned,2024-05-29,,2 lock change required in safe deposit locker 
INC000004252779,41363,Facilities - Electrical,Electrical -Power,Critical,Assigned,2024-05-29,,Power Failure at Pune Chinchwad
INC000004252864,42502,Facilities - Electrical,Electrical -Power,Critical,Assigned,2024-05-29,,Again same issue fessing of Power failure please resolve 
INC000004253568,21028,Facilities - Electrical,Electrical -Power,Critical,Assigned,2024-05-29,,there is electrical issue in branch kindly send electrician
INC000004253603,43642,Facilities - Electrical,Electrical -Power,Critical,Assigned,2024-05-29,,power supply issue
INC000004253625,41325,Facilities - Electrical,Electrical -Power,Critical,Assigned,2024-05-29,,MCB falure
INC000004253745,21634,Facilities - Sanitization,Sanitization,Critical,Assigned,2024-05-29,,PANTRY NOT SANITIZED
INC000004253918,21091,Facilities - Furniture,Furniture-Chair,Critical,Assigned,2024-05-29,,25 chairs armrest broken
INC000004253927,41171,Facilities - Carpentry,Carpentry-Lock / Key,Critical,Assigned,2024-05-29,,Required new Lock for drawers due to his key missing.
INC000004253948,43411,Facilities - Carpentry,Carpentry-Doors,Critical,Assigned,2024-05-29,,branch have lot of issue of infra 
INC000004253964,21091,Facilities - Carpentry,Carpentry-Lock / Key,Critical,Assigned,2024-05-29,,drawer locks need to replace
INC000004254195,21005,Facilities - Sanitization,Sanitization,Critical,Assigned,2024-05-29,,Washroom does not have water every alternate day. Because of low pressure water supply tank is not getting filled.
INC000004254344,43103,Facilities - Carpentry,Carpentry-Lock / Key,Critical,Assigned,2024-05-29,,Lock damaged for some drawers 
INC000004254383,43103,Facilities - Carpentry,Carpentry-Workstation,Critical,Assigned,2024-05-29,,Breakage of keyboards
INC000004254455,42401,Facilities - Electrical,Electrical -Lights,Critical,Assigned,2024-05-29,,teller counter light not working
INC000004254774,42121,Facilities - Carpentry,Carpentry-Lock / Key,Critical,Assigned,2024-05-29,,issue in cash cabin door lock at branch ugariyawas 42121 please resolve the issue on urgent basis
INC000004254864,40301,Facilities - Electrical,Electrical -Fans,Critical,Assigned,2024-05-29,,Wall fan and Pedestal fan require@02nd Floor
INC000004255049,40317,Facilities - Electrical,Electrical -Fans,Critical,Assigned,2024-05-29,,Pedestal and Wall fan require due to AC Not working
INC000004255090,40311,Facilities - Electrical,Electrical -Fans,Critical,Assigned,2024-05-29,,Wall fan/Pedestal fan issue
INC000004255134,40327,Facilities - Electrical,Electrical -Fans,Critical,Assigned,2024-05-29,,Wall fan require due to AC not working
INC000004255545,43621,Facilities - Electrical,Electrical -Panel / Boards,Critical,Assigned,2024-05-29,,switch board are not working
INC000004255675,60902,Facilities - Electrical,Electrical -Panel / Boards,Critical,Assigned,2024-05-29,,water pump not working. Kindly resolve urgently. No power at panel
INC000004255697,20231,Facilities - Plumbing,Plumbing-Sanitary Equipments,Critical,Assigned,2024-05-29,,Water chocking is wash basin 
INC000004255761,20231,Facilities - Plumbing,Plumbing-Sanitary Equipments,Critical,Assigned,2024-05-29,,MALE WASHROOM WASH BHASIN LEAKEAGE IS THERE PLEASE RESOVLE THE ISSUE ASAP
INC000004255764,20253,Facilities - Plumbing,Plumbing-Sanitary Equipments,Critical,Assigned,2024-05-29,,Sanitary issue
INC000004255845,42283,Facilities - Plumbing,Plumbing-Sanitary Equipments,Critical,Assigned,2024-05-29,,Water motor is not working since 2 days due to which we don't have water at branch
INC000004255865,60108,Facilities - Electrical,Electrical -Power,Critical,Assigned,2024-05-29,,BACK SIDE AC NOT WORKING
INC000004259596,20128,Facilities - Electrical,Electrical -Panel / Boards,Critical,Assigned,2024-05-30,,gold loan area board has come out so its need to be repaired
INC000004259708,41454,Facilities - Plumbing,Plumbing-Sanitary Equipments,Critical,Assigned,2024-05-30,,JET SPRAY BROKEN IN MENS WASHROOM
INC000004259710,40143,Facilities - Carpentry,Carpentry-Doors,Critical,Assigned,2024-05-30,,carpentary work required -door lock not functioning
INC000004259853,42521,Facilities - Carpentry,Carpentry-Lock / Key,Critical,Assigned,2024-05-30,,Need to change Lock for Drawer
INC000004260318,22143,Facilities - Electrical,Electrical -Panel / Boards,Critical,Assigned,2024-05-30,,ATM BOARD ELECTRIC ISSUE NOT WORKING
INC000004260383,60641,Facilities - Carpentry,Carpentry-Workstation,Critical,Assigned,2024-05-30,,"MANY TIMES, WE HAD COMPLIENT BUT YET TO RESOLVE "
INC000004260449,60641,Facilities - Carpentry,Carpentry-shutter,Critical,Assigned,2024-05-30,,NEED URGENT REPAIR
INC000004260494,60101,Facilities - Carpentry,Carpentry-Doors,Critical,Assigned,2024-05-30,,CASH COUNDER DOOR ISSUE
INC000004260538,60641,Facilities - Electrical,Electrical -Fans,Critical,Assigned,2024-05-30,,"NOT WORKING SINCE1 YEAR, MANY TIMES WE HAD COMPLAIN BUT YET TO REPLACE OR REPAIR "
INC000004260715,60641,Facilities - Electrical,Electrical -Wiring,Critical,Assigned,2024-05-30,,NEED MORE PLUGS 
INC000004260780,20146,Facilities - Carpentry,Carpentry-shutter,Critical,Assigned,2024-05-30,,SHUTTER HANDLE STOLEN NEED NEW HANDLE
INC000004260796,21232,Facilities - Civil,Civil-work,Critical,Assigned,2024-05-30,,Main Entrance Glass Door is not working fine and the Glass can be broken 
INC000004261152,20146,Facilities - Carpentry,Carpentry-Workstation,Critical,Assigned,2024-05-30,,Branch display board broken need new digital display
INC000004261706,29203,Facilities - Carpentry,Carpentry-Lock / Key,Critical,Assigned,2024-05-30,,pantry door handle damage
INC000004262208,21473,Facilities - Carpentry,Carpentry-Lock / Key,Critical,Assigned,2024-05-30,,BREAKAGE OF CABINATS LOCKS AND DRAWER
INC000004262246,21473,Facilities - Furniture,Furniture-Chair,Critical,Assigned,2024-05-30,,CHAIR ARMREST BROKEN
INC000004262935,41264,Facilities - Plumbing,Plumbing-Sanitary Equipments,Critical,Assigned,2024-05-30,,ISSUE IN WASHROOM TAB DUE TO THIS WATER WASTAGE KINDLY RESOLVE 
INC000004262969,41264,Facilities - Carpentry,Carpentry-Workstation,Critical,Assigned,2024-05-30,,WORKSTATION DRAWER GET SEPRATED FORM WORKSTATION 
INC000004262981,21473,Facilities - Carpentry,Carpentry-Doors,Critical,Assigned,2024-05-30,,wooden door handles/ hings /laminates/ stoper broken 
INC000004263008,41264,Facilities - Carpentry,Carpentry-Lock / Key,Critical,Assigned,2024-05-30,,UNABLE TO LOCK SERVER ROOM 
INC000004263106,42821,Facilities - Electrical,Electrical -Panel / Boards,Critical,Assigned,2024-05-30,,"BCM Tesk Panel board not working , due to short please do the needfull"
INC000004263763,21258,Facilities - Carpentry,Carpentry-Doors,Critical,Assigned,2024-05-30,,dear team door stopper not working
INC000004263799,21624,Facilities - Carpentry,Carpentry-Doors,Critical,Assigned,2024-05-30,, wooden door lock repairing. and godrej almirah handle 
INC000004264446,21019,Facilities - Electrical,Electrical -Wiring,Critical,Assigned,2024-05-30,," as per below trail mail PFA SNAP TATA ISP they need electrician in Gurgaon Sec 31 .   Kindly confirm electrician availability in the branch , accordingly Tata "
INC000004264482,20151,Facilities - Carpentry,Carpentry-Lock / Key,Critical,Assigned,2024-05-30,,droor not open 
INC000004267586,40134,Facilities - Electrical,Electrical -Fans,Critical,Assigned,2024-05-31,,Wash room exhaust fan problem 
INC000004267587,40134,Facilities - Electrical,Electrical -Panel / Boards,Critical,Assigned,2024-05-31,,Kindly arrange Engineer 
INC000004267876,21634,Facilities - Electrical,Electrical -Fans,Critical,Assigned,2024-05-31,,fan holder require. fan in lobby area. fan is available but it is not hanged. nuts require
INC000004267902,42135,Facilities - Carpentry,Carpentry-Lock / Key,Critical,Assigned,2024-05-31,,Washroom lock is completly broken need urgent assistance here
INC000004268076,21232,Facilities - Electrical,Electrical -Fans,Critical,Assigned,2024-05-31,,Request for 4 Ceiling Fans at Dehradun Krishna Tower Branch for Customer Service Area
INC000004268196,42861,Facilities - Carpentry,Carpentry-Lock / Key,Critical,Assigned,2024-05-31,,Drawer locks are not working
INC000004268291,61421,Facilities - Carpentry,Carpentry-Lock / Key,Critical,Assigned,2024-05-31,,Vault door not able to lock
INC000004268331,40135,Facilities - Electrical,Electrical -Lights,Critical,Assigned,2024-05-31,,Light not working in ATM and water purifier issue
INC000004268436,21072,Facilities - Carpentry,Carpentry-Lock / Key,Critical,Assigned,2024-05-31,,12 DRAWER KEY NEED TO CHANGE IN FATEHABAD BRANCH
INC000004268622,41271,Facilities - Plumbing,Plumbing-Sanitary Equipments,Critical,Assigned,2024-05-31,,toilet pot damaged 
INC000004268625,42625,Facilities - Carpentry,Carpentry-Lock / Key,Critical,Assigned,2024-05-31,,door lock of washroom
INC000004268753,22142,Facilities - Electrical,Electrical -Lights,Critical,Assigned,2024-05-31,,Washroom lights are not working
INC000004268795,22142,Facilities - Plumbing,Plumbing,Critical,Assigned,2024-05-31,,"There is leakage in taps in washrooms and pantry, water flow is also very slow in taps"
INC000004268877,20102,Facilities - Electrical,Electrical -Power,Critical,Assigned,2024-05-31,,no power supply in ATM
INC000004269070,42137,Facilities - Electrical,Electrical -Power,Critical,Assigned,2024-05-31,,power is off from 29/05/2024
INC000004269109,42132,Facilities - Plumbing,Plumbing-Sanitary Equipments,Critical,Assigned,2024-05-31,,All urinals are choked need to repair urgently on the 7th floor
INC000004269113,60781,Facilities - Electrical,Electrical -Fans,Critical,Assigned,2024-05-31,,Due to AC not working properly new wall mount fan required 
INC000004269555,42137,Facilities - Electrical,Electrical -Power,Critical,Assigned,2024-05-31,,NO power in branch
INC000004269948,21943,Facilities - Carpentry,Carpentry-Doors,Critical,Assigned,2024-05-31,,dear team pantry wooden door  not working properly looks breakage
INC000004269979,21621,Facilities - Electrical,Electrical -Fans,Critical,Assigned,2024-05-31,,Wall Mount not working in pentry 
INC000004269984,21314,Facilities - Carpentry,Carpentry-Workstation,Critical,Assigned,2024-05-31,,WORK STATION 
INC000004270035,21621,Facilities - Plumbing,Plumbing,Critical,Assigned,2024-05-31,,plumbing issue in wash rooms both ladies & gents
INC000004270131,43471,Facilities - Carpentry,Carpentry-Doors,Critical,Assigned,2024-05-31,,Dear team main door lock is not working properly  please arrange the vendor for this on urgent basis
INC000004270196,21872,Facilities - Lockers,Lockers,Critical,Assigned,2024-05-31,,PLS ARRANGE VENDORE FOR SEAL THE LOAKER KEYS WITH PROPER PACKET 
INC000004270310,42276,Facilities - Carpentry,Carpentry-Workstation,Critical,Assigned,2024-05-31,,FLOOR PLAT DEMAG
INC000004270519,40148,Facilities - Electrical,Electrical -Lights,Critical,Assigned,2024-05-31,,"Dear Team, Bhiwandi's ATM Light is not working so please arrange electrician on basis "
INC000004271064,43621,Facilities - Plumbing,Plumbing,Critical,Assigned,2024-05-31,,Washroom leakage issue
INC000004271427,41321,Facilities - Lockers,Lockers,Critical,Assigned,2024-05-31,,Driver Looker broken 
INC000004271592,43451,Facilities - Carpentry,Carpentry-Lock / Key,Critical,Assigned,2024-05-31,,Required  change Door lock 
INC000004272131,42663,Facilities - Electrical,Electrical -Panel / Boards,Critical,Assigned,2024-05-31,,New socket required for CCD installation 
INC000004272290,60134,Facilities - Furniture,Furniture-Chair,Critical,Assigned,2024-05-31,,require trolley suit case for cash
INC000004272291,60134,Facilities - Carpentry,Carpentry-shutter,Critical,Assigned,2024-05-31,,ENTRANCE SHUTTER IS JAM
INC000004272325,20148,Facilities - Lockers,Lockers,Critical,Assigned,2024-05-31,,key packing required for 50 keys.vikas marg branch
INC000004275954,60442,Facilities - Carpentry,Carpentry-Doors,Critical,Assigned,2024-06-01,,Main glass door of Durgapur Asset branch is not functioning. Door spring is not working.
INC000004276030,21473,Facilities - Lockers,Lockers,Critical,Assigned,2024-06-01,,"Hi team lost key for short Dror, which is used to keep documents. key number E40, please contact me 9350431387"
INC000004276232,42881,Facilities - Carpentry,Carpentry-Lock / Key,Critical,Assigned,2024-06-01,,Automatic lock required in cash counter door
INC000004276685,21271,Facilities - Electrical,Electrical -Wiring,Critical,Assigned,2024-06-01,,"Due to issue in electrical line, light is continuously blinking in teller area"
INC000004276704,42226,Facilities - Plumbing,Plumbing,Critical,Assigned,2024-06-01,,Bathroom water switch not working 
INC000004276710,42282,Facilities - Carpentry,Carpentry-Lock / Key,Critical,Assigned,2024-06-01,,Drawer lock need to replace 
INC000004277199,20106,Facilities - Electrical,Electrical -Panel / Boards,Critical,Assigned,2024-06-01,,Board electric lines are not working since last 3 days.
INC000004277326,42242,Facilities - Dormitory,Dormitory-Maintanance,Critical,Assigned,2024-06-01,,Washroom Mirror Has to be change
INC000004278198,41111,Facilities - Carpentry,Carpentry-Doors,Critical,Assigned,2024-06-01,,Dear team in timurni branch Main wooden door not working properly door spring not working properly kindly resolve this issue on urgent basis
INC000004278335,41171,Facilities - Carpentry,Carpentry-Lock / Key,Critical,Assigned,2024-06-01,,Key Broken for Drawer
INC000004278364,43221,Facilities - Electrical,Electrical -Lights,Critical,Assigned,2024-06-01,,electrician wages 
INC000004278815,21943,Facilities - Carpentry,Carpentry-Lock / Key,Critical,Assigned,2024-06-01,,"dear team, vault main door locks not working or locks not closed propely kindly resolve urgently "
INC000004278849,21431,Facilities - Electrical,Electrical -Panel / Boards,Critical,Assigned,2024-06-01,,4 Gangbox  Required for fans 
INC000004278861,21431,Facilities - Carpentry,Carpentry-Doors,Critical,Assigned,2024-06-01,,Floor Machine for Entry / Main Door 
INC000004285689,60861,Facilities - Electrical,Electrical -Power,Critical,Assigned,2024-06-03,,No power in the branch hence no network and even DG not working 
INC000004285701,42128,Facilities - Carpentry,Carpentry-shutter,Critical,Assigned,2024-06-03,,ELECTRICAL REMOTE OF SHUTTER IS NOT WORKING
INC000004285848,40143,Facilities - Carpentry,Carpentry-Lock / Key,Critical,Assigned,2024-06-03,,cabinet drawer keys broken as welll as glass door shteer keys lock not working 
INC000004285872,40177,Facilities - Electrical,Electrical -Power,Critical,Assigned,2024-06-03,,No power at kandivali west branch 
INC000004285928,20194,Facilities - Electrical,Electrical -Lights,Critical,Assigned,2024-06-03,,"Lobby light not working, fix the issue asap."
INC000004286050,21394,Facilities - Carpentry,Carpentry-Lock / Key,Critical,Assigned,2024-06-03,,BRANCH MAIN DOOR  LOCK AND DRAWER LOACK IS DAMAGED
INC000004286144,41264,Facilities - Carpentry,Carpentry-Lock / Key,Critical,Assigned,2024-06-03,,please arrange engineer for lock keys 
INC000004286288,60109,Facilities - Plumbing,Plumbing,Critical,Assigned,2024-06-03,,flust not working for ladies washroom
INC000004286376,60761,Facilities - Electrical,Electrical -Lights,Critical,Assigned,2024-06-03,,"Dear Team 3 Light is not working in Teller  Area And  3 Lights Not working in loby Area Kindly Resolved Issue, on Argent,"
INC000004286649,43161,Facilities - Plumbing,Plumbing-Sanitary Equipments,Critical,Assigned,2024-06-03,,The tap in the washroom is not working. Requesting support in resolving issue
INC000004286901,41375,Facilities - Plumbing,Plumbing,Critical,Assigned,2024-06-03,,bathroom water flush not working properly
INC000004287012,40112,Facilities - Electrical,Electrical -Panel / Boards,Critical,Assigned,2024-06-03,,branch shutter button is not working
INC000004287072,40112,Facilities - Lockers,Lockers,Critical,Assigned,2024-06-03,,"branch does not need the lockers available in the branch which are just lying in the branch , we need to get those lockers picked up so than we can have space t"
INC000004287276,60302,Facilities - Carpentry,Carpentry-Lock / Key,Critical,Assigned,2024-06-03,,washroom lock and handel broken 
INC000004287795,42481,Facilities - Electrical,Electrical -Lights,Critical,Assigned,2024-06-03,,POWER SUPPLY AUTO CUT SWITCH AND POWER SUPPLY ISSUE IN ATM AC
INC000004288337,21601,Facilities - Plumbing,Plumbing,Critical,Assigned,2024-06-03,,no water in washroom
INC000004288486,21233,Facilities - Carpentry,Carpentry-Workstation,Critical,Assigned,2024-06-03,,Electrical and carpentry work
INC000004288583,42186,Facilities - Carpentry,Carpentry-Doors,Critical,Assigned,2024-06-03,,Kindly replace the complain/ suggestion box from atm to branch lobby and also provide the sticker of compliant/ suggestion box
INC000004288641,60261,Facilities - Plumbing,Plumbing-Sanitary Equipments,Critical,Assigned,2024-06-03,,Washroom and Pantry water leakage 
INC000004289023,21852,Facilities - Plumbing,Plumbing,Critical,Assigned,2024-06-03,,NEED REPAIR OF WASHROOM LEAKAGE OF GIRLS
INC000004289102,20145,Facilities - Electrical,Electrical -Lights,Critical,Assigned,2024-06-03,,Emergency Light Required 
INC000004289210,43762,Facilities - Electrical,Electrical -Fans,Critical,Assigned,2024-06-03,,ATM fan is not working 
INC000004289222,20234,Facilities - Plumbing,Plumbing-Sanitary Equipments,Critical,Assigned,2024-06-03,,UNABLE TO STORE WATER IN TANK 
INC000004290311,21892,Facilities - Carpentry,Carpentry-Doors,Critical,Assigned,2024-06-03,,glass door not opened properly 
INC000004290535,42361,Facilities - Plumbing,Plumbing,Critical,Assigned,2024-06-03,,ladies and jens washroom repair   
INC000004290621,60372,Facilities - Plumbing,Plumbing-Sanitary Equipments,Critical,Assigned,2024-06-03,,tap regarding issue
INC000004290812,40153,Facilities - Sanitization,Sanitization,Critical,Assigned,2024-06-03,,Dear Team - We are facing massive water looging issues in the washroom as the floor of tehh washroom is filled with filty water due to overflow of the same from
INC000004290822,49105,Facilities - Plumbing,Plumbing-Sanitary Equipments,Critical,Assigned,2024-06-03,,"Two Urinals are not working, multiple jet sprays are not working etc.  "
INC000004294009,21414,Facilities - Carpentry,Carpentry-Lock / Key,Critical,Assigned,2024-06-04,,"NEED TO CHANGE DRAWER LOCKS, LOCKES BROKEN"
INC000004294058,21315,Facilities - Carpentry,Carpentry-Doors,Critical,Assigned,2024-06-04,,washroom door issue
INC000004294121,40302,Facilities - Electrical,Electrical -Lights,Critical,Assigned,2024-06-04,,lobby area lights are not working from past 10 days please arrange the vendor on urgent.
INC000004294251,40304,Facilities - Electrical,Electrical -Panel / Boards,Critical,Assigned,2024-06-04,,Plugs are not in work
INC000004294484,20102,Facilities - Plumbing,Plumbing-Sanitary Equipments,Critical,Assigned,2024-06-04,,Plumbing work required for leakage
INC000004294498,42301,Facilities - Carpentry,Carpentry-Lock / Key,Critical,Assigned,2024-06-04,,lock is not working or proper closing average 7-10 lock drawers are not working
INC000004294522,20155,Facilities - Plumbing,Plumbing,Critical,Assigned,2024-06-04,,Water Tank burst leaking water
INC000004294814,20121,Facilities - Carpentry,Carpentry-Lock / Key,Critical,Assigned,2024-06-04,,"Trolleys used for carrying/ferrying Caret/Boxes, whose wheels has been damaged "
INC000004294892,20249,Facilities - Plumbing,Plumbing,Critical,Assigned,2024-06-04,,Water leakage in washroom
INC000004295205,42261,Facilities - Carpentry,Carpentry-Lock / Key,Critical,Assigned,2024-06-04,,Cash Drawer is not getting lock 
INC000004295461,20127,Facilities - Plumbing,Plumbing-Sanitary Equipments,Critical,Assigned,2024-06-04,,Tap of washroom is not working and two drainage lids to be changed
INC000004295899,41357,Facilities - Plumbing,Plumbing,Critical,Assigned,2024-06-04,,"AC outlet Leakage at wanowrie Branch-41357, "
INC000004295900,60662,Facilities - Electrical,Electrical -Power,Critical,Assigned,2024-06-04,,ATM EARTHING VOLTAGE IS HIGH MACHINE SHUTDOWN BY ENGINEER
INC000004296538,42361,Facilities - Carpentry,Carpentry-Lock / Key,Critical,Assigned,2024-06-04,,MAIN DOOR HANDLE IS BROKEN NEED REPLECE THE NEW PROPERLY HANDLE  
INC000004296548,42361,Facilities - Carpentry,Carpentry-Doors,Critical,Assigned,2024-06-04,,"o	Ladies’ washroom adjustment fen and door lock damage (door open closed is broken)"
INC000004296560,42361,Facilities - Carpentry,Carpentry-Lock / Key,Critical,Assigned,2024-06-04,,"o	Meeting room door not locked. "
INC000004296595,42801,Facilities - Electrical,Electrical -Fans,Critical,Assigned,2024-06-04,,dear team kindly help ATM fan not working 
INC000004296684,20126,Facilities - Plumbing,Plumbing-Sanitary Equipments,Critical,Assigned,2024-06-04,,washroom plumbing work pending 
INC000004296713,42643,Facilities - Furniture,Furniture-Chair,Critical,Assigned,2024-06-04,,Total 12 seat backrest bare bended not able to sit properly
INC000004297051,60363,Facilities - Electrical,Electrical -Panel / Boards,Critical,Assigned,2024-06-04,,Electrical panel issue at Cuttack branch
INC000004297357,21019,Facilities - Electrical,Electrical -Wiring,Critical,Assigned,2024-06-04,," Please align the electrician at our Sector 31, Gurgaon branch.   Kindly confirm the below details so that IT team can be aligned accordingly.  Name : Mobile No"
INC000004297736,42861,Facilities - Electrical,Electrical -Fans,Critical,Assigned,2024-06-04,,ceilling fan issue
INC000004301402,43661,Facilities - Electrical,Electrical -Wiring,Critical,Assigned,2024-06-05,,Dear team automatic shutter open and close not working since last 2-3 days request to please send electrician for resolve the issue in urgent basis.
INC000004301427,61302,Facilities - Electrical,Electrical -Power,Critical,Assigned,2024-06-05,,Total power cut and fail
INC000004301476,22031,Facilities - Plumbing,Plumbing,Critical,Assigned,2024-06-05,,washroom drain chock up
INC000004301482,40195,Facilities - Carpentry,Carpentry-Lock / Key,Critical,Assigned,2024-06-05,,need to replacement of some locks of  drawers 
INC000004301573,42279,Facilities - Carpentry,Carpentry-Lock / Key,Critical,Assigned,2024-06-05,,both draweer not working in teller counter
INC000004301623,20231,Facilities - Lockers,Lockers,Critical,Assigned,2024-06-05,,Installation of Exhaust Fan in Locker Room Pending /Installation of wall mounted shelf in wrong Place . Customer is facing Issue while operating Locker (161 Loc
INC000004301993,60132,Facilities - Carpentry,Carpentry-Lock / Key,Critical,Assigned,2024-06-05,,Glass door lock is not working
INC000004302323,40301,Facilities - Carpentry,Carpentry-Lock / Key,Critical,Assigned,2024-06-05,,Require lock in network RACK which was break previously due to some emergency. Branch Details: C.G.Road-40301 
INC000004302343,40328,Facilities - Carpentry,Carpentry-Lock / Key,Critical,Assigned,2024-06-05,,Server room Network rake lock key not working 
INC000004302352,21009,Facilities - Plumbing,Plumbing,Critical,Assigned,2024-06-05,,urinal blockage in branch 
INC000004302523,20121,Facilities - Plumbing,Plumbing,Critical,Assigned,2024-06-05,,Wahsroom Door and one jet spray not working in female washroom
INC000004302652,20149,Facilities - Painting,Painting,Critical,Assigned,2024-06-05,,Kindly send someone to fix drop box in the branch.
INC000004302872,61371,Facilities - Electrical,Electrical -Panel / Boards,Critical,Assigned,2024-06-05,,AC PLUG NOT WORKING
INC000004302935,61451,Facilities - Electrical,Electrical -Power,Critical,Assigned,2024-06-05,,Complete phase is down including LAN and other electrical components. 
INC000004303019,40372,Facilities - Lockers,Lockers,Critical,Assigned,2024-06-05,,GOLD LOAN DRAWER KEY LOST SO PLEASE SENT VENDOR ON URGENT BASIS
INC000004303368,20106,Facilities - Plumbing,Plumbing-Sanitary Equipments,Critical,Assigned,2024-06-05,,broken basin pipe
INC000004303475,40181,Facilities - Plumbing,Plumbing,Critical,Assigned,2024-06-05,,THERE IS WATER ISSUE IN BHAYANDAR WEST BRANCH AND THIS EVERY SECOND DAY ISSUE KINDLY PROVIDE THE PARMANENT SOLUTION FOR THIS
INC000004303977,42282,Facilities - Carpentry,Carpentry-Lock / Key,Critical,Assigned,2024-06-05,,Replacement of Wash room Door Lock - 5 Nos. & hand faucet - 01 No & Cabinet Lock - 2 Nos. & 1 tower bolt 
INC000004304405,60115,Facilities - Sanitization,Sanitization,Critical,Assigned,2024-06-05,,"LADIES WASHROOM HAND BIDET IS BROKEN, SEND TECHNICIAN FAST."
INC000004304607,21791,Facilities - Carpentry,Carpentry-Doors,Critical,Assigned,2024-06-05,,glass door lodged.
INC000004305009,20101,Facilities - Plumbing,Plumbing,Critical,Assigned,2024-06-05,,sealing leackage
INC000004305195,42821,Facilities - Plumbing,Plumbing,Critical,Assigned,2024-06-05,,There is no water in the girl washroom and jet spray not working .
INC000004305239,20135,Facilities - Carpentry,Carpentry-Doors,Critical,Assigned,2024-06-05,,Kindly assign someone for making the section in drawer as we are not able to segarate the files
INC000004305826,41301,Facilities - Electrical,Electrical -Lights,Critical,Assigned,2024-06-05,,ELECTRICITY ISSUE IN CHHANERA BRANCH LAST 2 MONTH
INC000004305969,20225,Facilities - Electrical,Electrical -Panel / Boards,Critical,Assigned,2024-06-05,,light not working
INC000004306009,42277,Facilities - Electrical,Electrical -Lights,Critical,Assigned,2024-06-05,,vault room lights not working
INC000004309353,60384,Facilities - Carpentry,Carpentry-Lock / Key,Critical,Assigned,2024-06-06,,Main Glass Door lock broken
INC000004309372,60501,Facilities - Electrical,Electrical -Power,Critical,Assigned,2024-06-06,,Power Failure at Branch 
INC000004309389,60241,Facilities - Electrical,Electrical -Lights,Critical,Assigned,2024-06-06,,bar light is not working
INC000004309437,20131,Facilities - Electrical,Electrical -Lights,Critical,Assigned,2024-06-06,,ELECTRICITY NOT AVAILABLE IN LOCKER AND VAULT ROOM
INC000004309447,42561,Facilities - Electrical,Electrical -Power,Critical,Assigned,2024-06-06,,Power not received in switch board
INC000004309542,40133,Facilities - Electrical,Electrical -Lights,Critical,Assigned,2024-06-06,,PANTRY AND BM CABIN LIGHTS NOT THERE ...TUBELITE FUSE GONE
INC000004309581,40327,Facilities - Carpentry,Carpentry-Doors,Critical,Assigned,2024-06-06,,sales cabin drawer door not repairing word required
INC000004309609,40327,Facilities - Plumbing,Plumbing-Sanitary Equipments,Critical,Assigned,2024-06-06,,wash basing repairing work and jet spay not worikng
INC000004309692,42145,Facilities - Electrical,Electrical -Power,Critical,Assigned,2024-06-06,,U V LIGHT IS NOT WORKING KINDLY SEND THE VENDOR AND RESOLVE
INC000004310778,20257,Facilities - Lockers,Lockers,Critical,Assigned,2024-06-06,,3 locker keys to be sealed and embossing on master key to be done.
INC000004310851,42381,Facilities - Plumbing,Plumbing,Critical,Assigned,2024-06-06,,Washbasin in WC is not working
INC000004311049,42481,Facilities - Pantry Equipment,Pantry Equipment,Critical,Assigned,2024-06-06,,Glass for drinking water is not available for customers
INC000004311257,20155,Facilities - Furniture,Furniture-Chair,Critical,Assigned,2024-06-06,,4 chairs armrest broken
INC000004311437,20249,Facilities - Carpentry,Carpentry-Workstation,Critical,Assigned,2024-06-06,,dear team please check key box damage
INC000004311855,21004,Facilities - Plumbing,Plumbing-Sanitary Equipments,Critical,Assigned,2024-06-06,,WC SHEET COVER IS DAMAGED PLEASE CHANGE
INC000004312173,60344,Facilities - Civil,Civil-work,Critical,Assigned,2024-06-06,,washroom glass was removed from wall
INC000004313564,22132,Facilities - Carpentry,Carpentry-Doors,Critical,Assigned,2024-06-06,,Dorset not functioning
INC000004314012,41273,Facilities - Sanitization,Sanitization,Critical,Assigned,2024-06-06,,"Dear Team , Please Repair Female washroom flush as Not working properly ."
INC000004314490,43502,Facilities - Plumbing,Plumbing-Sanitary Equipments,Critical,Assigned,2024-06-06,,Wash basin pipe leakage 
INC000004314494,43502,Facilities - Plumbing,Plumbing-Sanitary Equipments,Critical,Assigned,2024-06-06,,Flush is not working in wash room
INC000004314499,43502,Facilities - Electrical,Electrical -Lights,Critical,Assigned,2024-06-06,,Light is not working in pantry
INC000004314508,43502,Facilities - Pantry Equipment,Pantry Equipment,Critical,Assigned,2024-06-06,,Water dispenser not working 
INC000004314545,21418,Facilities - Carpentry,Carpentry-Doors,Critical,Assigned,2024-06-06,,washroom wooden door dislodged
INC000004314560,43843,Facilities - Carpentry,Carpentry-shutter,Critical,Assigned,2024-06-06,,Branch one side shutter is jam kindly arrange person to resolve the same on priority.
INC000004317717,20128,Facilities - Lockers,Lockers,Critical,Assigned,2024-06-07,,LOCKER NEWLY IN THE BRANCH SO KEYS GIVEN ARE NOT CORRECT KINLDY ARRANGE FOR THE GODREJ TECHNICIAN VISIT 
INC000004317875,40106,Facilities - Electrical,Electrical -Panel / Boards,Critical,Assigned,2024-06-07,,branch's main signage board is not functioning during the night.
INC000004317964,60241,Facilities - Plumbing,Plumbing,Critical,Assigned,2024-06-07,,"washroom drainage is connected to gutter, unbearable smell and higher chances of infection"
INC000004317996,21193,Facilities - Electrical,Electrical -Fans,Critical,Assigned,2024-06-07,,"Exhaust FAN required at SCO 18 Puda Complex 1st Floor, ( Branch Code-21192)"
INC000004318012,21193,Facilities - Carpentry,Carpentry-Workstation,Critical,Assigned,2024-06-07,,Work Station repair / locks required at SCO 18 Fist Floor Branch Code- 21192
INC000004318151,60145,Facilities - Lockers,Lockers,Critical,Assigned,2024-06-07,,resealing of around 100 locker key packets
INC000004318175,41273,Facilities - Plumbing,Plumbing-Sanitary Equipments,Critical,Assigned,2024-06-07,,"Dear Team , Please change pantry tap. "
INC000004318255,21193,Facilities - Plumbing,Plumbing,Critical,Assigned,2024-06-07,,Blockage in urinal pot and sinks
INC000004318256,42264,Facilities - Electrical,Electrical -Lights,Critical,Assigned,2024-06-07,,Four Of Ceiling Lights Above Ops Cpa DeskTripped From Yesterday Evening Kindly Help to Repair Asap we Are Uncomfortable to Work Smoothly
INC000004318316,21193,Facilities - Electrical,Electrical -Fans,Critical,Assigned,2024-06-07,,Exhaust fans not working
INC000004318549,60781,Facilities - Carpentry,Carpentry-Workstation,Critical,Assigned,2024-06-07,,WALL CUPBOARD STORAGE DOOR DAMAGED.
INC000004318665,20111,Facilities - Electrical,Electrical -Fans,Critical,Assigned,2024-06-07,,wall mounted fan is not working in pantry // GK II branch //20111
INC000004318782,20111,Facilities - Electrical,Electrical -Lights,Critical,Assigned,2024-06-07,,ATM and outside branch light notworking // 20111// GK II
INC000004319254,43621,Facilities - Electrical,Electrical -Fans,Critical,Assigned,2024-06-07,,wall mount fan are not working well pl check and repair 
INC000004319918,40401,Facilities - Plumbing,Plumbing,Critical,Assigned,2024-06-07,,water leakage 
INC000004319950,42946,Facilities - Carpentry,Carpentry-Doors,Critical,Assigned,2024-06-07,,dear team kindly help gold loan door lock issue 
INC000004321333,21015,Facilities - Electrical,Electrical -Wiring,Critical,Assigned,2024-06-07,,Our field engineer visited the site today and observed abnormal power parameters due to which link might malfunction device may go faulty.  Please find the stan
INC000004321428,43492,Facilities - Carpentry,Carpentry-Lock / Key,Critical,Assigned,2024-06-07,,one lock damage 
INC000004321494,41325,Facilities - Electrical,Electrical -Power,Critical,Assigned,2024-06-07,,Due to High voltage AC not working 
INC000004322004,43021,Facilities - Carpentry,Carpentry-Lock / Key,Critical,Assigned,2024-06-07,,unable to work key drawer 
INC000004322034,42405,Facilities - Electrical,Electrical -Power,Critical,Assigned,2024-06-07,,Short of MCCB 
INC000004322077,42382,Facilities - Electrical,Electrical -Fans,Critical,Assigned,2024-06-07,,branch ground floor bathroom Exhaust system fan not working.
INC000004322185,41277,Facilities - Carpentry,Carpentry-Lock / Key,Critical,Assigned,2024-06-07,,server room lock is not working it is jam please fix it ASAP.
INC000004322331,60321,Facilities - Electrical,Electrical -Panel / Boards,Critical,Assigned,2024-06-07,,Signage light not work
INC000004332843,42562,Facilities - Lockers,Lockers,Critical,Assigned,2024-06-10,,meddle drawer unable to lock 
INC000004332846,60861,Facilities - Electrical,Electrical -Power,Critical,Assigned,2024-06-10,,No electricity at branch 
INC000004332854,40103,Facilities - Electrical,Electrical -Power,Critical,Assigned,2024-06-10,,"power is very low and some are power is not working , lights not open , kindly check on priority."
INC000004332880,40108,Facilities - Electrical,Electrical -Lights,Critical,Assigned,2024-06-10,,Ladies washroom light issue
INC000004332963,21011,Facilities - Plumbing,Plumbing-Sanitary Equipments,Critical,Assigned,2024-06-10,,bathroom  flush not working properly 
INC000004332966,60561,Facilities - Electrical,Electrical -Power,Critical,Assigned,2024-06-10,,Power issue at Utai Branch
INC000004332985,43621,Facilities - Electrical,Electrical -Power,Critical,Assigned,2024-06-10,,Power supply off in the branch resolve immediate
INC000004332996,21313,Facilities - Plumbing,Plumbing-Sanitary Equipments,Critical,Assigned,2024-06-10,,"Too much smell in water tank, water is not usable "
INC000004333029,42481,Facilities - Electrical,Electrical -Panel / Boards,Critical,Assigned,2024-06-10,,panel board and auto switch on off not working
INC000004333224,40106,Facilities - Civil,Civil-work,Critical,Assigned,2024-06-10,,dorrmats required
INC000004333487,43415,Facilities - Plumbing,Plumbing,Critical,Assigned,2024-06-10,,WASHROOM FLUSH LEAKAGE
INC000004333546,60101,Facilities - Electrical,Electrical -Lights,Critical,Assigned,2024-06-10,,Lights not working
INC000004333674,42125,Facilities - Lockers,Lockers,Critical,Assigned,2024-06-10,,gold laon cabin door loack not working resolve issue on top priorty.
INC000004333941,20193,Facilities - Plumbing,Plumbing,Critical,Assigned,2024-06-10,,There is an inadequate water supply in the wash basin.
INC000004334017,40304,Facilities - Carpentry,Carpentry-Workstation,Critical,Assigned,2024-06-10,,"Work station alignment issues at 2nd floor assets, washing facing area "
INC000004334028,40153,Facilities - Lockers,Lockers,Critical,Assigned,2024-06-10,,Keys And Locks To be changed fro the branch drawers 
INC000004334049,42483,Facilities - Carpentry,Carpentry-Doors,Critical,Assigned,2024-06-10,,Door Stoper not working
INC000004334117,42226,Facilities - Lockers,Lockers,Critical,Assigned,2024-06-10,,IN SANMIKA IS BROKEN PLEASE SEND CARPENTER
INC000004334145,40371,Facilities - Carpentry,Carpentry-Workstation,Critical,Assigned,2024-06-10,,removal of gold loan cabin as cabin fully damaged so removal of work station
INC000004334658,20257,Facilities - Plumbing,Plumbing-Sanitary Equipments,Critical,Assigned,2024-06-10,,water leakage in washroom
INC000004334934,40328,Facilities - Electrical,Electrical -Wiring,Critical,Assigned,2024-06-10,,In server Room Ac is working but Electrical TImer Issue.in Both Ac 
INC000004335071,20121,Facilities - Pantry Equipment,Pantry Equipment,Critical,Assigned,2024-06-10,,Cold Water in Water Dispenser not available in Pantry of Upper Ground Floor
INC000004335727,60132,Facilities - Lockers,Lockers,Critical,Assigned,2024-06-10,,!!!! URGENT LOCKER CABINETG NOT OPENING !!! LOCKER NO:- 6013200025  _LOCKER KEY NO:- 6013200036 
INC000004336413,22321,Facilities - Lockers,Lockers,Critical,Assigned,2024-06-10,,"Dear team,Please arrange vendor visit for key embossing at Jhansi branch 22321."
INC000004336640,42183,Facilities - Plumbing,Plumbing-Sanitary Equipments,Critical,Assigned,2024-06-10,,WC FLUSH NOT WORKING IN GENTS WASHROOM
INC000004336666,42222,Facilities - Lockers,Lockers,Critical,Assigned,2024-06-10,,table lock key is broken in lock
INC000004336675,42132,Facilities - Electrical,Electrical -Fans,Critical,Assigned,2024-06-10,,4 Pedestal fan
INC000004336773,42183,Facilities - Furniture,Furniture-Chair,Critical,Assigned,2024-06-10,,keyboard tray bolt lost and tray is hanging need to rebolt it.
INC000004337113,21016,Facilities - Electrical,Electrical -Lights,Critical,Assigned,2024-06-10,,WASHROOM LIGHT IS NOT FUNCTIONING PLEASE RESOLVE THE SAME ON URGENT BASIS
INC000004337282,41269,Facilities - Plumbing,Plumbing-Sanitary Equipments,Critical,Assigned,2024-06-10,,Ladies Toilet Tap is not working properly and water is draining from Tap. Kindly provide engineer urgently.
INC000004337657,41273,Facilities - Dormitory,Dormitory-Maintanance,Critical,Assigned,2024-06-10,,"Dear Team , Please Repair branch repair shutter on urgent basis "
INC000004341207,60201,Facilities - Carpentry,Carpentry-Lock / Key,Critical,Assigned,2024-06-11,,Vault wooden door key not working. Kindly arrange for a carpenter on priority.
INC000004341320,43241,Facilities - Carpentry,Carpentry-Doors,Critical,Assigned,2024-06-11,,Main wooden door lock key broken 
INC000004341405,21004,Facilities - Electrical,Electrical -Power,Critical,Assigned,2024-06-11,,Short circuit happened at Gurgaon loan center
INC000004341687,43821,Facilities - Electrical,Electrical -Power,Critical,Assigned,2024-06-11,,There is a issue of electricity due to rain  in branch area .due to that network connectivity is down . 
INC000004341848,41222,Facilities - Electrical,Electrical -Wiring,Critical,Assigned,2024-06-11,,dear team power issue at rajgarhd branch
INC000004342023,41271,Facilities - Plumbing,Plumbing-Sanitary Equipments,Critical,Assigned,2024-06-11,,male toilet need carpentry work
INC000004342205,42343,Facilities - Electrical,Electrical -Power,Critical,Assigned,2024-06-11,,Electricity down at gandhinagar branch also UPS is not working 
INC000004342247,49105,Facilities - Plumbing,Plumbing,Critical,Assigned,2024-06-11,,Gents WC flush not working
INC000004342255,42424,Facilities - Electrical,Electrical -Fans,Critical,Assigned,2024-06-11,,exhaust fan not working
INC000004342277,42424,Facilities - Plumbing,Plumbing-Sanitary Equipments,Critical,Assigned,2024-06-11,,toilet seat cover broken replacement needed
INC000004342294,42424,Facilities - Carpentry,Carpentry-Doors,Critical,Assigned,2024-06-11,,door stoper need to replace broken
INC000004342339,43161,Facilities - Electrical,Electrical -Fans,Critical,Assigned,2024-06-11,,WALL MOUNT FAN IS NOT WORKING 
INC000004342457,40104,Facilities - Lockers,Lockers,Critical,Assigned,2024-06-11,,Gunnebo lockers are jammed and are unable to open.
INC000004342936,60881,Facilities - Carpentry,Carpentry-Doors,Critical,Assigned,2024-06-11,,Door Handle broken for Remuna Branch
INC000004343008,43521,Facilities - Electrical,Electrical -Panel / Boards,Critical,Assigned,2024-06-11,,Branch electricity board panel not working last 3 month. 
INC000004343093,43521,Facilities - Carpentry,Carpentry-Doors,Critical,Assigned,2024-06-11,,office furniture daimez
INC000004343199,60423,Facilities - Carpentry,Carpentry-Lock / Key,Critical,Assigned,2024-06-11,,ENTRANCE GLASS DOOR IS NOT LOCKED
INC000004343275,20106,Facilities - Plumbing,Plumbing-Sanitary Equipments,Critical,Assigned,2024-06-11,,exhaust fan not working
INC000004343677,61251,Facilities - Electrical,Electrical -Power,Critical,Assigned,2024-06-11,,PROVIDE UPS CONNECTION TO DESKTOP 
INC000004343861,49103,Facilities - Plumbing,Plumbing-Sanitary Equipments,Critical,Assigned,2024-06-11,,wash basin and 1 urinal  in Gents wash room leak 
INC000004343882,42127,Facilities - Carpentry,Carpentry-Doors,Critical,Assigned,2024-06-11,,DOOR CLOSURE NOT WORKING @JAIPUR C SCHEME BRANCH
INC000004343978,21522,Facilities - Plumbing,Plumbing-Sanitary Equipments,Critical,Assigned,2024-06-11,,BREAKAGE OF POT SEAT
INC000004344516,20108,Facilities - Electrical,Electrical -Panel / Boards,Critical,Assigned,2024-06-11,,"no power in basement vault room due to main plug not working ,henc e facing issue while keeping cash in vault /locker room "
INC000004344596,41111,Facilities - Carpentry,Carpentry-Doors,Critical,Assigned,2024-06-11,,Dear team branch has facing isse due to main door not closed automatically due to door closer not functioning that's why main door not closed kindly resolve iss
INC000004344743,21232,Facilities - Carpentry,Carpentry-Doors,Critical,Assigned,2024-06-11,,Kindly arrange carpenter at Dehradun Krishna tower loan centre branch code 21232 as front glass door repair required
INC000004345535,21731,Facilities - Carpentry,Carpentry-Doors,Critical,Assigned,2024-06-11,,DOOR IS NOT OPENING PROPERLY  TOUCHING WITH FLOOR WHILE OPENING AND CLOSING
INC000004349290,41281,Facilities - Carpentry,Carpentry-Workstation,Critical,Assigned,2024-06-12,,In teller counter cash drawer is damaged so please arrange for repairing 
INC000004349381,21219,Facilities - Carpentry,Carpentry-Doors,Critical,Assigned,2024-06-12,,Door Handle for Chandigarh Sales HUB is broken
INC000004349411,22012,Facilities - Pantry Equipment,Pantry Equipment,Critical,Assigned,2024-06-12,,Leakage in Water dispenser machine  
INC000004349576,22143,Facilities - Carpentry,Carpentry-Doors,Critical,Assigned,2024-06-12,,"Mukherjee Nagar Branch - Pantry wooden board is broken, please arrange someone to fix the same on priority. "
INC000004349806,40505,Facilities - Electrical,Electrical -Lights,Critical,Assigned,2024-06-12,,urgent electrician required for fixing tube light
INC000004349864,40108,Facilities - Electrical,Electrical -Power,Critical,Assigned,2024-06-12,,CCTV power failure at branch due to fluctuations. Ghodbunder Road 40108
INC000004350487,60701,Facilities - Carpentry,Carpentry-Lock / Key,Critical,Assigned,2024-06-12,,Drawer key misplaced. kindly change the dwawer lock
INC000004350671,41241,Facilities - Carpentry,Carpentry-Lock / Key,Critical,Assigned,2024-06-12,,NEED PANTRY WROK FOR DRAWERS AND LOCK 
INC000004350944,21002,Facilities - Carpentry,Carpentry-shutter,Critical,Assigned,2024-06-12,,office shutter not working properly 
INC000004351036,20239,Facilities - Plumbing,Plumbing,Critical,Assigned,2024-06-12,,Water is coming very slow in all water place's
INC000004351348,43021,Facilities - Plumbing,Plumbing-Sanitary Equipments,Critical,Assigned,2024-06-12,,branch washroom water is stuck and also seat is break 
INC000004351428,40163,Facilities - Lockers,Lockers,Critical,Assigned,2024-06-12,,washroom door has broken 
INC000004351850,21257,Facilities - Furniture,Furniture-Chair,Critical,Assigned,2024-06-12,,Armrest are broken of few chairs
INC000004351865,20137,Facilities - Carpentry,Carpentry-Doors,Critical,Assigned,2024-06-12,,Glass door at ATM dislodged
INC000004352287,40322,Facilities - Electrical,Electrical -Power,Critical,Assigned,2024-06-12,,Main switch is automatically getting off
INC000004352359,42137,Facilities - Electrical,Electrical -Lights,Critical,Assigned,2024-06-12,,Kindly check and resolve washroom light close
INC000004352555,41241,Facilities - Furniture,Furniture-Chair,Critical,Assigned,2024-06-12,,Rolling Chair Arm Rest Broken
INC000004352708,61121,Facilities - Carpentry,Carpentry-Lock / Key,Critical,Assigned,2024-06-12,,Cash counter drawer luck not working
INC000004353953,40172,Facilities - Electrical,Electrical -Wiring,Critical,Assigned,2024-06-12,,Cash counting machine short circuit issue
INC000004353993,40177,Facilities - Electrical,Electrical -Wiring,Critical,Assigned,2024-06-12,,Supply of 40 A RCCB Polycab
INC000004354056,42261,Facilities - Electrical,Electrical -Lights,Critical,Assigned,2024-06-12,,ELECTCRICAL ISSUE IN BRANCH 
INC000004354273,40119,Facilities - Electrical,Electrical -Wiring,Critical,Assigned,2024-06-12,,Core cable
INC000004354905,41302,Facilities - Lockers,Lockers,Critical,Assigned,2024-06-12,,Gold loan cabin drawer lock damage kindly replace 
INC000004358297,21423,Facilities - Electrical,Electrical -Power,Critical,Assigned,2024-06-13,,power failure in branch  
INC000004358356,61371,Facilities - Electrical,Electrical -Power,Critical,Assigned,2024-06-13,,electricity failure at branch due to which no system is working and BOD not done yet
INC000004358406,22011,Facilities - Civil,Civil-work,Critical,Assigned,2024-06-13,,"dear team, kitchen water tap not working request you to please attend on urgent basis."
INC000004358489,41204,Facilities - Electrical,Electrical -Lights,Critical,Assigned,2024-06-13,,"Dear Team , Need Power backup at Cash Counter while power supply off there is too darkness at branch front Lobby & Teller is Facing issue in Counting Notes "
INC000004358547,42541,Facilities - Carpentry,Carpentry-Workstation,Critical,Assigned,2024-06-13,,Mount Keyboard And Mouse Tray On Wall 
INC000004358894,20194,Facilities - Lockers,Lockers,Critical,Assigned,2024-06-13,,"CUSTOMER LOCKER IS STUCK, CUSTOMER IS UNABLE TO OPERATE THE LOACKER....KINDLY GET THIS FIXED AS SOON AS POSSIBLE AS CUSTOMER IS FACING PROBLEM"
INC000004359116,21091,Facilities - Carpentry,Carpentry-Lock / Key,Critical,Assigned,2024-06-13,,lock not working of server room and pantry wall almirah broked
INC000004359181,20127,Facilities - Carpentry,Carpentry-Lock / Key,Critical,Assigned,2024-06-13,,Cash drawer lock is not working. Please resolve on priority.
INC000004359597,20204,Facilities - Carpentry,Carpentry-Workstation,Critical,Assigned,2024-06-13,,work station storage drawer are banding. 
INC000004359825,42262,Facilities - Electrical,Electrical -Lights,Critical,Assigned,2024-06-13,,LOBBY LED LIGHT fluctuation
INC000004360067,42343,Facilities - Plumbing,Plumbing-Sanitary Equipments,Critical,Assigned,2024-06-13,,Male toilet Pipe is broken- Urgent Plumbing Repair Needed
INC000004360283,41411,Facilities - Carpentry,Carpentry-shutter,Critical,Assigned,2024-06-13,,shutter is not moving -atm shutter
INC000004360531,22124,Facilities - Carpentry,Carpentry-Doors,Critical,Assigned,2024-06-13,,Main Glass Door not working properly 
INC000004360553,21634,Facilities - Carpentry,Carpentry-Workstation,Critical,Assigned,2024-06-13,,Shifting of FRFC on First Floor.
INC000004360587,42943,Facilities - Carpentry,Carpentry-Doors,Critical,Assigned,2024-06-13,,wooden door is uprooted.
INC000004360790,21257,Facilities - Electrical,Electrical -Panel / Boards,Critical,Assigned,2024-06-13,,charging point is damage kindly repair please
INC000004360847,42967,Facilities - Plumbing,Plumbing,Critical,Assigned,2024-06-13,,Drain chockup in toilet request to provide plumber for repairing
INC000004361356,60641,Facilities - Electrical,Electrical -Panel / Boards,Critical,Assigned,2024-06-13,,There is no elcetricity connection available and branch is running with back-up only
INC000004361474,42138,Facilities - Plumbing,Plumbing,Critical,Assigned,2024-06-13,,toilet flash not working 
INC000004361740,21274,Facilities - Carpentry,Carpentry-Lock / Key,Critical,Assigned,2024-06-13,,ladies wash room  door key is not working properly kindly replace new key. 
INC000004361746,42643,Facilities - Electrical,Electrical -Lights,Critical,Assigned,2024-06-13,,"Server room light is not working, new light to be installed in server room and washroom light is also not wroking properly having low vision in washroom."
INC000004361915,40139,Facilities - Pantry Equipment,Pantry Equipment,Critical,Assigned,2024-06-13,,USEAGE WATER NOT AVAILABE IN BRANCH 
INC000004362021,21273,Facilities - Electrical,Electrical -Panel / Boards,Critical,Assigned,2024-06-13,,switch board of lobby table is not working 
INC000004362065,21273,Facilities - Carpentry,Carpentry-Lock / Key,Critical,Assigned,2024-06-13,,main door and BM door glass door locks not working
INC000004362217,43681,Facilities - Carpentry,Carpentry-Doors,Critical,Assigned,2024-06-13,,4 DOOR CLOSURE NOT FUNCTIONIG.
INC000004362478,42926,Facilities - Plumbing,Plumbing,Critical,Assigned,2024-06-13,,Water leakage in washroom
INC000004362559,42162,Facilities - Plumbing,Plumbing,Critical,Assigned,2024-06-13,,WASHROOM AND PENTRY WATER NOT SUPLIE
INC000004362569,40328,Facilities - Furniture,Furniture-Chair,Critical,Assigned,2024-06-13,,One chair Brokan please arrenge 
INC000004362850,43501,Facilities - Furniture,Furniture-Chair,Critical,Assigned,2024-06-13,,Two chairs Armest Broken at Bhuj Branch
INC000004362883,40332,Facilities - Furniture,Furniture-Chair,Critical,Assigned,2024-06-13,,required chair at nikol 40332
INC000004363235,42542,Facilities - Plumbing,Plumbing-Sanitary Equipments,Critical,Assigned,2024-06-13,,WATER TANK PIPE ISSUE ARRANGE SOLUTION 
INC000004363297,60108,Facilities - Civil,Civil-work,Critical,Assigned,2024-06-13,,BRANCH GLASS DOOR NOT WORKING
INC000004363345,60134,Facilities - Lockers,Lockers,Critical,Assigned,2024-06-13,,One key for staff locker needs to be made
INC000004363392,40445,Facilities - Electrical,Electrical -Lights,Critical,Assigned,2024-06-13,,EMERGENCY LIGHT NOT WORKING AT MORBI BRANCH IN LOCKER AREA
INC000004366665,20154,Facilities - Carpentry,Carpentry-Doors,Critical,Assigned,2024-06-14,,glass door lock 
INC000004366667,20154,Facilities - Carpentry,Carpentry-shutter,Critical,Assigned,2024-06-14,,shutter jam 
INC000004366732,42269,Facilities - Furniture,Furniture-Chair,Critical,Assigned,2024-06-14,,DOOR LOCK FULT
INC000004366783,40329,Facilities - Carpentry,Carpentry-Workstation,Critical,Assigned,2024-06-14,,3-4 Key Board Tray are Brockage
INC000004366856,41321,Facilities - Electrical,Electrical -Panel / Boards,Critical,Assigned,2024-06-14,,Dear team Electric Panel and switch short kindly resolve the issue also AC eclectic point not issue kindly arrange vendor  form Ladvi Branch (41321) 
INC000004366946,21293,Facilities - Carpentry,Carpentry-Doors,Critical,Assigned,2024-06-14,,VAULT WOODEN DOOR LOCK LEVER IS STUCKING WITH GROOVE
INC000004366969,41381,Facilities - Carpentry,Carpentry-Doors,Critical,Assigned,2024-06-14,,WINDOW curtain slider Not working in RO Office (Sanjeev sir cabin) image attcahed 
INC000004367498,21873,Facilities - Electrical,Electrical -Power,Critical,Assigned,2024-06-14,,power change in/out issue at branch
INC000004367552,42262,Facilities - Plumbing,Plumbing-Sanitary Equipments,Critical,Assigned,2024-06-14,,jet sprey problem
INC000004367822,42434,Facilities - Electrical,Electrical -Power,Critical,Assigned,2024-06-14,,Require new Power Source 
INC000004367878,41277,Facilities - Carpentry,Carpentry-Lock / Key,Critical,Assigned,2024-06-14,,server room lock is not working it is jam please fix it ASAP.
INC000004367886,42434,Facilities - Electrical,Electrical -Lights,Critical,Assigned,2024-06-14,,NEED EMERGENCY LIGHTS FOR LOCKER ROOM
INC000004368120,42429,Facilities - Carpentry,Carpentry-Doors,Critical,Assigned,2024-06-14,,door close not work not properly
INC000004368178,60881,Facilities - Carpentry,Carpentry-Doors,Critical,Assigned,2024-06-14,,MAIN DOOR HANDLE BROKEN.
INC000004368204,42429,Facilities - Electrical,Electrical -Fans,Critical,Assigned,2024-06-14,,ATM fan not working properly
INC000004368246,42429,Facilities - Carpentry,Carpentry-Lock / Key,Critical,Assigned,2024-06-14,,Door look not working properly
INC000004368270,42127,Facilities - Plumbing,Plumbing-Sanitary Equipments,Critical,Assigned,2024-06-14,,Gents toilet is leaking please check
INC000004368429,20161,Facilities - Carpentry,Carpentry-Lock / Key,Critical,Assigned,2024-06-14,,Server room DVR lock not working for Noida sec 26- 20161
INC000004368471,60307,Facilities - Electrical,Electrical -Fans,Critical,Assigned,2024-06-14,,Branch ATM does not have any fan kindly arrange to install the fan asap.
INC000004368648,60561,Facilities - Plumbing,Plumbing-Sanitary Equipments,Critical,Assigned,2024-06-14,,TOILET FLUSH NOT WORKING PROPERLY
INC000004368657,60561,Facilities - Electrical,Electrical -Fans,Critical,Assigned,2024-06-14,,EXHAUST FAN of PANTRY NOT WORKING
INC000004368684,60561,Facilities - Carpentry,Carpentry-Doors,Critical,Assigned,2024-06-14,,3 UNIT OF DOOR CLOSER IN PNATRY NOT WORKING
INC000004368808,21173,Facilities - Furniture,Furniture-Chair,Critical,Assigned,2024-06-14,,Broken Chairs_Backrest+Base+Upholstry
INC000004368952,40144,Facilities - Furniture,Furniture-Chair,Critical,Assigned,2024-06-14,,maximus chair is damaged. need replacement
INC000004368955,20161,Facilities - Electrical,Electrical -Power,Critical,Assigned,2024-06-14,,POWER FAILER IN BRANCH - KINDLY SEND SOMEONE TO REPAIR ON PRIORITY 
INC000004369009,40144,Facilities - Dormitory,Dormitory-Maintanance,Critical,Assigned,2024-06-14,,doormat is old and dirty. rainy season has come hence please provide the new doormat
INC000004369026,40144,Facilities - Carpentry,Carpentry-shutter,Critical,Assigned,2024-06-14,,cabinet inside the cash cabin is broken .
INC000004370608,10122,Facilities - Electrical,Electrical -Fans,Critical,Assigned,2024-06-14,,wall mount fan
INC000004370728,41363,Facilities - Carpentry,Carpentry-Doors,Critical,Assigned,2024-06-14,,door stopers not working and ladies washroom door not loack proper way
INC000004370751,21852,Facilities - Furniture,Furniture-Chair,Critical,Assigned,2024-06-14,,NEED CHAIR BACKEREST BROKEN 
INC000004371238,40197,Facilities - Carpentry,Carpentry-Lock / Key,Critical,Assigned,2024-06-14,,Branch Main Door Lock Key Broken
INC000004371394,42161,Facilities - Plumbing,Plumbing-Sanitary Equipments,Critical,Assigned,2024-06-14,,"Dear sir,with the above subject plumbing pipe leakage issue please solved the issue as soon as possible."
INC000004371408,42161,Facilities - Electrical,Electrical -Lights,Critical,Assigned,2024-06-14,,"dear sir,with the above subject our branch  sign bord light issue 1 st floor please solved the issue as soon as possible."
INC000004371647,42966,Facilities - Carpentry,Carpentry-Lock / Key,Critical,Assigned,2024-06-14,,drawer looks required 
INC000004374781,40321,Facilities - Electrical,Electrical -Lights,Critical,Assigned,2024-06-15,,2-3 lights not in working condition 
INC000004374791,22341,Facilities - Carpentry,Carpentry-Lock / Key,Critical,Assigned,2024-06-15,,drawer not working 
INC000004374796,21019,Facilities - Carpentry,Carpentry-Doors,Critical,Assigned,2024-06-15,,teller door lock broke down. kindly assign the vendor asap
INC000004374845,42391,Facilities - Carpentry,Carpentry-shutter,Critical,Assigned,2024-06-15,,office shutter service required 
INC000004375256,20229,Facilities - Plumbing,Plumbing,Critical,Assigned,2024-06-15,,no water at the branch from 3 days required plumber 
INC000004375446,40136,Facilities - Electrical,Electrical -Panel / Boards,Critical,Assigned,2024-06-15,,switch plug not working
INC000004375454,21412,Facilities - Plumbing,Plumbing-Sanitary Equipments,Critical,Assigned,2024-06-15,,lady's washroom taps are not working
INC000004375833,42125,Facilities - Furniture,Furniture-Chair,Critical,Assigned,2024-06-15,,2-3 chair damaged please resolve
INC000004375907,41102,Facilities - Electrical,Electrical -Fans,Critical,Assigned,2024-06-15,,Dear team as this branch is relocated but no wall mount fan installed kindly provide asap
INC000004376118,40148,Facilities - Electrical,Electrical -Power,Critical,Assigned,2024-06-15,,"Dear Team, branch Electric supppy has gone, Please assist"
INC000004376194,40308,Facilities - Furniture,Furniture-Chair,Critical,Assigned,2024-06-15,,all chair upholstery torn chandkheda 
INC000004376761,60132,Facilities - Electrical,Electrical -Fans,Critical,Assigned,2024-06-15,,"Crompton wall fan not working, need a separate switch at CPC Kolkata"
INC000004377453,60307,Facilities - Plumbing,Plumbing-Sanitary Equipments,Critical,Assigned,2024-06-15,,Sensor of auto flush not working in washroom in bhanpuri 60307 branch
INC000004378108,40443,Facilities - Electrical,Electrical -Fans,Critical,Assigned,2024-06-15,,Men's Toilet exhaust fan broken down - Lalpar Branch- 40443
INC000004378178,40443,Facilities - Carpentry,Carpentry-Lock / Key,Critical,Assigned,2024-06-15,,Godrej Pedestals Lock not working for Back office areas - Lalpar Branch-40443
INC000004378186,20234,Facilities - Plumbing,Plumbing-Sanitary Equipments,Critical,Assigned,2024-06-15,,Water leakage in toilet
INC000004378194,42385,Facilities - Carpentry,Carpentry-shutter,Critical,Assigned,2024-06-15,,tempered glass unable to lock 
INC000004378314,42563,Facilities - Plumbing,Plumbing,Critical,Assigned,2024-06-15,,"leakageof water in washroom,  water wasted is happening do the needfull on priority basis"
INC000004378390,21431,Facilities - Electrical,Electrical -Fans,Critical,Assigned,2024-06-15,,"1New Fan Not Working Properly, 1 Fan Creating too much noise "
INC000004378626,42142,Facilities - Carpentry,Carpentry-Lock / Key,Critical,Assigned,2024-06-15,,unable to lock drawer
INC000004385551,20253,Facilities - Electrical,Electrical -Fans,Critical,Assigned,2024-06-17,,Exhaust FAN not working in pantry
INC000004385882,10219,Facilities - Electrical,Electrical -Power,Critical,Assigned,2024-06-17,,Water Motor burnt Need Replacement 
INC000004389081,21296,Facilities - Electrical,Electrical -Power,Critical,Assigned,2024-06-18,,no electricity in branch accept generator is on but no electricity
INC000004389083,41375,Facilities - Electrical,Electrical -Power,Critical,Assigned,2024-06-18,,power issue at branch
INC000004389140,20125,Facilities - Carpentry,Carpentry-Doors,Critical,Assigned,2024-06-18,,ATM door handle broken
INC000004389190,20227,Facilities - Electrical,Electrical -Panel / Boards,Critical,Assigned,2024-06-18,,branch server room panel lights are fluctuating and there by causing fluctuation in branch light . every 5 minute branch power supply is coming and going.
INC000004389463,60521,Facilities - Furniture,Furniture-Chair,Critical,Assigned,2024-06-18,,please arrange to rep[air chair at branch on urgent basis.
INC000004389711,43261,Facilities - Electrical,Electrical -Fans,Critical,Assigned,2024-06-18,,Gold Loan area Wall fan Not Working
INC000004389714,42342,Facilities - Electrical,Electrical -Power,Critical,Assigned,2024-06-18,,Due to Power supply Issue AC Not working Properly 
INC000004389761,40323,Facilities - Furniture,Furniture-Chair,Critical,Assigned,2024-06-18,,request you to please repair two chair in service area .
INC000004389768,42342,Facilities - Furniture,Furniture-Chair,Critical,Assigned,2024-06-18,,Two chairs Arm rest Broken
INC000004389790,61232,Facilities - Electrical,Electrical -Lights,Critical,Assigned,2024-06-18,,ATM LOLIPOP LIGNT IS NOT WORKING
INC000004389831,21252,Facilities - Electrical,Electrical -Power,Critical,Assigned,2024-06-18,,one Phase Of the Branch is not working kindly do the needful at earliest 
INC000004389859,42342,Facilities - Electrical,Electrical -Fans,Critical,Assigned,2024-06-18,,Need Exost Fan in Pantry Room
INC000004390099,60119,Facilities - Carpentry,Carpentry-Lock / Key,Critical,Assigned,2024-06-18,,Desktop Cabinet Lock Broken
INC000004390131,21061,Facilities - Furniture,Furniture-Chair,Critical,Assigned,2024-06-18,,new chairs required  for branch lobby.
INC000004390219,42382,Facilities - Electrical,Electrical -Fans,Critical,Assigned,2024-06-18,,Padra branch 42382 ATM fan not working request you to please check 
INC000004390233,21061,Facilities - Carpentry,Carpentry-Doors,Critical,Assigned,2024-06-18,,2 branch door door closure not working
INC000004390473,21603,Facilities - Carpentry,Carpentry-Lock / Key,Critical,Assigned,2024-06-18,,Dear Team   Request you to please change the 5 locks at hansi branch  
INC000004390503,42282,Facilities - Electrical,Electrical -Power,Critical,Assigned,2024-06-18,,Power failure issue at Nashik Loan center - malpani arcade branch
INC000004390504,21603,Facilities - Electrical,Electrical -Panel / Boards,Critical,Assigned,2024-06-18,,Dear Team  Please arrange an engineer  Branch signage is not in  working mode   
INC000004390579,21603,Facilities - Furniture,Furniture-Chair,Critical,Assigned,2024-06-18,,Dear Team  Please arrange 4 arm rest for chair .
INC000004390587,21061,Facilities - Carpentry,Carpentry-Workstation,Critical,Assigned,2024-06-18,,Branch front mirror wooden stand is not in good condition  whole wooden is damaged with termite. 
INC000004390589,42282,Facilities - Electrical,Electrical -Power,Critical,Assigned,2024-06-18,,Electricity issue at Nasik location kindly connect with yogesh dode for further assistance 9922552528
INC000004390675,42341,Facilities - Carpentry,Carpentry-Doors,Critical,Assigned,2024-06-18,,GOLD LOAN CABIN DROWER NOT CLOSE DAMAGE DROWER 
INC000004390764,21946,Facilities - Electrical,Electrical -Power,Critical,Assigned,2024-06-18,,electricity is not working properly
INC000004390833,21603,Facilities - Lockers,Lockers,Critical,Assigned,2024-06-18,,Dear Team Please arrange and engineer for  gogdrej locker was not in  working mode 
INC000004390838,21012,Facilities - Plumbing,Plumbing,Critical,Assigned,2024-06-18,,The sink is getting flooded due to choke up
INC000004391229,21314,Facilities - Electrical,Electrical -Panel / Boards,Critical,Assigned,2024-06-18,,branch water motor is fused and not working kindly arrange visit of the engineer to resolve this issue urgently as we don't have water in our tank to use
INC000004391472,43491,Facilities - Carpentry,Carpentry-Lock / Key,Critical,Assigned,2024-06-18,,drawer lock issue in lobby for 2 drawer set
INC000004391612,40342,Facilities - Carpentry,Carpentry-Doors,Critical,Assigned,2024-06-18,,BRANCH LADIES WASHROOM DOOR SPRING DAMAGE
INC000004391716,40342,Facilities - Furniture,Furniture-Chair,Critical,Assigned,2024-06-18,,ARMEST BROKEN OF CHAIRS AT BRANCH
INC000004391884,42761,Facilities - Carpentry,Carpentry-Doors,Critical,Assigned,2024-06-18,,ATM DOOR NOT WORKING PROPER 
INC000004391886,20214,Facilities - Plumbing,Plumbing-Sanitary Equipments,Critical,Assigned,2024-06-18,,Jet spray issue girls washroom
INC000004392447,21314,Facilities - Plumbing,Plumbing,Critical,Assigned,2024-06-18,,MOTOR NOT WORKING DUE TO THIS BRANCH IS RUNNING WITHOUT WATER SO REQUEST YOU PLEASE ARRANGE THE PLUMBER TO FIX THE ISSUE 
INC000004393848,22011,Facilities - Carpentry,Carpentry-Doors,Critical,Assigned,2024-06-18,,"Dear team, three door stopers not working please resolve "
INC000004393878,22011,Facilities - Carpentry,Carpentry-Lock / Key,Critical,Assigned,2024-06-18,,"Dear team, some drawer lock not working please resolve"
INC000004394215,22101,Facilities - Furniture,Furniture-Chair,Critical,Assigned,2024-06-18,,Sitting Chair damage
INC000004394294,40137,Facilities - Electrical,Electrical -Wiring,Critical,Assigned,2024-06-18,,PANTRY FAN  NOT WORKING 
INC000004394318,40137,Facilities - Carpentry,Carpentry-Workstation,Critical,Assigned,2024-06-18,,BREAKAGE OF PANTRY TABLE 
INC000004394925,60504,Facilities - Electrical,Electrical -Power,Critical,Assigned,2024-06-18,,"Dear Team, Powerfailure at ssarang garh branch "
INC000004398004,21269,Facilities - Carpentry,Carpentry-shutter,Critical,Assigned,2024-06-19,,Office main Shutter Jam not working properly
INC000004398051,21423,Facilities - Electrical,Electrical -Power,Critical,Assigned,2024-06-19,,Not having electricity in whole branch
INC000004398077,22291,Facilities - Carpentry,Carpentry-Lock / Key,Critical,Assigned,2024-06-19,,MAIN GLASS DOOR LOCK NOT WORKING 
INC000004398104,42222,Facilities - Lockers,Lockers,Critical,Assigned,2024-06-19,,"Dear Team,  Main wooden Door key Not Working In Lock system"
INC000004398109,42946,Facilities - Carpentry,Carpentry-Lock / Key,Critical,Assigned,2024-06-19,,dear team kindly help facing issue in locking gold loan cabinets wooden door kindly do the need fixing it 
INC000004398130,21672,Facilities - Plumbing,Plumbing-Sanitary Equipments,Critical,Assigned,2024-06-19,,PLUMBING WORK TO BE DONE IN WASHROOMS AND PANTRY.
INC000004398149,21423,Facilities - Electrical,Electrical -Power,Critical,Assigned,2024-06-19,,power cut in in ambedkar road branch
INC000004398244,42421,Facilities - Carpentry,Carpentry-Doors,Critical,Assigned,2024-06-19,,CABOT DOOR BROKEN
INC000004398278,21672,Facilities - Civil,Civil-work,Critical,Assigned,2024-06-19,,MIRROR REQD IN LOCKER ROOM AND RACK REQD IN SERVER ROOM FOR KEEPING CCTV MONITOR.
INC000004398406,43314,Facilities - Electrical,Electrical -Power,Critical,Assigned,2024-06-19,,Dear Team Charging Point Not Work
INC000004398419,40308,Facilities - Furniture,Furniture-Chair,Critical,Assigned,2024-06-19,,teller cabin drawer is broken 
INC000004398437,40314,Facilities - Electrical,Electrical -Lights,Critical,Assigned,2024-06-19,,vault lights are not start
INC000004398504,20109,Facilities - Electrical,Electrical -Fans,Critical,Assigned,2024-06-19,,Exhaust system not working for both the rest room
INC000004398535,42361,Facilities - Plumbing,Plumbing-Sanitary Equipments,Critical,Assigned,2024-06-19,,"At Second floor Men's women both toilet urine pipe has blocked since long time, so It smells very bad at around branch. need to replacement on priority."
INC000004398731,41323,Facilities - Civil,Civil-work,Critical,Assigned,2024-06-19,,sink pipe chouk 
INC000004398885,40301,Facilities - Plumbing,Plumbing-Sanitary Equipments,Critical,Assigned,2024-06-19,,02nd Floor Wash room@Toilet seat cover and jet Spray issue and Tap issue 
INC000004399002,41323,Facilities - Electrical,Electrical -Panel / Boards,Critical,Assigned,2024-06-19,,switch not working  
INC000004399019,41323,Facilities - Furniture,Furniture-Chair,Critical,Assigned,2024-06-19,,6 new chair req 
INC000004399117,41357,Facilities - Carpentry,Carpentry-shutter,Critical,Assigned,2024-06-19,,"Branch has facing shutter jam issue during branch closing, please check and resolve"
INC000004399168,42141,Facilities - Electrical,Electrical -Power,Critical,Assigned,2024-06-19,,Request for Need to Align Urgent for Electrician for Form Dorm Meter
INC000004399246,20124,Facilities - Carpentry,Carpentry-Doors,Critical,Assigned,2024-06-19,,Kindly arrange carpenter in the branch as teller area inside door is broken where registers are kept.
INC000004399271,20195,Facilities - Carpentry,Carpentry-shutter,Critical,Assigned,2024-06-19,,shutter repair 
INC000004399518,20125,Facilities - Plumbing,Plumbing-Sanitary Equipments,Critical,Assigned,2024-06-19,,water tap leakage
INC000004399524,42183,Facilities - Plumbing,Plumbing-Sanitary Equipments,Critical,Assigned,2024-06-19,,Flash is not working from last 1 week in main washroom.
INC000004399577,43844,Facilities - Civil,Civil-work,Critical,Assigned,2024-06-19,,Door mate required @ branch 
INC000004399707,42101,Facilities - Carpentry,Carpentry-Workstation,Critical,Assigned,2024-06-19,,2*2 ceiling of training room in Mandideep may fall anytim in training room .
INC000004399741,42101,Facilities - Electrical,Electrical -Panel / Boards,Critical,Assigned,2024-06-19,,"	Require more sockets in Training Room mandideep 42101"
INC000004399957,42132,Facilities - Plumbing,Plumbing-Sanitary Equipments,Critical,Assigned,2024-06-19,,WC issue / water leakage and flush issue
INC000004399994,41241,Facilities - Carpentry,Carpentry-Doors,Critical,Assigned,2024-06-19,,pls check door is not proper
INC000004400016,22241,Facilities - Electrical,Electrical -Fans,Critical,Assigned,2024-06-19,,"Dear Team,  Exhaust fans not working in branch washroom."
INC000004400152,20124,Facilities - Lockers,Lockers,Critical,Assigned,2024-06-19,,key embossing to be done for noida 12 branch.
INC000004400282,40112,Facilities - Carpentry,Carpentry-Lock / Key,Critical,Assigned,2024-06-19,,drawer broken at cash counter kindly send carpenter on urgent basis
INC000004400370,42126,Facilities - Carpentry,Carpentry-Doors,Critical,Assigned,2024-06-19,,girls washroom  door not open . handle is break .
INC000004400508,60442,Facilities - Electrical,Electrical -Panel / Boards,Critical,Assigned,2024-06-19,,LAN  pods are not working.
INC000004400576,43761,Facilities - Electrical,Electrical -Lights,Critical,Assigned,2024-06-19,,One of the celling Light of Gold Loan cabin is not working. 
INC000004400795,41322,Facilities - Plumbing,Plumbing-Sanitary Equipments,Critical,Assigned,2024-06-19,,western toilet commode sheet  
INC000004400869,20158,Facilities - Carpentry,Carpentry-Lock / Key,Critical,Assigned,2024-06-19,,WOODEN GLASS DOOR KEY LOCK DAMAGE
INC000004401147,42624,Facilities - Carpentry,Carpentry-Workstation,Critical,Assigned,2024-06-19,,Urgent-Cheque Drop Box broken in Branch ATM
INC000004401233,40196,Facilities - Plumbing,Plumbing,Critical,Assigned,2024-06-19,,In pantry the Basin Sink is having a water leakage.
INC000004401294,40196,Facilities - Plumbing,Plumbing-Sanitary Equipments,Critical,Assigned,2024-06-19,,WATER LEAKAGE FROM BASIN 
INC000004401402,42423,Facilities - Plumbing,Plumbing-Sanitary Equipments,Critical,Assigned,2024-06-19,,Pipe leakage
INC000004401540,40351,Facilities - Electrical,Electrical -Panel / Boards,Critical,Assigned,2024-06-19,,two new panel board reqired one is cash counter and one is branch manager cabin
INC000004401617,40351,Facilities - Electrical,Electrical -Fans,Critical,Assigned,2024-06-19,,branch required 3 fan repairing 
INC000004401714,20194,Facilities - Lockers,Lockers,Critical,Assigned,2024-06-19,,Customer is not able to open the locker urgent action required as he has to take his things out from locker urgently
INC000004402207,20221,Facilities - Electrical,Electrical -Lights,Critical,Assigned,2024-06-19,,locker room tube light not working
INC000004402214,42382,Facilities - Electrical,Electrical -Panel / Boards,Critical,Assigned,2024-06-19,,"Dear Team, kindly reset branch entrance shutter board brack so kindly check and change."
INC000004402301,42381,Facilities - Carpentry,Carpentry-Workstation,Critical,Assigned,2024-06-19,,FRONT DESK WORK STATION TABLE BROKEN
INC000004402789,42624,Facilities - Carpentry,Carpentry-Doors,Critical,Assigned,2024-06-19,,5 doors of the branch closure not functioning
INC000004402836,21418,Facilities - Plumbing,Plumbing,Critical,Assigned,2024-06-19,,WASHROOM DRAIN CHOCKUP AND WASHROOM TAP IS NOT WORKING
INC000004402967,21234,Facilities - Electrical,Electrical -Fans,Critical,Assigned,2024-06-19,,exhaust fan cover remove
INC000004402987,61312,Facilities - Electrical,Electrical -Power,Critical,Assigned,2024-06-19,,There are electric issue completely power failure
INC000004403197,43821,Facilities - Electrical,Electrical -Power,Critical,Assigned,2024-06-19,,There is no electricity at branch area due to that network is also down .
INC000004403219,60502,Facilities - Electrical,Electrical -Fans,Critical,Assigned,2024-06-19,,"Rest Room exhaust fan is not working, kindly do the needful on priority"
INC000004406393,40138,Facilities - Electrical,Electrical -Power,Critical,Assigned,2024-06-20,,THERE IS ISSUE IN SERVER ROOM WHERE ELECTRIAL BOARD BUTTON DRIPPING VERY FREQUENTLY  
INC000004406451,42444,Facilities - Electrical,Electrical -Lights,Critical,Assigned,2024-06-20,,1 Tubelight required 
INC000004406501,60113,Facilities - Carpentry,Carpentry-Lock / Key,Critical,Assigned,2024-06-20,,ATM CHEQUE DROP BOX NEED TO CHANGE FROM ATM TO BRANCH.
INC000004406530,40311,Facilities - Electrical,Electrical -Power,Critical,Assigned,2024-06-20,,Main switch getting triped 
INC000004406575,41365,Facilities - Electrical,Electrical -Power,Critical,Assigned,2024-06-20,,Electricity not working at pune wagholi btranch due to load shading 
INC000004406606,42391,Facilities - Electrical,Electrical -Lights,Critical,Assigned,2024-06-20,,2 LIGHTS BLINKING IN BRANCH
INC000004406607,42984,Facilities - Carpentry,Carpentry-Doors,Critical,Assigned,2024-06-20,,Door Stoppage of meeting room required 
INC000004406643,41267,Facilities - Electrical,Electrical -Power,Critical,Assigned,2024-06-20,,kiosk machine power failure kindly check and resolve the issue
INC000004406682,49105,Facilities - Plumbing,Plumbing-Sanitary Equipments,Critical,Assigned,2024-06-20,,none of the jet sprays are working nor tissue facility is kept for toilet usage on ratnakar 9 square location floor 3 
INC000004406739,21418,Facilities - Carpentry,Carpentry-Doors,Critical,Assigned,2024-06-20,,female washroom wooden door dislodged 
INC000004406818,20142,Facilities - Carpentry,Carpentry-Workstation,Critical,Assigned,2024-06-20,,Teller counter cash drawer is not working 
INC000004406904,40352,Facilities - Carpentry,Carpentry-Workstation,Critical,Assigned,2024-06-20,,Requirement of new cheque drop box inside the branch and removal of existing cheque drop box from ATM as per new process
INC000004406985,20142,Facilities - Carpentry,Carpentry-Doors,Critical,Assigned,2024-06-20,,branch main glass door not closed 
INC000004407951,60641,Facilities - Electrical,Electrical -Panel / Boards,Critical,Assigned,2024-06-20,,In branch no electricity is available 
INC000004408053,40352,Facilities - Electrical,Electrical -Power,Critical,Assigned,2024-06-20,,electrical problem currently branch has working by pass load
INC000004408080,43181,Facilities - Furniture,Furniture-Chair,Critical,Assigned,2024-06-20,,4 chair armestb broken 
INC000004408082,60461,Facilities - Carpentry,Carpentry-shutter,Critical,Assigned,2024-06-20,,branch shutter Jam please resolve
INC000004408340,42602,Facilities - Carpentry,Carpentry-Workstation,Critical,Assigned,2024-06-20,,pedestal not available at my workstation 
INC000004408351,42602,Facilities - Carpentry,Carpentry-Workstation,Critical,Assigned,2024-06-20,,Pedestal required 
INC000004408381,42268,Facilities - Electrical,Electrical -Power,Critical,Assigned,2024-06-20,,"There is no electricity power since 3 working day, n adminn infra aslo not take strict action towrds this issuw "
INC000004408444,43844,Facilities - Electrical,Electrical -Wiring,Critical,Assigned,2024-06-20,,Main Power MCB Striped due to short circuit
INC000004408588,61421,Facilities - Carpentry,Carpentry-Lock / Key,Critical,Assigned,2024-06-20,,cheque drop box and suggestion box locker need to be repaired on urgent basis
INC000004408718,40119,Facilities - Carpentry,Carpentry-Doors,Critical,Assigned,2024-06-20,,Pantry door not working .
INC000004408784,40119,Facilities - Furniture,Furniture-Chair,Critical,Assigned,2024-06-20,,Chair are broken .
INC000004408800,61421,Facilities - Plumbing,Plumbing-Sanitary Equipments,Critical,Assigned,2024-06-20,,Jet spray need to repaired and male washroom flush also
INC000004408816,61421,Facilities - Electrical,Electrical -Fans,Critical,Assigned,2024-06-20,,meeting room wall mount fan need to be repaired
INC000004408828,60304,Facilities - Electrical,Electrical -Power,Critical,Assigned,2024-06-20,,power cut in branch
INC000004408835,61421,Facilities - Electrical,Electrical -Panel / Boards,Critical,Assigned,2024-06-20,,AC panel board need to be repaired
INC000004408851,40172,Facilities - Carpentry,Carpentry-Doors,Critical,Assigned,2024-06-20,,drawers door broken and  branch main door not functioning 
INC000004408892,40375,Facilities - Carpentry,Carpentry-Lock / Key,Critical,Assigned,2024-06-20,,DRAWER LOCK AND TABLE BROKEN
INC000004408982,40513,Facilities - Electrical,Electrical -Lights,Critical,Assigned,2024-06-20,,WASHROOM ELECTRICITY NOT WORKING URGENT ELECTRICIAN REQUIRE
INC000004409035,21041,Facilities - Carpentry,Carpentry-Doors,Critical,Assigned,2024-06-20,,branch has breakage the washroom and lobby area lock pls do the needful on urgent Baisis 
INC000004409139,60261,Facilities - Plumbing,Plumbing,Critical,Assigned,2024-06-20,,Drain chockup in Ladies washroom
INC000004409191,49105,Facilities - Carpentry,Carpentry-Lock / Key,Critical,Assigned,2024-06-20,,Key misplaced 
INC000004409383,21502,Facilities - Electrical,Electrical -Lights,Critical,Assigned,2024-06-20,,Pantry lights and branch ATM and Branch front path way lights not working 
INC000004409423,40304,Facilities - Plumbing,Plumbing-Sanitary Equipments,Critical,Assigned,2024-06-20,,raising ticket against INC000004406682 
INC000004410171,43492,Facilities - Carpentry,Carpentry-Lock / Key,Critical,Assigned,2024-06-20,,key board drawer damage 
INC000004410255,10209,Facilities - Carpentry,Carpentry-Lock / Key,Critical,Assigned,2024-06-20,,15 Detailed items attached for your reference 
INC000004410306,22071,Facilities - Plumbing,Plumbing,Critical,Assigned,2024-06-20,,facing issue due leakages at toilets and smell is so high all staff is suffering no any higyene at this branch. kindly arrange the plumber for fast  resolution 
INC000004410516,22071,Facilities - Plumbing,Plumbing,Critical,Assigned,2024-06-20,,we are facing leakages  and smell issue at sri ganganagar branch. 
INC000004410536,21672,Facilities - Civil,Civil-work,Critical,Assigned,2024-06-20,,SHUTTER SLIDING HANDLE NOT WORKING.
INC000004410608,20157,Facilities - Carpentry,Carpentry-Workstation,Critical,Assigned,2024-06-20,,In Part 1 @ BOC 132 Noida at the pantry area the storage doors are damaged which needs to be replaced 
INC000004411067,42125,Facilities - Carpentry,Carpentry-Lock / Key,Critical,Assigned,2024-06-20,,regarding to door lock change
INC000004411106,21312,Facilities - Electrical,Electrical -Panel / Boards,Critical,Assigned,2024-06-20,,IDFC FIRST BANK PANEL HAS BROKED WORK REQUIRED IN SAME 
INC000004411315,40137,Facilities - Electrical,Electrical -Lights,Critical,Assigned,2024-06-20,,new LED LIGHT REQUIRE
INC000004411491,40112,Facilities - Plumbing,Plumbing,Critical,Assigned,2024-06-20,,JET SPRAY BROKEN AT MALE WASHROOM 
INC000004411526,40335,Facilities - Electrical,Electrical -Lights,Critical,Assigned,2024-06-20,,Branch main bank board light issue 
INC000004411641,60364,Facilities - Furniture,Furniture-Chair,Critical,Assigned,2024-06-20,,Repair and Cleaning of all the chairs and most of the chairs are broken. Kindly resolve the issue on urgent basis.
INC000004411656,60364,Facilities - Plumbing,Plumbing-Sanitary Equipments,Critical,Assigned,2024-06-20,,Men and women washroom drainage system get jammed and lickage with water. Kindly resolve the issue on urgent basis.
INC000004411663,60364,Facilities - Electrical,Electrical -Fans,Critical,Assigned,2024-06-20,,ATM SILING FAN NOT WORKING. Kindly resolve the issue on urgent basis.
INC000004411698,60364,Facilities - Carpentry,Carpentry-Workstation,Critical,Assigned,2024-06-20,,At teller counter front glasses are broken. Kindly resolve the issue on urgent basis.
INC000004414710,41433,Facilities - Electrical,Electrical -Power,Critical,Assigned,2024-06-21,,Power failure at balewadi branch 
INC000004414734,41434,Facilities - Lockers,Lockers,Critical,Assigned,2024-06-21,,UNABLE TO ALLOACTE SOME LOCKERS AS ITS NOT OPENING 
INC000004414752,42504,Facilities - Electrical,Electrical -Lights,Critical,Assigned,2024-06-21,,Washroom tube light not working got fused need replacement
INC000004414759,42504,Facilities - Furniture,Furniture-Chair,Critical,Assigned,2024-06-21,,Chair armrest broken
INC000004414761,41438,Facilities - Plumbing,Plumbing-Sanitary Equipments,Critical,Assigned,2024-06-21,,"there is leakage in washroom, please arrange to fix the same"
INC000004414767,42504,Facilities - Carpentry,Carpentry-Lock / Key,Critical,Assigned,2024-06-21,,Drawer lock and key replacement
INC000004414771,60113,Facilities - Electrical,Electrical -Lights,Critical,Assigned,2024-06-21,,"light is blinking in men's toilet, need to change same."
INC000004414818,60481,Facilities - Electrical,Electrical -Lights,Critical,Assigned,2024-06-21,,LIGHT IS NOT WORKING PROPERLY
INC000004414823,60481,Facilities - Furniture,Furniture-Chair,Critical,Assigned,2024-06-21,,CHAIR  BACKREST BROKEN
INC000004414906,20128,Facilities - Carpentry,Carpentry-Doors,Critical,Assigned,2024-06-21,,WOODEN CABINET SLAB IS NOT FIXED KINLDY CHECK AND RESOLVE THE SAME 
INC000004414922,42141,Facilities - Electrical,Electrical -Fans,Critical,Assigned,2024-06-21,,DEAR TEAM ATM FAN NOT WORKING PLEASE RESOLVE ISSUE URGENT BASIS
INC000004414933,42141,Facilities - Electrical,Electrical -Lights,Critical,Assigned,2024-06-21,,DEAR TEAM LIGHT NOT PROPER WORKING PLEASE RESOLVE ISSUE URGENT BASIS
INC000004414972,42141,Facilities - Lockers,Lockers,Critical,Assigned,2024-06-21,,DEAR TEAM  LOCKER  BREAK PLEASE RESOLVE ISSUE URGENT BASIS
INC000004415012,40113,Facilities - Plumbing,Plumbing,Critical,Assigned,2024-06-21,,lekages 
INC000004415142,60423,Facilities - Electrical,Electrical -Lights,Critical,Assigned,2024-06-21,,vault room electricity connection breaks down
INC000004415156,60242,Facilities - Carpentry,Carpentry-Doors,Critical,Assigned,2024-06-21,,Door closer not working at Bhubaneswar Modi bhawan branch 
INC000004415215,42132,Facilities - Carpentry,Carpentry-Lock / Key,Critical,Assigned,2024-06-21,,Drawer Locks damaged 
INC000004415396,40189,Facilities - Carpentry,Carpentry-Doors,Critical,Assigned,2024-06-21,,Align carpenter for ATM and BM cabin glass door repair on priority.
INC000004415456,21431,Facilities - Carpentry,Carpentry-Doors,Critical,Assigned,2024-06-21,,Door lock not working of server room
INC000004415540,42132,Facilities - Electrical,Electrical -Lights,Critical,Assigned,2024-06-21,,3 Tube lights to be fix in operation area
INC000004415647,42302,Facilities - Electrical,Electrical -Inverter,Critical,Assigned,2024-06-21,,"Dear Team, Due to electricity fault, Inverter get fault, now systems are working directly from electricity and whenever light goes complete branch shut down hap"
INC000004415719,42284,Facilities - Plumbing,Plumbing-Sanitary Equipments,Critical,Assigned,2024-06-21,,tap broken in toilet
INC000004415914,40173,Facilities - Plumbing,Plumbing,Critical,Assigned,2024-06-21,,basin drainage pipe broken
INC000004415928,21019,Facilities - Carpentry,Carpentry-Workstation,Critical,Assigned,2024-06-21,,Required table for CCD machine - Sec 31 Gurgaon
INC000004415984,22341,Facilities - Plumbing,Plumbing-Sanitary Equipments,Critical,Assigned,2024-06-21,,water pump not working local plumber checked and after investigation he said motor is damaged need to replace the same with new water pump
INC000004416154,20121,Facilities - Electrical,Electrical -Wiring,Critical,Assigned,2024-06-21,,Kindly do not close this call without resolution. Loose wires need to be fixed
INC000004417051,39201,Facilities - Carpentry,Carpentry-Lock / Key,Critical,Assigned,2024-06-21,,"Key is not working, unable to lock the drawer."
INC000004417195,41359,Facilities - Electrical,Electrical -Wiring,Critical,Assigned,2024-06-21,,welding work for entrance and shutter greecing to be done 
INC000004417223,41359,Facilities - Carpentry,Carpentry-shutter,Critical,Assigned,2024-06-21,,SHUTTER GREECING TO BE DONE 
INC000004417500,60221,Facilities - Carpentry,Carpentry-Doors,Critical,Assigned,2024-06-21,,Automatic door closer not working
INC000004418258,43821,Facilities - Electrical,Electrical -Power,Critical,Assigned,2024-06-21,,Electricity power Failure at ambajogai branch due to network down in branch area.
INC000004418360,60105,Facilities - Plumbing,Plumbing,Critical,Assigned,2024-06-21,,"FLUSH PIPE IS LEAKING, NEED TO REPAIR - 1"
INC000004418756,21218,Facilities - Lockers,Lockers,Critical,Assigned,2024-06-21,,KINDLY SWAP TWO LOCKER AND ONE LIVER CHANGE OF GUNNEBO LOCKER
INC000004418771,42642,Facilities - Plumbing,Plumbing,Critical,Assigned,2024-06-21,,THERE IS DRAINAGE CHOCK UP IN MALE WASHROOM URGENTLY NEED TO WORK
INC000004419046,42346,Facilities - Electrical,Electrical -Fans,Critical,Assigned,2024-06-21,,Ceiling fan
INC000004419080,60461,Facilities - Electrical,Electrical -Power,Critical,Assigned,2024-06-21,,Due to electricity issue
INC000004419147,42881,Facilities - Furniture,Furniture-Chair,Critical,Assigned,2024-06-21,,Chairs damaged
INC000004419186,42946,Facilities - Electrical,Electrical -Power,Critical,Assigned,2024-06-21,,dear team kindly help facing power issue at branch 
INC000004419312,10209,Facilities - Electrical,Electrical -Power,Critical,Assigned,2024-06-21,,"In case of power failure, USB installed works only for 2 hours. There are not even emergency lights "
INC000004419324,21412,Facilities - Electrical,Electrical -Power,Critical,Assigned,2024-06-21,,power failure in branch urgent action required
INC000004419426,60261,Facilities - Carpentry,Carpentry-Lock / Key,Critical,Assigned,2024-06-21,,Drawer's key is not available
INC000004423317,21004,Facilities - Electrical,Electrical -Lights,Critical,Assigned,2024-06-22,,Dear team there is no power supply in the branch
INC000004430043,40189,Facilities - Carpentry,Carpentry-shutter,Critical,Assigned,2024-06-24,,Branch main shutter not functional properly. 
INC000004430051,60462,Facilities - Electrical,Electrical -Power,Critical,Assigned,2024-06-24,,No electricity in branch 
INC000004430052,41433,Facilities - Electrical,Electrical -Power,Critical,Assigned,2024-06-24,,Power failure at balewadi branch 
INC000004430059,21421,Facilities - Electrical,Electrical -Power,Critical,Assigned,2024-06-24,,Power issue in Branch.
INC000004430065,21412,Facilities - Electrical,Electrical -Power,Critical,Assigned,2024-06-24,,electricity cut off
INC000004430068,40189,Facilities - Electrical,Electrical -Panel / Boards,Critical,Assigned,2024-06-24,,Align electrician for 2 additional plug connections in Gold loan cabin.   
INC000004430167,42391,Facilities - Furniture,Furniture-Chair,Critical,Assigned,2024-06-24,,CHAIR NOISE ISSUE
INC000004430170,43391,Facilities - Carpentry,Carpentry-Lock / Key,Critical,Assigned,2024-06-24,,"The lock of the teller drawer is broken and there is a problem in keeping the cash. apart from this, two other drawers have problems in locking also require 3*3"
INC000004430196,42395,Facilities - Plumbing,Plumbing,Critical,Assigned,2024-06-24,,Water leakage at ATM and main gate celling 
INC000004430203,43418,Facilities - Electrical,Electrical -Power,Critical,Assigned,2024-06-24,,"Dear Team, Electricity supply not available in branch . kindly check and do the needful urgently."
INC000004430320,60262,Facilities - Electrical,Electrical -Power,Critical,Assigned,2024-06-24,,"desktop not working, power not connected to the desktop"
INC000004430452,43413,Facilities - Electrical,Electrical -Panel / Boards,Critical,Assigned,2024-06-24,,DISPLAY NOT WORKING AS THERE IS NO POWER IN THE ELECTRIC BOARD 
INC000004430460,21423,Facilities - Electrical,Electrical -Panel / Boards,Critical,Assigned,2024-06-24,,Electrical panel board not working
INC000004430525,21544,Facilities - Lockers,Lockers,Critical,Assigned,2024-06-24,,"Dear Team, Locker required in Gold Loan safe custody, at the area of Gold loan happen on priority basis."
INC000004430636,42242,Facilities - Carpentry,Carpentry-Lock / Key,Critical,Assigned,2024-06-24,,Key missing of Drawer of Cabinet
INC000004430675,40423,Facilities - Lockers,Lockers,Critical,Assigned,2024-06-24,,Wooden  front door not closing properly .
INC000004430841,40371,Facilities - Carpentry,Carpentry-Doors,Critical,Assigned,2024-06-24,,DOor lock damaged in wash room
INC000004430863,40371,Facilities - Plumbing,Plumbing-Sanitary Equipments,Critical,Assigned,2024-06-24,,in pantry plumbing work require
INC000004431467,60109,Facilities - Carpentry,Carpentry-shutter,Critical,Assigned,2024-06-24,,urgent requirement for mending wooden cupboards and doors
INC000004431503,42395,Facilities - Carpentry,Carpentry-Doors,Critical,Assigned,2024-06-24,,Main entrance gate handle loose 
INC000004431609,60743,Facilities - Lockers,Lockers,Critical,Assigned,2024-06-24,,Sealing of Locker Keys-damage due to embossing
INC000004431866,43681,Facilities - Electrical,Electrical -Lights,Critical,Assigned,2024-06-24,,4 round LED bulb are not working 
INC000004431897,43681,Facilities - Electrical,Electrical -Panel / Boards,Critical,Assigned,2024-06-24,,Panal Board is damage in ATM 
INC000004431918,43681,Facilities - Carpentry,Carpentry-Lock / Key,Critical,Assigned,2024-06-24,,1 Drawer lock is damaged in Lobby Area
INC000004432185,20186,Facilities - Plumbing,Plumbing-Sanitary Equipments,Critical,Assigned,2024-06-24,,DEAR TEAM PLEASE WASHROOM TAP WATER SLOWNESS ISSUE CLEARN PIPE OF TAPS IN WASHROOM
INC000004432260,40443,Facilities - Electrical,Electrical -Power,Critical,Assigned,2024-06-24,,Electrician Visit required Power check required as 3 A.C not getting power supply - Lalpar Branch - 40443
INC000004432315,41381,Facilities - Lockers,Lockers,Critical,Assigned,2024-06-24,,Notice Board Lock Change Request
INC000004432320,20106,Facilities - Electrical,Electrical -Lights,Critical,Assigned,2024-06-24,,Lobby hanging light is blinking 
INC000004432345,20106,Facilities - Electrical,Electrical -Panel / Boards,Critical,Assigned,2024-06-24,,panel of signage board is broken
INC000004432377,21394,Facilities - Electrical,Electrical -Wiring,Critical,Assigned,2024-06-24,,WATER MOTORNOT WORKING GET DAMAGED
INC000004432397,21352,Facilities - Electrical,Electrical -Power,Critical,Assigned,2024-06-24,,please check it on priority there is a electricity issue in the Branch.
INC000004432460,21417,Facilities - Plumbing,Plumbing-Sanitary Equipments,Critical,Assigned,2024-06-24,,toilet waste pipe block 
INC000004432528,21025,Facilities - Carpentry,Carpentry-Workstation,Critical,Assigned,2024-06-24,,required carpantry work @ pentry @ sales hub
INC000004432557,40104,Facilities - Carpentry,Carpentry-Workstation,Critical,Assigned,2024-06-24,,"pls send carpenter 1.	Carpentry work needs to be done in gents washroom."
INC000004432607,40324,Facilities - Electrical,Electrical -Wiring,Critical,Assigned,2024-06-24,,Local electrician Require For Airtel cable Routing at Dholka branch.
INC000004432625,20186,Facilities - Electrical,Electrical -Lights,Critical,Assigned,2024-06-24,,TEAM PLEASE CHECK ONE ROOF LIGHTS NOT WORKING
INC000004432677,42923,Facilities - Carpentry,Carpentry-Workstation,Critical,Assigned,2024-06-24,,Request to provide Land Lind stand -Corner Shell/table top to Solapur Branch for Hotline Phone
INC000004432722,42402,Facilities - Electrical,Electrical -Lights,Critical,Assigned,2024-06-24,,Tube Light Replacement
INC000004433276,21452,Facilities - Carpentry,Carpentry-Lock / Key,Critical,Assigned,2024-06-24,,Required Duplicate key of Branch Main Shutter
INC000004433298,60821,Facilities - Carpentry,Carpentry-Doors,Critical,Assigned,2024-06-24,,"WOODEN DOOR ISSUE AT BRANCH DOOR IS NOT GETTING LOCKED ATM DOOR, MAIN DOOR BRANCH, BACK LOBBY DOOR BRANCH, VAULT DOOR BRANCH"
INC000004433688,20157,Facilities - Plumbing,Plumbing-Sanitary Equipments,Critical,Assigned,2024-06-24,,6 Taps are not functional in Sec 132 BOC Noida. 3 Taps in Ladies washroom @ Part A and 3 Taps in Gents Washroom @ Part B. Kindly fix this immediately 
INC000004433896,42125,Facilities - Electrical,Electrical -Lights,Critical,Assigned,2024-06-24,,"one light requires in GOLD LOAN CABIN,"
INC000004433934,60303,Facilities - Furniture,Furniture-Chair,Critical,Assigned,2024-06-24,,Few chairs armrest and back  broken
INC000004434030,41276,Facilities - Electrical,Electrical -Panel / Boards,Critical,Assigned,2024-06-24,,Pannel is not working properly
INC000004434509,20219,Facilities - Electrical,Electrical -Panel / Boards,Critical,Assigned,2024-06-24,,POWER SUPPLY ISSUE AT ATM MACHINE
INC000004434756,61471,Facilities - Carpentry,Carpentry-Lock / Key,Critical,Assigned,2024-06-24,,Regarding Vault wooden Door Lock 2 is not working of Sohsarai 61471
INC000004434998,21009,Facilities - Carpentry,Carpentry-Workstation,Critical,Assigned,2024-06-24,,cheque drop box to be installed inside branch 
INC000004435050,40154,Facilities - Electrical,Electrical -Lights,Critical,Assigned,2024-06-24,,CEILING LIGHTS BLINKING AND SOME ARE NOT WORKING CNERGY 40154
INC000004435263,40146,Facilities - Dormitory,Dormitory-Maintanance,Critical,Assigned,2024-06-24,,"LIGHTS ARE NOT WORKING IN PANTRY AREA AND WALKING AREA , SEND ENGINEER FOR SAME TO BRANCH"
INC000004435264,41204,Facilities - Plumbing,Plumbing,Critical,Assigned,2024-06-24,,"Dear Team, please resolve the Toilet Chockup issue pertain at Khirkian branch due to this branch area suffer with very Bad Smell continuously "
INC000004435290,41352,Facilities - Electrical,Electrical -Lights,Critical,Assigned,2024-06-24,,LOBBY AREA ONE LIGHT OFF 
INC000004438614,20256,Facilities - Plumbing,Plumbing-Sanitary Equipments,Critical,Assigned,2024-06-25,,ladies toilet flush not working 
INC000004438648,42272,Facilities - Dormitory,Dormitory-Maintanance,Critical,Assigned,2024-06-25,,shutter not working
INC000004438674,43162,Facilities - Carpentry,Carpentry-Lock / Key,Critical,Assigned,2024-06-25,,Kindly change or repair branch Drawer lock
INC000004438688,42121,Facilities - Electrical,Electrical -Lights,Critical,Assigned,2024-06-25,,Vault Cabin Light not working. Resolve the issue on prority basis. 
INC000004438719,42272,Facilities - Carpentry,Carpentry-shutter,Critical,Assigned,2024-06-25,,office shutter not functioning
INC000004438858,21622,Facilities - Carpentry,Carpentry-Lock / Key,Critical,Assigned,2024-06-25,,drawer lock not working
INC000004438927,61302,Facilities - Plumbing,Plumbing-Sanitary Equipments,Critical,Assigned,2024-06-25,,water leakage from wall of server room/ flush not working of washroom
INC000004438964,61302,Facilities - Carpentry,Carpentry-Doors,Critical,Assigned,2024-06-25,,Door lock issue of washroom and pantry area
INC000004438983,43581,Facilities - Carpentry,Carpentry-Workstation,Critical,Assigned,2024-06-25,,Leader Required
INC000004439133,22121,Facilities - Dormitory,Dormitory-Maintanance,Critical,Assigned,2024-06-25,,Need carpentry repairing service in branch kindly arrange 
INC000004439912,10228,Facilities - Electrical,Electrical -Lights,Critical,Assigned,2024-06-25,,Lobby area Led Light fluctuation issue at CPC Indore please arrange the technician.
INC000004439920,21851,Facilities - Electrical,Electrical -Panel / Boards,Critical,Assigned,2024-06-25,,REQUIRED ELECTRICAL WORK FOR FITTING OF WATER DISPENSER
INC000004440351,20143,Facilities - Plumbing,Plumbing-Sanitary Equipments,Critical,Assigned,2024-06-25,,SEEPAGE ISSUE IN LOBBY
INC000004440420,61161,Facilities - Pantry Equipment,Pantry Equipment,Critical,Assigned,2024-06-25,,as water motor is not working in branch premises kindly arrange drinking water
INC000004440450,20186,Facilities - Sanitization,Sanitization,Critical,Assigned,2024-06-25,,IN W C WATER NOT COMING
INC000004440467,41269,Facilities - Plumbing,Plumbing-Sanitary Equipments,Critical,Assigned,2024-06-25,,URINAL JAM AND TAPS ALSO
INC000004440582,21812,Facilities - Electrical,Electrical -Lights,Critical,Assigned,2024-06-25,,Fan and light not connected with inverter.
INC000004441165,60115,Facilities - Plumbing,Plumbing-Sanitary Equipments,Critical,Assigned,2024-06-25,,"at new alipore branch our ladies wash room jet spray was not working form last 15 day, request you to kindly visit branch & replace it as urgent basis for higen"
INC000004441309,20131,Facilities - Electrical,Electrical -Lights,Critical,Assigned,2024-06-25,,Cash vault their is no light since 15 days
INC000004442221,21624,Facilities - Electrical,Electrical -Wiring,Critical,Assigned,2024-06-25,,fire in water motor
INC000004442491,61183,Facilities - Electrical,Electrical -Panel / Boards,Critical,Assigned,2024-06-25,,Branch pantry Switch board is not working
INC000004442739,21173,Facilities - Plumbing,Plumbing-Sanitary Equipments,Critical,Assigned,2024-06-25,,Leakage in Multiple Tabs & Water Tank of Toilet Please Arrange to Repair 
INC000004443043,61421,Facilities - Electrical,Electrical -Power,Critical,Assigned,2024-06-25,,Power failure issue at Nawada Branch need urgent action
INC000004443254,42434,Facilities - Carpentry,Carpentry-Workstation,Critical,Assigned,2024-06-25,,Require a ladder 
INC000004443303,20111,Facilities - Electrical,Electrical -Fans,Critical,Assigned,2024-06-25,,required wall mounted fan in branch // GKII // 20111
INC000004443304,41282,Facilities - Carpentry,Carpentry-Workstation,Critical,Assigned,2024-06-25,,workstation storage damage
INC000004443430,60133,Facilities - Electrical,Electrical -Fans,Critical,Assigned,2024-06-25,,Exhaust fans of pantry and ladies toilet not working
INC000004443813,42225,Facilities - Carpentry,Carpentry-Lock / Key,Critical,Assigned,2024-06-25,,drawer lock need to replace 
INC000004444027,60372,Facilities - Carpentry,Carpentry-Workstation,Critical,Assigned,2024-06-25,,tiles are damage science branch opening
INC000004444258,41203,Facilities - Electrical,Electrical -Panel / Boards,Critical,Assigned,2024-06-25,,Power board not working properly.
INC000004444361,40309,Facilities - Carpentry,Carpentry-Doors,Critical,Assigned,2024-06-25,,wash room frame brack pls arrange carpenter
INC000004444397,43491,Facilities - Carpentry,Carpentry-Workstation,Critical,Assigned,2024-06-25,,"Cheque drop box slit placed in ATM area was little more wider than the required gap, the steel plate based slit was not affixed on it. Branch to get it fixed th"
INC000004444417,20123,Facilities - Electrical,Electrical -Lights,Critical,Assigned,2024-06-25,,lobby lamp light is not working
INC000004444481,21234,Facilities - Carpentry,Carpentry-Workstation,Critical,Assigned,2024-06-25,,DROPBOX HOLE NEED TO FIX 
INC000004444516,42142,Facilities - Plumbing,Plumbing,Critical,Assigned,2024-06-25,,Dameg in pipe
INC000004444544,42142,Facilities - Sanitization,Sanitization,Critical,Assigned,2024-06-25,,Kindly proces
INC000004444550,42142,Facilities - Carpentry,Carpentry-Doors,Critical,Assigned,2024-06-25,,Dear team wooden vault door and door lock damege
INC000004444560,42142,Facilities - Furniture,Furniture-Chair,Critical,Assigned,2024-06-25,,"Dear team, as per seting chair damage"
INC000004447667,42881,Facilities - Electrical,Electrical -Power,Critical,Assigned,2024-06-26,,Power failure 
INC000004447753,21374,Facilities - Carpentry,Carpentry-Doors,Critical,Assigned,2024-06-26,,drawers broken . handles broken . multiple issues
INC000004447796,40134,Facilities - Carpentry,Carpentry-Lock / Key,Critical,Assigned,2024-06-26,,DRAWER CANNOT BE LOCKED 
INC000004447832,21333,Facilities - Electrical,Electrical -Power,Critical,Assigned,2024-06-26,,"Dear team, kindly provide the 50litres diesel in Noida sector 51//21333."
INC000004447849,22021,Facilities - Civil,Civil-work,Critical,Assigned,2024-06-26,,issue in branch shutter lock enable to open the same 
INC000004447885,42501,Facilities - Electrical,Electrical -Lights,Critical,Assigned,2024-06-26,,2 outdoor light  not working
INC000004447973,20158,Facilities - Plumbing,Plumbing-Sanitary Equipments,Critical,Assigned,2024-06-26,,female washroom plumbing issue
INC000004448206,42321,Facilities - Carpentry,Carpentry-Lock / Key,Critical,Assigned,2024-06-26,,Cash counter door's lock is not working proper.
INC000004448255,42401,Facilities - Plumbing,Plumbing,Critical,Assigned,2024-06-26,,there is chockup in gents toilet and wash room. kindly arrange plumber on priority 
INC000004448334,21412,Facilities - Carpentry,Carpentry-Doors,Critical,Assigned,2024-06-26,,door not close properly 
INC000004448339,42284,Facilities - Electrical,Electrical -Fans,Critical,Assigned,2024-06-26,,ATM loby one fan not working
INC000004448437,42269,Facilities - Electrical,Electrical -Power,Critical,Assigned,2024-06-26,, SHOR CIRCUIT ISSUE
INC000004448470,20253,Facilities - Plumbing,Plumbing,Critical,Assigned,2024-06-26,,leakage in basin and toilet space fill with water 
INC000004448560,21232,Facilities - Plumbing,Plumbing-Sanitary Equipments,Critical,Assigned,2024-06-26,,Toilet sheet flush is not working
INC000004448571,42135,Facilities - Carpentry,Carpentry-Lock / Key,Critical,Assigned,2024-06-26,,"washroom lock is broken , Cabinet locks are damaged, drawers locks are damaged"
INC000004448577,21232,Facilities - Carpentry,Carpentry-Doors,Critical,Assigned,2024-06-26,,MAIN GLASS DOOR IS NOT WORKING PROPERTY
INC000004448799,60881,Facilities - Plumbing,Plumbing-Sanitary Equipments,Critical,Assigned,2024-06-26,,Urinal tap not working - Remuna Branch
INC000004448822,60881,Facilities - Carpentry,Carpentry-Doors,Critical,Assigned,2024-06-26,,ATM DOOR NOT WORKING- Remuna Branch
INC000004448832,21268,Facilities - Electrical,Electrical -Lights,Critical,Assigned,2024-06-26,,MENS TOILET LIGHT IS NOT WORKING
INC000004448840,60881,Facilities - Electrical,Electrical -Fans,Critical,Assigned,2024-06-26,,ATM Fan not working- Remuna Branch
INC000004449275,41361,Facilities - Carpentry,Carpentry-Lock / Key,Critical,Assigned,2024-06-26,,Desk No 30 Pedestal drawer lock is not working
INC000004449448,20162,Facilities - Carpentry,Carpentry-Lock / Key,Critical,Assigned,2024-06-26,,Noida 132 Branch Vault Door lock not working properly kindly Cheak on priority basis 
INC000004449569,60115,Facilities - Electrical,Electrical -Power,Critical,Assigned,2024-06-26,,There is a power failure in the area and the DG is not able to give power backup support.
INC000004449788,41173,Facilities - Plumbing,Plumbing-Sanitary Equipments,Critical,Assigned,2024-06-26,,Please arrange to check gent's washroom wash basin water issue and flash not working 
INC000004449914,42282,Facilities - Electrical,Electrical -Fans,Critical,Assigned,2024-06-26,,Exhaust fan not working
INC000004450296,21003,Facilities - Carpentry,Carpentry-Workstation,Critical,Assigned,2024-06-26,,Soft board required
INC000004450343,22231,Facilities - Electrical,Electrical -Lights,Critical,Assigned,2024-06-26,,pantry tube list is not working
INC000004450407,61141,Facilities - Carpentry,Carpentry-Workstation,Critical,Assigned,2024-06-26,,Shelves required for keeping Coffee Machine in Pantry 
INC000004450423,43001,Facilities - Dormitory,Dormitory-Maintanance,Critical,Assigned,2024-06-26,,Dear Team pantry was Pasion pipe linkage request you to kindly do the needful on urgent basis.
INC000004450509,40444,Facilities - Electrical,Electrical -Lights,Critical,Assigned,2024-06-26,,Light not working
INC000004450768,43502,Facilities - Electrical,Electrical -Power,Critical,Assigned,2024-06-26,,There is power failure in branch 
INC000004450970,60109,Facilities - Carpentry,Carpentry-Lock / Key,Critical,Assigned,2024-06-26,,door lock of pantry broken 
INC000004451121,20149,Facilities - Carpentry,Carpentry-Workstation,Critical,Assigned,2024-06-26,,as per notice we need to fix drop box inside of branch
INC000004451168,43001,Facilities - Carpentry,Carpentry-Doors,Critical,Assigned,2024-06-26,,Dear Team ATM door handle are damaged so request you to kindly do the needful on priority 
INC000004451224,42321,Facilities - Carpentry,Carpentry-Lock / Key,Critical,Assigned,2024-06-26,,GOLD LOAN WOODEN LOCK IS NOT PROPER LOCK
INC000004451238,20137,Facilities - Carpentry,Carpentry-Workstation,Critical,Assigned,2024-06-26,,CASH COUNTER BIDDING DAMAGED
INC000004451290,42161,Facilities - Electrical,Electrical -Panel / Boards,Critical,Assigned,2024-06-26,,Plugs not working beside printer desk.
INC000004451324,40342,Facilities - Electrical,Electrical -Wiring,Critical,Assigned,2024-06-26,,ELECTRICAL ENGINEER REQUIRED AT THALTEJ 40342 BRANCH 
INC000004451490,40312,Facilities - Electrical,Electrical -Panel / Boards,Critical,Assigned,2024-06-26,,Power plug needed for coffee machine
INC000004451622,42279,Facilities - Furniture,Furniture-Chair,Critical,Assigned,2024-06-26,,Some chairs are broken and so please sent carpenter for the same
INC000004451623,21621,Facilities - Electrical,Electrical -Fans,Critical,Assigned,2024-06-26,,pantry fan not working
INC000004451654,20155,Facilities - Lockers,Lockers,Critical,Assigned,2024-06-26,,keys seal broken needs to be sealed
INC000004451663,42881,Facilities - Electrical,Electrical -Power,Critical,Assigned,2024-06-26,,Power failure to mahasamund branch 
INC000004451860,42125,Facilities - Electrical,Electrical -Wiring,Critical,Assigned,2024-06-26,,ELECTRICAL WIRES EXPOSED IN SERVER ROOM ALSO HAVING SPARK AND SMOKE IN ELECTRICAL WIRES
INC000004451903,40321,Facilities - Carpentry,Carpentry-Lock / Key,Critical,Assigned,2024-06-26,,TELLER DOOR LOCK IS NOT WORKING PROPERLY 
INC000004452419,60961,Facilities - Electrical,Electrical -Fans,Critical,Assigned,2024-06-26,,3 Fans are not functioning but issue is oscillation. 
INC000004452468,60961,Facilities - Carpentry,Carpentry-Doors,Critical,Assigned,2024-06-26,,Issue is closure of door due to friction of door with the floor
INC000004452497,20141,Facilities - Plumbing,Plumbing-Sanitary Equipments,Critical,Assigned,2024-06-26,,"water overflow in washbasin, urgent attention required"
INC000004452675,42286,Facilities - Carpentry,Carpentry-Lock / Key,Critical,Assigned,2024-06-26,,WASH ROOM HANDLE LOCK JAMMING PROBLEM + PANTRY HANDLE LOCK ISSUE
INC000004452680,60661,Facilities - Carpentry,Carpentry-Lock / Key,Critical,Assigned,2024-06-26,,Branch main door lock key got broken key number 4112.
INC000004452689,43761,Facilities - Electrical,Electrical -Lights,Critical,Assigned,2024-06-26,,"Hi Team, Again Electricity issues Created in Branch, Kindly Resolved It on Priority Basis."
INC000004456021,20143,Facilities - Carpentry,Carpentry-Lock / Key,Critical,Assigned,2024-06-27,,cash drawer unlock issue
INC000004456129,40195,Facilities - Carpentry,Carpentry-Workstation,Critical,Assigned,2024-06-27,,we need carpenter for  wall mount Fire Extinguishe
INC000004456161,61281,Facilities - Electrical,Electrical -Lights,Critical,Assigned,2024-06-27,,BATHROOM LIGHT IS NOT WORKING FOR LAST 1 WEEK
INC000004456235,42127,Facilities - Plumbing,Plumbing,Critical,Assigned,2024-06-27,,there is water issue in urinal please resolved on urgent basis
INC000004456260,21412,Facilities - Electrical,Electrical -Panel / Boards,Critical,Assigned,2024-06-27,,POWER FAILURE IN RAJ NAGAR BRANCH
INC000004456284,60742,Facilities - Carpentry,Carpentry-Workstation,Critical,Assigned,2024-06-27,,Carpentry work at branch premises 
INC000004456364,40308,Facilities - Carpentry,Carpentry-Doors,Critical,Assigned,2024-06-27,,wooden cabbat break
INC000004456396,60741,Facilities - Carpentry,Carpentry-Workstation,Critical,Assigned,2024-06-27,,"	The plywood work at the cash counter is damaged and The glass partition is unstable and can fall down anytime. Please see the attached pictures for reference.L"
INC000004456597,60621,Facilities - Sanitization,Sanitization,Critical,Assigned,2024-06-27,,All equipments in Bathrooms need to be replaced
INC000004456623,60741,Facilities - Carpentry,Carpentry-Workstation,Critical,Assigned,2024-06-27,,Gold loan cabin requires repair and maintenance to ensure it is safe and operational.
INC000004456625,41173,Facilities - Lockers,Lockers,Critical,Assigned,2024-06-27,,Please arrange locker vendor engineer to check Multiple locker keys were not properly embossed. Key no. was not vsisble on the keys. Few pouches of the keys wer
INC000004456637,20215,Facilities - Carpentry,Carpentry-Lock / Key,Critical,Assigned,2024-06-27,,lock of teller counter door is loose and not functioning properly
INC000004456672,60741,Facilities - Civil,Civil-work,Critical,Assigned,2024-06-27,,"Toilets: Many parts are in broken condition, and sanitation work is necessary to restore them to a usable condition.The dining case is in a precarious condition"
INC000004456842,60622,Facilities - Electrical,Electrical -Lights,Critical,Assigned,2024-06-27,,Branch Pantry Tube light not working. Needs replacement.
INC000004456926,42123,Facilities - Lockers,Lockers,Critical,Assigned,2024-06-27,,branch main wooden door key lock replacement 
INC000004456930,42123,Facilities - Lockers,Lockers,Critical,Assigned,2024-06-27,,branch main wooden door key lock replacement 
INC000004456944,42301,Facilities - Carpentry,Carpentry-Lock / Key,Critical,Assigned,2024-06-27,,many drawer/Cabinet and door lock out of order
INC000004456969,42123,Facilities - Electrical,Electrical -Fans,Critical,Assigned,2024-06-27,,rest room exhaust fan not working and cash counter ceiling fan not working
INC000004457009,60681,Facilities - Carpentry,Carpentry-Doors,Critical,Assigned,2024-06-27,,cash counter door closure not functioning properly
INC000004457012,42123,Facilities - Electrical,Electrical -Panel / Boards,Critical,Assigned,2024-06-27,,electrical board button and switch change
INC000004457036,42301,Facilities - Electrical,Electrical -Lights,Critical,Assigned,2024-06-27,,3-4 lights and ATM fan is not working.
INC000004457083,21002,Facilities - Carpentry,Carpentry-Doors,Critical,Assigned,2024-06-27,,"glass door is not working, there is some problem in the door's machine."
INC000004457297,60661,Facilities - Carpentry,Carpentry-Workstation,Critical,Assigned,2024-06-27,,At branch lobby carpentry work done on wall are all damaged 
INC000004457424,42625,Facilities - Plumbing,Plumbing,Critical,Assigned,2024-06-27,,leakages both washroom JET spray 
INC000004457450,42625,Facilities - Carpentry,Carpentry-Lock / Key,Critical,Assigned,2024-06-27,,door lock stuck
INC000004457473,41102,Facilities - Electrical,Electrical -Lights,Critical,Assigned,2024-06-27,,ELECTRICITY NOT AVAILABLE IN BRANCH
INC000004457755,60881,Facilities - Carpentry,Carpentry-Workstation,Critical,Assigned,2024-06-27,,Key board tray brakege- Remuna
INC000004457941,21653,Facilities - Electrical,Electrical -Fans,Critical,Assigned,2024-06-27,,WASHROOM EXHAUST FAN WRONG FITTING 
INC000004457956,42434,Facilities - Electrical,Electrical -Lights,Critical,Assigned,2024-06-27,,NEED EMERGENCY LIGHTS FOR LOCKER ROOM
INC000004458068,42434,Facilities - Carpentry,Carpentry-Doors,Critical,Assigned,2024-06-27,,REQUIRED NEW CHEQUE DROP BOX FOR NANA MAUVA BRANCH
INC000004458100,40108,Facilities - Carpentry,Carpentry-Lock / Key,Critical,Assigned,2024-06-27,,unable to lock drawer
INC000004458179,40506,Facilities - Carpentry,Carpentry-Doors,Critical,Assigned,2024-06-27,,Teller Door is not closing properly 
INC000004458206,43103,Facilities - Carpentry,Carpentry-Lock / Key,Critical,Assigned,2024-06-27,,DRWAERS LOCK BREAK
INC000004458401,60145,Facilities - Carpentry,Carpentry-Doors,Critical,Assigned,2024-06-27,,TELLER CABINET HINGES BROKEN
INC000004458548,21891,Facilities - Furniture,Furniture-Chair,Critical,Assigned,2024-06-27,,Kindly provide table for CCD machine
INC000004458815,42361,Facilities - Electrical,Electrical -Fans,Critical,Assigned,2024-06-27,,ATM Machine room fen not working last 15 days  
INC000004458881,42361,Facilities - Electrical,Electrical -Fans,Critical,Assigned,2024-06-27,,Wall fen not working last long days at cashier cabin 
INC000004458902,42361,Facilities - Electrical,Electrical -Fans,Critical,Assigned,2024-06-27,,BOSM DESK Wall fen not working last long days
INC000004459404,20182,Facilities - Plumbing,Plumbing-Sanitary Equipments,Critical,Assigned,2024-06-27,,Team Kindly Check Toilet Pressure water pipe Supply Very Slow 
INC000004459510,41384,Facilities - Electrical,Electrical -Power,Critical,Assigned,2024-06-27,,No power supply in Lift meter
INC000004459905,21231,Facilities - Carpentry,Carpentry-Workstation,Critical,Assigned,2024-06-27,,kindly install cheque drop box in branch
INC000004460170,69402,Facilities - Electrical,Electrical -Lights,Critical,Assigned,2024-06-27,,One Round panel light fused at gents Washroom 
INC000004460297,42124,Facilities - Plumbing,Plumbing-Sanitary Equipments,Critical,Assigned,2024-06-27,,Dear Team Washroom Nall are Leakage please check and resolve this issue 
INC000004460469,20255,Facilities - Plumbing,Plumbing-Sanitary Equipments,Critical,Assigned,2024-06-27,,Kindly resolve on priority basis...
INC000004460477,20255,Facilities - Furniture,Furniture-Chair,Critical,Assigned,2024-06-27,,Kindly resolve.
INC000004460651,43471,Facilities - Carpentry,Carpentry-Doors,Critical,Assigned,2024-06-27,,wooden pannel dameged and also chair damaged
INC000004460683,60132,Facilities - Electrical,Electrical -Lights,Critical,Assigned,2024-06-27,,Lights are mot working
INC000004460692,42381,Facilities - Carpentry,Carpentry-Workstation,Critical,Assigned,2024-06-27,,soft board required 
INC000004460741,42185,Facilities - Electrical,Electrical -Lights,Critical,Assigned,2024-06-27,,please check 4 tubelights are not working
INC000004460800,42185,Facilities - Carpentry,Carpentry-Lock / Key,Critical,Assigned,2024-06-27,,locks and drawer are damage and new drawer require at cash counter
INC000004460854,42223,Facilities - Electrical,Electrical -Power,Critical,Assigned,2024-06-27,,electricity issue in ac
INC000004460870,42223,Facilities - Plumbing,Plumbing,Critical,Assigned,2024-06-27,,water likge in bathroom
INC000004460886,42223,Facilities - Plumbing,Plumbing,Critical,Assigned,2024-06-27,,toilet sheet broken
INC000004460898,42223,Facilities - Carpentry,Carpentry-Lock / Key,Critical,Assigned,2024-06-27,,drwer lock broken
INC000004460908,42223,Facilities - Carpentry,Carpentry-shutter,Critical,Assigned,2024-06-27,,branding issue
INC000004460940,43311,Facilities - Carpentry,Carpentry-Workstation,Critical,Assigned,2024-06-27,,Furniture Broken 
INC000004464375,20136,Facilities - Electrical,Electrical -Power,Critical,Assigned,2024-06-28,,no electricity at lok vihar branch
INC000004464456,42122,Facilities - Electrical,Electrical -Fans,Critical,Assigned,2024-06-28,,"Dear Team, exact fan not working "
INC000004464675,22032,Facilities - Plumbing,Plumbing,Critical,Assigned,2024-06-28,,urinal choked in Bahadurgarh Branch
INC000004464703,42185,Facilities - Carpentry,Carpentry-Workstation,Critical,Assigned,2024-06-28,,branding issue
INC000004464807,40331,Facilities - Electrical,Electrical -Lights,Critical,Assigned,2024-06-28,,ONE LED 4 INCH LIGHT REQUIRED
INC000004464845,22101,Facilities - Carpentry,Carpentry-Lock / Key,Critical,Assigned,2024-06-28,,Cash counter door lock
INC000004464981,42682,Facilities - Plumbing,Plumbing-Sanitary Equipments,Critical,Assigned,2024-06-28,,its not done there is issue in toilet the fittings having leakage and Faucet is broken
INC000004465161,21653,Facilities - Lockers,Lockers,Critical,Assigned,2024-06-28,,KINDLY ARRANGE KEY EMBOSSING VENDOR GODREJ ON URGENT BASES
INC000004465204,42268,Facilities - Electrical,Electrical -Power,Critical,Assigned,2024-06-28,,MCB is tripped again and again due to that customer service is impacting.
INC000004465280,21006,Facilities - Electrical,Electrical -Power,Critical,Assigned,2024-06-28,,electricity issue at branch
INC000004465334,21252,Facilities - Plumbing,Plumbing,Critical,Assigned,2024-06-28,,water blockage is in washroom. kindly attend this on priority
INC000004465356,42404,Facilities - Carpentry,Carpentry-Lock / Key,Critical,Assigned,2024-06-28,,TELLER DOOR KEYS JAMMED
INC000004465414,42302,Facilities - Electrical,Electrical -Wiring,Critical,Assigned,2024-06-28,,"Dear Team, Kindly arrange an electrician as there is line fault."
INC000004465486,21412,Facilities - Electrical,Electrical -Panel / Boards,Critical,Assigned,2024-06-28,,"short circuit in server room ,required help on urgent basis."
INC000004465562,40152,Facilities - Carpentry,Carpentry-Doors,Critical,Assigned,2024-06-28,,Woodden door of cabinet to be fixed
INC000004465592,60242,Facilities - Electrical,Electrical -Fans,Critical,Assigned,2024-06-28,,PEDESTAL FANS REQUIRED -- NO VENTILATION. AC NOT WORKING
INC000004465636,21268,Facilities - Electrical,Electrical -Power,Critical,Assigned,2024-06-28,,Due to paower issue ATM Is not working
INC000004466051,22021,Facilities - Carpentry,Carpentry-Workstation,Critical,Assigned,2024-06-28,,PANTRY TABLE 
INC000004466213,42272,Facilities - Carpentry,Carpentry-Lock / Key,Critical,Assigned,2024-06-28,,Gents'Toilet lock is damaged 
INC000004466284,21851,Facilities - Electrical,Electrical -Wiring,Critical,Assigned,2024-06-28,,after installation of coffee machine there is issue of power occured as when we power on coffee machine main  power cut off and than after a minute it came back
INC000004466370,21851,Facilities - Plumbing,Plumbing-Sanitary Equipments,Critical,Assigned,2024-06-28,,kindly install jet spray in washroom 
INC000004466736,21177,Facilities - Electrical,Electrical -Panel / Boards,Critical,Assigned,2024-06-28,,New UPS Power Socket Required for Wi-Fi Device
INC000004466803,42344,Facilities - Carpentry,Carpentry-Doors,Critical,Assigned,2024-06-28,,2 WOODEN DOOR BROKEGE AT PANTRY AREA 
INC000004466825,43844,Facilities - Carpentry,Carpentry-Doors,Critical,Assigned,2024-06-28,,BRANCH MAIN GLASS DOOR NOT CLOSED PROPERLY
INC000004467029,42427,Facilities - Carpentry,Carpentry-Workstation,Critical,Assigned,2024-06-28,,Key Board tray required at multiple desks
INC000004467045,42427,Facilities - Lockers,Lockers,Critical,Assigned,2024-06-28,,Lock installation require at Gold loan Drawer
INC000004467197,43392,Facilities - Carpentry,Carpentry-Lock / Key,Critical,Assigned,2024-06-28,,Kinldy send someone for new kyc of the drawaer
INC000004467378,60286,Facilities - Electrical,Electrical -Power,Critical,Assigned,2024-06-28,,No electricity  supply in the branch since yesterday evening . CCTV not working due this. Need to fix it ASAP.
INC000004468060,40122,Facilities - Plumbing,Plumbing,Critical,Assigned,2024-06-28,,Unable to use washroom due drain chock up. Kalyan branch -40122. Mo No 0 9137741647
INC000004468132,21175,Facilities - Plumbing,Plumbing-Sanitary Equipments,Critical,Assigned,2024-06-28,,"gents washroom is blocked in ludhiana brs nagar branch sales hub, please do needful on priority"
INC000004468267,20219,Facilities - Electrical,Electrical -Panel / Boards,Critical,Assigned,2024-06-28,,vault room electricity panel not working
INC000004468300,21071,Facilities - Plumbing,Plumbing,Critical,Assigned,2024-06-28,,please help wash room pipes chockup
INC000004468323,21071,Facilities - Carpentry,Carpentry-Doors,Critical,Assigned,2024-06-28,,pantry wooden door not working
INC000004468400,21071,Facilities - Furniture,Furniture-Chair,Critical,Assigned,2024-06-28,,team please look into this 
INC000004468467,22132,Facilities - Electrical,Electrical -Fans,Critical,Assigned,2024-06-28,,issue with fan not working properly 
INC000004468895,41353,Facilities - Plumbing,Plumbing-Sanitary Equipments,Critical,Assigned,2024-06-28,,senosr not working and tap leakage
INC000004468921,21007,Facilities - Carpentry,Carpentry-Doors,Critical,Assigned,2024-06-28,,ATM AREA GLASS DOOR IS DISLODGED 
INC000004469062,40158,Facilities - Civil,Civil-work,Critical,Assigned,2024-06-28,,main glass door making noise after closing the door
INC000004469332,21193,Facilities - Carpentry,Carpentry-Doors,Critical,Assigned,2024-06-28,,GF meeting room floor spring machine issue need to replace 
INC000004472457,60504,Facilities - Electrical,Electrical -Power,Critical,Assigned,2024-06-29,,Power total down 
INC000004472491,41353,Facilities - Plumbing,Plumbing-Sanitary Equipments,Critical,Assigned,2024-06-29,,Washroom basin Tap - water leakage and sensor not working of urine basin.
INC000004472496,21013,Facilities - Carpentry,Carpentry-Doors,Critical,Assigned,2024-06-29,,Teller counter door spring and floor spring not functioning
INC000004472550,42642,Facilities - Electrical,Electrical -Fans,Critical,Assigned,2024-06-29,,Exhaust fan has been broken and not working in male washroom
INC000004472615,42201,Facilities - Electrical,Electrical -Fans,Critical,Assigned,2024-06-29,,3 wall mount fan required at Ratlam Branch
INC000004472620,42301,Facilities - Dormitory,Dormitory-Maintanance,Critical,Assigned,2024-06-29,,keyboard stand not working
INC000004472648,40401,Facilities - Electrical,Electrical -Lights,Critical,Assigned,2024-06-29,,elelctricty not wotking 
INC000004472756,42279,Facilities - Carpentry,Carpentry-Lock / Key,Critical,Assigned,2024-06-29,,Cheque drop area is more than 3mm in cheque drop box
INC000004472764,40401,Facilities - Electrical,Electrical -Power,Critical,Assigned,2024-06-29,,There are Problem in Power Supply
INC000004472856,20231,Facilities - Carpentry,Carpentry-shutter,Critical,Assigned,2024-06-29,,office shutter not functioning properly -Dwarka 23 A  20231 
INC000004472888,40401,Facilities - Electrical,Electrical -Power,Critical,Assigned,2024-06-29,,Power cut in 1st floor from yesterday in this summer difficult to work in office facing too much problem
INC000004473147,43741,Facilities - Electrical,Electrical -Wiring,Critical,Assigned,2024-06-29,,DUE TO SOME ELECTRICAL ISSUE THE LIGHT HAS GONE. KINDLY RESOLVE THIS ISSUE ON PRIORTY.
INC000004473178,41379,Facilities - Carpentry,Carpentry-Doors,Critical,Assigned,2024-06-29,,Main glass door issue spring not working 
INC000004473186,20253,Facilities - Plumbing,Plumbing,Critical,Assigned,2024-06-29,,leakage in washroom please resolve this ...
INC000004473228,42383,Facilities - Carpentry,Carpentry-Workstation,Critical,Assigned,2024-06-29,,repair of cheque dorpbox gap
INC000004473279,42405,Facilities - Electrical,Electrical -Lights,Critical,Assigned,2024-06-29,,TUBELIGHT NOT WORKING
INC000004473584,20226,Facilities - Plumbing,Plumbing,Critical,Assigned,2024-06-29,,"Water Leakage, Tap Issue, Sisten Issue (Water Leakage in Entire Washroom area)"
INC000004473694,61023,Facilities - Carpentry,Carpentry-Lock / Key,Critical,Assigned,2024-06-29,,dear team our drawer is not working properly and unable to lock the drawer
INC000004473718,43417,Facilities - Civil,Civil-work,Critical,Assigned,2024-06-29,,Shutter related issue
INC000004473898,41267,Facilities - Plumbing,Plumbing-Sanitary Equipments,Critical,Assigned,2024-06-29,,jet spray is leaking as same needs to be replaced
INC000004474106,43415,Facilities - Carpentry,Carpentry-Workstation,Critical,Assigned,2024-06-29,,branch stairs railing broken
INC000004474364,40154,Facilities - Carpentry,Carpentry-Doors,Critical,Assigned,2024-06-29,,CNERGY 40154 MAIN GLASS DOOR NOT OPENING 
INC000004474489,21293,Facilities - Electrical,Electrical -Power,Critical,Assigned,2024-06-29,, Power failure in Mathura Branch. Please find incident id below and coordinate with DBM “Satyendra Singh”.
INC000004474513,20101,Facilities - Carpentry,Carpentry-Workstation,Critical,Assigned,2024-06-29,,"Wooden flooring of the branch damaged due to water clogging, the wood has swollen for the branch lobby"
INC000004474635,21175,Facilities - Electrical,Electrical -Panel / Boards,Critical,Assigned,2024-06-29,,"There team, there was short circut in the branch due to which electrical board and swtiches board are burnt and not working, please check and get the needful do"
INC000004474831,60521,Facilities - Furniture,Furniture-Chair,Critical,Assigned,2024-06-29,,chiair armrest broken
INC000004474959,21414,Facilities - Electrical,Electrical -Power,Critical,Assigned,2024-06-29,,ELECTRICITY ISSUE
INC000004475020,20228,Facilities - Plumbing,Plumbing-Sanitary Equipments,Critical,Assigned,2024-06-29,,"	 FEMALE WASHROOM LEAKAGE"
INC000004475834,40152,Facilities - Carpentry,Carpentry-Doors,Critical,Assigned,2024-06-29,,Waterproof rubber mat required
INC000004475946,22143,Facilities - Carpentry,Carpentry-Lock / Key,Critical,Assigned,2024-06-29,,"ATM Glass door Lock is damaged and broken, please arrange someone to check the same on priority. "
INC000004476028,40162,Facilities - Carpentry,Carpentry-shutter,Critical,Assigned,2024-06-29,,MAIN DOOR LOCK NOT FUNCTIONING // Hiranandani Estate 40162
INC000004476292,43652,Facilities - Carpentry,Carpentry-Doors,Critical,Assigned,2024-06-29,,door closer problem
INC000004476297,60134,Facilities - Carpentry,Carpentry-Doors,Critical,Assigned,2024-06-29,,store room cabinet get fungated and termite  need to change immediately
INC000004476586,41352,Facilities - Electrical,Electrical -Lights,Critical,Assigned,2024-06-29,,Branch Lights  tube not working  
INC000004509693,43123,Facilities - Plumbing,Plumbing-Sanitary Equipments,Critical,Assigned,2024-07-30,,washroom Toilet pipe leak please resolve
INC000004509669,20182,Facilities - Plumbing,Plumbing-Sanitary Equipments,Critical,Assigned,2024-07-30,,"Dear Team, Kindly arrange technician for water motor  is making a very loud noise ."
INC000004509590,42286,Facilities - Carpentry,Carpentry-Lock / Key,Critical,Assigned,2024-07-30,,GOLD LOAN DOOR LOCK+PANTRY AND TOILET DOOR LOCK STILL NOIT CHANGED
INC000004509517,42276,Facilities - Carpentry,Carpentry-Lock / Key,Critical,Assigned,2024-07-30,,Cash Cabin Door lock Not Working
INC000004509446,61421,Facilities - Electrical,Electrical -Panel / Boards,Critical,Assigned,2024-07-30,,ATM PANEL LIGHT ISSUE
INC000004509380,61421,Facilities - Electrical,Electrical -Fans,Critical,Assigned,2024-07-29,,ATM CEILING FAN NOT WORKING
INC000004509358,61421,Facilities - Electrical,Electrical -Lights,Critical,Assigned,2024-07-29,,7-8 ceiling light are not getting switched on
INC000004509357,41275,Facilities - Electrical,Electrical -Power,Critical,Assigned,2024-07-29,,Dear Team Power Issu in Branch
INC000004509228,20102,Facilities - Furniture,Furniture-Chair,Critical,Assigned,2024-07-29,,Chair washing is required
INC000004509190,20111,Facilities - Electrical,Electrical -Wiring,Critical,Assigned,2024-07-29,,AC Wire is hanging of Lobby AC // GK II // 20111
INC000004508994,22011,Facilities - Electrical,Electrical -Panel / Boards,Critical,Assigned,2024-07-29,,power board issue 
INC000004508687,42721,Facilities - Carpentry,Carpentry-Lock / Key,Critical,Assigned,2024-07-29,,LOCKS OF DRAWER ARE NOT PROPERLY OPEN AND CLOSED
INC000004508656,42721,Facilities - Plumbing,Plumbing-Sanitary Equipments,Critical,Assigned,2024-07-29,,FLASH AND ALL NOT WORKING
INC000004508620,42721,Facilities - Electrical,Electrical -Power,Critical,Assigned,2024-07-29,,power issue in branch
INC000004508551,42432,Facilities - Electrical,Electrical -Panel / Boards,Critical,Assigned,2024-07-29,,in our branch switch turning off every 10 min mcb switch
INC000004508525,42983,Facilities - Electrical,Electrical -Lights,Critical,Assigned,2024-07-29,,Gold loan cabin lights not working in UPS.
INC000004508482,60781,Facilities - Carpentry,Carpentry-Lock / Key,Critical,Assigned,2024-07-29,,Brakage of Drawer Lock
INC000004508395,40333,Facilities - Carpentry,Carpentry-Workstation,Critical,Assigned,2024-07-29,,damaged table pls urgent send carpenter 
INC000004508344,60603,Facilities - Carpentry,Carpentry-Doors,Critical,Assigned,2024-07-29,,"ATM door handle, Teller Door handle, Cupboard handles broken since 8 months, there is no any action on it,  need your urgent support on this.s, "
INC000004508323,60562,Facilities - Plumbing,Plumbing,Critical,Assigned,2024-07-29,,water tap is not working in washroom.
INC000004508295,60603,Facilities - Electrical,Electrical -Lights,Critical,Assigned,2024-07-29,,"Panel Lights in ATM and branch lobby and outside not working, Need urgent action on this."
INC000004508285,20138,Facilities - Electrical,Electrical -Panel / Boards,Critical,Assigned,2024-07-29,,2 socket not working//need replacement
INC000004508206,60603,Facilities - Electrical,Electrical -Power,Critical,Assigned,2024-07-29,,"Electricity power failure in Katgora location since yesterday onwards, need urgent support on this."
INC000004508181,20126,Facilities - Carpentry,Carpentry-Doors,Critical,Assigned,2024-07-29,,"Dear Team, wooden cupboard is broken in cash counter kindly fixit cupboard on urgent basis. "
INC000004508119,49302,Facilities - Plumbing,Plumbing,Critical,Assigned,2024-07-29,,Drain Chockup in Pune Regional Office. 
INC000004508114,43393,Facilities - Carpentry,Carpentry-Workstation,Critical,Assigned,2024-07-29,,key board trays channel has been dameged 
INC000004508078,22101,Facilities - Electrical,Electrical -Wiring,Critical,Assigned,2024-07-29,,AC wiring short
INC000004508028,42279,Facilities - Electrical,Electrical -Panel / Boards,Critical,Assigned,2024-07-29,,"MCB trip and AC are not working, So please arrange technician on urgent bases."
INC000004507972,60621,Facilities - Carpentry,Carpentry-Lock / Key,Critical,Assigned,2024-07-29,,2 DOORS ARE OPENING WITH 1 SAME KEY. PLEASE CHANGE THE LOCK AS PER AUDIT ADVICE
INC000004507970,60621,Facilities - Electrical,Electrical -Lights,Critical,Assigned,2024-07-29,,2 TUBES ARE NOT WORKING
INC000004507965,60621,Facilities - Carpentry,Carpentry-Doors,Critical,Assigned,2024-07-29,,1ST FLOOR DOOR CLOSSER NOT FUNCTIONING
INC000004507963,60621,Facilities - Carpentry,Carpentry-Doors,Critical,Assigned,2024-07-29,,BRANCH MAIN DOOR LOCK IS NOT WORKING
INC000004507905,20112,Facilities - Plumbing,Plumbing-Sanitary Equipments,Critical,Assigned,2024-07-29,,Tap leakage 
INC000004507895,20128,Facilities - Carpentry,Carpentry-Lock / Key,Critical,Assigned,2024-07-29,,two drawer locks not working as new locks required which needs to be installed 
INC000004504627,42701,Facilities - Plumbing,Plumbing,Critical,Assigned,2024-07-29,,urinal chocked in washroom
INC000004504624,40104,Facilities - Plumbing,Plumbing,Critical,Assigned,2024-07-29,,please send plumber urgently there is major porblem in mens washrrom not working urine flash 
INC000004504413,41268,Facilities - Carpentry,Carpentry-Lock / Key,Critical,Assigned,2024-07-29,,IN BRANCH LOBBY ALL DRAWE'S LOCK NEED TO CHANGE
INC000004504259,60261,Facilities - Electrical,Electrical -Power,Critical,Assigned,2024-07-29,,Powe failure. Pls align electrician urgently. 
INC000004504199,22012,Facilities - Carpentry,Carpentry-Doors,Critical,Assigned,2024-07-29,,"GOLD LOAN CABIN DOOR HANDLES HINES ON, PLS RESOLVE IT URGENTLY"
INC000004503968,60261,Facilities - Electrical,Electrical -Power,Critical,Assigned,2024-07-29,,Complete power down in Guwahati
INC000004503281,60522,Facilities - Electrical,Electrical -Lights,Critical,Assigned,2024-07-29,,4 tub light of outside of branch is not working 
INC000004503246,20146,Facilities - Electrical,Electrical -Lights,Critical,Assigned,2024-07-29,,CEILING LIGHT PROBLEM
INC000004502748,40352,Facilities - Carpentry,Carpentry-Lock / Key,Critical,Assigned,2024-07-29,,Suggestion box lock is not opening kindly arrange carpeter on urgent basis
INC000004502700,40191,Facilities - Plumbing,Plumbing-Sanitary Equipments,Critical,Assigned,2024-07-29,,Water Tank Pipe needs to be re-fixed
INC000004502625,43761,Facilities - Electrical,Electrical -Lights,Critical,Assigned,2024-07-29,,One of the celling Light of Gold Loan cabin is not working.
INC000004502372,40374,Facilities - Electrical,Electrical -Panel / Boards,Critical,Assigned,2024-07-29,,MCB TRIP MCB Isssue
INC000004501597,42275,Facilities - Electrical,Electrical -Wiring,Critical,Assigned,2024-07-29,,SHORT CERKIT ISSUE IN WIRES
INC000004501507,20249,Facilities - Carpentry,Carpentry-Workstation,Critical,Assigned,2024-07-26,,DEAR TEAM REQURIEMENT OF NEW TABLIE FOR CCD MACHINE IN BADARPUR BRANCHA
INC000004501495,20249,Facilities - Sanitization,Sanitization,Critical,Assigned,2024-07-26,,DERA TEAM REQUIRED DOORMATE FOR MAIN GATE ASAP FOR BADARPUR BRANCH
INC000004501416,21006,Facilities - Electrical,Electrical -Wiring,Critical,Assigned,2024-07-26,,WATER SUPPLY MOTOR NOT WORKING
INC000004501036,20121,Facilities - Carpentry,Carpentry-Lock / Key,Critical,Assigned,2024-07-26,,Door of conference room not unlocking
INC000004500927,40323,Facilities - Carpentry,Carpentry-Lock / Key,Critical,Assigned,2024-07-26,,My Dror Loker getting is not working.
INC000004500806,42761,Facilities - Electrical,Electrical -Panel / Boards,Critical,Assigned,2024-07-26,,panel board damaged with short circuit 
INC000004500685,60121,Facilities - Electrical,Electrical -Lights,Critical,Assigned,2024-07-26,,Network room tube light not working. Please resolve it ASAP.
INC000004500422,61421,Facilities - Electrical,Electrical -Power,Critical,Assigned,2024-07-26,,power failure at nawada branch
INC000004500361,20145,Facilities - Carpentry,Carpentry-Doors,Critical,Assigned,2024-07-26,,MAIN GLASS DOOR IS DISLODGED
INC000004500293,40104,Facilities - Electrical,Electrical -Panel / Boards,Critical,Assigned,2024-07-26,,electrical switches need to replace on priority 
INC000004500282,41376,Facilities - Electrical,Electrical -Power,Critical,Assigned,2024-07-26,,Power supply issue in Teller cabin AC
INC000004500173,40312,Facilities - Electrical,Electrical -Power,Critical,Assigned,2024-07-26,,CCD MACHINE POWER SUPPLY MAINS WIRE REQUIRED DUE TO OVERLOAD. PLEASE SEND SOME ENGINEER ON MOST PRIORITY BASIS
INC000004500169,22012,Facilities - Electrical,Electrical -Power,Critical,Assigned,2024-07-26,,"IN GOLD LOAN CABIN AC NOT WORKING DUE TO POWER PHASE ISSUE FROM YESTARDAY, AND IN OUTSIDE CUSTOMER AREA AC WORKING"
INC000004500131,42269,Facilities - Plumbing,Plumbing,Critical,Assigned,2024-07-26,,NEW GLASS INDENT IN WASHROOM
INC000004500090,43312,Facilities - Electrical,Electrical -Power,Critical,Assigned,2024-07-26,,Dear Team power failure at Kuchaman City Branch 43312
INC000004500080,61312,Facilities - Electrical,Electrical -Lights,Critical,Assigned,2024-07-26,,BM cabin room light not working
INC000004500063,22152,Facilities - Electrical,Electrical -Power,Critical,Assigned,2024-07-26,,branch completely down 
INC000004496738,40104,Facilities - Electrical,Electrical -Lights,Critical,Assigned,2024-07-26,,need to replace light from teller counter area
INC000004496720,20127,Facilities - Carpentry,Carpentry-Lock / Key,Critical,Assigned,2024-07-26,,DRAWER LOCK IS NOT FUNCTIONING
INC000004496637,60562,Facilities - Electrical,Electrical -Panel / Boards,Critical,Assigned,2024-07-26,,UPS MOTHER BOARD IS FAULTY 
INC000004496609,40158,Facilities - Carpentry,Carpentry-shutter,Critical,Assigned,2024-07-26,,SHUTTER JAM REQUIRE OILING & GRISHING
INC000004496584,42267,Facilities - Plumbing,Plumbing,Critical,Assigned,2024-07-26,,URINARY BOARD IS CHOKED UP . PLEASE DO NEEDFUL 
INC000004496429,61023,Facilities - Electrical,Electrical -Power,Critical,Assigned,2024-07-26,,SHORT CIRCUIT ON FRONT DESKS. 3 DESKTOPS NOT WORKING.
INC000004496409,21414,Facilities - Electrical,Electrical -Power,Critical,Assigned,2024-07-26,,electricity issue
INC000004496084,21962,Facilities - Electrical,Electrical -Lights,Critical,Assigned,2024-07-26,,"Some Round lights & LED Lights not working, Kindly resolve on priority."
INC000004496005,60422,Facilities - Electrical,Electrical -Lights,Critical,Assigned,2024-07-26,,"Our Server room, Washroom & Pantry exhaust fan & light not working"
INC000004495991,41221,Facilities - Plumbing,Plumbing-Sanitary Equipments,Critical,Assigned,2024-07-26,,Jet Spray Not Working
INC000004495266,42282,Facilities - Electrical,Electrical -Power,Critical,Assigned,2024-07-26,,Electricity not available at Nashik LC branch - contact person Yogesh Dode- 9922552528
INC000004495122,43881,Facilities - Carpentry,Carpentry-shutter,Critical,Assigned,2024-07-26,,"SHUTTER JAM , OILING REQUIRED"
INC000004495078,43881,Facilities - Electrical,Electrical -Lights,Critical,Assigned,2024-07-26,,LIGHTS NOT WORKING URGENTTTTTTTTTT
INC000004495021,42282,Facilities - Electrical,Electrical -Power,Critical,Assigned,2024-07-26,,Electricity  not working at nashik branch  contact person Yogesh Dode- 9922552528
INC000004495015,21831,Facilities - Carpentry,Carpentry-Doors,Critical,Assigned,2024-07-26,,Glass door floor lock stuck while opening and closing for Gold loan loan and branch front door cabin 
INC000004494871,21009,Facilities - Carpentry,Carpentry-Lock / Key,Critical,Assigned,2024-07-26,,ATM box lock is broken and there is no lock
INC000004494869,42721,Facilities - Furniture,Furniture-Chair,Critical,Assigned,2024-07-26,,please offload this broken chairs from branch 
INC000004494765,61421,Facilities - Carpentry,Carpentry-Doors,Critical,Assigned,2024-07-26,,Cheque drop is not functioning
INC000004494708,61421,Facilities - Furniture,Furniture-Chair,Critical,Assigned,2024-07-26,,CHAIR ARMS BROKEN
INC000004494511,21312,Facilities - Electrical,Electrical -Panel / Boards,Critical,Assigned,2024-07-26,,Lights not working in IDFC Panel 
INC000004494501,21312,Facilities - Electrical,Electrical -Lights,Critical,Assigned,2024-07-26,,8 lights are not working in branch due to short circuit along with one exhaust fan 
INC000004494457,60423,Facilities - Carpentry,Carpentry-Doors,Critical,Assigned,2024-07-26,,gold loan room handle broke down
INC000004494424,60423,Facilities - Carpentry,Carpentry-Lock / Key,Critical,Assigned,2024-07-26,,ENTRANCE GLASS DOOR NOT LOCKED 
INC000004494385,42162,Facilities - Plumbing,Plumbing,Critical,Assigned,2024-07-26,,Water supply issue in kathwada branch on 01-07-2024 . Please help to resolved issue urgent basis . 
INC000004493313,21416,Facilities - Plumbing,Plumbing,Critical,Assigned,2024-07-26,,leakages in pantry area
INC000004493310,20159,Facilities - Carpentry,Carpentry-Doors,Critical,Assigned,2024-07-26,,Wooden drawers dislodged and dislocated 
INC000004493292,21416,Facilities - Carpentry,Carpentry-Doors,Critical,Assigned,2024-07-26,,wooden door prepair 
INC000004493271,42284,Facilities - Electrical,Electrical -Panel / Boards,Critical,Assigned,2024-07-26,,Dear Team. PFA ATM snap and provide new ATM lollipop board for niphad branch_42284.
INC000004493249,40339,Facilities - Plumbing,Plumbing-Sanitary Equipments,Critical,Assigned,2024-07-26,,female washroom in flush not work
INC000004493247,20118,Facilities - Carpentry,Carpentry-Workstation,Critical,Assigned,2024-07-26,,"Keyboard tray has unscrewed, please assign any technician to tight the screw of keyboard tray only"
INC000004493080,60105,Facilities - Electrical,Electrical -Power,Critical,Assigned,2024-07-25,, Entire Branch Network is Down due to no power in Network Race Please do the needful
INC000004493015,42441,Facilities - Carpentry,Carpentry-Workstation,Critical,Assigned,2024-07-25,,Cheque dropp area is more than 3mm
INC000004492960,40301,Facilities - Plumbing,Plumbing-Sanitary Equipments,Critical,Assigned,2024-07-25,,C G Road Branch 1st Floor 
INC000004492941,42503,Facilities - Plumbing,Plumbing-Sanitary Equipments,Critical,Assigned,2024-07-25,,Waste water drainage is chocked in washroom.
INC000004492881,43552,Facilities - Plumbing,Plumbing-Sanitary Equipments,Critical,Assigned,2024-07-25,,Dear team please check water tap block in toilet.
INC000004492836,60902,Facilities - Plumbing,Plumbing,Critical,Assigned,2024-07-25,,urinal pot chockup please resolve asap
INC000004492758,42721,Facilities - Electrical,Electrical -Power,Critical,Assigned,2024-07-25,,in branch one face  power supplier is failure
INC000004492616,20151,Facilities - Electrical,Electrical -Lights,Critical,Assigned,2024-07-25,,"Dear Team, kindly change gold loan lights--- we are facing problem in valuation process, current lights are very low- please provide technician to visit and res"
INC000004492452,10228,Facilities - Plumbing,Plumbing,Critical,Assigned,2024-07-25,,plumber visit required  at CPC Indore for wash basin pipe leakage work.
INC000004492272,21521,Facilities - Electrical,Electrical -Power,Critical,Assigned,2024-07-25,,MCB FAULTY NEED TO REPLACE IT
INC000004492138,21521,Facilities - Electrical,Electrical -Power,Critical,Assigned,2024-07-25,,There is a short circuit and no power is coming in the branch 
INC000004492095,20188,Facilities - Electrical,Electrical -Power,Critical,Assigned,2024-07-25,,short circuit in server room
INC000004492016,21521,Facilities - Electrical,Electrical -Power,Critical,Assigned,2024-07-25,,MCB wire burnt & no power in branch
INC000004491976,42926,Facilities - Carpentry,Carpentry-Lock / Key,Critical,Assigned,2024-07-25,,Branch main door (wooden door) lock key breakaged  
INC000004491919,42186,Facilities - Electrical,Electrical -Power,Critical,Assigned,2024-07-25,,power failure dg also not working 
INC000004491820,60367,Facilities - Plumbing,Plumbing-Sanitary Equipments,Critical,Assigned,2024-07-25,,3 Taps are not working. Replace it 
INC000004491814,21217,Facilities - Carpentry,Carpentry-Workstation,Critical,Assigned,2024-07-25,,"Dear Team, Meeting room wooden penel on wall is damaged request you to kindly arrange the some for repaired on urgent basis."
INC000004491798,21016,Facilities - Electrical,Electrical -Power,Critical,Assigned,2024-07-25,,"POWER FAILURE IN VAULT ROOM,NO LIGHT ITS VERY URGENT "
INC000004491775,43844,Facilities - Plumbing,Plumbing,Critical,Assigned,2024-07-25,,"Dear Team,  Surat Dabholi Road Branch Drainage are Blocked due to heavy rain and garbage stuck in drainage line.  Drainage water is diffuse in branch area and c"
INC000004488739,21091,Facilities - Carpentry,Carpentry-Workstation,Critical,Assigned,2024-07-25,,Table required for CCD machine
INC000004488638,21296,Facilities - Electrical,Electrical -Panel / Boards,Critical,Assigned,2024-07-25,,Contactor of panel having issue at Shastripuram Agra
INC000004488617,21274,Facilities - Electrical,Electrical -Wiring,Critical,Assigned,2024-07-25,,Electrical cable required
INC000004488554,60282,Facilities - Carpentry,Carpentry-Lock / Key,Critical,Assigned,2024-07-25,,CASH COUNTER DRAWER HAS BEEN BROKEN (VERY URGENT)
INC000004488385,42383,Facilities - Carpentry,Carpentry-Workstation,Critical,Assigned,2024-07-25,,Chq Drop Box needs to be change to 3 MM
INC000004488350,22011,Facilities - Electrical,Electrical -Power,Critical,Assigned,2024-07-25,,ELECTRICITY ISSUE IN BRANCH
INC000004488272,20195,Facilities - Carpentry,Carpentry-Doors,Critical,Assigned,2024-07-25,,GLASS DOOR BROKEN
INC000004488271,43391,Facilities - Plumbing,Plumbing,Critical,Assigned,2024-07-25,,Jet spray at toilet has been broken. need to change
INC000004488186,20257,Facilities - Carpentry,Carpentry-Doors,Critical,Assigned,2024-07-25,,glass door lock   not proper working 
INC000004487983,40352,Facilities - Carpentry,Carpentry-Workstation,Critical,Assigned,2024-07-25,,Cheque dropped space is more than 3 mm in Cheque Dropbox require less than 3mm
INC000004487910,42903,Facilities - Plumbing,Plumbing,Critical,Assigned,2024-07-25,,Water Leakage at Server Rooms Door step
INC000004487746,60342,Facilities - Electrical,Electrical -Panel / Boards,Critical,Assigned,2024-07-25,,Switch board not working 
INC000004487583,43502,Facilities - Electrical,Electrical -Panel / Boards,Critical,Assigned,2024-07-25,,In Server Room Panel Board Not working
INC000004487530,43502,Facilities - Plumbing,Plumbing,Critical,Assigned,2024-07-25,,"Wash pipe leake, Toilet Pipe leakage"
INC000004487469,21004,Facilities - Carpentry,Carpentry-Doors,Critical,Assigned,2024-07-25,,Dear team please resolve on urgent basis door closer not functioning
INC000004486884,20105,Facilities - Carpentry,Carpentry-Doors,Critical,Assigned,2024-07-25,,CABINET DOOR BROKE
INC000004486570,49105,Facilities - Carpentry,Carpentry-Lock / Key,Critical,Assigned,2024-07-25,,Key broken in drawer 
INC000004486536,49105,Facilities - Plumbing,Plumbing,Critical,Assigned,2024-07-25,,TAP issue in lady washroom.  
INC000004486079,60366,Facilities - Sanitization,Sanitization,Critical,Assigned,2024-07-25,,Commode pan of branch has broken .
INC000004485920,21292,Facilities - Plumbing,Plumbing-Sanitary Equipments,Critical,Assigned,2024-07-25,,flush is not working
INC000004485853,21946,Facilities - Electrical,Electrical -Lights,Critical,Assigned,2024-07-25,,Lobby light is not working properly
INC000004485781,43102,Facilities - Electrical,Electrical -Power,Critical,Assigned,2024-07-25,,Power Board is spraking 
INC000004485700,60504,Facilities - Electrical,Electrical -Power,Critical,Assigned,2024-07-25,,Power issue at sarangarh branch totally shut down 
INC000004485574,43812,Facilities - Electrical,Electrical -Power,Critical,Assigned,2024-07-25,,electricity releted issue by MSCB
INC000004485533,40151,Facilities - Carpentry,Carpentry-Doors,Critical,Assigned,2024-07-25,,• Wooden in door handle repair • Drawer lock needs to be repair • 2 lock fitting in drawers • Main door and ATM door galss repairing and fixing • Site board doo
INC000004485491,40314,Facilities - Electrical,Electrical -Power,Critical,Assigned,2024-07-25,,SERVER ROOM POWER ISSUE
INC000004485479,41375,Facilities - Plumbing,Plumbing,Critical,Assigned,2024-07-25,,"During the installation of ac wiring through wall hole , the leakage stared whrough wall hole also chances to come rats through hole"
INC000004485444,40313,Facilities - Carpentry,Carpentry-Workstation,Critical,Assigned,2024-07-25,,"Image attached for reference,needful requied as per image attached"
INC000004485337,60119,Facilities - Carpentry,Carpentry-Doors,Critical,Assigned,2024-07-25,,Teller Counter cabinet hinge problem
INC000004485223,61152,Facilities - Electrical,Electrical -Panel / Boards,Critical,Assigned,2024-07-24,,Power switch got damage and got burnt for this reason stabilizer not working report attached
INC000004485203,42101,Facilities - Carpentry,Carpentry-Doors,Critical,Assigned,2024-07-24,,Regarding cash counter door lock issue.
INC000004484933,21651,Facilities - Plumbing,Plumbing-Sanitary Equipments,Critical,Assigned,2024-07-24,,JET SPRAY IS NOT WORKING 
INC000004484915,41301,Facilities - Electrical,Electrical -Power,Critical,Assigned,2024-07-24,,ELECTRICIAN VISIT REQUIRED
INC000004484790,41358,Facilities - Carpentry,Carpentry-Doors,Critical,Assigned,2024-07-24,,ATM GLASS DOOR DISLODGED AT KALYANI NAGAR BRANCH PUNE
INC000004484769,20137,Facilities - Carpentry,Carpentry-shutter,Critical,Assigned,2024-07-24,,bank main shutter end tilted and damaged
INC000004484742,60991,Facilities - Carpentry,Carpentry-Doors,Critical,Assigned,2024-07-24,,toilet door non functional
INC000004484572,43711,Facilities - Plumbing,Plumbing,Critical,Assigned,2024-07-24,,drain chockup
INC000004484479,60522,Facilities - Plumbing,Plumbing-Sanitary Equipments,Critical,Assigned,2024-07-24,,Male washroom wash basin null is damaged
INC000004484429,42841,Facilities - Carpentry,Carpentry-Doors,Critical,Assigned,2024-07-24,,glass main door not locks in not proper work 
INC000004484416,42841,Facilities - Electrical,Electrical -Power,Critical,Assigned,2024-07-24,,Dear all branch ups power issue branch light go and all branch light close 
INC000004484391,42841,Facilities - Plumbing,Plumbing-Sanitary Equipments,Critical,Assigned,2024-07-24,,dear all washroom nal broken
INC000004484325,60118,Facilities - Carpentry,Carpentry-Workstation,Critical,Assigned,2024-07-24,,water leakage in cash counter
INC000004484162,42262,Facilities - Electrical,Electrical -Wiring,Critical,Assigned,2024-07-24,,Kindly arrange electrician to resolve the earthing issue for Surat Ring Road-42262 branch as Airtel Adapter cable is faulty . 
INC000004484032,40335,Facilities - Carpentry,Carpentry-Lock / Key,Critical,Assigned,2024-07-24,,Key misplaced 
INC000004483987,42382,Facilities - Carpentry,Carpentry-shutter,Critical,Assigned,2024-07-24,,It was observed that Sutter fount  open and when check then identified that the Sutter lock war in dismantled due to hi pressure in motor I is automotive Sutter
INC000004483984,21254,Facilities - Electrical,Electrical -Lights,Critical,Assigned,2024-07-24,,lights in Gold loan cabin is not working
INC000004483975,40337,Facilities - Electrical,Electrical -Lights,Critical,Assigned,2024-07-24,,MCB switch trip not able to  working AC as well washroom lights also short in front table 
INC000004483895,40333,Facilities - Electrical,Electrical -Power,Critical,Assigned,2024-07-24,,Electricity Power off at Ashram Road branch 40333
INC000004483803,21962,Facilities - Electrical,Electrical -Power,Critical,Assigned,2024-07-24,,NO POWER SUPPLY IN BRANCH
INC000004483800,60861,Facilities - Electrical,Electrical -Power,Critical,Assigned,2024-07-24,,Total shutdown in branch
INC000004483720,20128,Facilities - Carpentry,Carpentry-Doors,Critical,Assigned,2024-07-24,,vault wooden door entrance one lock is not working 
,,,,,,,,
,,,,,,,,
,,,,,,,,
,,,,,,,,
,,,,,,,,
,,,,,,,,
,,,,,,,,
,,,,,,,,
,,,,,,,,
,,,,,,,,
,,,,,,,,
,,,,,,,,
,,,,,,,,
,,,,,,,,
,,,,,,,,
,,,,,,,,
,,,,,,,,
,,,,,,,,
,,,,,,,,
,,,,,,,,
,,,,,,,,
,,,,,,,,
,,,,,,,,
,,,,,,,,
,,,,,,,,
,,,,,,,,
,,,,,,,,
,,,,,,,,
,,,,,,,,
,,,,,,,,
,,,,,,,,
,,,,,,,,
,,,,,,,,
,,,,,,,,
,,,,,,,,
,,,,,,,,
,,,,,,,,
,,,,,,,,
,,,,,,,,
,,,,,,,,
,,,,,,,,
,,,,,,,,
,,,,,,,,
,,,,,,,,
,,,,,,,,
,,,,,,,,
,,,,,,,,
,,,,,,,,
,,,,,,,,
,,,,,,,,
,,,,,,,,
,,,,,,,,
,,,,,,,,
,,,,,,,,
,,,,,,,,
,,,,,,,,
,,,,,,,,
,,,,,,,,
,,,,,,,,
,,,,,,,,
,,,,,,,,
,,,,,,,,
,,,,,,,,
,,,,,,,,
,,,,,,,,
,,,,,,,,
,,,,,,,,
,,,,,,,,
,,,,,,,,
,,,,,,,,
,,,,,,,,
,,,,,,,,
,,,,,,,,
,,,,,,,,
,,,,,,,,
,,,,,,,,
,,,,,,,,
,,,,,,,,
,,,,,,,,
,,,,,,,,
,,,,,,,,
,,,,,,,,
,,,,,,,,
,,,,,,,,
,,,,,,,,
,,,,,,,,
,,,,,,,,
,,,,,,,,
,,,,,,,,
,,,,,,,,
,,,,,,,,
,,,,,,,,
,,,,,,,,
,,,,,,,,
,,,,,,,,
,,,,,,,,
,,,,,,,,
,,,,,,,,
,,,,,,,,
,,,,,,,,
,,,,,,,,
,,,,,,,,
,,,,,,,,
,,,,,,,,
,,,,,,,,
,,,,,,,,
,,,,,,,,
,,,,,,,,
,,,,,,,,
,,,,,,,,
,,,,,,,,
,,,,,,,,
,,,,,,,,
,,,,,,,,
,,,,,,,,
,,,,,,,,
,,,,,,,,
,,,,,,,,
,,,,,,,,
,,,,,,,,
,,,,,,,,
,,,,,,,,
,,,,,,,,
,,,,,,,,
,,,,,,,,
,,,,,,,,
,,,,,,,,
,,,,,,,,
,,,,,,,,
,,,,,,,,
,,,,,,,,
,,,,,,,,
,,,,,,,,
,,,,,,,,
,,,,,,,,
,,,,,,,,
,,,,,,,,
,,,,,,,,
,,,,,,,,
,,,,,,,,
,,,,,,,,
,,,,,,,,
,,,,,,,,
,,,,,,,,
,,,,,,,,
,,,,,,,,
,,,,,,,,
,,,,,,,,
,,,,,,,,
,,,,,,,,
,,,,,,,,
,,,,,,,,
,,,,,,,,
,,,,,,,,
,,,,,,,,
,,,,,,,,
,,,,,,,,
,,,,,,,,
,,,,,,,,
,,,,,,,,
,,,,,,,,
,,,,,,,,
,,,,,,,,
,,,,,,,,
,,,,,,,,
,,,,,,,,
,,,,,,,,
,,,,,,,,
,,,,,,,,
,,,,,,,,
,,,,,,,,
,,,,,,,,
,,,,,,,,
,,,,,,,,
,,,,,,,,
,,,,,,,,
,,,,,,,,
,,,,,,,,
,,,,,,,,
,,,,,,,,
,,,,,,,,
,,,,,,,,
,,,,,,,,
,,,,,,,,
,,,,,,,,
,,,,,,,,
,,,,,,,,
,,,,,,,,
,,,,,,,,
,,,,,,,,
,,,,,,,,
,,,,,,,,
,,,,,,,,
,,,,,,,,
,,,,,,,,
,,,,,,,,
,,,,,,,,
,,,,,,,,
,,,,,,,,
,,,,,,,,
,,,,,,,,
,,,,,,,,
,,,,,,,,
,,,,,,,,
,,,,,,,,
,,,,,,,,
,,,,,,,,
,,,,,,,,
,,,,,,,,
,,,,,,,,
,,,,,,,,
,,,,,,,,
,,,,,,,,
,,,,,,,,
,,,,,,,,
,,,,,,,,
,,,,,,,,
,,,,,,,,
,,,,,,,,
,,,,,,,,
,,,,,,,,
,,,,,,,,
,,,,,,,,
,,,,,,,,
,,,,,,,,
,,,,,,,,
,,,,,,,,
,,,,,,,,
,,,,,,,,
,,,,,,,,
,,,,,,,,
,,,,,,,,
,,,,,,,,
,,,,,,,,
,,,,,,,,
,,,,,,,,
,,,,,,,,
,,,,,,,,
,,,,,,,,
,,,,,,,,
,,,,,,,,
,,,,,,,,
,,,,,,,,
,,,,,,,,
,,,,,,,,
,,,,,,,,
,,,,,,,,
,,,,,,,,
,,,,,,,,
,,,,,,,,
,,,,,,,,
,,,,,,,,
,,,,,,,,
,,,,,,,,
,,,,,,,,
,,,,,,,,
,,,,,,,,
,,,,,,,,
,,,,,,,,
,,,,,,,,
,,,,,,,,
,,,,,,,,
,,,,,,,,
,,,,,,,,
,,,,,,,,
,,,,,,,,
,,,,,,,,
,,,,,,,,
,,,,,,,,
,,,,,,,,
,,,,,,,,
,,,,,,,,
,,,,,,,,
,,,,,,,,
,,,,,,,,
,,,,,,,,
,,,,,,,,
,,,,,,,,
,,,,,,,,
,,,,,,,,
,,,,,,,,
,,,,,,,,
,,,,,,,,
,,,,,,,,
,,,,,,,,
,,,,,,,,
,,,,,,,,
,,,,,,,,
,,,,,,,,
,,,,,,,,
,,,,,,,,
,,,,,,,,
,,,,,,,,
,,,,,,,,
,,,,,,,,
,,,,,,,,
,,,,,,,,
,,,,,,,,
,,,,,,,,
,,,,,,,,
,,,,,,,,
,,,,,,,,
,,,,,,,,
,,,,,,,,
,,,,,,,,
,,,,,,,,
,,,,,,,,
,,,,,,,,
,,,,,,,,
,,,,,,,,
,,,,,,,,
,,,,,,,,
,,,,,,,,
,,,,,,,,
,,,,,,,,
,,,,,,,,
,,,,,,,,
,,,,,,,,
,,,,,,,,
,,,,,,,,
,,,,,,,,
,,,,,,,,
,,,,,,,,
,,,,,,,,
,,,,,,,,
,,,,,,,,
,,,,,,,,
,,,,,,,,
,,,,,,,,
,,,,,,,,
,,,,,,,,
,,,,,,,,
,,,,,,,,
,,,,,,,,
,,,,,,,,
,,,,,,,,
,,,,,,,,
,,,,,,,,
,,,,,,,,
,,,,,,,,
,,,,,,,,
,,,,,,,,
,,,,,,,,
,,,,,,,,
,,,,,,,,
,,,,,,,,
,,,,,,,,
,,,,,,,,
,,,,,,,,
,,,,,,,,
,,,,,,,,
,,,,,,,,
,,,,,,,,
,,,,,,,,
,,,,,,,,
,,,,,,,,
,,,,,,,,
,,,,,,,,
,,,,,,,,
,,,,,,,,
,,,,,,,,
,,,,,,,,
,,,,,,,,
,,,,,,,,
,,,,,,,,
,,,,,,,,
,,,,,,,,
,,,,,,,,
,,,,,,,,
,,,,,,,,
,,,,,,,,
,,,,,,,,
,,,,,,,,
,,,,,,,,
,,,,,,,,
,,,,,,,,
,,,,,,,,
,,,,,,,,
,,,,,,,,
,,,,,,,,
,,,,,,,,
,,,,,,,,
,,,,,,,,
,,,,,,,,
,,,,,,,,
,,,,,,,,
,,,,,,,,
,,,,,,,,
,,,,,,,,
,,,,,,,,
,,,,,,,,
,,,,,,,,
,,,,,,,,
,,,,,,,,
,,,,,,,,
,,,,,,,,
,,,,,,,,
,,,,,,,,
,,,,,,,,
,,,,,,,,
,,,,,,,,
,,,,,,,,
,,,,,,,,
,,,,,,,,
,,,,,,,,
,,,,,,,,
,,,,,,,,
,,,,,,,,
,,,,,,,,
,,,,,,,,
,,,,,,,,
,,,,,,,,
,,,,,,,,
,,,,,,,,
,,,,,,,,
,,,,,,,,
,,,,,,,,
,,,,,,,,
,,,,,,,,
,,,,,,,,
,,,,,,,,
,,,,,,,,
,,,,,,,,
,,,,,,,,
,,,,,,,,
,,,,,,,,
,,,,,,,,
,,,,,,,,
,,,,,,,,
,,,,,,,,
,,,,,,,,
,,,,,,,,
,,,,,,,,
,,,,,,,,
,,,,,,,,
,,,,,,,,
,,,,,,,,
,,,,,,,,
,,,,,,,,
,,,,,,,,
,,,,,,,,
,,,,,,,,
,,,,,,,,
,,,,,,,,
,,,,,,,,
,,,,,,,,
,,,,,,,,
,,,,,,,,
,,,,,,,,
,,,,,,,,
,,,,,,,,
,,,,,,,,
,,,,,,,,
,,,,,,,,
,,,,,,,,
,,,,,,,,
,,,,,,,,
,,,,,,,,
,,,,,,,,
,,,,,,,,
,,,,,,,,
,,,,,,,,
,,,,,,,,
