Company Account Name,Branch Site / Name,Branch Code,Contact Email,Mobile Number,Landline Number,Postal Code,City/District,State/Province,Address Line 1,Address Line 2,Site Incharge,Site UserName,Site Password
JLL - IDFC First Bank Limited,IDFC - CLEARING HUB - MUMBAI,10209,kishore.sawant@jll.com,9967646007,,,MUMBAI,MAHARASHTRA,"169 RAMON HOUSE, SECOND FLOOR,H. T. PAREKH MARG,CHURCHGATE, MUMBAI – 400020","169 RAMON HOUSE, SECOND FLOOR,H. T. PAREKH MARG,CHURCHGATE, MUMBAI – 400020",,,
JLL - IDFC First Bank Limited,IDFC - PRABHADEVI BRANCH,40102,kishore.sawant@jll.com,9967646007,,,MUMBAI,MAHARASHTRA,"CNERGY, UNIT NO. 3, S. GHANERKAR ROAD, APPASAHEB MARATHE MARG,CENTURY BAZAAR, PRABHADEVI, MUMBAI, MAHARASHTRA 400025","CNERGY, UNIT NO. 3, S. GHANERKAR ROAD, APPASAHEB MARATHE MARG,CENTURY BAZAAR, PRABHADEVI, MUMBAI, MAHARASHTRA 400025",,,
JLL - IDFC First Bank Limited,IDFC - CHEMBUR BRANCH,40104,kishore.sawant@jll.com,9967646007,,,MUMBAI,MAHARASHTRA,"GLAMCENT, GROUND FLOOR & FIRST FLOOR,, 350, CENTRAL AVENUE ROAD,CHEMBUR, MUMBAI, CHEMNUR, CHEMBUR, 400071","GLAMCENT, GROUND FLOOR & FIRST FLOOR,, 350, CENTRAL AVENUE ROAD,CHEMBUR, MUMBAI, CHEMNUR, CHEMBUR, 400071",,,
JLL - IDFC First Bank Limited,IDFC - MUMBAI - NARIMAN POINT BRANCH,40106,kishore.sawant@jll.com,9967646007,,,MUMBAI,MAHARASHTRA,"UNIT NO. 32, CR2 COMMERCIAL COMPLEX, PLOT NO. 240 & 240 A, BARRISTER RAJNI PATEL ROAD, NARIMAN POINT , MUMBAI - 400021","UNIT NO. 32, CR2 COMMERCIAL COMPLEX, PLOT NO. 240 & 240 A, BARRISTER RAJNI PATEL ROAD, NARIMAN POINT , MUMBAI - 400021",,,
JLL - IDFC First Bank Limited,IDFC - BHULABHAI DESAI ROAD BRANCH,40105,kishore.sawant@jll.com,9967646007,,,MUMBAI,MAHARASHTRA,"SHOP NO. 1 TIRUPATI APARTMENTS,, BHULABHAI DESAI ROAD, MUMBAI, MUMBAI, MUMBAI, 400026","SHOP NO. 1 TIRUPATI APARTMENTS,, BHULABHAI DESAI ROAD, MUMBAI, MUMBAI, MUMBAI, 400026",,,
JLL - IDFC First Bank Limited,IDFC - ANDHERI EAST BRANCH,40107,kishore.sawant@jll.com,9967646007,,,MUMBAI,MAHARASHTRA,"GROUND & FIRST FLOOR, A-1, A WING,, EVEREST CHAMBERS PREMISES CO-OPERATIVE SOCIETY LTD,, MAROL NAKA, NEXT TO STAR TV BUILDING, ANDHERI EAST, 400059","GROUND & FIRST FLOOR, A-1, A WING,, EVEREST CHAMBERS PREMISES CO-OPERATIVE SOCIETY LTD,, MAROL NAKA, NEXT TO STAR TV BUILDING, ANDHERI EAST, 400059",,,
JLL - IDFC First Bank Limited,IDFC - MULUND BRANCH,40109,kishore.sawant@jll.com,9967646007,,,MUMBAI,MAHARASHTRA,"RUNWAL GREENS BUILDING, GOREGAON MULUND LINK ROAD, NEXT TO FORTIS HOSPITAL, MULUND WEST, MUMBAI 400078","RUNWAL GREENS BUILDING, GOREGAON MULUND LINK ROAD, NEXT TO FORTIS HOSPITAL, MULUND WEST, MUMBAI 400078",,,
JLL - IDFC First Bank Limited,IDFC - BORIVALI BRANCH,40111,kishore.sawant@jll.com,9967646007,,,MUMBAI,MAHARASHTRA,"GROUND & FIRST FLOOR, UNIT NO 001 & 101, KONARK  APARTMENT,THE GURJAR APARTMENT CHS LTD ROSHAN NAGAR, CHANDAVARKAR LANE,BORIVALI (WEST), MUMBAI 400092","GROUND & FIRST FLOOR, UNIT NO 001 & 101, KONARK  APARTMENT,THE GURJAR APARTMENT CHS LTD ROSHAN NAGAR, CHANDAVARKAR LANE,BORIVALI (WEST), MUMBAI 400092",,,
JLL - IDFC First Bank Limited,IDFC - BANDRA WEST BRANCH,40113,kishore.sawant@jll.com,9967646007,,,MUMBAI,MAHARASHTRA,"GROUND FLOOR, THE POINT, PLOT 253, 30TH ROAD, BANDRA WEST, MUMBAI 400050","GROUND FLOOR, THE POINT, PLOT 253, 30TH ROAD, BANDRA WEST, MUMBAI 400050",,,
JLL - IDFC First Bank Limited,IDFC - MALAD BRANCH,40114,kishore.sawant@jll.com,9967646007,,,MUMBAI,MAHARASHTRA,"GROUND FLOOR ,UNIT NO 3, BHAGAT GRANDEUR, OPP INFINITY MALL, MALAD WEST, MUMBAI 400064","GROUND FLOOR ,UNIT NO 3, BHAGAT GRANDEUR, OPP INFINITY MALL, MALAD WEST, MUMBAI 400064",,,
JLL - IDFC First Bank Limited,IDFC - ANDHERI WEST BRANCH,40115,kishore.sawant@jll.com,9967646007,,,MUMBAI,MAHARASHTRA,"GROUND FLOOR, SAI ICONIC, SHOP NO.1PLOT NO.9, LOKHANDWALA  ROAD,FOUR BUNGLOWS, ANDHERI WEST, MUMBAI 400053","GROUND FLOOR, SAI ICONIC, SHOP NO.1PLOT NO.9, LOKHANDWALA  ROAD,FOUR BUNGLOWS, ANDHERI WEST, MUMBAI 400053",,,
JLL - IDFC First Bank Limited,IDFC - BORIVALI-IC COLONY BRANCH,40133,kishore.sawant@jll.com,9967646007,,,MUMBAI,MAHARASHTRA,"GROUND FLOOR , SHOP NO 1 SAFFRON APARTMENT,SUHHIJIVAN CIRCLE I C COLONY,BORIVALI WEST, MUMBAI - 400103","GROUND FLOOR , SHOP NO 1 SAFFRON APARTMENT,SUHHIJIVAN CIRCLE I C COLONY,BORIVALI WEST, MUMBAI - 400103",,,
JLL - IDFC First Bank Limited,IDFC - KALBADEVI BRANCH,40139,kishore.sawant@jll.com,9967646007,,,MUMBAI,MAHARASHTRA,"GR AND MEZZANINE FLOOR, UNIT NO. 533, KANTA TERRACE, DHOBITALAO, KALBADEVI, MUMBAI 400002","GR AND MEZZANINE FLOOR, UNIT NO. 533, KANTA TERRACE, DHOBITALAO, KALBADEVI, MUMBAI 400002",,,
JLL - IDFC First Bank Limited,IDFC - OSHIWARA BRANCH,40138,kishore.sawant@jll.com,9967646007,,,MUMBAI,MAHARASHTRA,"GR FLR, UNIT NO. 1, BUILDING NO. 28, EAST SIDE APARTMENTS CO-OP HOUSING SOCIETY LTD., OPP. MEERA TOWERS, OSHIWARA , ANDHERI (WEST), MUMBAI 400053","GR FLR, UNIT NO. 1, BUILDING NO. 28, EAST SIDE APARTMENTS CO-OP HOUSING SOCIETY LTD., OPP. MEERA TOWERS, OSHIWARA , ANDHERI (WEST), MUMBAI 400053",,,
JLL - IDFC First Bank Limited,IDFC - JVPD BRANCH,40137,kishore.sawant@jll.com,9967646007,,,MUMBAI,MAHARASHTRA,"PLOT NO.12, GR FLOOR, RAIN BASERA, GULMOHAR MAIN ROAD NO. 1, NEAR SUJAY HOSPITAL, JVPD SCHEME, MUMBAI 400058.","PLOT NO.12, GR FLOOR, RAIN BASERA, GULMOHAR MAIN ROAD NO. 1, NEAR SUJAY HOSPITAL, JVPD SCHEME, MUMBAI 400058.",,,
JLL - IDFC First Bank Limited,IDFC - THAKUR VILLAGE – KANDIVALI (E) BRANCH,40141,kishore.sawant@jll.com,9967646007,,,MUMBAI,MAHARASHTRA,"GROUND FLOOR , SHOP NO. 5 AND SHOP NO. 5A,GOKUL RESIDENCY, THAKUR VILLAGE,KANDIVALI EAST, MUMBAI - 400101","GROUND FLOOR , SHOP NO. 5 AND SHOP NO. 5A,GOKUL RESIDENCY, THAKUR VILLAGE,KANDIVALI EAST, MUMBAI - 400101",,,
JLL - IDFC First Bank Limited,IDFC - BHANDUP BRANCH,40146,kishore.sawant@jll.com,9967646007,,,MUMBAI,MAHARASHTRA,"GROUND FLOOR, UNIT NO. E-3,EASTERN BUSINESS DISTRICT,L.B S MARG, BHANDUP (WEST), MUMBAI-400078","GROUND FLOOR, UNIT NO. E-3,EASTERN BUSINESS DISTRICT,L.B S MARG, BHANDUP (WEST), MUMBAI-400078",,,
JLL - IDFC First Bank Limited,IDFC - MUMBAI - GOREGAON WEST BRANCH,40151,kishore.sawant@jll.com,9967646007,,,MUMBAI,MAHARASHTRA,"GROUND FLOOR, SHOP NO. 5,POONAM HEIGHTS ,  PLOT NO. 11-12,UDYOG NAGAR ESTATE, S.V ROAD, GOREGOAN(WEST), MUMBAI - 400062","GROUND FLOOR, SHOP NO. 5,POONAM HEIGHTS ,  PLOT NO. 11-12,UDYOG NAGAR ESTATE, S.V ROAD, GOREGOAN(WEST), MUMBAI - 400062",,,
JLL - IDFC First Bank Limited,IDFC - GHATKOPAR EAST BRANCH,40159,kishore.sawant@jll.com,9967646007,,,MUMBAI,MAHARASHTRA,"GROUND FLOOR, SHOP NO.1 &2,MONTEROSSA CHS, PLOT NO. 353(6),90 FT ROAD,PANT NAGAR,  GHATKOPAR EAST , MUMBAI – 400075.","GROUND FLOOR, SHOP NO.1 &2,MONTEROSSA CHS, PLOT NO. 353(6),90 FT ROAD,PANT NAGAR,  GHATKOPAR EAST , MUMBAI – 400075.",,,
JLL - IDFC First Bank Limited,"IDFC - MUMBAI -KANDIVALI, MAHAVIR NAGAR BRANCH",40163,kishore.sawant@jll.com,9967646007,,,MUMBAI,MAHARASHTRA,"GROUND FLOOR, SHOP NO. 56,57,58,59, BREEZY CORNER COOP HOUSING SOCIETY LTD., PROFIT CENTER, PANCHASHEEL  ENCLAVE, KANDIVALI (WEST), MUMBAI – 400067","GROUND FLOOR, SHOP NO. 56,57,58,59, BREEZY CORNER COOP HOUSING SOCIETY LTD., PROFIT CENTER, PANCHASHEEL  ENCLAVE, KANDIVALI (WEST), MUMBAI – 400067",,,
JLL - IDFC First Bank Limited,IDFC - PRABHADEVI-CNERGY BRANCH,40154,kishore.sawant@jll.com,9967646007,,,MUMBAI,MAHARASHTRA,"CNERGY, SHOP NO. 03, GROUND FLOOR, APPASAHEB MARATHE MARG, PRABHADEVI, MUMBAI - 400 025","CNERGY, SHOP NO. 03, GROUND FLOOR, APPASAHEB MARATHE MARG, PRABHADEVI, MUMBAI - 400 025",,,
JLL - IDFC First Bank Limited,IDFC - PAREL BRANCH,40153,kishore.sawant@jll.com,9967646007,,,MUMBAI,MAHARASHTRA,"SHOP NO. 11, GROUND FLOOR, BAYSIDE ARCADE,DR. B. AMBEDKAR ROAD, PAREL, MUMBAI - 400012","SHOP NO. 11, GROUND FLOOR, BAYSIDE ARCADE,DR. B. AMBEDKAR ROAD, PAREL, MUMBAI - 400012",,,
JLL - IDFC First Bank Limited,IDFC - POWAI BRANCH,40156,kishore.sawant@jll.com,9967646007,,,MUMBAI,MAHARASHTRA,"GROUND FLOOR, SHOP NO.11, VENTURA BUILDING,HIRANANDANI BUSINESS PARK,POWAI – MUMBAI - 400076","GROUND FLOOR, SHOP NO.11, VENTURA BUILDING,HIRANANDANI BUSINESS PARK,POWAI – MUMBAI - 400076",,,
JLL - IDFC First Bank Limited,IDFC - VILE PARLE EAST BRANCH,40155,kishore.sawant@jll.com,9967646007,,,MUMBAI,MAHARASHTRA,"UNIT NO. G/2, GROUND  FLOOR, SYMPHONY BUILDING ,NEW PLOT NO. 316, ORGINAL PLOT NO. 166, NEHRU ROAD,VILE PARLE – EAST,MUMBAI – 400057","UNIT NO. G/2, GROUND  FLOOR, SYMPHONY BUILDING ,NEW PLOT NO. 316, ORGINAL PLOT NO. 166, NEHRU ROAD,VILE PARLE – EAST,MUMBAI – 400057",,,
JLL - IDFC First Bank Limited,IDFC - MUMBAI- WORLD ONE-LOWER PAREL BRANCH,40171,kishore.sawant@jll.com,9967646007,,,MUMBAI,MAHARASHTRA,"UNIT NO.6, THE WORLD ONE BUILDING ,LODHA WORLD TOWERS,LOWER PAREL- 400013","UNIT NO.6, THE WORLD ONE BUILDING ,LODHA WORLD TOWERS,LOWER PAREL- 400013",,,
JLL - IDFC First Bank Limited,IDFC - BORIVALI-MBL,40185,kishore.sawant@jll.com,9967646007,,,MUMBAI,MAHARASHTRA,"1ST FLOOR, UNIT NO.102,JAI BHAGWAN CHS, JASODA NIWAS, KASTURBA CROSS ROAD NO.01,TPS II, BORIVALI EAST , MUMBAI, MAHARASHTRA -  400066","1ST FLOOR, UNIT NO.102,JAI BHAGWAN CHS, JASODA NIWAS, KASTURBA CROSS ROAD NO.01,TPS II, BORIVALI EAST , MUMBAI, MAHARASHTRA -  400066",,,
JLL - IDFC First Bank Limited,IDFC - ZAVERI BAZAAR BRANCH.,40191,kishore.sawant@jll.com,9967646007,,,MUMBAI,MAHARASHTRA,"GROUND FLOOR, C-150&151/227-229, SHAIKH MEMON STREET , ZAVERI  BAZAR, MUMBAI -400002 ","GROUND FLOOR, C-150&151/227-229, SHAIKH MEMON STREET , ZAVERI  BAZAR, MUMBAI -400002 ",,,
JLL - IDFC First Bank Limited,IDFC - Juhu,40507,kishore.sawant@jll.com,9967646007,,,MUMBAI,MAHARASHTRA," L G, Ground,1st  Floor, Sanidhya, Plot No. B - 16,  CTS No. 848, 55-V.L Mehta Road, J.V.P.D scheme, Juhu, Vile Parle (West), Mumbai – 400 049"," L G, Ground,1st  Floor, Sanidhya, Plot No. B - 16,  CTS No. 848, 55-V.L Mehta Road, J.V.P.D scheme, Juhu, Vile Parle (West), Mumbai – 400 049",,,
JLL - IDFC First Bank Limited,IDFC - Mulund East,40511,kishore.sawant@jll.com,9967646007,,,MUMBAI,MAHARASHTRA,"GROUND AND 1ST FLOOR, CTS.NO. 714/5,SHOP NO.5, ROMELL VASANTHI, VASANT VIHAR CHS LIMITED,  NAVGHAR ROAD,   MULUND (EAST), MUMBAI – 400081","GROUND AND 1ST FLOOR, CTS.NO. 714/5,SHOP NO.5, ROMELL VASANTHI, VASANT VIHAR CHS LIMITED,  NAVGHAR ROAD,   MULUND (EAST), MUMBAI – 400081",,,
JLL - IDFC First Bank Limited,IDFC - Vidya Vihar,40506,kishore.sawant@jll.com,9967646007,,,MUMBAI,MAHARASHTRA,"Ground and upper basement, Unit no.9, Neelkanth Corporate IT Park, Sterlite Compound, Kirol Village , VidyaVihar(west), Mumbai - 400086","Ground and upper basement, Unit no.9, Neelkanth Corporate IT Park, Sterlite Compound, Kirol Village , VidyaVihar(west), Mumbai - 400086",,,
JLL - IDFC First Bank Limited,IDFC - Sion Trombay Road ,40502,kishore.sawant@jll.com,9967646007,,,MUMBAI,MAHARASHTRA,"Unit no.10A,Ground and part 1st floor, Parijat Building, Atur Park, next to Maitri Park, Sion – Trombay Road,  Chembur,                   Mumbai - 400071","Unit no.10A,Ground and part 1st floor, Parijat Building, Atur Park, next to Maitri Park, Sion – Trombay Road,  Chembur,                   Mumbai - 400071",,,
JLL - IDFC First Bank Limited,IDFC - Andheri Teli Galli,40178,kishore.sawant@jll.com,9967646007,,,MUMBAI,MAHARASHTRA,,,,,
JLL - IDFC First Bank Limited,IDFC - Borivali East ,40501,kishore.sawant@jll.com,9967646007,,,MUMBAI,MAHARASHTRA,"Ground floor, Shop no1&2, 66 Palazzio, Chogle wadi, Carter Road no.1, Borivali (East), Mumbai - 400066","Ground floor, Shop no1&2, 66 Palazzio, Chogle wadi, Carter Road no.1, Borivali (East), Mumbai - 400066",,,
JLL - IDFC First Bank Limited,IDFC - Santacruz ,40513,kishore.sawant@jll.com,9967646007,,,MUMBAI,MAHARASHTRA,,,,,
JLL - IDFC First Bank Limited,IDFC - BANDRA PALI HILL BRANCH,40512,kishore.sawant@jll.com,9967646007,,,MUMBAI,MAHARASHTRA,"Ground Floor, SHOP NO.1,Plot no.66,  NAVROZE  APARTMENTS,   Near Zig Zag Road, NARGIS DUTT ROAD,PALI HILL, BANDRA (WEST) Mumbai- 400050","Ground Floor, SHOP NO.1,Plot no.66,  NAVROZE  APARTMENTS,   Near Zig Zag Road, NARGIS DUTT ROAD,PALI HILL, BANDRA (WEST) Mumbai- 400050",,,
JLL - IDFC First Bank Limited,IDFC - AGRA-ANUPAM SQUARE,21292,kishore.sawant@jll.com,9967646007,,,AGRA,UTTAR PRADESH,"3RD FLOOR, ANUPAM SQUARE, BLOCK NO.86/4,SANJAY PLACE,AGRA – 282002,UTTAR PRADESH","3RD FLOOR, ANUPAM SQUARE, BLOCK NO.86/4,SANJAY PLACE,AGRA – 282002,UTTAR PRADESH",,,
JLL - IDFC First Bank Limited,IDFC - AGRA- FATEHABAD ROAD BRANCH,21293,kishore.sawant@jll.com,9967646007,,,AGRA,UTTAR PRADESH,"GROUND FLOOR, SHOP NO. G-2, OPP. MUGHAL HOTEL, BASAI MUSTQUIL (MUGAL ROAD), FATEHABAD ROAD, AGRA, UTTAR PRADESH – 282007","GROUND FLOOR, SHOP NO. G-2, OPP. MUGHAL HOTEL, BASAI MUSTQUIL (MUGAL ROAD), FATEHABAD ROAD, AGRA, UTTAR PRADESH – 282007",,,
JLL - IDFC First Bank Limited,IDFC - MBL - AGRA 2,21295,kishore.sawant@jll.com,9967646007,,,AGRA,UTTAR PRADESH,"3RD FLOOR ,PART-4 , TAJ ROAD , SURAJ COMPLEX , SADAR BAZAR , AGRA , UP-282001","3RD FLOOR ,PART-4 , TAJ ROAD , SURAJ COMPLEX , SADAR BAZAR , AGRA , UP-282001",,,
JLL - IDFC First Bank Limited,IDFC - Agra,21296,kishore.sawant@jll.com,9967646007,,,AGRA,UTTAR PRADESH,"GROUND FLOOR, PLOT NO.56, PUSHPANJALI VIHAR, BODLA ROAD, MAUJA SIKANDRA BAHISTABAD, AGRA, UTTAR PRADESH-282007","GROUND FLOOR, PLOT NO.56, PUSHPANJALI VIHAR, BODLA ROAD, MAUJA SIKANDRA BAHISTABAD, AGRA, UTTAR PRADESH-282007",,,
JLL - IDFC First Bank Limited,IDFC - AHMEDABAD C.G. ROAD BRANCH,40301,kishore.sawant@jll.com,9967646007,,,AHMEDABAD,GUJARAT,"SUN SQUARE, T.P 20, F.P NO 80+90+91, BESIDES NEST, OFF C. G ROAD, BESIDES NEST, OFF C G ROAD, 380006","SUN SQUARE, T.P 20, F.P NO 80+90+91, BESIDES NEST, OFF C. G ROAD, BESIDES NEST, OFF C G ROAD, 380006",,,
JLL - IDFC First Bank Limited,IDFC - PRAHLAD NAGAR BRANCH,40302,kishore.sawant@jll.com,9967646007,,,AHMEDABAD,GUJARAT,"GROUND FLOOR AND FIRST FLOOR, MONDEAL SQUARE, UNIT NO.D, PRAHLAD NAGAR, AHMEDABAD 380015","GROUND FLOOR AND FIRST FLOOR, MONDEAL SQUARE, UNIT NO.D, PRAHLAD NAGAR, AHMEDABAD 380015",,,
JLL - IDFC First Bank Limited,IDFC - MANINAGAR BRANCH,40303,kishore.sawant@jll.com,9967646007,,,AHMEDABAD,GUJARAT,"FIRST FLOOR, SHOP NO. 2,3,4,SHIVALIK-7 BUILDING, RAMBAUG CROSS ROAD, MANINAGAR, AHMEDABAD 380008","FIRST FLOOR, SHOP NO. 2,3,4,SHIVALIK-7 BUILDING, RAMBAUG CROSS ROAD, MANINAGAR, AHMEDABAD 380008",,,
JLL - IDFC First Bank Limited,IDFC - AHMEDABAD- RATNAAKAR SQUARE,40304,kishore.sawant@jll.com,9967646007,,,AHMEDABAD,GUJARAT,"2ND & 3RD FLOOR , BLOCK A, RATNAAKAR NINE SQUARE, NEAR KESHAVBAUG, NEAR MANSI CIRCLE, AHMEDABAD – 380 015- GUJARAT","2ND & 3RD FLOOR , BLOCK A, RATNAAKAR NINE SQUARE, NEAR KESHAVBAUG, NEAR MANSI CIRCLE, AHMEDABAD – 380 015- GUJARAT",,,
JLL - IDFC First Bank Limited,IDFC - CHANDKHEDA BRANCH,40308,kishore.sawant@jll.com,9967646007,,,AHMEDABAD,GUJARAT,"GROUND FLOOR , SHOP NO.3,TRYKSHA DESIRE,  NEAR KIRTIDHAM DERASAR, CHANDKHEDA, AHMEDABAD, GUJARAT-382424","GROUND FLOOR , SHOP NO.3,TRYKSHA DESIRE,  NEAR KIRTIDHAM DERASAR, CHANDKHEDA, AHMEDABAD, GUJARAT-382424",,,
JLL - IDFC First Bank Limited,IDFC - VATVA BRANCH,40309,kishore.sawant@jll.com,9967646007,,,AHMEDABAD,GUJARAT,"FIRST FLOOR, PUSHKAR INDUSTRIAL ESTATE – 2, SHOP NO. 155 TO 159A,96/1,  OPP. MACONS PHASE - I ,GIDC, VATVA ,AHMEDABAD- 382445.","FIRST FLOOR, PUSHKAR INDUSTRIAL ESTATE – 2, SHOP NO. 155 TO 159A,96/1,  OPP. MACONS PHASE - I ,GIDC, VATVA ,AHMEDABAD- 382445.",,,
JLL - IDFC First Bank Limited,IDFC - PALDI BRANCH,40311,kishore.sawant@jll.com,9967646007,,,AHMEDABAD,GUJARAT,"SHOP NO.1 , SIVANTA ONE, ELLIS BRIDGE, PALDI,AHMEDABAD ,GUJARAT – 380007 ","SHOP NO.1 , SIVANTA ONE, ELLIS BRIDGE, PALDI,AHMEDABAD ,GUJARAT – 380007 ",,,
JLL - IDFC First Bank Limited,IDFC - SHAHIBAUG BRANCH,40312,kishore.sawant@jll.com,9967646007,,,AHMEDABAD,GUJARAT,"SHOP NO.14&15, ADVANCE BUSINESS  PARK,  BLOCK –A, OPP. SWAMINARAYAN TEMPLE, SHAHIBAUG , AHMEDABAD 380004","SHOP NO.14&15, ADVANCE BUSINESS  PARK,  BLOCK –A, OPP. SWAMINARAYAN TEMPLE, SHAHIBAUG , AHMEDABAD 380004",,,
JLL - IDFC First Bank Limited,IDFC - DRIVE – IN ROAD BRANCH,40313,kishore.sawant@jll.com,9967646007,,,AHMEDABAD,GUJARAT,"SHOP NO. 27,28,29,30, UPPER GROUND FLOOR,  MARUTI CENTRE, DRIVE- IN ROAD, NR HIMALAYA ROAD, GURUKUL, AHMEDABAD 380052","SHOP NO. 27,28,29,30, UPPER GROUND FLOOR,  MARUTI CENTRE, DRIVE- IN ROAD, NR HIMALAYA ROAD, GURUKUL, AHMEDABAD 380052",,,
JLL - IDFC First Bank Limited,IDFC - NARODA BRANCH,40314,kishore.sawant@jll.com,9967646007,,,AHMEDABAD,GUJARAT,"GROUND FLOOR, SHOP NO. A13,A14&A15,GALAXY ARCADE, GALAXY ROAD, CHANDRESH SOCIETY ,NARODA  AHMEDABAD, GUJARAT- 382330","GROUND FLOOR, SHOP NO. A13,A14&A15,GALAXY ARCADE, GALAXY ROAD, CHANDRESH SOCIETY ,NARODA  AHMEDABAD, GUJARAT- 382330",,,
JLL - IDFC First Bank Limited,IDFC - BOPAL BRANCH,40315,kishore.sawant@jll.com,9967646007,,,AHMEDABAD,GUJARAT,"SHOP NO.6, GROUND FLOOR,SATYAMEV  SHIVALIK, BOPAL- AMLI JUNCTION,S.P. RING ROAD, BOPAL, 
AHMEDABAD-  380058","SHOP NO.6, GROUND FLOOR,SATYAMEV  SHIVALIK, BOPAL- AMLI JUNCTION,S.P. RING ROAD, BOPAL, 
AHMEDABAD-  380058",,,
JLL - IDFC First Bank Limited,IDFC - JODHPUR ROAD - SATELLITE BRANCH,40316,kishore.sawant@jll.com,9967646007,,,AHMEDABAD,GUJARAT,"GROUND FLOOR, SHOP NO. 14, ABHISHREE COMPLEX, SATELLITE ROAD, SATELLITE, JODHPUR VILLAGE,AHMEDABAD - 380015 ","GROUND FLOOR, SHOP NO. 14, ABHISHREE COMPLEX, SATELLITE ROAD, SATELLITE, JODHPUR VILLAGE,AHMEDABAD - 380015 ",,,
JLL - IDFC First Bank Limited,IDFC - Ahmedabad-Jodhpur -CPC,40316,kishore.sawant@jll.com,9967646007,,,AHMEDABAD,GUJARAT,"DFC FIRST Bank, Jodhpur Road Satellite Branch, Plot No. 15/1 Ground Floor, 1,2,3,4 Santorini Square, Nr. Abhishree Complex, Jodhpur Satellite, Ahmedabad","DFC FIRST Bank, Jodhpur Road Satellite Branch, Plot No. 15/1 Ground Floor, 1,2,3,4 Santorini Square, Nr. Abhishree Complex, Jodhpur Satellite, Ahmedabad",,,
JLL - IDFC First Bank Limited,IDFC - RAKHIAL BRANCH,40317,kishore.sawant@jll.com,9967646007,,,AHMEDABAD,GUJARAT,"GROUND FLOOR, B-01B, SUMEL 8,SUMEL 8, AJIT MILL AMTS BUS STOP, RAKHIAL ROAD,AHMEDABAD , GUJARAT - 380023 ","GROUND FLOOR, B-01B, SUMEL 8,SUMEL 8, AJIT MILL AMTS BUS STOP, RAKHIAL ROAD,AHMEDABAD , GUJARAT - 380023 ",,,
JLL - IDFC First Bank Limited,IDFC - KALUPUR BRANCH,40318,kishore.sawant@jll.com,9967646007,,,AHMEDABAD,GUJARAT,"SHOP NO. 12, GROUND FLOOR, CITY CENTER, BLOCK - G, 683-84, 775, NEAR IDGHA GATE, NEAR, GIRDHARNAGAR BRIDGE, ASARWA, AHMEDABAD - 380016","SHOP NO. 12, GROUND FLOOR, CITY CENTER, BLOCK - G, 683-84, 775, NEAR IDGHA GATE, NEAR, GIRDHARNAGAR BRIDGE, ASARWA, AHMEDABAD - 380016",,,
JLL - IDFC First Bank Limited,IDFC - SCIENCE CITY BRANCH,40319,kishore.sawant@jll.com,9967646007,,,AHMEDABAD,GUJARAT,"GROUND FLOOR, UNIT NO. 4,I THE ADDRESS , SCIENCE CITY ROAD,AHMEDABAD -380059","GROUND FLOOR, UNIT NO. 4,I THE ADDRESS , SCIENCE CITY ROAD,AHMEDABAD -380059",,,
JLL - IDFC First Bank Limited,IDFC - NARANPURA BRANCH,40321,kishore.sawant@jll.com,9967646007,,,AHMEDABAD,GUJARAT,"SHOP NO. 3, GROUND FLOOR,SHANTI ARCADE,132 FT RING ROAD, NARANPURA, AHMEDABAD - 380013","SHOP NO. 3, GROUND FLOOR,SHANTI ARCADE,132 FT RING ROAD, NARANPURA, AHMEDABAD - 380013",,,
JLL - IDFC First Bank Limited,IDFC - DHOLKA BRANCH,40322,kishore.sawant@jll.com,9967646007,,,AHMEDABAD,GUJARAT," GROUND FLOOR, G/34-40,BALAJI VRUND VIBHAG-2,DHOLKA – AHMEDABAD – GUJARAT- 382225"," GROUND FLOOR, G/34-40,BALAJI VRUND VIBHAG-2,DHOLKA – AHMEDABAD – GUJARAT- 382225",,,
JLL - IDFC First Bank Limited,IDFC - VIRAMGAM BRANCH,40323,kishore.sawant@jll.com,9967646007,,,AHMEDABAD,GUJARAT,"GROUND FLOOR, SHOP NO. 37,38&39,AVADH PLAZA, OPPOSITE ITI COLLAGE,NEAR NEW OVER BRIDGE, BAHUCHARJI ROAD,, VIRAMGAM- 382150, DISTRICT AHMEDABAD. GUJARAT","GROUND FLOOR, SHOP NO. 37,38&39,AVADH PLAZA, OPPOSITE ITI COLLAGE,NEAR NEW OVER BRIDGE, BAHUCHARJI ROAD,, VIRAMGAM- 382150, DISTRICT AHMEDABAD. GUJARAT",,,
JLL - IDFC First Bank Limited,IDFC - SANAND BRANCH,40324,kishore.sawant@jll.com,9967646007,,,AHMEDABAD,GUJARAT,"GROUND FLOOR, VINAYAK EXOTICA, SHOP NO 1,2,3,4,5, NEAR APMC MARKET , OPP DEV VIHAR , SANAD KADI ROAD,SANAND : 382110. DISTRICT AHMEDABAD. GUJARAT ","GROUND FLOOR, VINAYAK EXOTICA, SHOP NO 1,2,3,4,5, NEAR APMC MARKET , OPP DEV VIHAR , SANAD KADI ROAD,SANAND : 382110. DISTRICT AHMEDABAD. GUJARAT ",,,
JLL - IDFC First Bank Limited,IDFC - AHMEDABAD - BAPUNAGAR BRANCH,40327,kishore.sawant@jll.com,9967646007,,,AHMEDABAD,GUJARAT,"GROUND FLOOR, SHOP NO. 4&5,PUSHKAR BUSINESS PARK, BAPUNAGAR, AHMEDABAD , GUJARAT – 380024 ","GROUND FLOOR, SHOP NO. 4&5,PUSHKAR BUSINESS PARK, BAPUNAGAR, AHMEDABAD , GUJARAT – 380024 ",,,
JLL - IDFC First Bank Limited,IDFC - MBL- BAPUNAGAR,40328,kishore.sawant@jll.com,9967646007,,,AHMEDABAD,GUJARAT,"2ND FLOOR, E 235,PUSHPAK BUSINESS PARK,NIRANT CROSS RD, BAPUNAGAR, AHMEDABAD, GUJARAT 380024","2ND FLOOR, E 235,PUSHPAK BUSINESS PARK,NIRANT CROSS RD, BAPUNAGAR, AHMEDABAD, GUJARAT 380024",,,
JLL - IDFC First Bank Limited,IDFC - MBL - AHMEDAHAD-MANINAGAR,40329,kishore.sawant@jll.com,9967646007,,,AHMEDABAD,GUJARAT,"SHOP NO.13, SECOND FLOOR, RAJRATNA ARCADE, NEAR MANINAGAR RAILWAY STATION, OPP. SATYAM TOWER, MANINAGAR, AHMEDABAD-380008","SHOP NO.13, SECOND FLOOR, RAJRATNA ARCADE, NEAR MANINAGAR RAILWAY STATION, OPP. SATYAM TOWER, MANINAGAR, AHMEDABAD-380008",,,
JLL - IDFC First Bank Limited,IDFC - MBL - AHMEDABAD-SHAHIBAUG,40331,kishore.sawant@jll.com,9967646007,,,AHMEDABAD,GUJARAT,"OFFICE NO. 308 & 309 SIDDHI VINAYAK BUSINESS HUB, GEWAR CIRCLE, NR RADHA KRISHNA MANDIR, SHAHIBAUG, AHMEDABAD-380004","OFFICE NO. 308 & 309 SIDDHI VINAYAK BUSINESS HUB, GEWAR CIRCLE, NR RADHA KRISHNA MANDIR, SHAHIBAUG, AHMEDABAD-380004",,,
JLL - IDFC First Bank Limited,IDFC - AHMEDABAD – NIKOL BRANCH,40332,kishore.sawant@jll.com,9967646007,,,AHMEDABAD,GUJARAT,"GROUND FLOOR, UNIT NO. 1&2,MERU MOUNT PLAZA, BHAKTI CIRCLE ROAD, NIKOL, AHMEDABAD -382350","GROUND FLOOR, UNIT NO. 1&2,MERU MOUNT PLAZA, BHAKTI CIRCLE ROAD, NIKOL, AHMEDABAD -382350",,,
JLL - IDFC First Bank Limited,IDFC - AHMEDABAD – ASHRAMROAD BRANCH,40333,kishore.sawant@jll.com,9967646007,,,AHMEDABAD,GUJARAT,"GROUND FLOOR, SHOP NO. 1,2&3,  ASHIRWAD COMPLEX, NEAR  AUDA OFFICE,USMANPURA CROSS ROAD, AHMEDABAD - 380013","GROUND FLOOR, SHOP NO. 1,2&3,  ASHIRWAD COMPLEX, NEAR  AUDA OFFICE,USMANPURA CROSS ROAD, AHMEDABAD - 380013",,,
JLL - IDFC First Bank Limited,IDFC - AHMEDABAD – SINDHUBHAVAN BRANCH,40334,kishore.sawant@jll.com,9967646007,,,AHMEDABAD,GUJARAT,"GROUND FLOOR, SHOP NO 6, SILVER RADIANCE , SINDHU BHAVAN ROAD, AHMEDABAD- 380059","GROUND FLOOR, SHOP NO 6, SILVER RADIANCE , SINDHU BHAVAN ROAD, AHMEDABAD- 380059",,,
JLL - IDFC First Bank Limited,IDFC - AHMEDABAD – SHYAMAL BRANCH,40335,kishore.sawant@jll.com,9967646007,,,AHMEDABAD,GUJARAT,"GROUND FLOOR, SHOP NO. 3, VRUSHAKRUTI, 100 TP ROAD, SHYAMAL CROSS ROAD , AHMEDABAD - 380015","GROUND FLOOR, SHOP NO. 3, VRUSHAKRUTI, 100 TP ROAD, SHYAMAL CROSS ROAD , AHMEDABAD - 380015",,,
JLL - IDFC First Bank Limited,IDFC - AMBAWADI BRANCH,40336,kishore.sawant@jll.com,9967646007,,,AHMEDABAD,GUJARAT,"GF  NO.1,PLOT NO. 555, GROUND  FLOOR, ABHISHREE   AVENUE, NEHRU NAGAR CIRCLE,  TAL. SABARMATI, AMBAWADI, AHMEDABAD,  GUJARAT - 380015","GF  NO.1,PLOT NO. 555, GROUND  FLOOR, ABHISHREE   AVENUE, NEHRU NAGAR CIRCLE,  TAL. SABARMATI, AMBAWADI, AHMEDABAD,  GUJARAT - 380015",,,
JLL - IDFC First Bank Limited,"IDFC - Ahmedabad, GOTA",40337,kishore.sawant@jll.com,9967646007,,,AHMEDABAD,GUJARAT,"Ground floor, Shopno. 5,6,7,&8 Block -177&178, Ganesh Glory-11, Jagatpur Chenpur Road, Near BSNL Office , Ghatlodiya, Ahmedabad , Gujarat - 382470","Ground floor, Shopno. 5,6,7,&8 Block -177&178, Ganesh Glory-11, Jagatpur Chenpur Road, Near BSNL Office , Ghatlodiya, Ahmedabad , Gujarat - 382470",,,
JLL - IDFC First Bank Limited,IDFC - MBL - ODHAV,40338,kishore.sawant@jll.com,9967646007,,,AHMEDABAD,GUJARAT,"FIRST FLOOR, OFFICE NO. 104,105, AND 106, MANGALAM COMPLEX, OPP. ODHAV LAKE, ODHAV, AHMEDABAD - 382415","FIRST FLOOR, OFFICE NO. 104,105, AND 106, MANGALAM COMPLEX, OPP. ODHAV LAKE, ODHAV, AHMEDABAD - 382415",,,
JLL - IDFC First Bank Limited,IDFC - MBL - AHMEDABAD,40339,kishore.sawant@jll.com,9967646007,,,AHMEDABAD,GUJARAT,"204, 2ND FLOOR, KSHITIJ ARIA BUILDING, OPP. STADIUM, NARANPURA, AHMEDABAD 380006","204, 2ND FLOOR, KSHITIJ ARIA BUILDING, OPP. STADIUM, NARANPURA, AHMEDABAD 380006",,,
JLL - IDFC First Bank Limited,"IDFC - Ahmedabad, Thaltej",40342,kishore.sawant@jll.com,9967646007,,,AHMEDABAD,GUJARAT,"Ground Floor, Unit No. 15 & 16, The Times Square Arcade, Opp. Rambaug, Near Raviraja Plaza   Thaltej-Shilaj Road, Ahmedabad-380059.","Ground Floor, Unit No. 15 & 16, The Times Square Arcade, Opp. Rambaug, Near Raviraja Plaza   Thaltej-Shilaj Road, Ahmedabad-380059.",,,
JLL - IDFC First Bank Limited,IDFC - AHMEDABAD - MAKARBA BRANCH,40346,kishore.sawant@jll.com,9967646007,,,AHMEDABAD,GUJARAT,"GROUND FLOOR, UNIT NO.1&2, BLOCK A, PALLADIUM, VISHAL CHSL, MAKARBA, VEJALPUR, AHMEDABAD - 380051","GROUND FLOOR, UNIT NO.1&2, BLOCK A, PALLADIUM, VISHAL CHSL, MAKARBA, VEJALPUR, AHMEDABAD - 380051",,,
JLL - IDFC First Bank Limited,IDFC - KATHWADA BRANCH,42162,kishore.sawant@jll.com,9967646007,,,AHMEDABAD,GUJARAT,"GROUND FLOOR, SHOP NO 52 & 53, KRISHAN ESTATE, NEAR GOKUL ESTATE OPP PRAMUKH GARDEN RESTAURANT, KATHWADA SINGARAV ROAD,KATHWADA -   382430. DIST KHEDA GUJARAT","GROUND FLOOR, SHOP NO 52 & 53, KRISHAN ESTATE, NEAR GOKUL ESTATE OPP PRAMUKH GARDEN RESTAURANT, KATHWADA SINGARAV ROAD,KATHWADA -   382430. DIST KHEDA GUJARAT",,,
JLL - IDFC First Bank Limited,IDFC - AHMEDABAD RO- RATNAKAR NINE SQUARE,49105,kishore.sawant@jll.com,9967646007,,,AHMEDABAD,GUJARAT,"3RD FLOOR, OFFICE NO. 305 &306 , A WING , RATNAKAR NINE SQUARE, SATELLITE, AHMEDABAD , GUJARAT -  380015","3RD FLOOR, OFFICE NO. 305 &306 , A WING , RATNAKAR NINE SQUARE, SATELLITE, AHMEDABAD , GUJARAT -  380015",,,
JLL - IDFC First Bank Limited,IDFC - AHMEDNAGAR BRANCH,42963,kishore.sawant@jll.com,9967646007,,,AHMEDNAGAR,MAHARASHTRA,"GROUND FLOOR, PLOT NO. 101/81, NEXT TO S.G KAIGAONKAR JEWELERS , SAVEDI ROAD , AHMEDNAGAR, MAHARASHTRA – 414001","GROUND FLOOR, PLOT NO. 101/81, NEXT TO S.G KAIGAONKAR JEWELERS , SAVEDI ROAD , AHMEDNAGAR, MAHARASHTRA – 414001",,,
JLL - IDFC First Bank Limited,IDFC - SANGAMNER BRANCH,42964,kishore.sawant@jll.com,9967646007,,,AHMEDNAGAR,MAHARASHTRA,"GROUND AND FIRST FLOOR, PLOT NO.101/81, GAGANGIRI HEIGHTS,JAMTARAJA MARG,VIDYANAGAR, SANGAMNER-, AHMEDNAGAR-422605","GROUND AND FIRST FLOOR, PLOT NO.101/81, GAGANGIRI HEIGHTS,JAMTARAJA MARG,VIDYANAGAR, SANGAMNER-, AHMEDNAGAR-422605",,,
JLL - IDFC First Bank Limited,IDFC - SHRIRAMPUR BRANCH,42965,kishore.sawant@jll.com,9967646007,,,AHMEDNAGAR,MAHARASHTRA,"SHOP NO.1,2,6,9,12,14&17, CTS.NO.1370/1, PLOT NO. 1174, SAI SURAJ COMPLEX, GANDHI TOWERS, SANGAMNER ROAD, SHRIRAMPUR, DIST. AHMEDNAGAR, SHRIRAMPUR, AHMEDNAGAR - 413709","SHOP NO.1,2,6,9,12,14&17, CTS.NO.1370/1, PLOT NO. 1174, SAI SURAJ COMPLEX, GANDHI TOWERS, SANGAMNER ROAD, SHRIRAMPUR, DIST. AHMEDNAGAR, SHRIRAMPUR, AHMEDNAGAR - 413709",,,
JLL - IDFC First Bank Limited,IDFC - KOPARGAON BRANCH,42966,kishore.sawant@jll.com,9967646007,,,AHMEDNAGAR,MAHARASHTRA,"GROUND FLOOR, CTS . NO. 2051, SHIVSHANTI NIWAS,BANK ROAD, KOPARGAON , AHMEDNAGAR - 423601","GROUND FLOOR, CTS . NO. 2051, SHIVSHANTI NIWAS,BANK ROAD, KOPARGAON , AHMEDNAGAR - 423601",,,
JLL - IDFC First Bank Limited,IDFC - MBL - AHMEDNAGAR,42967,kishore.sawant@jll.com,9967646007,,,AHMEDNAGAR,MAHARASHTRA,"SAI COMPLEX, SECOND FLOOR, OPPOSITE TO TV CENTER, AHMEDNAGAR PIN 414003","SAI COMPLEX, SECOND FLOOR, OPPOSITE TO TV CENTER, AHMEDNAGAR PIN 414003",,,
JLL - IDFC First Bank Limited,IDFC - MBL - JAIPUR-SANGANER,42137,kishore.sawant@jll.com,9967646007,,,AJMER,RAJASTHAN,"2ND FLOOR, SP-4 , SECTOR-8 , KUMBHA MARG , SANGANER , PRATAP NAGAR , JAIPUR , RAJASTHAN-302033","2ND FLOOR, SP-4 , SECTOR-8 , KUMBHA MARG , SANGANER , PRATAP NAGAR , JAIPUR , RAJASTHAN-302033",,,
JLL - IDFC First Bank Limited,IDFC - AJMER BRANCH,42181,kishore.sawant@jll.com,9967646007,,,AJMER,RAJASTHAN,"GR. & 1ST FLOOR, DWARKADHISH, , PLOT NO. 551/15, NEAR DATA INN HOTEL,,  SRINAGAR ROAD, AJMER, RAJASTHAN –  305001","GR. & 1ST FLOOR, DWARKADHISH, , PLOT NO. 551/15, NEAR DATA INN HOTEL,,  SRINAGAR ROAD, AJMER, RAJASTHAN –  305001",,,
JLL - IDFC First Bank Limited,IDFC - BIJAINAGAR BRANCH,42182,kishore.sawant@jll.com,9967646007,,,AJMER,RAJASTHAN,"GROUND FLOOR, KHASRA NO. 1083/3, SHOP NO 6 TO 15, SANCHETI COLONY B, BIJAINAGAR, DISTT. AJMER, RAJASTHAN 305624","GROUND FLOOR, KHASRA NO. 1083/3, SHOP NO 6 TO 15, SANCHETI COLONY B, BIJAINAGAR, DISTT. AJMER, RAJASTHAN 305624",,,
JLL - IDFC First Bank Limited,IDFC - AJMER -  90 DEGREES,42183,kishore.sawant@jll.com,9967646007,,,AJMER,RAJASTHAN,"2ND FLOOR, 90 DEGREE , ANNA SAGAR , CIRCULAR ROAD , VAISHALI NAGAR , AJMER , RAJASTHAN - 305004","2ND FLOOR, 90 DEGREE , ANNA SAGAR , CIRCULAR ROAD , VAISHALI NAGAR , AJMER , RAJASTHAN - 305004",,,
JLL - IDFC First Bank Limited,IDFC - KEKRI BRANCH,42184,kishore.sawant@jll.com,9967646007,,,AJMER,RAJASTHAN,"GROUND FLOOR,PLOT NO. 6,7,8,WARD NO. 1, JOSHI COLONY, AJMERKEKRI HIGHWAY, KEKRI, RAJASTHAN- 305404","GROUND FLOOR,PLOT NO. 6,7,8,WARD NO. 1, JOSHI COLONY, AJMERKEKRI HIGHWAY, KEKRI, RAJASTHAN- 305404",,,
JLL - IDFC First Bank Limited,IDFC - BEAWAR BRANCH,42185,kishore.sawant@jll.com,9967646007,,,AJMER,RAJASTHAN,"GROUND FLOOR,  PLOT NO 12 , MODI  CITY CENTRE , STATION ROAD , BEAWER CITY,  DISTT - AJMER ,RAJASTHAN 305901","GROUND FLOOR,  PLOT NO 12 , MODI  CITY CENTRE , STATION ROAD , BEAWER CITY,  DISTT - AJMER ,RAJASTHAN 305901",,,
JLL - IDFC First Bank Limited,IDFC - AJMER VAISHALI NAGAR BRANCH,42186,kishore.sawant@jll.com,9967646007,,,AJMER,RAJASTHAN,"GROUND AND FIRST FLOOR, HOUSE NO. 938, C-4 &C-5, NEAR URBAN HART BAZAR, VAISHALI NAGAR, AJMER,  RAJASTHAN- 305001","GROUND AND FIRST FLOOR, HOUSE NO. 938, C-4 &C-5, NEAR URBAN HART BAZAR, VAISHALI NAGAR, AJMER,  RAJASTHAN- 305001",,,
JLL - IDFC First Bank Limited,IDFC - MBL - AJMER,42188,kishore.sawant@jll.com,9967646007,,,AJMER,RAJASTHAN,"FIRST FLOOR, 90 DEGREE , ANNA SAGAR , CIRCULAR ROAD , VAISHALI NAGAR , AJMER , RAJASTHAN - 305004","FIRST FLOOR, 90 DEGREE , ANNA SAGAR , CIRCULAR ROAD , VAISHALI NAGAR , AJMER , RAJASTHAN - 305004",,,
JLL - IDFC First Bank Limited,IDFC - MBL - AKOLA,43641,kishore.sawant@jll.com,9967646007,,,AKOLA,MAHARASHTRA,"SHIV DAYA COMPLEX, GROUND FLOOR, OPP. UDAY TALKIES, TILAK ROAD, AKOLA 444001 MAHAR, AKOLA, MAHARASHTRA 444001","SHIV DAYA COMPLEX, GROUND FLOOR, OPP. UDAY TALKIES, TILAK ROAD, AKOLA 444001 MAHAR, AKOLA, MAHARASHTRA 444001",,,
JLL - IDFC First Bank Limited,IDFC - MBL - ALIGARH,21651,kishore.sawant@jll.com,9967646007,,,ALIGARH,UTTAR PRADESH,"UPPER GROUND FLOOR , SAI PLAZA , PLOT NO-3/1291 , JANAKPURI , RAM GHAT ROAD , NIRANJANPURI , ALIGARH , UTTAR PRADESH - 202001","UPPER GROUND FLOOR , SAI PLAZA , PLOT NO-3/1291 , JANAKPURI , RAM GHAT ROAD , NIRANJANPURI , ALIGARH , UTTAR PRADESH - 202001",,,
JLL - IDFC First Bank Limited,IDFC - MBL - Aligarh Sasni Gate,21652,kishore.sawant@jll.com,9967646007,,,ALIGARH,UTTAR PRADESH,"1ST FLOOR KARTIK COMPLEX, MAIN CHAURAHA SASNI GATE, IN FRONT OF KALI MANDIR,  ALIGARH, PIN - 202001","1ST FLOOR KARTIK COMPLEX, MAIN CHAURAHA SASNI GATE, IN FRONT OF KALI MANDIR,  ALIGARH, PIN - 202001",,,
JLL - IDFC First Bank Limited,IDFC - BEHROR BRANCH,42983,kishore.sawant@jll.com,9967646007,,,ALWAR,RAJASTHAN,"GROUND & FIRST FLOOR, GOSWAMI SADAN,OPP. OLD HOSPITAL, BEHROR CITY, DIST- ALWAR, RAJASTHAN. PIN 301701.","GROUND & FIRST FLOOR, GOSWAMI SADAN,OPP. OLD HOSPITAL, BEHROR CITY, DIST- ALWAR, RAJASTHAN. PIN 301701.",,,
JLL - IDFC First Bank Limited,IDFC - MBL-ALWAR,42984,kishore.sawant@jll.com,9967646007,,,ALWAR,RAJASTHAN,"FIRST FLOOR, KHASRA NO. 2150, 2151, 2152, 201 RAGHU MARG, LAKHANDA WALA KUA, RAJ VILLA, OPPOSITE GOVT. CHILDREN HOSPITAL, ALWAR, RAJASTHAN 301001","FIRST FLOOR, KHASRA NO. 2150, 2151, 2152, 201 RAGHU MARG, LAKHANDA WALA KUA, RAJ VILLA, OPPOSITE GOVT. CHILDREN HOSPITAL, ALWAR, RAJASTHAN 301001",,,
JLL - IDFC First Bank Limited,IDFC - ALWAR BRANCH,42986,kishore.sawant@jll.com,9967646007,,,ALWAR,RAJASTHAN,"GROUND FLOOR, PLOT NO.5, KARAYALAYA NAGAR VIKAS, SCHEME NO.10, ALWAR, RAJASTHAN-301001","GROUND FLOOR, PLOT NO.5, KARAYALAYA NAGAR VIKAS, SCHEME NO.10, ALWAR, RAJASTHAN-301001",,,
JLL - IDFC First Bank Limited,IDFC - MBL - AMRAVATI,42903,kishore.sawant@jll.com,9967646007,,,AMARAVATI,MAHARASHTRA,"FIRST FLOOR, MAULI COMPLEX, CONGRESS NAGAR SQUARE, AMRAVATI 444606","FIRST FLOOR, MAULI COMPLEX, CONGRESS NAGAR SQUARE, AMRAVATI 444606",,,
JLL - IDFC First Bank Limited,IDFC - AMBALA-MINERVA COMPLEX,21391,kishore.sawant@jll.com,9967646007,,,AMBALA,HARYANA,"2ND FLOOR,  MINERVA COMPLEX, 180- 1 TO 3, RAI MARKET, AMBALA CANTT,133001","2ND FLOOR,  MINERVA COMPLEX, 180- 1 TO 3, RAI MARKET, AMBALA CANTT,133001",,,
JLL - IDFC First Bank Limited,IDFC - AMBALA CANTT. BRANCH,21392,kishore.sawant@jll.com,9967646007,,,AMBALA,HARYANA,"GROUND FLOOR, 535-B, GEETA GOPAL ROAD, JAGADHARI ROAD, AMBALA CANTT.DIST AMBALA , HARYANA – 133001","GROUND FLOOR, 535-B, GEETA GOPAL ROAD, JAGADHARI ROAD, AMBALA CANTT.DIST AMBALA , HARYANA – 133001",,,
JLL - IDFC First Bank Limited,IDFC - AMBALA SADAR BRANCH,21394,kishore.sawant@jll.com,9967646007,,,AMBALA,HARYANA,"GROUND FLOOR, HOUSE NO. 465/B1,MUNICIPAL HOUSE NO.1307/465, BLOCK NO.7, PREM NAGAR, PATTI SUBA AKBARPUR, AMBALA CITY, AMBALA , HARYANA - 134003","GROUND FLOOR, HOUSE NO. 465/B1,MUNICIPAL HOUSE NO.1307/465, BLOCK NO.7, PREM NAGAR, PATTI SUBA AKBARPUR, AMBALA CITY, AMBALA , HARYANA - 134003",,,
JLL - IDFC First Bank Limited,IDFC - NARAINGARH BRANCH,21395,kishore.sawant@jll.com,9967646007,,,AMBALA,HARYANA,"GROUND AND FIRST FLOOR,  WARD NO.11, VILLAGE RAIPUR VIRAN, TEHSIL NARAINGARH, DIST.  AMBALA , HARYANA -134203","GROUND AND FIRST FLOOR,  WARD NO.11, VILLAGE RAIPUR VIRAN, TEHSIL NARAINGARH, DIST.  AMBALA , HARYANA -134203",,,
JLL - IDFC First Bank Limited,IDFC - Amreli,43851,kishore.sawant@jll.com,9967646007,,,AMRELI,GUJARAT,"Ground floor,G-9,  Krushi Mall, Jalaram Market, Amreli , Gujarat -365601","Ground floor,G-9,  Krushi Mall, Jalaram Market, Amreli , Gujarat -365601",,,
JLL - IDFC First Bank Limited,IDFC - AMRITSAR BRANCH,21021,kishore.sawant@jll.com,9967646007,,,AMRITSAR,PUNJAB,"UPPER GROUND FLOOR, PLOT NO-39 CROSS MALL COMPLEX, MALL ROAD , AMRITSAR","UPPER GROUND FLOOR, PLOT NO-39 CROSS MALL COMPLEX, MALL ROAD , AMRITSAR",,,
JLL - IDFC First Bank Limited,IDFC - AMRITSAR-SUMANGALAM,21022,kishore.sawant@jll.com,9967646007,,,AMRITSAR,PUNJAB,"1ST FLOOR, SUMANGLAM BUILDING,46,THE MALL,AMRITSAR - 143001","1ST FLOOR, SUMANGLAM BUILDING,46,THE MALL,AMRITSAR - 143001",,,
JLL - IDFC First Bank Limited,IDFC - AMRITSAR - HALL BAZAR BRANCH,21024,kishore.sawant@jll.com,9967646007,,,AMRITSAR,PUNJAB,"GROUND FLOOR, SHOP NO.  75-C, HALL BAZAR , SHRI AMRITSAR - 143001","GROUND FLOOR, SHOP NO.  75-C, HALL BAZAR , SHRI AMRITSAR - 143001",,,
JLL - IDFC First Bank Limited,IDFC - AMRITSAR CROSS MALL - SALES HUB,21025,kishore.sawant@jll.com,9967646007,,,AMRITSAR,PUNJAB,"GROUND FLOOR, CROSS MALL COMPLEX, MALL ROAD, SHRI AMRITSAR , PUNJAB- 143001","GROUND FLOOR, CROSS MALL COMPLEX, MALL ROAD, SHRI AMRITSAR , PUNJAB- 143001",,,
JLL - IDFC First Bank Limited,IDFC - PETLAD BRANCH,40351,kishore.sawant@jll.com,9967646007,,,ANAND,GUJARAT,"GROUND AND FIRST FLOOR, BHAWANI NAGAR SOCIETY,  STATION ROAD JAKAT NAKA, OPP.PETROL PUMP, LANDMARK - KHUSBOO COMPLEX, VILLAGE PETLAD, TALUKA PETLAD, DISTRICT ANAND, PETLAD - 388450","GROUND AND FIRST FLOOR, BHAWANI NAGAR SOCIETY,  STATION ROAD JAKAT NAKA, OPP.PETROL PUMP, LANDMARK - KHUSBOO COMPLEX, VILLAGE PETLAD, TALUKA PETLAD, DISTRICT ANAND, PETLAD - 388450",,,
JLL - IDFC First Bank Limited,IDFC - ANAND BRANCH,40352,kishore.sawant@jll.com,9967646007,,,ANAND,GUJARAT,"GROUND FLOOR, SHOP NO. 1 A & 1B, MARUTI SUNAY BUILDING, AMUL DAIRY ROAD, ANAND, GUJARAT – 388001 ","GROUND FLOOR, SHOP NO. 1 A & 1B, MARUTI SUNAY BUILDING, AMUL DAIRY ROAD, ANAND, GUJARAT – 388001 ",,,
JLL - IDFC First Bank Limited,IDFC - MBL-PURUSHOTTAM NAGAR,40353,kishore.sawant@jll.com,9967646007,,,ANAND,GUJARAT,"SHOP NO - 306, 3RD FLOOR, RADHA SAOMI SAMYAK, NEAR INDIRA STATUE, PURUSHOTTAM NAGAR, ANAND - 388120","SHOP NO - 306, 3RD FLOOR, RADHA SAOMI SAMYAK, NEAR INDIRA STATUE, PURUSHOTTAM NAGAR, ANAND - 388120",,,
JLL - IDFC First Bank Limited,IDFC - TURANGA BRANCH,60802,kishore.sawant@jll.com,9967646007,,,ANGUL,ODISHA,"GROUND FLOOR, PLOT NO. 4676, KHATA NO. 929/4523,AT/PO-HULURISINGHA, PS/DIST- ANGUL,ODISHA-759132","GROUND FLOOR, PLOT NO. 4676, KHATA NO. 929/4523,AT/PO-HULURISINGHA, PS/DIST- ANGUL,ODISHA-759132",,,
JLL - IDFC First Bank Limited,IDFC - BAYAD BRANCH,40374,kishore.sawant@jll.com,9967646007,,,ARAVALI,GUJARAT,"SHREEJI CHARAN COMPLEX SHOP 4 TO 11,OPP RELIANCE PETROL PUMP,BAYAD 383325, GUJARAT","SHREEJI CHARAN COMPLEX SHOP 4 TO 11,OPP RELIANCE PETROL PUMP,BAYAD 383325, GUJARAT",,,
JLL - IDFC First Bank Limited,IDFC - MODASA BRANCH,42761,kishore.sawant@jll.com,9967646007,,,ARAVALI,GUJARAT,"SHOP NO-5,6,7,8,14,15,16,17,M.G.ARCADE,MEGRAJ CROSS ROAD, MODASA BYPASS ROAD, MODASA – 383315, GUJARAT","SHOP NO-5,6,7,8,14,15,16,17,M.G.ARCADE,MEGRAJ CROSS ROAD, MODASA BYPASS ROAD, MODASA – 383315, GUJARAT",,,
JLL - IDFC First Bank Limited,IDFC - AURANGABAD BRANCH,43491,kishore.sawant@jll.com,9967646007,,,AURANGABAD,MAHARASHTRA,"GROUND FLOOR , SHOP NO. 1 AND SHOP NO.2, CTS NO. 15187/A/14 , GAJANAN MAHARAJ MANDIR RD , GHARKHEDA, AURANGABAD, MAHARASHTRA 431001","GROUND FLOOR , SHOP NO. 1 AND SHOP NO.2, CTS NO. 15187/A/14 , GAJANAN MAHARAJ MANDIR RD , GHARKHEDA, AURANGABAD, MAHARASHTRA 431001",,,
JLL - IDFC First Bank Limited,IDFC - MBL - AURANGABAD,43492,kishore.sawant@jll.com,9967646007,,,AURANGABAD,MAHARASHTRA,"SECOND FLOOR, PLOT NO 137-A, NIRALA BAZZAR ROAD, SAMARTH NAGAR, AURANGABAD, MAHARASHTRA 431001.","SECOND FLOOR, PLOT NO 137-A, NIRALA BAZZAR ROAD, SAMARTH NAGAR, AURANGABAD, MAHARASHTRA 431001.",,,
JLL - IDFC First Bank Limited,IDFC - AYODHYA BRANCH,22011,kishore.sawant@jll.com,9967646007,,,AYODHYA,UTTAR PRADESH,"GROUND AND 1ST FLOOR, H. NO.8/2/3 , HANUMANGAJ, JHARKHANDI, FAIZABAD, AYODHYA , UTTAR PRADESH – 224001","GROUND AND 1ST FLOOR, H. NO.8/2/3 , HANUMANGAJ, JHARKHANDI, FAIZABAD, AYODHYA , UTTAR PRADESH – 224001",,,
JLL - IDFC First Bank Limited,IDFC - AYODHYA BRANCH - D,22012,kishore.sawant@jll.com,9967646007,,,AYODHYA,UTTAR PRADESH," 1st floor, House no. 04/006, Khojanpur, ward no.64, Naka  Mujafra, Pahadganj, Haweli, Tehsil SAdar , Ayodhya,  Uttar Pradesh -224001 "," 1st floor, House no. 04/006, Khojanpur, ward no.64, Naka  Mujafra, Pahadganj, Haweli, Tehsil SAdar , Ayodhya,  Uttar Pradesh -224001 ",,,
JLL - IDFC First Bank Limited,IDFC - Bahraich,21962,kishore.sawant@jll.com,9967646007,,,BAHRAICH,UTTAR PRADESH,"Ground floor, 220A, Mohalla Akbarpura Nai Basti, KDC Road, Bahraich,Uttar Pradesh-271801","Ground floor, 220A, Mohalla Akbarpura Nai Basti, KDC Road, Bahraich,Uttar Pradesh-271801",,,
JLL - IDFC First Bank Limited,IDFC - BALANGIR BRANCH,61251,kishore.sawant@jll.com,9967646007,,,BALANGIR,ODISHA,"GROUND FLOOR, DAMAYANTI HEIGHTS, COLLEGE SQUARE , RAJENDRA COLLEGE, FRONT OF BLOCK OFFICE NO.1, BALANGIR, ODISHA- 767001","GROUND FLOOR, DAMAYANTI HEIGHTS, COLLEGE SQUARE , RAJENDRA COLLEGE, FRONT OF BLOCK OFFICE NO.1, BALANGIR, ODISHA- 767001",,,
JLL - IDFC First Bank Limited,IDFC - REMUNA BRANCH,60881,kishore.sawant@jll.com,9967646007,,,BALASORE (BALESWAR),ODISHA,"GRD FLR& FRST FLR PLOT NO-815 & 816, KHATA NO. -1322/1663. MOUZA-GANESWARPUR, P.S.RENMUNA, DIST. BALASORE, ORISSA-756019","GRD FLR& FRST FLR PLOT NO-815 & 816, KHATA NO. -1322/1663. MOUZA-GANESWARPUR, P.S.RENMUNA, DIST. BALASORE, ORISSA-756019",,,
JLL - IDFC First Bank Limited,IDFC - Jaleswar,61441,kishore.sawant@jll.com,9967646007,,,BALASORE (BALESWAR),ODISHA,"Upper ground floor, Unit no.2,  ward no.12, Dist. Baleswar, Mouza- Santia, Jaleswar, Odisha-756032","Upper ground floor, Unit no.2,  ward no.12, Dist. Baleswar, Mouza- Santia, Jaleswar, Odisha-756032",,,
JLL - IDFC First Bank Limited,IDFC - BHATAPARA BRANCH,60461,kishore.sawant@jll.com,9967646007,,,BALOD,CHHATTISGARH,"H NO. 136 NEAR NAGAR PALIKA OFFICE, TARENGA ROAD,SHAKTIWARD, P O BHATAPARA,DIST. BALODA BAZAR, BHATAPARA, CHHATTISGARH -493118","H NO. 136 NEAR NAGAR PALIKA OFFICE, TARENGA ROAD,SHAKTIWARD, P O BHATAPARA,DIST. BALODA BAZAR, BHATAPARA, CHHATTISGARH -493118",,,
JLL - IDFC First Bank Limited,IDFC - BALODA BAZAR BRANCH,60462,kishore.sawant@jll.com,9967646007,,,BALOD,CHHATTISGARH,"GROUND FLOOR, P.H.NO.15, AMBEDKAR CHOWK, BALODA BAZAR, BHATAPARA, CHHATTISGARH- 493332","GROUND FLOOR, P.H.NO.15, AMBEDKAR CHOWK, BALODA BAZAR, BHATAPARA, CHHATTISGARH- 493332",,,
JLL - IDFC First Bank Limited,IDFC - BALOD BRANCH,60821,kishore.sawant@jll.com,9967646007,,,BALOD,CHHATTISGARH," GROUND FLOOR, KHASRA NO. 760/12, 760/33, PH NO-06, WARD NO-17, BALOD-491226"," GROUND FLOOR, KHASRA NO. 760/12, 760/33, PH NO-06, WARD NO-17, BALOD-491226",,,
JLL - IDFC First Bank Limited,IDFC - PALANPUR BRANCH,40421,kishore.sawant@jll.com,9967646007,,,BANASKANTHA,GUJARAT,"GROUND FLOOR AND FIRST FLOOR , B D COMPLEX, HANUMAN TEKRI, NEAR CHAUDHARY CHA FACTORY, DELHI HIGHWAY, DISTRICT BANAS KANTHA , PALANPUR 385001","GROUND FLOOR AND FIRST FLOOR , B D COMPLEX, HANUMAN TEKRI, NEAR CHAUDHARY CHA FACTORY, DELHI HIGHWAY, DISTRICT BANAS KANTHA , PALANPUR 385001",,,
JLL - IDFC First Bank Limited,IDFC - MBL - PALANPUR,40422,kishore.sawant@jll.com,9967646007,,,BANASKANTHA,GUJARAT," 1ST FLOOR, PLOT NO. 28,29,30, MEGHDARSHAN COMPLEX, MEHUL PARK, OPP. HIGHWAY CIRCUIT HOUSE, PALANPUR, GUJARAT  -385001"," 1ST FLOOR, PLOT NO. 28,29,30, MEGHDARSHAN COMPLEX, MEHUL PARK, OPP. HIGHWAY CIRCUIT HOUSE, PALANPUR, GUJARAT  -385001",,,
JLL - IDFC First Bank Limited,IDFC - Bengaluru-Sarjapura Road - CPC,80158,kishore.sawant@jll.com,9967646007,,,BANGALORE,KARNATAKA,"Ground floor, 18/2A, Khata no. 629, Sarjapur Main road, Bellendur gate, Bangalore - 103.","Ground floor, 18/2A, Khata no. 629, Sarjapur Main road, Bellendur gate, Bangalore - 103.",,,
JLL - IDFC First Bank Limited,IDFC - BARABANKI BRANCH,22051,kishore.sawant@jll.com,9967646007,,,BARABANKI,UTTAR PRADESH,"UPPER GROUND FLOOR, KHASRA NO.39 MIN, OBRI, PARGANA , LUCKNOW ROAD, TEHSIL NAWABGANJ, DISTRICT BARABANKI, UTTAR PRADESH- 225001","UPPER GROUND FLOOR, KHASRA NO.39 MIN, OBRI, PARGANA , LUCKNOW ROAD, TEHSIL NAWABGANJ, DISTRICT BARABANKI, UTTAR PRADESH- 225001",,,
JLL - IDFC First Bank Limited,IDFC - MBL - BAREILLY,21671,kishore.sawant@jll.com,9967646007,,,BAREILLY,UTTAR PRADESH,"1ST FLOOR, TOWER 8, PILIBHIT BYEPASS ROAD, DOORA CHOWK,BAREILLY - 243006","1ST FLOOR, TOWER 8, PILIBHIT BYEPASS ROAD, DOORA CHOWK,BAREILLY - 243006",,,
JLL - IDFC First Bank Limited,IDFC - Bareilly,21672,kishore.sawant@jll.com,9967646007,,,BAREILLY,UTTAR PRADESH,"Upper Ground floor, 147,1043/1029,PO/10, Civil Lines , Bareilly, Uttar Pradesh – 243001 ","Upper Ground floor, 147,1043/1029,PO/10, Civil Lines , Bareilly, Uttar Pradesh – 243001 ",,,
JLL - IDFC First Bank Limited,IDFC - BARGARH BRANCH,60961,kishore.sawant@jll.com,9967646007,,,BARGARH,ODISHA,"GROUND FLOOR, PLOT NO. 1534& 1535,  .S NO.34,MOUZA BRAHMACHARI, KHATA NO. 356,  BALAJI CITY, TEHSIL BARGARH, ODHISHA -768028","GROUND FLOOR, PLOT NO. 1534& 1535,  .S NO.34,MOUZA BRAHMACHARI, KHATA NO. 356,  BALAJI CITY, TEHSIL BARGARH, ODHISHA -768028",,,
JLL - IDFC First Bank Limited,IDFC - BALOTRA BRANCH,43241,kishore.sawant@jll.com,9967646007,,,BARMER,RAJASTHAN,"GROUND FLOOR, GODARA SADAN, KHASRA NO 307/1, WARD NO. 28, JODHPUR ROAD, BALOTRA, DISTRICT BARMER, RAJASTHAN- 344002","GROUND FLOOR, GODARA SADAN, KHASRA NO 307/1, WARD NO. 28, JODHPUR ROAD, BALOTRA, DISTRICT BARMER, RAJASTHAN- 344002",,,
JLL - IDFC First Bank Limited,IDFC - MBL - BALOTRA,43242,kishore.sawant@jll.com,9967646007,,,BARMER,RAJASTHAN,"GROUND FLOOR, KHASRA NO. 616, WARD NO-2, PADMAVATI NAGAR, MAIN KHED ROAD, BALOTRA, DIST. BARMER, RAJASTHAN - 344022","GROUND FLOOR, KHASRA NO. 616, WARD NO-2, PADMAVATI NAGAR, MAIN KHED ROAD, BALOTRA, DIST. BARMER, RAJASTHAN - 344022",,,
JLL - IDFC First Bank Limited,IDFC - MBL - BARMER,43243,kishore.sawant@jll.com,9967646007,,,BARMER,RAJASTHAN,"1ST FLOOR, OMEGA TOWERS, LAXMI NAGAR, PROPERTY NO.414, ROY COLONY,  NEAR  COLLECTORS BUNGALOW, BARMER-344001","1ST FLOOR, OMEGA TOWERS, LAXMI NAGAR, PROPERTY NO.414, ROY COLONY,  NEAR  COLLECTORS BUNGALOW, BARMER-344001",,,
JLL - IDFC First Bank Limited,IDFC - Barnala,22261,kishore.sawant@jll.com,9967646007,,,BARNALA,PUNJAB," Ground floor, Property No. B-XII/274-275-276-277,College Road, Barnala, Punjab- 148101"," Ground floor, Property No. B-XII/274-275-276-277,College Road, Barnala, Punjab- 148101",,,
JLL - IDFC First Bank Limited,"IDFC - Adhan Nagar, Chhatisgarh Kanker",61401,kishore.sawant@jll.com,9967646007,,,BASTAR,CHHATTISGARH,"Upper ground floor, Kanker City Centre, shop no. – 29/1, 30/1, 31/1, 50/1, 51/1, 52/1, 54, 55,  Main Road Kaner, Adhan Nagar, Chhatisgarh-494334","Upper ground floor, Kanker City Centre, shop no. – 29/1, 30/1, 31/1, 50/1, 51/1, 52/1, 54, 55,  Main Road Kaner, Adhan Nagar, Chhatisgarh-494334",,,
JLL - IDFC First Bank Limited,IDFC - Basti,21982,kishore.sawant@jll.com,9967646007,,,BASTI,UTTAR PRADESH,"Ground floor, H.No.1797, ward no.4, Malviya Road, Pikora Shivgulam, Haveli, Basti, Uttar Pradesh- 272001","Ground floor, H.No.1797, ward no.4, Malviya Road, Pikora Shivgulam, Haveli, Basti, Uttar Pradesh- 272001",,,
JLL - IDFC First Bank Limited,IDFC - MBL - BHATINDA,21851,kishore.sawant@jll.com,9967646007,,,BATHINDA,PUNJAB,"FIRST FLOOR,SCF 130, GONIAN ROAD, OPPOSITE SUKHRAJ CINEMA, BHATINDA PUNJAB 151001","FIRST FLOOR,SCF 130, GONIAN ROAD, OPPOSITE SUKHRAJ CINEMA, BHATINDA PUNJAB 151001",,,
JLL - IDFC First Bank Limited,"IDFC - Raipur Road, Bemetara, Chattisgarh Bemetara",61411,kishore.sawant@jll.com,9967646007,,,BEMETARA,CHHATTISGARH,"Ground floor, Shop no.6&7, Khasra no. 1212/97,1304/8,1305/8,1212/78,1304/3,1305/3, Raipur Road, Bemetara, Chattisgarh - 491335","Ground floor, Shop no.6&7, Khasra no. 1212/97,1304/8,1305/8,1212/78,1304/3,1305/3, Raipur Road, Bemetara, Chattisgarh - 491335",,,
JLL - IDFC First Bank Limited,IDFC - BETUL BRANCH,43021,kishore.sawant@jll.com,9967646007,,,BETUL,MADHYA PRADESH,"GROUND FLOOR, PAGARIYA COMPLEX, GANJ ROAD, CIVIL LINES, BETUL(M.P.) 460001","GROUND FLOOR, PAGARIYA COMPLEX, GANJ ROAD, CIVIL LINES, BETUL(M.P.) 460001",,,
JLL - IDFC First Bank Limited,IDFC - BHADRAK BRANCH,60781,kishore.sawant@jll.com,9967646007,,,BHADRAK,ODISHA,"GROUND FLOOR, PLOT NO.2190/2460/298, CHAPULLOA BYEPASS, NEAR PANTALOONS, BHADRAK - 756100","GROUND FLOOR, PLOT NO.2190/2460/298, CHAPULLOA BYEPASS, NEAR PANTALOONS, BHADRAK - 756100",,,
JLL - IDFC First Bank Limited,IDFC - ANKLESHWAR BRANCH,42461,kishore.sawant@jll.com,9967646007,,,BHARUCH,GUJARAT,"GROUND  FLOOR, PLOT NO C-7,, ROSHNI PLAZA, GIDC ROAD, BHARUCH DISTRICT, ANKLESHWAR, 393002","GROUND  FLOOR, PLOT NO C-7,, ROSHNI PLAZA, GIDC ROAD, BHARUCH DISTRICT, ANKLESHWAR, 393002",,,
JLL - IDFC First Bank Limited,IDFC - Bhatinda,21852,kishore.sawant@jll.com,9967646007,,,BHATINDA,PUNJAB,"Ground floor,   MCB-24-0464,Khasra no.  No.5134/1999/1, Mehna , Bhatinda, Punjab- 151001","Ground floor,   MCB-24-0464,Khasra no.  No.5134/1999/1, Mehna , Bhatinda, Punjab- 151001",,,
JLL - IDFC First Bank Limited,IDFC - BHAVNAGAR BRANCH,42622,kishore.sawant@jll.com,9967646007,,,BHAVNAGAR,GUJARAT,"GROUND FLOOR, SHOP NO. 5,IMPERIAL ARC,OPP. UNIVERSITY GROUND , WAGHAWADI ROAD,BHAVNAGAR-364001","GROUND FLOOR, SHOP NO. 5,IMPERIAL ARC,OPP. UNIVERSITY GROUND , WAGHAWADI ROAD,BHAVNAGAR-364001",,,
JLL - IDFC First Bank Limited,IDFC - MAHUVA BRANCH,42624,kishore.sawant@jll.com,9967646007,,,BHAVNAGAR,GUJARAT,"GROUND FLOOR AND SECOND FLOOR, PLOT NO. 1/C-3, STATION ROAD , REGIONAL DIST- MAHUVA ,  DIST -BHAVNAGAR ,GUJARAT-364290","GROUND FLOOR AND SECOND FLOOR, PLOT NO. 1/C-3, STATION ROAD , REGIONAL DIST- MAHUVA ,  DIST -BHAVNAGAR ,GUJARAT-364290",,,
JLL - IDFC First Bank Limited,IDFC - MBL - BHAVNAGAR,42625,kishore.sawant@jll.com,9967646007,,,BHAVNAGAR,GUJARAT,"OFFICE NO. 403. FOURTH FLOOR, SAI GANGA, KALUBHA ROAD, BHAVNAGAR 364001","OFFICE NO. 403. FOURTH FLOOR, SAI GANGA, KALUBHA ROAD, BHAVNAGAR 364001",,,
JLL - IDFC First Bank Limited,IDFC - BHILWARA BRANCH,42321,kishore.sawant@jll.com,9967646007,,,BHILWARA,RAJASTHAN,"UPPER GROUND FLOOR, SHOP NO 8,9,10 ,11 &12 , B BLOCK, S K PLAZA, KHASRA NO. 2030, PUR ROAD, BHILWARA, RAJASTHAN, 311001","UPPER GROUND FLOOR, SHOP NO 8,9,10 ,11 &12 , B BLOCK, S K PLAZA, KHASRA NO. 2030, PUR ROAD, BHILWARA, RAJASTHAN, 311001",,,
JLL - IDFC First Bank Limited,IDFC - MBL- BHILWARA,42322,kishore.sawant@jll.com,9967646007,,,BHILWARA,RAJASTHAN,"SHOP AT GOVINDAM PLAZA , NEAR OLD RTO PUR ROAD BHILWARA  RAJASTHAN 311001","SHOP AT GOVINDAM PLAZA , NEAR OLD RTO PUR ROAD BHILWARA  RAJASTHAN 311001",,,
JLL - IDFC First Bank Limited,IDFC - RAISEN ROAD BRANCH,41381,kishore.sawant@jll.com,9967646007,,,BHOPAL,MADHYA PRADESH,"GROUND FLOOR AND SECOND FLOOR , 6B , GOVIND GARDEN, OPP VIDYUT NAGAR, RAISEN ROAD, BHOPAL, VIDYUT NAGAR, BHOPAL, 462023","GROUND FLOOR AND SECOND FLOOR , 6B , GOVIND GARDEN, OPP VIDYUT NAGAR, RAISEN ROAD, BHOPAL, VIDYUT NAGAR, BHOPAL, 462023",,,
JLL - IDFC First Bank Limited,IDFC - BHOPAL ARERA COLONY BRANCH,41382,kishore.sawant@jll.com,9967646007,,,BHOPAL,MADHYA PRADESH,"GROUND FLOOR E3/75,, ARERA COLONY,, NEAR NARMADA HOSPITAL, BHOPAL 462016","GROUND FLOOR E3/75,, ARERA COLONY,, NEAR NARMADA HOSPITAL, BHOPAL 462016",,,
JLL - IDFC First Bank Limited,IDFC - BHOPAL - AKANSHA TOWER-PRESS COMPLEX,41383,kishore.sawant@jll.com,9967646007,,,BHOPAL,MADHYA PRADESH,"IDFC FIRST BANK LTD,GROUND  FOOR, G-1 TO G-5, GROUND FLOOR AKANSHA TOWER, PRESS COMPLEX, M.P. NAGAR, BHOPAL -462011 MADHYA PRADESH","IDFC FIRST BANK LTD,GROUND  FOOR, G-1 TO G-5, GROUND FLOOR AKANSHA TOWER, PRESS COMPLEX, M.P. NAGAR, BHOPAL -462011 MADHYA PRADESH",,,
JLL - IDFC First Bank Limited,IDFC - BHOPAL-SHREERAM TOWERS,41384,kishore.sawant@jll.com,9967646007,,,BHOPAL,MADHYA PRADESH,"GROUND AND 1ST FLOOR, SHREERAM TOWERS, Z-7, NEAR MIRACLE HOSPITAL, M.P. NAGAR ZONE 1, 
BHOPAL - 462023
","GROUND AND 1ST FLOOR, SHREERAM TOWERS, Z-7, NEAR MIRACLE HOSPITAL, M.P. NAGAR ZONE 1, 
BHOPAL - 462023
",,,
JLL - IDFC First Bank Limited,IDFC - BHOPAL-KOLAR ROAD BRANCH,41386,kishore.sawant@jll.com,9967646007,,,BHOPAL,MADHYA PRADESH,"GROUND FLOOR, BAPU KI KUTIA , SARVADHARMA COLONY, KOLAR ROAD, BHOPAL- 462042  ","GROUND FLOOR, BAPU KI KUTIA , SARVADHARMA COLONY, KOLAR ROAD, BHOPAL- 462042  ",,,
JLL - IDFC First Bank Limited,IDFC - Hamidia road- BhopalKATNI,41387,kishore.sawant@jll.com,9967646007,,,BHOPAL,MADHYA PRADESH,"Ground floor and First floor, Surendra Surbhi Complex, Hamidia Road, Bhopal, Madhya Pradesh - 462001","Ground floor and First floor, Surendra Surbhi Complex, Hamidia Road, Bhopal, Madhya Pradesh - 462001",,,
JLL - IDFC First Bank Limited,IDFC - MBL - BAIRAGARH,41388,kishore.sawant@jll.com,9967646007,,,BHOPAL,MADHYA PRADESH,"SECOND FLOOR, PLOT NO. 104, BESIDE CANARA BANK, NEW SINDHI COLONY, MAIN BERASIYA ROAD, BHOPAL, M.P PIN-462001","SECOND FLOOR, PLOT NO. 104, BESIDE CANARA BANK, NEW SINDHI COLONY, MAIN BERASIYA ROAD, BHOPAL, M.P PIN-462001",,,
JLL - IDFC First Bank Limited,IDFC - MBL - BHOPAL KOLAR ROAD,41389,kishore.sawant@jll.com,9967646007,,,BHOPAL,MADHYA PRADESH,"FIRST FLOOR, SHREE HARI KRIPA BUILDING, ABOVE MUTHOOT FINANCE,  VILLAGE BANJARI, KOLAR ROAD, BHOPAL, MP, PIN-462040","FIRST FLOOR, SHREE HARI KRIPA BUILDING, ABOVE MUTHOOT FINANCE,  VILLAGE BANJARI, KOLAR ROAD, BHOPAL, MP, PIN-462040",,,
JLL - IDFC First Bank Limited,IDFC - MBL-SADULGANJ,42602,kishore.sawant@jll.com,9967646007,,,BIKANER,RAJASTHAN,"2ND FLOOR , PLOT NO-69 , PANCHSATI CIRCLE , SADULGANJ , BIKANER , RAJASTHAN-334001","2ND FLOOR , PLOT NO-69 , PANCHSATI CIRCLE , SADULGANJ , BIKANER , RAJASTHAN-334001",,,
JLL - IDFC First Bank Limited,IDFC - RATANPUR BRANCH,60365,kishore.sawant@jll.com,9967646007,,,BILASPUR,CHHATTISGARH,"GROUND AND FIRST FLOOR, KHASRA NO. 3668/20,  BLOCK NO.2, PLOT NO.57,MAHAMAYA CHOWK, TEHSIL KOTA,DISTT BILASPUR, RATANPUR-495442","GROUND AND FIRST FLOOR, KHASRA NO. 3668/20,  BLOCK NO.2, PLOT NO.57,MAHAMAYA CHOWK, TEHSIL KOTA,DISTT BILASPUR, RATANPUR-495442",,,
JLL - IDFC First Bank Limited,IDFC - BILASPUR BRANCH,60367,kishore.sawant@jll.com,9967646007,,,BILASPUR,CHHATTISGARH,"GROUND FLOOR, SHOP NO. 1&2,RAMA PORT,VYPAR  VIHAR, BESIDE GHANSHYAM CHAMBERS, KRANTI  NAGAR, BILASPUR, CHHATTISGARH - 495001","GROUND FLOOR, SHOP NO. 1&2,RAMA PORT,VYPAR  VIHAR, BESIDE GHANSHYAM CHAMBERS, KRANTI  NAGAR, BILASPUR, CHHATTISGARH - 495001",,,
JLL - IDFC First Bank Limited,IDFC - SEEPAT ROAD BRANCH,60902,kishore.sawant@jll.com,9967646007,,,BILASPUR,CHHATTISGARH,"GROUND AND MEZZANNINE FLOOR, WARD NO. 42,DR. SHYAMA PRASAD MUKERJEE NAGAR, SARKANDA THANA,  SEEPAT ROAD, DIST . BILASPUR, BILASPUR,CHHATISGARH - 495006","GROUND AND MEZZANNINE FLOOR, WARD NO. 42,DR. SHYAMA PRASAD MUKERJEE NAGAR, SARKANDA THANA,  SEEPAT ROAD, DIST . BILASPUR, BILASPUR,CHHATISGARH - 495006",,,
JLL - IDFC First Bank Limited,IDFC - BUNDI BRANCH,43471,kishore.sawant@jll.com,9967646007,,,BUNDI,RAJASTHAN,"GROUND  FLOOR, PATTNO. 34&44, DHAN MANDI ROAD, LANKA GATE , GURUNANAK COLONY, BUNDI, RAJASTHAN- 323001","GROUND  FLOOR, PATTNO. 34&44, DHAN MANDI ROAD, LANKA GATE , GURUNANAK COLONY, BUNDI, RAJASTHAN- 323001",,,
JLL - IDFC First Bank Limited,IDFC - BURHANPUR BRANCH,43141,kishore.sawant@jll.com,9967646007,,,BURHANPUR,MADHYA PRADESH,"GROUND & FIRST FLOOR, BUILDING NO. 282/19,  SAITEE COMPLEX, AMRAVATI ROAD, BURHANPUR. – 450331. DISTRICT BURHANPUR. MADHYA PRADESH ","GROUND & FIRST FLOOR, BUILDING NO. 282/19,  SAITEE COMPLEX, AMRAVATI ROAD, BURHANPUR. – 450331. DISTRICT BURHANPUR. MADHYA PRADESH ",,,
JLL - IDFC First Bank Limited,IDFC - CHANDIGARH BRANCH,21211,kishore.sawant@jll.com,9967646007,,,CHANDIGARH,CHANDIGARH,"SCO NO. 169-170, GROUND FLOOR,SECTOR 8 C, MADHYA MARG, CHANDIGARH 160008","SCO NO. 169-170, GROUND FLOOR,SECTOR 8 C, MADHYA MARG, CHANDIGARH 160008",,,
JLL - IDFC First Bank Limited,IDFC - CHANDHIGARH-SCO-47-MADHYA MARG,21212,kishore.sawant@jll.com,9967646007,,,CHANDIGARH,CHANDIGARH,",CHANDIGARH-SCO 47, 1ST FLOOR,MADHYA MARG,SECTOR 26- CHANDIGARH - 160019",",CHANDIGARH-SCO 47, 1ST FLOOR,MADHYA MARG,SECTOR 26- CHANDIGARH - 160019",,,
JLL - IDFC First Bank Limited,IDFC - CHANDHIGARH-SCO-56-MADHYA MARG,21213,kishore.sawant@jll.com,9967646007,,,CHANDIGARH,CHANDIGARH,"IDFC FIRST BANK LTD,CHANDIGARH-SCO 56, 1ST FLOOR,MADHYA MARG,SECTOR 26- CHANDIGARH - 160019","IDFC FIRST BANK LTD,CHANDIGARH-SCO 56, 1ST FLOOR,MADHYA MARG,SECTOR 26- CHANDIGARH - 160019",,,
JLL - IDFC First Bank Limited,IDFC - CHANDIGARH SECTOR 22 B BRANCH,21214,kishore.sawant@jll.com,9967646007,,,CHANDIGARH,CHANDIGARH,"GROUND FLOOR, SCO 1110-1111, SECTOR 22-B, CHANDIGARH- 160022","GROUND FLOOR, SCO 1110-1111, SECTOR 22-B, CHANDIGARH- 160022",,,
JLL - IDFC First Bank Limited,IDFC - MANIMAJRA BRANCH,21215,kishore.sawant@jll.com,9967646007,,,CHANDIGARH,CHANDIGARH,"GROUND FLOOR, SCO NO. 843NAC, MANIMAJRA, CHANDIGARH-160101","GROUND FLOOR, SCO NO. 843NAC, MANIMAJRA, CHANDIGARH-160101",,,
JLL - IDFC First Bank Limited,IDFC - CHANDIGARH- SECTOR 32  BRANCH,21216,kishore.sawant@jll.com,9967646007,,,CHANDIGARH,CHANDIGARH,"GROUND FLOOR, SCO 282 SECTOR  32-D,CHANDIGARH – 160030","GROUND FLOOR, SCO 282 SECTOR  32-D,CHANDIGARH – 160030",,,
JLL - IDFC First Bank Limited,IDFC - CHANDIGARH - SECTOR 35 C BRANCH,21217,kishore.sawant@jll.com,9967646007,,,CHANDIGARH,CHANDIGARH,"GROUND FLOOR, SCO 492, SECTOR 35 C , CHANDIGARH – 160022","GROUND FLOOR, SCO 492, SECTOR 35 C , CHANDIGARH – 160022",,,
JLL - IDFC First Bank Limited,"IDFC - CHANDIGARH - SECTOR 9D, BRANCH",21218,kishore.sawant@jll.com,9967646007,,,CHANDIGARH,CHANDIGARH,"GROUND FLOOR, SCO- 9,10&11, MADHYA MARG, SECTOR- 09D,CHANDIGARH- 160017","GROUND FLOOR, SCO- 9,10&11, MADHYA MARG, SECTOR- 09D,CHANDIGARH- 160017",,,
JLL - IDFC First Bank Limited,IDFC - CHANDIGARH SALES HUB,21219,kishore.sawant@jll.com,9967646007,,,CHANDIGARH,CHANDIGARH,"SCO NO  169-170 , 2ND FLOOR,  SECTOR  8 C,  MADHYA MARG, CHANDIGARH -160009","SCO NO  169-170 , 2ND FLOOR,  SECTOR  8 C,  MADHYA MARG, CHANDIGARH -160009",,,
JLL - IDFC First Bank Limited,IDFC - Velachery - CPC,80126,kishore.sawant@jll.com,9967646007,,,CHENNAI,TAMIL NADU,"No 6/1 , Anand garden , bye pass road , Gangai nagar,Velachery, chennai -600042 , Near murugan kalayana mandabam","No 6/1 , Anand garden , bye pass road , Gangai nagar,Velachery, chennai -600042 , Near murugan kalayana mandabam",,,
JLL - IDFC First Bank Limited,IDFC - CHHINDWARA BRANCH,42861,kishore.sawant@jll.com,9967646007,,,CHHINDWARA,MADHYA PRADESH,"GROUND FLOOR, BHARAT TOWER, PARASIA ROAD, NEAR CIRCUIT HOUSE (PARASIA NAKA), WARD NO.45, KHASRA NO. 116/3 TEHSIL, CHHINDWARA DISTRICTCHHINDWARA - MP - 480001","GROUND FLOOR, BHARAT TOWER, PARASIA ROAD, NEAR CIRCUIT HOUSE (PARASIA NAKA), WARD NO.45, KHASRA NO. 116/3 TEHSIL, CHHINDWARA DISTRICTCHHINDWARA - MP - 480001",,,
JLL - IDFC First Bank Limited,IDFC - MBL - CHHINDWARA,42862,kishore.sawant@jll.com,9967646007,,,CHHINDWARA,MADHYA PRADESH,"FIRST FLOOR, KARAN ARCADE, ABOVE PUNJAB & SINDH BANK, INFRONT OF HP PETROL PUMP, PARASIYA ROAD, CHHINDWARA, MP, PIN-480001","FIRST FLOOR, KARAN ARCADE, ABOVE PUNJAB & SINDH BANK, INFRONT OF HP PETROL PUMP, PARASIYA ROAD, CHHINDWARA, MP, PIN-480001",,,
JLL - IDFC First Bank Limited,IDFC - BODELI BRANCH,43261,kishore.sawant@jll.com,9967646007,,,CHHOTA UDAIPUR,GUJARAT,"GROUND FLOOR, SHOP NO 10,11,12,13,14, BK HEIGHT, NEAR B K PETROL PUMP,DISTRICT CHHOTAUDAIPUR, BODELI -  391135 GUJARAT","GROUND FLOOR, SHOP NO 10,11,12,13,14, BK HEIGHT, NEAR B K PETROL PUMP,DISTRICT CHHOTAUDAIPUR, BODELI -  391135 GUJARAT",,,
JLL - IDFC First Bank Limited,IDFC - CHITTORGARH BRANCH,42821,kishore.sawant@jll.com,9967646007,,,CHITTORGARH,RAJASTHAN,"PLOT NO 8, SUBASH NAGAR, BHILWARA ROAD NEAR COLLECTORS OFFICE,DISTRICT CHITTOGARH, RAJASTHAN 312001","PLOT NO 8, SUBASH NAGAR, BHILWARA ROAD NEAR COLLECTORS OFFICE,DISTRICT CHITTOGARH, RAJASTHAN 312001",,,
JLL - IDFC First Bank Limited,IDFC - CUTTACK- ROYAL TOWER,60361,kishore.sawant@jll.com,9967646007,,,CUTTACK,ODISHA,"ROYAL TOWER, FIRST FLOOR,  LINK ROAD, AT- MADHUPATNA SQUARE, PO & PS - MADHUPATNA, CUTTACK , ODISHA -753010","ROYAL TOWER, FIRST FLOOR,  LINK ROAD, AT- MADHUPATNA SQUARE, PO & PS - MADHUPATNA, CUTTACK , ODISHA -753010",,,
JLL - IDFC First Bank Limited,IDFC - CUTTACK - CUTTACK MAIN BRANCH,60363,kishore.sawant@jll.com,9967646007,,,CUTTACK,ODISHA,"GROUND FLOOR, LINK ROAD, RATNA MANDAP, NEAR ARUNODAYA MARKET, PO-AD MARKET, CUTTACK - 753012","GROUND FLOOR, LINK ROAD, RATNA MANDAP, NEAR ARUNODAYA MARKET, PO-AD MARKET, CUTTACK - 753012",,,
JLL - IDFC First Bank Limited,IDFC - CHOUDWAR BRANCH,60366,kishore.sawant@jll.com,9967646007,,,CUTTACK,ODISHA,"GROUND FLOOR, PLOT NO.945/2980, KHATA NO.859/46,BAYA NIKETAN, SHIVANAND MARG, KAPALESHWAR, CHOUDWAR – 754025","GROUND FLOOR, PLOT NO.945/2980, KHATA NO.859/46,BAYA NIKETAN, SHIVANAND MARG, KAPALESHWAR, CHOUDWAR – 754025",,,
JLL - IDFC First Bank Limited,IDFC - Naya Bazar,60371,kishore.sawant@jll.com,9967646007,,,CUTTACK,ODISHA,"Upper Ground floor, Plot no. 934/2969, Khata no.650/1330, CDD-2, Cuttack, Odisha-753004","Upper Ground floor, Plot no. 934/2969, Khata no.650/1330, CDD-2, Cuttack, Odisha-753004",,,
JLL - IDFC First Bank Limited,IDFC - SILIGURI-M-SQUARE,60381,kishore.sawant@jll.com,9967646007,,,DARJEELING,WEST BENGAL,"3RD FLOOR, M-SQUARE, SEVOKE ROAD, OPP SACHITRA HOTEL, SILIGURI, DIST DARJEELING, WEST BENGAL, 734001","3RD FLOOR, M-SQUARE, SEVOKE ROAD, OPP SACHITRA HOTEL, SILIGURI, DIST DARJEELING, WEST BENGAL, 734001",,,
JLL - IDFC First Bank Limited,IDFC - SILIGURI,60384,kishore.sawant@jll.com,9967646007,,,DARJEELING,WEST BENGAL,"Ground floor, ward no .13,Adjacent Unity Building, Sevoke road,   Dist Darjeeling ,Siliguri, West Bengal- 734001","Ground floor, ward no .13,Adjacent Unity Building, Sevoke road,   Dist Darjeeling ,Siliguri, West Bengal- 734001",,,
JLL - IDFC First Bank Limited,IDFC - MBL - DATIA,43741,kishore.sawant@jll.com,9967646007,,,DATIA,MADHYA PRADESH,"1ST FLOOR, SHRI PITAMBRA MANDIR ROAD, DATIA, M.P - 475661  ","1ST FLOOR, SHRI PITAMBRA MANDIR ROAD, DATIA, M.P - 475661  ",,,
JLL - IDFC First Bank Limited,IDFC - DEHRADUN BRANCH,21231,kishore.sawant@jll.com,9967646007,,,DEHRADUN,UTTARAKHAND,"GROUND FLOOR, & SECOND FLOOR 59/3 , RAJPUR ROAD , DEHRADUN, 248001","GROUND FLOOR, & SECOND FLOOR 59/3 , RAJPUR ROAD , DEHRADUN, 248001",,,
JLL - IDFC First Bank Limited,IDFC - DEHRADUN-KRISHNA TOWER,21232,kishore.sawant@jll.com,9967646007,,,DEHRADUN,UTTARAKHAND,", 2ND FLOOR, KRISHNA TOWER, 69,RAJPUR ROAD, DEHRADUN – 248001(UTTARAKHAND",", 2ND FLOOR, KRISHNA TOWER, 69,RAJPUR ROAD, DEHRADUN – 248001(UTTARAKHAND",,,
JLL - IDFC First Bank Limited,IDFC - DEHRADUN - GMS ROAD BRANCH,21233,kishore.sawant@jll.com,9967646007,,,DEHRADUN,UTTARAKHAND,"GROUND FLOOR,  M M TOWER, KHASRA NO. 504 MIN, MAUZA KANWALI, GENERAL  MAHADEV SINGH ROAD, OPPOSITE TVS SHOWROOM, DEHRADUN, UTTARAKHAND- 248007","GROUND FLOOR,  M M TOWER, KHASRA NO. 504 MIN, MAUZA KANWALI, GENERAL  MAHADEV SINGH ROAD, OPPOSITE TVS SHOWROOM, DEHRADUN, UTTARAKHAND- 248007",,,
JLL - IDFC First Bank Limited,IDFC - DEHRADUN-NEHRU COLONY BRANCH,21234,kishore.sawant@jll.com,9967646007,,,DEHRADUN,UTTARAKHAND,"GROUND FLOOR, 484/439, HARIDWAR ROAD, DHARAMPUR, DEHRADUN -248001","GROUND FLOOR, 484/439, HARIDWAR ROAD, DHARAMPUR, DEHRADUN -248001",,,
JLL - IDFC First Bank Limited,IDFC - Delhi - Rajendra Palace - CPC,10219,kishore.sawant@jll.com,9967646007,,,DELHI,DELHI,"Plot No – 6 B, PUSA Road, Near Rajendra Place Metro Station, Rajendra Place, New Delhi - 110008","Plot No – 6 B, PUSA Road, Near Rajendra Place Metro Station, Rajendra Place, New Delhi - 110008",,,
JLL - IDFC First Bank Limited,IDFC - BARAKHAMBA ROAD BRANCH,20101,kishore.sawant@jll.com,9967646007,,,DELHI,DELHI,"SOODHA AND BIRLA TOWERS, 4TH FLOOR EAST TOWER AND LGF WEST TOWER, NEW DELHI, BARAKHAMBA ROAD, 110001","SOODHA AND BIRLA TOWERS, 4TH FLOOR EAST TOWER AND LGF WEST TOWER, NEW DELHI, BARAKHAMBA ROAD, 110001",,,
JLL - IDFC First Bank Limited,IDFC - NEW FRIENDS COLONY BRANCH,20102,kishore.sawant@jll.com,9967646007,,,DELHI,DELHI,"GROUND FLOOR, 21, COMMUNITY CENTRE, NEW FRIENDS COLONY, NEW DELHI -110025","GROUND FLOOR, 21, COMMUNITY CENTRE, NEW FRIENDS COLONY, NEW DELHI -110025",,,
JLL - IDFC First Bank Limited,IDFC - NSP - PITAMPURA BRANCH,20105,kishore.sawant@jll.com,9967646007,,,DELHI,DELHI,"1ST FLOOR,UNIT NO 102, DMALL BUILDING,NETAJI SUBHASH PLACE, PITAMPURA, DELHI, 110034","1ST FLOOR,UNIT NO 102, DMALL BUILDING,NETAJI SUBHASH PLACE, PITAMPURA, DELHI, 110034",,,
JLL - IDFC First Bank Limited,IDFC - DWARKA BRANCH,20106,kishore.sawant@jll.com,9967646007,,,DELHI,DELHI,"GROUND FLOOR  , SHOP NO -  G-01 & G-02 , BHAGWATI PLAZA , PLOT NO. 12 , SECTOR 5, DWARKA , NEW DELHI - 110075 ","GROUND FLOOR  , SHOP NO -  G-01 & G-02 , BHAGWATI PLAZA , PLOT NO. 12 , SECTOR 5, DWARKA , NEW DELHI - 110075 ",,,
JLL - IDFC First Bank Limited,IDFC - OKHLA BRANCH,20107,kishore.sawant@jll.com,9967646007,,,DELHI,DELHI,"FIRST FLOOR, E-49/12 OKHLA INDUSTRIAL AREA, PHASE-2, NEAR DTC BUS DEPOT, NEW DELHI 110020","FIRST FLOOR, E-49/12 OKHLA INDUSTRIAL AREA, PHASE-2, NEAR DTC BUS DEPOT, NEW DELHI 110020",,,
JLL - IDFC First Bank Limited,IDFC - RAJOURI GARDEN BRANCH,20108,kishore.sawant@jll.com,9967646007,,,DELHI,DELHI,"GROUND FLOOR PLOT NO 7, BLOCK NO J2, RAJOURI GARDEN, NEW DELHI 110027","GROUND FLOOR PLOT NO 7, BLOCK NO J2, RAJOURI GARDEN, NEW DELHI 110027",,,
JLL - IDFC First Bank Limited,IDFC - KAROL BAGH BRANCH,20109,kishore.sawant@jll.com,9967646007,,,DELHI,DELHI,"GROUND FLOOR, 2109 DESH BANDHU GUPTA ROAD, KAROL BAGH, NEW DELHI 110005","GROUND FLOOR, 2109 DESH BANDHU GUPTA ROAD, KAROL BAGH, NEW DELHI 110005",,,
JLL - IDFC First Bank Limited,IDFC - GREATER KAILASH II BRANCH,20111,kishore.sawant@jll.com,9967646007,,,DELHI,DELHI,"GROUND FLOOR, M-72, GREATER KAILASH II, NEW DELHI 110048","GROUND FLOOR, M-72, GREATER KAILASH II, NEW DELHI 110048",,,
JLL - IDFC First Bank Limited,IDFC - DEFENCE COLONY BRANCH,20112,kishore.sawant@jll.com,9967646007,,,DELHI,DELHI,"GROUND FLOOR, 283-A, MAIN ROAD, DEFENCE COLONY, NEW DELHI - 110024","GROUND FLOOR, 283-A, MAIN ROAD, DEFENCE COLONY, NEW DELHI - 110024",,,
JLL - IDFC First Bank Limited,IDFC - DELHI- UTTAM NAGAR,20113,kishore.sawant@jll.com,9967646007,,,DELHI,DELHI,"2ND FLOOR, PLOT NO.A-6,GOVARDHAN PARK,
METRO PILLAR NO. 682, NEAR UTTAM NAGAR(W) METRO STATION, ABOVE PUNJAB & SIND BANK, UTTAM NAGAR, NEW DELHI - 110059","2ND FLOOR, PLOT NO.A-6,GOVARDHAN PARK,
METRO PILLAR NO. 682, NEAR UTTAM NAGAR(W) METRO STATION, ABOVE PUNJAB & SIND BANK, UTTAM NAGAR, NEW DELHI - 110059",,,
JLL - IDFC First Bank Limited,IDFC - DELHI - RAJENDRA PALACE - GR. FLOOR,20118,kishore.sawant@jll.com,9967646007,,,DELHI,DELHI,"PLOT NO 6B, PUSA ROAD, RAJENDAR NAGAR, NEW DELHI - 110060","PLOT NO 6B, PUSA ROAD, RAJENDAR NAGAR, NEW DELHI - 110060",,,
JLL - IDFC First Bank Limited,IDFC - DELHI - OPS OFFICE-KAROL BAGH,20121,kishore.sawant@jll.com,9967646007,,,DELHI,DELHI,"62/20 , NEW ROHTAK ROAD , KAROL BAGH , NEW DELHI - 110005","62/20 , NEW ROHTAK ROAD , KAROL BAGH , NEW DELHI - 110005",,,
JLL - IDFC First Bank Limited,IDFC - DARYAGANJ BRANCH,20123,kishore.sawant@jll.com,9967646007,,,DELHI,DELHI,"GROUND FLOOR , P.N NO. 2, NETAJI SUBHASH MARG, DARYAGANJ, NEW DELHI – 110002 ","GROUND FLOOR , P.N NO. 2, NETAJI SUBHASH MARG, DARYAGANJ, NEW DELHI – 110002 ",,,
JLL - IDFC First Bank Limited,IDFC - GREEN PARK BRANCH,20125,kishore.sawant@jll.com,9967646007,,,DELHI,DELHI,"G-2, A-23,MAIN AUROBINDO MARG,GREEN PARK, NEW DELHI-110016 ","G-2, A-23,MAIN AUROBINDO MARG,GREEN PARK, NEW DELHI-110016 ",,,
JLL - IDFC First Bank Limited,IDFC - PUNJABI BAGH BRANCH,20126,kishore.sawant@jll.com,9967646007,,,DELHI,DELHI,"UPPER GR FLOOR, PLOT NO 26, CLUB ROAD PUNJABI BAGH, NEW DELHI 110026","UPPER GR FLOOR, PLOT NO 26, CLUB ROAD PUNJABI BAGH, NEW DELHI 110026",,,
JLL - IDFC First Bank Limited,IDFC - ROHINI BRANCH,20127,kishore.sawant@jll.com,9967646007,,,DELHI,DELHI,"GROUND FLOOR, F-26/16,SECTOR 7, ROHINI,NEW DELHI-110085","GROUND FLOOR, F-26/16,SECTOR 7, ROHINI,NEW DELHI-110085",,,
JLL - IDFC First Bank Limited,IDFC - JANAKPURI BRANCH,20128,kishore.sawant@jll.com,9967646007,,,DELHI,DELHI,"GROUND  FLOOR, B-1/515JANAKPURI,NEW DELHI- 110058","GROUND  FLOOR, B-1/515JANAKPURI,NEW DELHI- 110058",,,
JLL - IDFC First Bank Limited,IDFC - DWARKA SECTOR 12 A BRANCH,20134,kishore.sawant@jll.com,9967646007,,,DELHI,DELHI,"GROUND FLOOR, PLOT NO. 23,SECTOR 12 A, DWARKA, NEW DELHI- 110078 ","GROUND FLOOR, PLOT NO. 23,SECTOR 12 A, DWARKA, NEW DELHI- 110078 ",,,
JLL - IDFC First Bank Limited,IDFC - MODEL TOWN BRANCH,20135,kishore.sawant@jll.com,9967646007,,,DELHI,DELHI,"GROUND FLOOR, D-2/3, MODEL TOWN III, NEW DELHI 110009","GROUND FLOOR, D-2/3, MODEL TOWN III, NEW DELHI 110009",,,
JLL - IDFC First Bank Limited,"IDFC - LOK VIHAR, PITAMPURA BRANCH",20136,kishore.sawant@jll.com,9967646007,,,DELHI,DELHI,"UPPER GROUND FLOOR, B-158, LOK VIHAR,PITAMPURA,NEW DELHI- 110034","UPPER GROUND FLOOR, B-158, LOK VIHAR,PITAMPURA,NEW DELHI- 110034",,,
JLL - IDFC First Bank Limited,IDFC - NEHRU PLACE BRANCH,20137,kishore.sawant@jll.com,9967646007,,,DELHI,DELHI,"GROUND FLOOR, G-5-6, SATKAR BUILDING,79-80, NEHRU PLACE,NEW DELHI- 110019","GROUND FLOOR, G-5-6, SATKAR BUILDING,79-80, NEHRU PLACE,NEW DELHI- 110019",,,
JLL - IDFC First Bank Limited,IDFC - MAYUR VIHAR BRANCH,20138,kishore.sawant@jll.com,9967646007,,,DELHI,DELHI,"GROUND FLOOR, A-10, ACHARYA NIKETAN, MAYUR VIHAR- 1, NEW DELHI -110091   ","GROUND FLOOR, A-10, ACHARYA NIKETAN, MAYUR VIHAR- 1, NEW DELHI -110091   ",,,
JLL - IDFC First Bank Limited,IDFC - NEW DELHI - MALVIYA NAGAR BRANCH,20139,kishore.sawant@jll.com,9967646007,,,DELHI,DELHI,"GROUND FLOOR, D-79,MALVIYA NAGAR,NEW DELHI – 110017","GROUND FLOOR, D-79,MALVIYA NAGAR,NEW DELHI – 110017",,,
JLL - IDFC First Bank Limited,IDFC - NEW DELHI – SAKET  BRANCH,20142,kishore.sawant@jll.com,9967646007,,,DELHI,DELHI,"UPPER GROUND FLOOR, E-154, SAKET, NEW DELHI -110017","UPPER GROUND FLOOR, E-154, SAKET, NEW DELHI -110017",,,
JLL - IDFC First Bank Limited,IDFC - NEW DELHI –  PRASHANT VIHAR BRANCH,20143,kishore.sawant@jll.com,9967646007,,,DELHI,DELHI,"GROUND FLOOR, E-8, SHOP NO.1 &2, PRASHANT VIHAR , NEW DELHI – 110085","GROUND FLOOR, E-8, SHOP NO.1 &2, PRASHANT VIHAR , NEW DELHI – 110085",,,
JLL - IDFC First Bank Limited,IDFC - VIKAS MARG BRANCH,20148,kishore.sawant@jll.com,9967646007,,,DELHI,DELHI,"GROUND FLOOR, 5, SHANKAR VIHAR, VIKAS MARG, NEAR NIRMAN  VIHAR  METRO STATION ,NEW DELHI - 110092.","GROUND FLOOR, 5, SHANKAR VIHAR, VIKAS MARG, NEAR NIRMAN  VIHAR  METRO STATION ,NEW DELHI - 110092.",,,
JLL - IDFC First Bank Limited,IDFC - BHERA ENCLAVE PASCHIM VIHAR BRANCH,20149,kishore.sawant@jll.com,9967646007,,,DELHI,DELHI,"GROUND FLOOR, H.NO- 428, BHERA ENCLAVE,PASCHIM VIHAR, NEW DELHI- 110087","GROUND FLOOR, H.NO- 428, BHERA ENCLAVE,PASCHIM VIHAR, NEW DELHI- 110087",,,
JLL - IDFC First Bank Limited,IDFC - MBL- LAXMI NAGAR,20182,kishore.sawant@jll.com,9967646007,,,DELHI,DELHI,"E66,FIRST FLOOR, PANDAV NAGAR , MAIN ROAD, LAXMI NAGAR, DELHI- 110091","E66,FIRST FLOOR, PANDAV NAGAR , MAIN ROAD, LAXMI NAGAR, DELHI- 110091",,,
JLL - IDFC First Bank Limited,IDFC - MBL- LAJPAT NAGAR,20183,kishore.sawant@jll.com,9967646007,,,DELHI,DELHI,"C-97, FIRST FLOOR, LAJPAT NAGAR-1, NEW DELHI-110024","C-97, FIRST FLOOR, LAJPAT NAGAR-1, NEW DELHI-110024",,,
JLL - IDFC First Bank Limited,IDFC - MBL - NCR-NEHRU PLACE,20186,kishore.sawant@jll.com,9967646007,,,DELHI,DELHI,"UNIT NO 1506 & 1507, 15TH FLOOR, DEVIKA TOWER, NEHRU PLACE, NEW DELHI 110019","UNIT NO 1506 & 1507, 15TH FLOOR, DEVIKA TOWER, NEHRU PLACE, NEW DELHI 110019",,,
JLL - IDFC First Bank Limited,IDFC - OKHLA INDUSTRIAL AREA - SALES HUB,20192,kishore.sawant@jll.com,9967646007,,,DELHI,DELHI,"PLOT NO. 1522/328, MCD NO. -94, OLD ISHWAR NAGAR, OKHLA INDUSTRIAL AREA, NEW DELHI.110020","PLOT NO. 1522/328, MCD NO. -94, OLD ISHWAR NAGAR, OKHLA INDUSTRIAL AREA, NEW DELHI.110020",,,
JLL - IDFC First Bank Limited,IDFC - NEW DELHI - ASHOK VIHAR BRANCH,20194,kishore.sawant@jll.com,9967646007,,,DELHI,DELHI,"GROUND FLOOR, B-2/17,ASHOK VIHAR,NEW DELHI - 110052","GROUND FLOOR, B-2/17,ASHOK VIHAR,NEW DELHI - 110052",,,
JLL - IDFC First Bank Limited,IDFC - NEW DELHI-KIRTI NAGAR BRANCH,20195,kishore.sawant@jll.com,9967646007,,,DELHI,DELHI,"UPPER GROUND FLOOR, BUILDING NO. 42,BLOCK-F,KIRTI NAGAR, NEW DELHI- 110015","UPPER GROUND FLOOR, BUILDING NO. 42,BLOCK-F,KIRTI NAGAR, NEW DELHI- 110015",,,
JLL - IDFC First Bank Limited,IDFC - MBL-MAYAPURI,20196,kishore.sawant@jll.com,9967646007,,,DELHI,DELHI,"1ST FLOOR , WZ-22 , SAGARPUR CHAWK , VASISTH PARK , NEW DELHI-110046","1ST FLOOR , WZ-22 , SAGARPUR CHAWK , VASISTH PARK , NEW DELHI-110046",,,
JLL - IDFC First Bank Limited,IDFC - NEW DELHI-JASOLA BRANCH,20197,kishore.sawant@jll.com,9967646007,,,DELHI,DELHI,"GROUND FLOOR, PLOT NO.92, POCKET-1, JASOLA, NEW -DELHI-110025","GROUND FLOOR, PLOT NO.92, POCKET-1, JASOLA, NEW -DELHI-110025",,,
JLL - IDFC First Bank Limited,IDFC - NEW DELHI -  PATEL NAGAR BRANCH,20209,kishore.sawant@jll.com,9967646007,,,DELHI,DELHI,"GROUND FLOOR, BUILDING NO. 2/12, BLOCK NO. 2W, WEST PATEL NAGAR, NEW DELHI- 110008","GROUND FLOOR, BUILDING NO. 2/12, BLOCK NO. 2W, WEST PATEL NAGAR, NEW DELHI- 110008",,,
JLL - IDFC First Bank Limited,IDFC - VASANT KUNJ,20214,kishore.sawant@jll.com,9967646007,,,DELHI,DELHI,,,,,
JLL - IDFC First Bank Limited,IDFC - NEW DELHI – KALKAJI BRANCH,20215,kishore.sawant@jll.com,9967646007,,,DELHI,DELHI,"BASEMENT AND GROUND FLOOR, L-11,NEAR MAIN ROAD, CENTRAL ZONE, KALKAJI, NEW DELHI- 110019","BASEMENT AND GROUND FLOOR, L-11,NEAR MAIN ROAD, CENTRAL ZONE, KALKAJI, NEW DELHI- 110019",,,
JLL - IDFC First Bank Limited,IDFC - Lajpat Nagar- New Delhi,20216,kishore.sawant@jll.com,9967646007,,,DELHI,DELHI,"GROUND FLOOR,HOUSE NO. B/23,LAJPAT NAGAR 2, NEW DELHI- 110024","GROUND FLOOR,HOUSE NO. B/23,LAJPAT NAGAR 2, NEW DELHI- 110024",,,
JLL - IDFC First Bank Limited,IDFC - GREATER KAILASH - I BRANCH,20217,kishore.sawant@jll.com,9967646007,,,DELHI,DELHI,"BASEMENT AND GROUND FLOOR, PLOT 68, BLOCK-M, PART -1, MARKET, GREATER KAILASH, NEW DELHI -110048","BASEMENT AND GROUND FLOOR, PLOT 68, BLOCK-M, PART -1, MARKET, GREATER KAILASH, NEW DELHI -110048",,,
JLL - IDFC First Bank Limited,IDFC - NEW DELHI DEER PARK BRANCH,20219,kishore.sawant@jll.com,9967646007,,,DELHI,DELHI,"BASEMENT & GROUND FLOOR, BLOCK AB , B-6/5,LOCAL SHOPPING CENTRE, HARSUKH MARG , SAFDARJUNG ENCLAVE ,NEW DELHI- 110029 ","BASEMENT & GROUND FLOOR, BLOCK AB , B-6/5,LOCAL SHOPPING CENTRE, HARSUKH MARG , SAFDARJUNG ENCLAVE ,NEW DELHI- 110029 ",,,
JLL - IDFC First Bank Limited,IDFC - NEW DELHI- ANAND VIHAR BRANCH,20221,kishore.sawant@jll.com,9967646007,,,DELHI,DELHI,"GROUND FLOOR, 417,JAGRITI ENCLAVE, NEW  DELHI- 110092","GROUND FLOOR, 417,JAGRITI ENCLAVE, NEW  DELHI- 110092",,,
JLL - IDFC First Bank Limited,IDFC - Hauz Khas – Delhi,20222,kishore.sawant@jll.com,9967646007,,,DELHI,DELHI,"GROUND  FLOOR, E-29, HAUZ KHAS MARKET , MAIN MARKET, NEW DELHI- 110016","GROUND  FLOOR, E-29, HAUZ KHAS MARKET , MAIN MARKET, NEW DELHI- 110016",,,
JLL - IDFC First Bank Limited,IDFC - NEW DELHI CHANDNI CHOWK  BRANCH,20224,kishore.sawant@jll.com,9967646007,,,DELHI,DELHI,"GROUND AND MEZZANINE FLOOR,PLOT NO. 1488-1489,JAGAT TALKIES DISTRIBUTORS BUILDING,CHANDNI CHOWK,NEW DELHI-110006","GROUND AND MEZZANINE FLOOR,PLOT NO. 1488-1489,JAGAT TALKIES DISTRIBUTORS BUILDING,CHANDNI CHOWK,NEW DELHI-110006",,,
JLL - IDFC First Bank Limited,IDFC - ROHINI SEC 18,20225,kishore.sawant@jll.com,9967646007,,,DELHI,DELHI,,,,,
JLL - IDFC First Bank Limited,IDFC - MBL - SHAHADRA,20226,kishore.sawant@jll.com,9967646007,,,DELHI,DELHI,"1ST FLOOR , SHUBHAM TOWER  ,PLOT NO.W-42, BHAGAT SINGH GALI, BABARPUR, SHAHDARA , NEW DELHI-110032","1ST FLOOR , SHUBHAM TOWER  ,PLOT NO.W-42, BHAGAT SINGH GALI, BABARPUR, SHAHDARA , NEW DELHI-110032",,,
JLL - IDFC First Bank Limited,IDFC - East Of Kailash,20227,kishore.sawant@jll.com,9967646007,,,DELHI,DELHI,"GROUND FLOOR, E-220, OPP. SPRING MEADOWS HOSPITAL, EAST OF KAILASH, NEW DELHI-110065","GROUND FLOOR, E-220, OPP. SPRING MEADOWS HOSPITAL, EAST OF KAILASH, NEW DELHI-110065",,,
JLL - IDFC First Bank Limited,IDFC - VIKASPURI,20228,kishore.sawant@jll.com,9967646007,,,DELHI,DELHI,,,,,
JLL - IDFC First Bank Limited,IDFC - IP EXTENSION,20229,kishore.sawant@jll.com,9967646007,,,DELHI,DELHI,"Ground and First Floor, plot no.6, RSN Arcade, Local Shopping centre, Mandawali Fazalpur CGHS, Near Kothati & Prince Society, Patparganj, Delhi -110092","Ground and First Floor, plot no.6, RSN Arcade, Local Shopping centre, Mandawali Fazalpur CGHS, Near Kothati & Prince Society, Patparganj, Delhi -110092",,,
JLL - IDFC First Bank Limited,IDFC - NEW DELHI- DWARKA SECTOR 23A BRANCH,20231,kishore.sawant@jll.com,9967646007,,,DELHI,DELHI,"GROUND FLOOR, PLOT NO. 32, SECTOR 23-A, DWARKA, NEW DELHI- 110075","GROUND FLOOR, PLOT NO. 32, SECTOR 23-A, DWARKA, NEW DELHI- 110075",,,
JLL - IDFC First Bank Limited,IDFC - NEW DELHI- GANDHI NAGAR BRANCH,20232,kishore.sawant@jll.com,9967646007,,,DELHI,DELHI,"GROUND FLOOR, NOS. 11&12, MAHILA COLONY, GANDHI NAGAR , NEAR JHEEL CHOWK, NEW DELHI- 110031","GROUND FLOOR, NOS. 11&12, MAHILA COLONY, GANDHI NAGAR , NEAR JHEEL CHOWK, NEW DELHI- 110031",,,
JLL - IDFC First Bank Limited,IDFC - TILAK NAGAR,20234,kishore.sawant@jll.com,9967646007,,,DELHI,DELHI,,,,,
JLL - IDFC First Bank Limited,IDFC - MBL - JAHANGIRPURI,20235,kishore.sawant@jll.com,9967646007,,,DELHI,DELHI,"2ND FLOOR, SHOP NO - 26 & 27 , PLOT NO -93 , KHASRA NUMBER - 877 /1 , & 1049 /1 , RAMGARH , G.T. KARNAL ROAD , JAHANGIRPURI , NEW DELHI 110033","2ND FLOOR, SHOP NO - 26 & 27 , PLOT NO -93 , KHASRA NUMBER - 877 /1 , & 1049 /1 , RAMGARH , G.T. KARNAL ROAD , JAHANGIRPURI , NEW DELHI 110033",,,
JLL - IDFC First Bank Limited,IDFC - MBL - DELHI NARELA,20239,kishore.sawant@jll.com,9967646007,,,DELHI,DELHI,"2387 A, 3RD FLOOR, ALIPUR ROAD, NARELA, DELHI 110040","2387 A, 3RD FLOOR, ALIPUR ROAD, NARELA, DELHI 110040",,,
JLL - IDFC First Bank Limited,IDFC - MBL Badarpur,20249,kishore.sawant@jll.com,9967646007,,,DELHI,DELHI,"First Floor, 416 Mathura road, Badarpur, Delhi 110044 ","First Floor, 416 Mathura road, Badarpur, Delhi 110044 ",,,
JLL - IDFC First Bank Limited,IDFC - MBL - DELHI MALVIYA NAGAR,20252,kishore.sawant@jll.com,9967646007,,,DELHI,DELHI,"SECOND FLOOR, SHOP NO.22, NEW MARKET, MALVIYA NAGAR,DELHI 110017","SECOND FLOOR, SHOP NO.22, NEW MARKET, MALVIYA NAGAR,DELHI 110017",,,
JLL - IDFC First Bank Limited,IDFC - MBL - DELHI KASHMERI GATE,20253,kishore.sawant@jll.com,9967646007,,,DELHI,DELHI,"1ST FLOOR,  PLOT NO. 27,  ABOVE SHOP NO. 69 & 70 GOKHLE MARKET TIS HAZARI, DELHI- 110054","1ST FLOOR,  PLOT NO. 27,  ABOVE SHOP NO. 69 & 70 GOKHLE MARKET TIS HAZARI, DELHI- 110054",,,
JLL - IDFC First Bank Limited,IDFC - AZADPUR BRANCH,20254,kishore.sawant@jll.com,9967646007,,,DELHI,DELHI,"BASEMENT AND GROUND FLOOR,HOUSE NO.3, 431/64/2,KEWAL PARK EXTENSION , DHIRPUR, AZADPUR, NEW DELHI- 110033","BASEMENT AND GROUND FLOOR,HOUSE NO.3, 431/64/2,KEWAL PARK EXTENSION , DHIRPUR, AZADPUR, NEW DELHI- 110033",,,
JLL - IDFC First Bank Limited,IDFC - Naraina,20255,kishore.sawant@jll.com,9967646007,,,DELHI,DELHI,"Ground floor, C-190,Ring Road, Naraina Industrial Area Phase-1, Karol Bagh , Naraina, New Delhi-110028","Ground floor, C-190,Ring Road, Naraina Industrial Area Phase-1, Karol Bagh , Naraina, New Delhi-110028",,,
JLL - IDFC First Bank Limited,IDFC - SHALIMAR BAGH BRANCH,20256,kishore.sawant@jll.com,9967646007,,,DELHI,DELHI,"BASEMENT AND GROUND FLOOR, PLOT NO. 41, BLOCK AG-41, SHALIMAR BAGH, NEW DELHI-110088","BASEMENT AND GROUND FLOOR, PLOT NO. 41, BLOCK AG-41, SHALIMAR BAGH, NEW DELHI-110088",,,
JLL - IDFC First Bank Limited,IDFC - KAMLA NAGAR BRANCH,20257,kishore.sawant@jll.com,9967646007,,,DELHI,DELHI,"BASEMENT AND GROUND FLOOR, HOUSE NO. 6469-70, PLOT NO.2, D2, BLOCK – D, KAMLA NAGAR, SUBZI MANDI, NEW DELHI- 110007","BASEMENT AND GROUND FLOOR, HOUSE NO. 6469-70, PLOT NO.2, D2, BLOCK – D, KAMLA NAGAR, SUBZI MANDI, NEW DELHI- 110007",,,
JLL - IDFC First Bank Limited,IDFC - YAMUNA VIHAR,20258,kishore.sawant@jll.com,9967646007,,,DELHI,DELHI,"Ground floor, C-3/57A, Service lane, Yamuna Vihar, New Delhi - 110053","Ground floor, C-3/57A, Service lane, Yamuna Vihar, New Delhi - 110053",,,
JLL - IDFC First Bank Limited,IDFC - Mbl - Dilshad Colony   ,22121,kishore.sawant@jll.com,9967646007,,,DELHI,DELHI," F-12,1ST FLOOR, PLOT NO.12, BLOCK- F, DISHAD GARDEN EXTENSION -1, SHAHDARA, NEW DELHI- 110095"," F-12,1ST FLOOR, PLOT NO.12, BLOCK- F, DISHAD GARDEN EXTENSION -1, SHAHDARA, NEW DELHI- 110095",,,
JLL - IDFC First Bank Limited,IDFC - Vivek bihar,22123,kishore.sawant@jll.com,9967646007,,,DELHI,DELHI,"Ground floor, C-272, Vivek Vihar -1, Vivek Vihar, Sahadara ,                Delhi - 110095","Ground floor, C-272, Vivek Vihar -1, Vivek Vihar, Sahadara ,                Delhi - 110095",,,
JLL - IDFC First Bank Limited,IDFC - Krishna Nagar,22124,kishore.sawant@jll.com,9967646007,,,DELHI,DELHI,"Ground floor, F- 2/24,A-14,EZ2, Shivpuri, Krishna Nagar, New Delhi - 110051","Ground floor, F- 2/24,A-14,EZ2, Shivpuri, Krishna Nagar, New Delhi - 110051",,,
JLL - IDFC First Bank Limited,IDFC - Sunder Nagar-Delhi,22126,kishore.sawant@jll.com,9967646007,,,DELHI,DELHI,"GROUND FLOOR, SHOP NO. 28, BLOCK NO. 171, NIZAMUDDIN WARD, CENTRAL ZONE , SUNDER NAGAR, NEW DELHI- 110003","GROUND FLOOR, SHOP NO. 28, BLOCK NO. 171, NIZAMUDDIN WARD, CENTRAL ZONE , SUNDER NAGAR, NEW DELHI- 110003",,,
JLL - IDFC First Bank Limited,IDFC - Kashmeeri Gate – Delhi,22132,kishore.sawant@jll.com,9967646007,,,DELHI,DELHI,"GROUND FLOOR, PLOT NO.  1420,1421&1424, WARD NO.II, KASHMIRI GATE ,NEW DELHI- 110006","GROUND FLOOR, PLOT NO.  1420,1421&1424, WARD NO.II, KASHMIRI GATE ,NEW DELHI- 110006",,,
JLL - IDFC First Bank Limited,IDFC - MANSAROVAR GARDEN,22142,kishore.sawant@jll.com,9967646007,,,DELHI,DELHI,,,,,
JLL - IDFC First Bank Limited,IDFC - MUKHERJEE NAGAR,22143,kishore.sawant@jll.com,9967646007,,,DELHI,DELHI,,,,,
JLL - IDFC First Bank Limited,"IDFC - EXPRESS TOWERS,ITO (SALES HUB)",39201,kishore.sawant@jll.com,9967646007,,,DELHI,DELHI,"2ND FLOOR , EXPRESS BUILDING, 9-10 BAHADUR SHAH ZAFAR MARG,NEW DELHI, NEW DELHI, NEW DELHI, 110002","2ND FLOOR , EXPRESS BUILDING, 9-10 BAHADUR SHAH ZAFAR MARG,NEW DELHI, NEW DELHI, NEW DELHI, 110002",,,
JLL - IDFC First Bank Limited,IDFC - RAJOURI GARDEN BRANCH - D,20108-1,kishore.sawant@jll.com,9967646007,,,DELHI,DELHI,,,,,
JLL - IDFC First Bank Limited,IDFC - JANAKPURI BRANCH - D,20128-1,kishore.sawant@jll.com,9967646007,,,DELHI,DELHI,,,,,
JLL - IDFC First Bank Limited,IDFC - KHATEGAON BRANCH,41171,kishore.sawant@jll.com,9967646007,,,DEWAS,MADHYA PRADESH,"GROUND FLOOR, WARD NO. 01 , NARMADA MARG,  KHATEGAON DIST. DEWAS M.P.455336","GROUND FLOOR, WARD NO. 01 , NARMADA MARG,  KHATEGAON DIST. DEWAS M.P.455336",,,
JLL - IDFC First Bank Limited,IDFC - DEWAS-JAWAHAR NAGAR,41172,kishore.sawant@jll.com,9967646007,,,DEWAS,MADHYA PRADESH,"2ND FLOOR, GULAB SHREE, PLOT NO 18/19/20,
JAWAHAR NAGAR, A.B.ROAD, DEWAS,MP  455001 ","2ND FLOOR, GULAB SHREE, PLOT NO 18/19/20,
JAWAHAR NAGAR, A.B.ROAD, DEWAS,MP  455001 ",,,
JLL - IDFC First Bank Limited,IDFC - SANWER BRANCH,41241,kishore.sawant@jll.com,9967646007,,,DEWAS,MADHYA PRADESH,"GROUND AND FIRST FLOOR, M G ROAD,VILLAGE SANWER,TEHSIL-SONKUTCH,DIST. DEWAS, MADHYA PRADESH - 455118","GROUND AND FIRST FLOOR, M G ROAD,VILLAGE SANWER,TEHSIL-SONKUTCH,DIST. DEWAS, MADHYA PRADESH - 455118",,,
JLL - IDFC First Bank Limited,IDFC - DHAMTARI BRANCH,60481,kishore.sawant@jll.com,9967646007,,,DHAMTARI,CHHATTISGARH,"GROUND FLOOR, NEW SHRI BALAJI PLAZA,NEAR GHARI CHOWK, BASTAR ROAD,DIST DHAMTARI, CHHATTISGARH : 493773","GROUND FLOOR, NEW SHRI BALAJI PLAZA,NEAR GHARI CHOWK, BASTAR ROAD,DIST DHAMTARI, CHHATTISGARH : 493773",,,
JLL - IDFC First Bank Limited,IDFC - MBL - DHANDBAD,61142,kishore.sawant@jll.com,9967646007,,,DHANBAD,JHARKHAND,"SHREE RAM COMMERCE HOUSE NO. - 1, SHASTRI NAGAR, BANK MORE, DHANBAD, PINCODE - 826001 ","SHREE RAM COMMERCE HOUSE NO. - 1, SHASTRI NAGAR, BANK MORE, DHANBAD, PINCODE - 826001 ",,,
JLL - IDFC First Bank Limited,IDFC - DHAMNOD BRANCH,41181,kishore.sawant@jll.com,9967646007,,,DHAR,MADHYA PRADESH,"GROUND FLOOR, OPP - DHAMNOD CITY SCAN CENTRE, OLD AB ROAD, TEHSIL DHARAMPURI, DHAMNOD, DHAMNOD, 454552","GROUND FLOOR, OPP - DHAMNOD CITY SCAN CENTRE, OLD AB ROAD, TEHSIL DHARAMPURI, DHAMNOD, DHAMNOD, 454552",,,
JLL - IDFC First Bank Limited,IDFC - DHAR BRANCH,41221,kishore.sawant@jll.com,9967646007,,,DHAR,MADHYA PRADESH,"PLOT NO. A-7 & A-8, SURVEY NO. 29/2, VILLAGE MAGAJPURA, DHAR, DHAR, 454001","PLOT NO. A-7 & A-8, SURVEY NO. 29/2, VILLAGE MAGAJPURA, DHAR, DHAR, 454001",,,
JLL - IDFC First Bank Limited,IDFC - RAJGARH (DHAR) BRANCH,41222,kishore.sawant@jll.com,9967646007,,,DHAR,MADHYA PRADESH,"GROUND FLOOR, NEAR HDFC BANK,, MAIN ROAD, RAJGARH, DHAR DISTRICT, RAJGARH, RAJGARH, 454116","GROUND FLOOR, NEAR HDFC BANK,, MAIN ROAD, RAJGARH, DHAR DISTRICT, RAJGARH, RAJGARH, 454116",,,
JLL - IDFC First Bank Limited,IDFC - MAKHANI BRANCH,41223,kishore.sawant@jll.com,9967646007,,,DHAR,MADHYA PRADESH,"GROUND FLOOR, VILLAGE MAKHANI,, MAHU-NEEMACH ROAD, PH NO. 45, BADNAWAR, MAKHANI, BADNAWAR, 454660","GROUND FLOOR, VILLAGE MAKHANI,, MAHU-NEEMACH ROAD, PH NO. 45, BADNAWAR, MAKHANI, BADNAWAR, 454660",,,
JLL - IDFC First Bank Limited,IDFC - DEHRIYA SARAI BRANCH,41224,kishore.sawant@jll.com,9967646007,,,DHAR,MADHYA PRADESH,"GROUND FLOOR, WARD NO.4, MAIN ROAD, P.H NO. 55, GHATABILLOD, DEHRIYA SARAI, DIST DHAR, MADHYA PRADESH -  454773","GROUND FLOOR, WARD NO.4, MAIN ROAD, P.H NO. 55, GHATABILLOD, DEHRIYA SARAI, DIST DHAR, MADHYA PRADESH -  454773",,,
JLL - IDFC First Bank Limited,IDFC - BADNAWAR BRANCH,41225,kishore.sawant@jll.com,9967646007,,,DHAR,MADHYA PRADESH,"BADNAWAR BRANCH, DHAR DISTRICT, MANDI BYPASS ROAD, BADNAWAR, BADNAWAR, 454660","BADNAWAR BRANCH, DHAR DISTRICT, MANDI BYPASS ROAD, BADNAWAR, BADNAWAR, 454660",,,
JLL - IDFC First Bank Limited,IDFC - PITHAMPURA-SECTOR 1,41226,kishore.sawant@jll.com,9967646007,,,DHAR,MADHYA PRADESH,"NO.44, SECTOR -1, CHATRA CHAYYA GATE, BESIDE CENTRAL BANK, PITHAMPUR, INDORE, MP - 454774","NO.44, SECTOR -1, CHATRA CHAYYA GATE, BESIDE CENTRAL BANK, PITHAMPUR, INDORE, MP - 454774",,,
JLL - IDFC First Bank Limited,IDFC - DHENKENAL BRANCH,60701,kishore.sawant@jll.com,9967646007,,,DHENKANAL,ODISHA,"GROUND FLOOR, PLOT NO. 1630/6705 &1631/6706, NUASASAN CHOWK, DISTRICT DHENKENAL – 759001","GROUND FLOOR, PLOT NO. 1630/6705 &1631/6706, NUASASAN CHOWK, DISTRICT DHENKENAL – 759001",,,
JLL - IDFC First Bank Limited,IDFC - SHIRPUR BRANCH,43681,kishore.sawant@jll.com,9967646007,,,DHULE,MAHARASHTRA,"GROUND FLOOR , PLOT NO. 17,KHODAL VILLA , KRANTIVEER DADUSINGH CO-OP HOUSING SOCIETY LIMITED, VILLAGE – SHIRPUR BUDRUK, TALUKA -DISTRICT DHULE- 425405","GROUND FLOOR , PLOT NO. 17,KHODAL VILLA , KRANTIVEER DADUSINGH CO-OP HOUSING SOCIETY LIMITED, VILLAGE – SHIRPUR BUDRUK, TALUKA -DISTRICT DHULE- 425405",,,
JLL - IDFC First Bank Limited,IDFC - SHILLONG BRANCH,60201,kishore.sawant@jll.com,9967646007,,,EAST KHASI HILLS,MEGHALAYA,"V/N HARDWARE BUILDING, DEMSEINIONG, LAITHUMKR, OPP NEEPCO OFFICE, EAST SHILLONG, SHILLONG, SHILLONG, 793011","V/N HARDWARE BUILDING, DEMSEINIONG, LAITHUMKR, OPP NEEPCO OFFICE, EAST SHILLONG, SHILLONG, SHILLONG, 793011",,,
JLL - IDFC First Bank Limited,IDFC - CHHANERA BRANCH,41301,kishore.sawant@jll.com,9967646007,,,EAST NIMAR,MADHYA PRADESH,"KHASRA NO. 163/2, WAR NO.10, STATION ROAD, KHANDWA, CHHNERA (NEW HARSUD), 450116","KHASRA NO. 163/2, WAR NO.10, STATION ROAD, KHANDWA, CHHNERA (NEW HARSUD), 450116",,,
JLL - IDFC First Bank Limited,IDFC - KHANDWA BRANCH,41302,kishore.sawant@jll.com,9967646007,,,EAST NIMAR,MADHYA PRADESH,"UNIT NO. 1, 2, 19, 20, 21 & 22, UPPER GROUND, LANDMARK ONE MALL, PLOT. NO.104 & 105, PANDHANA ROAD, WARD NO.26, 450001","UNIT NO. 1, 2, 19, 20, 21 & 22, UPPER GROUND, LANDMARK ONE MALL, PLOT. NO.104 & 105, PANDHANA ROAD, WARD NO.26, 450001",,,
JLL - IDFC First Bank Limited,IDFC - PANDHANA BRANCH,41303,kishore.sawant@jll.com,9967646007,,,EAST NIMAR,MADHYA PRADESH,"GROUND FLOOR, WARD NO.14, DIWAL ROAD, KHANDWA, NEAR CHURCH, 450661","GROUND FLOOR, WARD NO.14, DIWAL ROAD, KHANDWA, NEAR CHURCH, 450661",,,
JLL - IDFC First Bank Limited,IDFC - MBL - KHANDWA,41304,kishore.sawant@jll.com,9967646007,,,EAST NIMAR,MADHYA PRADESH,"SECOND FLOOR, TRADE CENTER, INDORE MAIN ROAD, PADAWA, KHANDWA, M.P. PIN-450001","SECOND FLOOR, TRADE CENTER, INDORE MAIN ROAD, PADAWA, KHANDWA, M.P. PIN-450001",,,
JLL - IDFC First Bank Limited,IDFC - FARIDABAD SECTOR 16 BRANCH,21311,kishore.sawant@jll.com,9967646007,,,FARIDABAD,HARYANA,"UPPER GROUND FLOOR SCO102-103, DWARKA COMPLEX, SECTOR 16, FARIDABAD, HARYANA 121002","UPPER GROUND FLOOR SCO102-103, DWARKA COMPLEX, SECTOR 16, FARIDABAD, HARYANA 121002",,,
JLL - IDFC First Bank Limited,IDFC - FARIDABAD-RAILWAY ROAD,21312,kishore.sawant@jll.com,9967646007,,,FARIDABAD,HARYANA,"2ND FLOOR, ND 131A, SUB DIV. A RAILWAY ROAD, OPP BANKE BIHARI MANDIR, N.H.V, NIT FARIDABAD 121001","2ND FLOOR, ND 131A, SUB DIV. A RAILWAY ROAD, OPP BANKE BIHARI MANDIR, N.H.V, NIT FARIDABAD 121001",,,
JLL - IDFC First Bank Limited,IDFC - NIT-FARIDABAD BRANCH,21313,kishore.sawant@jll.com,9967646007,,,FARIDABAD,HARYANA,"SHOP NO. 33-34,PLOT.NO 21-22-23-24, RAMI SHOPPING COMPLEX,NEIGHBORHOOD 1 , OPP. TIKONA PARK MARKET,FARIDABAD NIT - 121001","SHOP NO. 33-34,PLOT.NO 21-22-23-24, RAMI SHOPPING COMPLEX,NEIGHBORHOOD 1 , OPP. TIKONA PARK MARKET,FARIDABAD NIT - 121001",,,
JLL - IDFC First Bank Limited,"IDFC - FARIDABAD SECTOR -21 C,  BRANCH",21314,kishore.sawant@jll.com,9967646007,,,FARIDABAD,HARYANA,"GROUND FLOOR, SCO-150,SECTOR  21-C, HUDA MARKET, FARIDABAD -121001","GROUND FLOOR, SCO-150,SECTOR  21-C, HUDA MARKET, FARIDABAD -121001",,,
JLL - IDFC First Bank Limited,IDFC - MBL - FARIDKOT,21861,kishore.sawant@jll.com,9967646007,,,FARIDKOT,PUNJAB,"FIRST FLOOR,BX13,CIRCULAR ROAD, FARIDKOT, PUNJAB- 151203","FIRST FLOOR,BX13,CIRCULAR ROAD, FARIDKOT, PUNJAB- 151203",,,
JLL - IDFC First Bank Limited,IDFC - Sirhind,22251,kishore.sawant@jll.com,9967646007,,,FATEHGARH SAHIB,PUNJAB,"Upper Ground &First floor, khatauni No. 356/489 , Rakba, Bassi Road , Sirhind, Fatehgarh Sahib, Punjab- 140406","Upper Ground &First floor, khatauni No. 356/489 , Rakba, Bassi Road , Sirhind, Fatehgarh Sahib, Punjab- 140406",,,
JLL - IDFC First Bank Limited,IDFC - MANSA BRANCH,42341,kishore.sawant@jll.com,9967646007,,,GANDHINAGAR,GUJARAT,"GROUND AND 1ST FLOOR , GF6,GF7,GF8,FF6,FF7,FF8 , MUKTANAND COMPLEX, GANDHINAGAR ROAD, MANSA - 382845","GROUND AND 1ST FLOOR , GF6,GF7,GF8,FF6,FF7,FF8 , MUKTANAND COMPLEX, GANDHINAGAR ROAD, MANSA - 382845",,,
JLL - IDFC First Bank Limited,IDFC - KALOL BRANCH,42342,kishore.sawant@jll.com,9967646007,,,GANDHINAGAR,GUJARAT,"GROUND FLOOR AND FIRST FLOOR, PARIVAR COMPLEX, KALOL, AHMEDABAD BYPASS ROAD, KALOL, 382721","GROUND FLOOR AND FIRST FLOOR, PARIVAR COMPLEX, KALOL, AHMEDABAD BYPASS ROAD, KALOL, 382721",,,
JLL - IDFC First Bank Limited,IDFC - GANDHINAGAR BRANCH,42343,kishore.sawant@jll.com,9967646007,,,GANDHINAGAR,GUJARAT,"GROUND FLOOR, PLOT. 318, SECTOR 16, GH ROAD, GANDHINAGAR 382016","GROUND FLOOR, PLOT. 318, SECTOR 16, GH ROAD, GANDHINAGAR 382016",,,
JLL - IDFC First Bank Limited,IDFC - DAHEGAM BRANCH,42344,kishore.sawant@jll.com,9967646007,,,GANDHINAGAR,GUJARAT,"BALMUKUND SQUARE,SHOP 56 ,57,58 AND SHOP NO. 151,152,153 & 154,GROUND FLOOR  &  FIRST FLOOR, OPP ADMI SOCIETY ,DAHEGAM-382305, DISTRICT GANDHINAGAR, GUJARAT","BALMUKUND SQUARE,SHOP 56 ,57,58 AND SHOP NO. 151,152,153 & 154,GROUND FLOOR  &  FIRST FLOOR, OPP ADMI SOCIETY ,DAHEGAM-382305, DISTRICT GANDHINAGAR, GUJARAT",,,
JLL - IDFC First Bank Limited,IDFC - Gangtok,61232,kishore.sawant@jll.com,9967646007,,,GANGTOK,SIKKIM,"Ground and First floor, Jeewan Theeng Marg, New Orchid Guest  House, Block no.1, Plot No.1, Behind Gangtok Bazar,Gangtok, East Sikkim- 737101","Ground and First floor, Jeewan Theeng Marg, New Orchid Guest  House, Block no.1, Plot No.1, Behind Gangtok Bazar,Gangtok, East Sikkim- 737101",,,
JLL - IDFC First Bank Limited,IDFC - HINJILICUT BRANCH,60741,kishore.sawant@jll.com,9967646007,,,GANJAM,ODISHA,"GROUND FLOOR, PLOT NO. 733(P), HINJILICUT MAIN ROAD,NARAYAN NAGAR, NEAR SUB REGISTRAR OFFICE, HINJILICUT - 761102.DISTT. GANJAM, ODISHA","GROUND FLOOR, PLOT NO. 733(P), HINJILICUT MAIN ROAD,NARAYAN NAGAR, NEAR SUB REGISTRAR OFFICE, HINJILICUT - 761102.DISTT. GANJAM, ODISHA",,,
JLL - IDFC First Bank Limited,IDFC - BHANJANAGAR BRANCH,60742,kishore.sawant@jll.com,9967646007,,,GANJAM,ODISHA,"GROUND FLOOR, PLOT NO. 2149,P.S.NO.89/1, TEHSIL- GHUMUSARA, KHATA NO. 1692, KISSAM GHARABARI, DIST.GAMJAM BHANJANAGAR , ORISSA- 761126","GROUND FLOOR, PLOT NO. 2149,P.S.NO.89/1, TEHSIL- GHUMUSARA, KHATA NO. 1692, KISSAM GHARABARI, DIST.GAMJAM BHANJANAGAR , ORISSA- 761126",,,
JLL - IDFC First Bank Limited,IDFC - Berhampur,60743,kishore.sawant@jll.com,9967646007,,,GANJAM,ODISHA,"Ground floor, plot no. 1135/1501, ST. Vincent Convent school Road, Dist.Ganjam, Berhampur, Odisha- 760001 ","Ground floor, plot no. 1135/1501, ST. Vincent Convent school Road, Dist.Ganjam, Berhampur, Odisha- 760001 ",,,
JLL - IDFC First Bank Limited,IDFC - RAJIM BRANCH,60581,kishore.sawant@jll.com,9967646007,,,GARIABAND,CHHATTISGARH,"WARD NO.11,SONKAR COMPLEX, SUNDAR LAL SHARMA CHOWK, GARIYABAND ROAD,  DIST. GARIYABAND, RAJIM – 493885- RAIPUR. CHHATTISGARH","WARD NO.11,SONKAR COMPLEX, SUNDAR LAL SHARMA CHOWK, GARIYABAND ROAD,  DIST. GARIYABAND, RAJIM – 493885- RAIPUR. CHHATTISGARH",,,
JLL - IDFC First Bank Limited,IDFC - KAUSHAMBI BRANCH,20146,kishore.sawant@jll.com,9967646007,,,GHAZIABAD,UTTAR PRADESH,"GROUND FLOOR, PLOT NO. 5,  MAIN MARKET, KAUSHAMBI , GHAZIABAD- 201012","GROUND FLOOR, PLOT NO. 5,  MAIN MARKET, KAUSHAMBI , GHAZIABAD- 201012",,,
JLL - IDFC First Bank Limited,IDFC - GHAZIABAD-NAVYUG MARKET,21411,kishore.sawant@jll.com,9967646007,,,GHAZIABAD,UTTAR PRADESH,"1ST FLOOR, 113/19, NAVYUG MARKET, GHAZIABAD - 251001","1ST FLOOR, 113/19, NAVYUG MARKET, GHAZIABAD - 251001",,,
JLL - IDFC First Bank Limited,IDFC - RAJ NAGAR GHAZIABAD BRANCH,21412,kishore.sawant@jll.com,9967646007,,,GHAZIABAD,UTTAR PRADESH,"GROUND FLOOR, C-53 A, RAJ NAGAR DISTRICT CENTRE, GHAZIABAD 201001","GROUND FLOOR, C-53 A, RAJ NAGAR DISTRICT CENTRE, GHAZIABAD 201001",,,
JLL - IDFC First Bank Limited,IDFC - CROSSING REPUBLIC - GHAZIABAD BRANCH,21413,kishore.sawant@jll.com,9967646007,,,GHAZIABAD,UTTAR PRADESH,"GROUND FLOOR, SHOP NO.1, GH-6, PANCHSHEEL  WELL BAZAR,CROSSING REPLUBLIC,GHAZIABAD - 201016.","GROUND FLOOR, SHOP NO.1, GH-6, PANCHSHEEL  WELL BAZAR,CROSSING REPLUBLIC,GHAZIABAD - 201016.",,,
JLL - IDFC First Bank Limited,IDFC - VASUNDHARA GHAZIABAD BRANCH,21414,kishore.sawant@jll.com,9967646007,,,GHAZIABAD,UTTAR PRADESH,"UPPER GROUND FLOOR, C-10,SECTOR -15, VASUNDHARA,GHAZIABAD- 201012","UPPER GROUND FLOOR, C-10,SECTOR -15, VASUNDHARA,GHAZIABAD- 201012",,,
JLL - IDFC First Bank Limited,IDFC - MBL - GHAZIABAD,21415,kishore.sawant@jll.com,9967646007,,,GHAZIABAD,UTTAR PRADESH,"GROUND FLOOR , PLOT NO-113/16 , NAVYUG MARKET , GHAZIABAD-201001","GROUND FLOOR , PLOT NO-113/16 , NAVYUG MARKET , GHAZIABAD-201001",,,
JLL - IDFC First Bank Limited,IDFC - GHAZIABAD INDIRAPURAM BRANCH,21416,kishore.sawant@jll.com,9967646007,,,GHAZIABAD,UTTAR PRADESH,"GROUND FLOOR, UNIT NO. AG-21-22, ADITYA CITY CENTRE,PLOT NO. C/GH-3, VAIBHAV KHAND, INDIRAPURAM , GHAZIABAD - 201014","GROUND FLOOR, UNIT NO. AG-21-22, ADITYA CITY CENTRE,PLOT NO. C/GH-3, VAIBHAV KHAND, INDIRAPURAM , GHAZIABAD - 201014",,,
JLL - IDFC First Bank Limited,IDFC - MBL - Ghaziabad Rajendra Nagar,21419,kishore.sawant@jll.com,9967646007,,,GHAZIABAD,UTTAR PRADESH,"FIRST FLOOR, PLOT NO. 76, COMMERCIAL MARKET, SEC 5,RAJENDRA NAGAR,GHAZIABAD,U.P. - 201005 ","FIRST FLOOR, PLOT NO. 76, COMMERCIAL MARKET, SEC 5,RAJENDRA NAGAR,GHAZIABAD,U.P. - 201005 ",,,
JLL - IDFC First Bank Limited,IDFC - Rajendra Nagar Ghaziabad,21421,kishore.sawant@jll.com,9967646007,,,GHAZIABAD,UTTAR PRADESH,"Ground and First Floor, Plot no.1, Panchsheel Park, G.T Road, Rajendra Nagar, Hadbast,  Ghaziabad, Uttar Pradesh- 201005","Ground and First Floor, Plot no.1, Panchsheel Park, G.T Road, Rajendra Nagar, Hadbast,  Ghaziabad, Uttar Pradesh- 201005",,,
JLL - IDFC First Bank Limited,IDFC - GORAKHPUR BRANCH,21561,kishore.sawant@jll.com,9967646007,,,GORAKHPUR,UTTAR PRADESH,"GROUND FLOOR, BUILDING NO.10, SHRINATH COMPLEX, PARK ROAD, CIVIL LINES , GORAKHPUR-273001","GROUND FLOOR, BUILDING NO.10, SHRINATH COMPLEX, PARK ROAD, CIVIL LINES , GORAKHPUR-273001",,,
JLL - IDFC First Bank Limited,IDFC - GULARIHA BRANCH,21563,kishore.sawant@jll.com,9967646007,,,GORAKHPUR,UTTAR PRADESH,"GROUND FLOOR, JHUNGIYA BAZAR , KHASRA/ARAZI NO. 465 ,  VILLAGE GULARIHA (HAVELI), TEHSIL SADAR , DISTRICT GORAKHPUR, UTTAR PRADESH- 273013","GROUND FLOOR, JHUNGIYA BAZAR , KHASRA/ARAZI NO. 465 ,  VILLAGE GULARIHA (HAVELI), TEHSIL SADAR , DISTRICT GORAKHPUR, UTTAR PRADESH- 273013",,,
JLL - IDFC First Bank Limited,IDFC - MBL - GUNA,43761,kishore.sawant@jll.com,9967646007,,,GUNA,MADHYA PRADESH,"FIRST FLOOR, ABOVE TVS SHOWROOM,  OLD AB ROAD, GUNA ( M.P ), PIN-473001","FIRST FLOOR, ABOVE TVS SHOWROOM,  OLD AB ROAD, GUNA ( M.P ), PIN-473001",,,
JLL - IDFC First Bank Limited,IDFC - GUNA,43762,kishore.sawant@jll.com,9967646007,,,GUNA,MADHYA PRADESH,"Ground floor, P.H.No.2, A.B.Road, Kushmoda, Guna, Madhya Pradesh - 473001","Ground floor, P.H.No.2, A.B.Road, Kushmoda, Guna, Madhya Pradesh - 473001",,,
JLL - IDFC First Bank Limited,IDFC - GURGAON SOHNA ROAD BRANCH,20129,kishore.sawant@jll.com,9967646007,,,GURUGRAM,GURGAON-HARYANA,"GROUND FLOOR, UNIT NO 110-111, SPACE PLATINUM TOWER, SOHNA ROAD, GURGOAN 122101","GROUND FLOOR, UNIT NO 110-111, SPACE PLATINUM TOWER, SOHNA ROAD, GURGOAN 122101",,,
JLL - IDFC First Bank Limited,IDFC - GURGAON GALLERIA BRANCH,20131,kishore.sawant@jll.com,9967646007,,,GURUGRAM,GURGAON-HARYANA,"GROUND FLOOR, GL-28-A, CROSS POINT, DLF, PHASE IV, GURGAON 122002","GROUND FLOOR, GL-28-A, CROSS POINT, DLF, PHASE IV, GURGAON 122002",,,
JLL - IDFC First Bank Limited,IDFC - GURGAON GOLF COURSE EXTENSION ROAD BRANCH,20132,kishore.sawant@jll.com,9967646007,,,GURUGRAM,GURGAON-HARYANA,"UNIT NO.18- A, GR FLOOR, SPLENDER TRADE TOWER, GOLF COURSE EXT. ROAD, GURGOAN 122102 ","UNIT NO.18- A, GR FLOOR, SPLENDER TRADE TOWER, GOLF COURSE EXT. ROAD, GURGOAN 122102 ",,,
JLL - IDFC First Bank Limited,IDFC - GURGAON ARJUN MARG DLF –PHASE 1 BRANCH,20133,kishore.sawant@jll.com,9967646007,,,GURUGRAM,GURGAON-HARYANA,"SHOP NO. 18, GR FLOOR, ARJUN MARG SHOPPING MALL, DLF-PHASE 1, GURGOAN 122002 ","SHOP NO. 18, GR FLOOR, ARJUN MARG SHOPPING MALL, DLF-PHASE 1, GURGOAN 122002 ",,,
JLL - IDFC First Bank Limited,"IDFC - GURGAON ROSEWOOD CITY, SECTOR-49 BRANCH",20144,kishore.sawant@jll.com,9967646007,,,GURUGRAM,GURGAON-HARYANA,"GROUND FLOOR, G-31-32,EROS CITY SQUARE, SECTOR-49,GURGOAN-122018","GROUND FLOOR, G-31-32,EROS CITY SQUARE, SECTOR-49,GURGOAN-122018",,,
JLL - IDFC First Bank Limited,IDFC - GURGAON - GOLF COURSE ROAD BRANCH,21001,kishore.sawant@jll.com,9967646007,,,GURUGRAM,GURGAON-HARYANA,"GROUND FLOOR, UNIT NUMBER CG-01 A & 01 B, PALM SPRING PLAZA, GOLF COURSE ROAD, GURGAON, HARYANA 122002.","GROUND FLOOR, UNIT NUMBER CG-01 A & 01 B, PALM SPRING PLAZA, GOLF COURSE ROAD, GURGAON, HARYANA 122002.",,,
JLL - IDFC First Bank Limited,IDFC - GURGAON M.G. ROAD BRANCH,21002,kishore.sawant@jll.com,9967646007,,,GURUGRAM,GURGAON-HARYANA,"GROUND FLOOR, 3A, MEGA CITY MALL, M.G. ROAD, GURGAON 122002","GROUND FLOOR, 3A, MEGA CITY MALL, M.G. ROAD, GURGAON 122002",,,
JLL - IDFC First Bank Limited,IDFC - GURGAON SECTOR 14 BRANCH,21003,kishore.sawant@jll.com,9967646007,,,GURUGRAM,GURGAON-HARYANA,"FIRST FLOOR, SCO 23, SECTOR 14, GURGAON 122001","FIRST FLOOR, SCO 23, SECTOR 14, GURGAON 122001",,,
JLL - IDFC First Bank Limited,IDFC - GURUGRAM-SECTOR14,21004,kishore.sawant@jll.com,9967646007,,,GURUGRAM,GURGAON-HARYANA,"1ST FLOOR, SCF 26, SECTOR 14, GURUGRAM-122002","1ST FLOOR, SCF 26, SECTOR 14, GURUGRAM-122002",,,
JLL - IDFC First Bank Limited,IDFC - GURGAON SECTOR 15 BRANCH,21005,kishore.sawant@jll.com,9967646007,,,GURUGRAM,GURGAON-HARYANA,"GROUND FLOOR, BOOTH NO. 74,SECTOR 15/2, GURGAON-122001","GROUND FLOOR, BOOTH NO. 74,SECTOR 15/2, GURGAON-122001",,,
JLL - IDFC First Bank Limited,IDFC - GURGAON SECTOR 23 PALAM VIHAR BRANCH,21006,kishore.sawant@jll.com,9967646007,,,GURUGRAM,GURGAON-HARYANA,"GROUND FLOOR- SHOP NO. 26,SECTOR 23,PALAM VIHAR,GURGAON - 122017","GROUND FLOOR- SHOP NO. 26,SECTOR 23,PALAM VIHAR,GURGAON - 122017",,,
JLL - IDFC First Bank Limited,IDFC - GURGAON SECTOR 47 SATYA ELEMENT ONE BRANCH,21007,kishore.sawant@jll.com,9967646007,,,GURUGRAM,GURGAON-HARYANA,"GROUND FLOOR, AG-17, SATYA ELEMENT ONE,SECTOR -47,GURGAON 122002 ","GROUND FLOOR, AG-17, SATYA ELEMENT ONE,SECTOR -47,GURGAON 122002 ",,,
JLL - IDFC First Bank Limited,IDFC - GURGAON SECTOR 57- BESTECH CENTRAL SQUARE BRANCH,21008,kishore.sawant@jll.com,9967646007,,,GURUGRAM,GURGAON-HARYANA,"UPPER GROUND, UG - 15, BESTECH CENTRAL SQUARE,G BLOCK , PHASE 2, SECTOR 57,GURGOAN - 122002","UPPER GROUND, UG - 15, BESTECH CENTRAL SQUARE,G BLOCK , PHASE 2, SECTOR 57,GURGOAN - 122002",,,
JLL - IDFC First Bank Limited,IDFC - GURGAON SECTOR 10A BRANCH,21009,kishore.sawant@jll.com,9967646007,,,GURUGRAM,GURGAON-HARYANA,"GROUND FLOOR, SCO-94,SECTOR10A , GURGAON - 122018","GROUND FLOOR, SCO-94,SECTOR10A , GURGAON - 122018",,,
JLL - IDFC First Bank Limited,IDFC - GURGAON SADAR BAZAAR BRANCH,21011,kishore.sawant@jll.com,9967646007,,,GURUGRAM,GURGAON-HARYANA,"GROUND FLOOR, SHOP NO. 4,  NEW COLONY MORE, OLD RAILWAY ROAD, SADAR BAZAR , GURGAON- 122001","GROUND FLOOR, SHOP NO. 4,  NEW COLONY MORE, OLD RAILWAY ROAD, SADAR BAZAR , GURGAON- 122001",,,
JLL - IDFC First Bank Limited,IDFC - GURGAON SUSHANT LOK-I BRANCH,21012,kishore.sawant@jll.com,9967646007,,,GURUGRAM,GURGAON-HARYANA,"GROUND FLOOR, UNIT NO. 4-B, UNITECH TRADE CENTRE, SUSHANT LOK, SECTOR- 43, PHASE -1, GURGOAN - 122001","GROUND FLOOR, UNIT NO. 4-B, UNITECH TRADE CENTRE, SUSHANT LOK, SECTOR- 43, PHASE -1, GURGOAN - 122001",,,
JLL - IDFC First Bank Limited,IDFC - GURGAON – SEC 82 BRANCH,21013,kishore.sawant@jll.com,9967646007,,,GURUGRAM,GURGAON-HARYANA,"GROUND FLOOR, PROPERTY NO. A -002, TOWN SQUARE,SECTOR 82-A, GURUGRAM- 122004","GROUND FLOOR, PROPERTY NO. A -002, TOWN SQUARE,SECTOR 82-A, GURUGRAM- 122004",,,
JLL - IDFC First Bank Limited,IDFC - GURGAON - UDYOG VIHAR BRANCH,21014,kishore.sawant@jll.com,9967646007,,,GURUGRAM,GURGAON-HARYANA,"GROUND  FLOOR, UNIT NO. 5, ENKAY CENTRE, UDYOG VIHAR, GURGAON- 122016","GROUND  FLOOR, UNIT NO. 5, ENKAY CENTRE, UDYOG VIHAR, GURGAON- 122016",,,
JLL - IDFC First Bank Limited,IDFC - GURGAON – MANESAR BRANCH,21015,kishore.sawant@jll.com,9967646007,,,GURUGRAM,GURGAON-HARYANA,"GROUND FLOOR, SHOP NO. 7 &31,EROS CORPORATE PARK, SECTOR 2, K BLOCK, IMT MANESAR, GURUGRAM-122052","GROUND FLOOR, SHOP NO. 7 &31,EROS CORPORATE PARK, SECTOR 2, K BLOCK, IMT MANESAR, GURUGRAM-122052",,,
JLL - IDFC First Bank Limited,IDFC - Gurgaon Sec 46,21016,kishore.sawant@jll.com,9967646007,,,GURUGRAM,GURGAON-HARYANA,"Basement and Ground floor, SCO-140,sector -46, Urban Estate, Gurgaon, Haryana-122001","Basement and Ground floor, SCO-140,sector -46, Urban Estate, Gurgaon, Haryana-122001",,,
JLL - IDFC First Bank Limited,IDFC - SUSHANT LOK -SALES HUB,21017,kishore.sawant@jll.com,9967646007,,,GURUGRAM,GURGAON-HARYANA,"UNIT-10, 1ST FLOOR, VIPUL SQUARE, SUSHANT LOK, PHASE-1,GURGAON- 122009","UNIT-10, 1ST FLOOR, VIPUL SQUARE, SUSHANT LOK, PHASE-1,GURGAON- 122009",,,
JLL - IDFC First Bank Limited,IDFC - GURGAON - SECTOR 31 BRANCH,21019,kishore.sawant@jll.com,9967646007,,,GURUGRAM,GURGAON-HARYANA,"GROUND FLOOR,   SCO-.24  ,SCO/F,SECTOR-31-32A,URBAN ESTATE, HUDA MARKET ,GURUGRAM , HARYANA 122001 ","GROUND FLOOR,   SCO-.24  ,SCO/F,SECTOR-31-32A,URBAN ESTATE, HUDA MARKET ,GURUGRAM , HARYANA 122001 ",,,
JLL - IDFC First Bank Limited,"IDFC - ORCHID BUSINESS PARK,GURGAON, (SALES HUB)",39202,kishore.sawant@jll.com,9967646007,,,GURUGRAM,GURGAON-HARYANA,"1ST FLOOR ,ORCHID BUSINESS PARK, SOHNA ROAD  GURGAON,HARYANA ? 122002, GURGAON, GURGAON, 122002","1ST FLOOR ,ORCHID BUSINESS PARK, SOHNA ROAD  GURGAON,HARYANA ? 122002, GURGAON, GURGAON, 122002",,,
JLL - IDFC First Bank Limited,IDFC - GWALIOR,42681,kishore.sawant@jll.com,9967646007,,,GWALIOR,MADHYA PRADESH,"1ST FLOOR, IS TOWER, MADHAV RAO SCINDIA MARG, CITY CENTER, GWALIOR , MADHYA PRADESH - 474011","1ST FLOOR, IS TOWER, MADHAV RAO SCINDIA MARG, CITY CENTER, GWALIOR , MADHYA PRADESH - 474011",,,
JLL - IDFC First Bank Limited,IDFC - GWALIOR BRANCH - MP,42682,kishore.sawant@jll.com,9967646007,,,GWALIOR,MADHYA PRADESH,"GROUND FLOOR, PLOT NO.101 &102, HOUSE NO. 5323 &5324, PATEL NAGAR, CITY CENTRE, GWALIOR, MADHYA PRADESH -474011","GROUND FLOOR, PLOT NO.101 &102, HOUSE NO. 5323 &5324, PATEL NAGAR, CITY CENTRE, GWALIOR, MADHYA PRADESH -474011",,,
JLL - IDFC First Bank Limited,IDFC - MBL - GWALIOR LASHKAR,42684,kishore.sawant@jll.com,9967646007,,,GWALIOR,MADHYA PRADESH,"SECOND FLOOR, J K PLAZA, GAST KA TAZIA, LASKAR, GWALIOR, M.P. PIN-474001","SECOND FLOOR, J K PLAZA, GAST KA TAZIA, LASKAR, GWALIOR, M.P. PIN-474001",,,
JLL - IDFC First Bank Limited,IDFC - MBL-HAPUR,20204,kishore.sawant@jll.com,9967646007,,,HAPUR,UTTAR PRADESH,"2ND FLOOR, OM SQUARE, DELHI ROAD, HAPUR - UP 245101","2ND FLOOR, OM SQUARE, DELHI ROAD, HAPUR - UP 245101",,,
JLL - IDFC First Bank Limited,IDFC - TIMURNI  BRANCH,41111,kishore.sawant@jll.com,9967646007,,,HARDA,MADHYA PRADESH,"GROUND & FIRST FLOOR, HARDA ROAD, TIMURNI, TIMURNI, 461228","GROUND & FIRST FLOOR, HARDA ROAD, TIMURNI, TIMURNI, 461228",,,
JLL - IDFC First Bank Limited,IDFC - UDA  BRANCH,41201,kishore.sawant@jll.com,9967646007,,,HARDA,MADHYA PRADESH,"GROUND FLOOR, HARDA ROAD, VILLAGE UDA, UDA, VILLAGE UDA, 461331","GROUND FLOOR, HARDA ROAD, VILLAGE UDA, UDA, VILLAGE UDA, 461331",,,
JLL - IDFC First Bank Limited,IDFC - TAJPURA  BRANCH,41202,kishore.sawant@jll.com,9967646007,,,HARDA,MADHYA PRADESH,"GROUND FLOOR, MAIN ROAD, VILLAGE TAJPURA, TAJPURA, TEHSIL TIMARNI, 461288","GROUND FLOOR, MAIN ROAD, VILLAGE TAJPURA, TAJPURA, TEHSIL TIMARNI, 461288",,,
JLL - IDFC First Bank Limited,IDFC - HARDA BRANCH,41203,kishore.sawant@jll.com,9967646007,,,HARDA,MADHYA PRADESH,"GROUND FLOOR,WARD NO.16,SARDAR VALLABHBHAI PATEL WARD, BAFNA TOWER,NAGEEN COLONY(BAFNA COLONY), INDORE ROAD, HARDA, MADHYA PRADESH- 461331","GROUND FLOOR,WARD NO.16,SARDAR VALLABHBHAI PATEL WARD, BAFNA TOWER,NAGEEN COLONY(BAFNA COLONY), INDORE ROAD, HARDA, MADHYA PRADESH- 461331",,,
JLL - IDFC First Bank Limited,IDFC - KHIRKIAN BRANCH,41204,kishore.sawant@jll.com,9967646007,,,HARDA,MADHYA PRADESH,"GROUND FLOOR, MARVADI GALI, JAWAHARLAL NEHRU  WARD NO. 7, DISTRICT : HARDA, KHIRKHIYA, MADHYA PRADESH - 461441","GROUND FLOOR, MARVADI GALI, JAWAHARLAL NEHRU  WARD NO. 7, DISTRICT : HARDA, KHIRKHIYA, MADHYA PRADESH - 461441",,,
JLL - IDFC First Bank Limited,IDFC - HARIDWAR BRANCH,21791,kishore.sawant@jll.com,9967646007,,,HARIDWAR,UTTARAKHAND,"UPPER GROUND FLOOR, PLOT NO.12, GRAM AHEMDPUR KADACH , PARGANA JWALAPUR,  NEW HARIDWAR, UTTARAKHAND- 249401","UPPER GROUND FLOOR, PLOT NO.12, GRAM AHEMDPUR KADACH , PARGANA JWALAPUR,  NEW HARIDWAR, UTTARAKHAND- 249401",,,
JLL - IDFC First Bank Limited,IDFC - HISAR BRANCH,21601,kishore.sawant@jll.com,9967646007,,,HISAR,HARYANA,"BASEMENT AND GROUND FLOOR OF SCO 154, RED SQUARE MARKET, NEAR TELEPHONE EXCHANGE, HISSAR HARYANA -125001","BASEMENT AND GROUND FLOOR OF SCO 154, RED SQUARE MARKET, NEAR TELEPHONE EXCHANGE, HISSAR HARYANA -125001",,,
JLL - IDFC First Bank Limited,IDFC - HANSI BRANCH,21603,kishore.sawant@jll.com,9967646007,,,HISAR,HARYANA,"GROUND FLOOR, UNIT NO. 3437/17, KHEWAT NO. 2152,KHATONI NO. 2509, KHASRA NO. 1230(3-1), UTTAM NAGAR , HANSI , TEHSIL HANSI , DISTT HISAR- 125033","GROUND FLOOR, UNIT NO. 3437/17, KHEWAT NO. 2152,KHATONI NO. 2509, KHASRA NO. 1230(3-1), UTTAM NAGAR , HANSI , TEHSIL HANSI , DISTT HISAR- 125033",,,
JLL - IDFC First Bank Limited,IDFC - Hyderabad-Kukatpally - CPC,80215,kishore.sawant@jll.com,9967646007,,,HYDERABAD,TELANGANA,"Ground floor, Plot No. 21 & 22, Sl. No. 166, SR Estates, A S Rajunagar, Kukatpally Main Road, Kukatpally Village, Balanagar Mandal, Near Usha Mullapudi Arch, Hyderabad, Telangana 500072","Ground floor, Plot No. 21 & 22, Sl. No. 166, SR Estates, A S Rajunagar, Kukatpally Main Road, Kukatpally Village, Balanagar Mandal, Near Usha Mullapudi Arch, Hyderabad, Telangana 500072",,,
JLL - IDFC First Bank Limited,IDFC - CASH PROCESSING CENTRE- INDORE,10228,kishore.sawant@jll.com,9967646007,,,INDORE,MADHYA PRADESH,"GROUND FLOOR,  PLOT NO.  4, PROFESSOR COLONY, WARD 65,  ZONE 12, BHAWARKUAN, INDORE(MP)- 452001","GROUND FLOOR,  PLOT NO.  4, PROFESSOR COLONY, WARD 65,  ZONE 12, BHAWARKUAN, INDORE(MP)- 452001",,,
JLL - IDFC First Bank Limited,"IDFC - Bhavarkua-CPC,Indore",10228,kishore.sawant@jll.com,9967646007,,,INDORE,MADHYA PRADESH,"Ground floor,  Plot no.  4, Professor colony, Ward 65,  Zone 12, Bhawarkuan Indore(MP)- 452001","Ground floor,  Plot no.  4, Professor colony, Ward 65,  Zone 12, Bhawarkuan Indore(MP)- 452001",,,
JLL - IDFC First Bank Limited,IDFC - TAKIPURA BRANCH,41261,kishore.sawant@jll.com,9967646007,,,INDORE,MADHYA PRADESH,"GROUND FLOOR, NEAR HP PETROL PUMP,, BETMA ROAD, TAKIPURA, DEPALPUR, INDORE, TAKIPURA, TAKIPURA, 453220","GROUND FLOOR, NEAR HP PETROL PUMP,, BETMA ROAD, TAKIPURA, DEPALPUR, INDORE, TAKIPURA, TAKIPURA, 453220",,,
JLL - IDFC First Bank Limited,IDFC - BIJALPUR BRANCH,41262,kishore.sawant@jll.com,9967646007,,,INDORE,MADHYA PRADESH,"GROUND FLOOR, HOUSE NO. 969, VILLAGE BIJALPUR, INDORE TEHSIL, BIJALPUR, BIJALPUR, 452012","GROUND FLOOR, HOUSE NO. 969, VILLAGE BIJALPUR, INDORE TEHSIL, BIJALPUR, BIJALPUR, 452012",,,
JLL - IDFC First Bank Limited,IDFC - BUDHI BARLAI BRANCH,41263,kishore.sawant@jll.com,9967646007,,,INDORE,MADHYA PRADESH,"GROUND FLOOR, 1005,, VILLAGE BUDHI BARLAI, SHIPRA, INDORE, BUDHI BARLAI, BUDHI BARLAI, 453551","GROUND FLOOR, 1005,, VILLAGE BUDHI BARLAI, SHIPRA, INDORE, BUDHI BARLAI, BUDHI BARLAI, 453551",,,
JLL - IDFC First Bank Limited,IDFC - INDORE BRANCH,41264,kishore.sawant@jll.com,9967646007,,,INDORE,MADHYA PRADESH,"UPPER GROUND FLOOR ,COMMERCE HOUSE, UG-1, UG-1A, UG-2, UG-3,UG-3A, , UG-3B, 7 RACE COURSE ROAD, INDORE (M.P.) 452001.","UPPER GROUND FLOOR ,COMMERCE HOUSE, UG-1, UG-1A, UG-2, UG-3,UG-3A, , UG-3B, 7 RACE COURSE ROAD, INDORE (M.P.) 452001.",,,
JLL - IDFC First Bank Limited,IDFC - INDORE-NAVLAKHA ROAD BRANCH,41268,kishore.sawant@jll.com,9967646007,,,INDORE,MADHYA PRADESH,"GROUND FLOOR, SHOP NO. 3&4,PUKHRAJ CORPORATE, 715, NAVLAKHA ROAD, NAVLAKHA, INDORE , MADHYA PRADESH- 452001","GROUND FLOOR, SHOP NO. 3&4,PUKHRAJ CORPORATE, 715, NAVLAKHA ROAD, NAVLAKHA, INDORE , MADHYA PRADESH- 452001",,,
JLL - IDFC First Bank Limited,IDFC - INDORE - VIJAY NAGAR BRANCH,41269,kishore.sawant@jll.com,9967646007,,,INDORE,MADHYA PRADESH,"GROUND FLOOR, SHOP NO. 23&24, DHAN TRIDENT PU-4, BLOCK NO. B3, AB ROAD, SATYA SAI SQUARE, VIJAY NAGAR, INDORE, MADHYA PRADESH – 452010","GROUND FLOOR, SHOP NO. 23&24, DHAN TRIDENT PU-4, BLOCK NO. B3, AB ROAD, SATYA SAI SQUARE, VIJAY NAGAR, INDORE, MADHYA PRADESH – 452010",,,
JLL - IDFC First Bank Limited,IDFC - INDORE-ANNAPURNA,41271,kishore.sawant@jll.com,9967646007,,,INDORE,MADHYA PRADESH,"Ground and 1st Floor, 998, Zone -15, Sudama Nagar, Annapurna, Indore, Madhya Pradesh- 452009","Ground and 1st Floor, 998, Zone -15, Sudama Nagar, Annapurna, Indore, Madhya Pradesh- 452009",,,
JLL - IDFC First Bank Limited,IDFC - MBL- ANNAPURNA,41272,kishore.sawant@jll.com,9967646007,,,INDORE,MADHYA PRADESH,"2ND FLOOR,5,SACHIDANAND NAGAR, ANNAPURNA ROAD, INDORE - 452001","2ND FLOOR,5,SACHIDANAND NAGAR, ANNAPURNA ROAD, INDORE - 452001",,,
JLL - IDFC First Bank Limited,IDFC - MBL - INDORE-JAWAHAR MARG,41273,kishore.sawant@jll.com,9967646007,,,INDORE,MADHYA PRADESH,"FIRST FLOOR,  HOUSE NO. 91 (OLD NO. 71),  BESIDE IDBI BANK, JAWAHAR MARG, INDORE (MADHYA PRADESH) PIN-452007","FIRST FLOOR,  HOUSE NO. 91 (OLD NO. 71),  BESIDE IDBI BANK, JAWAHAR MARG, INDORE (MADHYA PRADESH) PIN-452007",,,
JLL - IDFC First Bank Limited,IDFC - MBL - INDORE VIJAY NAGAR,41275,kishore.sawant@jll.com,9967646007,,,INDORE,MADHYA PRADESH,"FIRST FLOOR, PAPALAL TOWER, A/A.11, SCHEME NO. 54, VIJAY NAGAR, INDORE, MP PIN-452010","FIRST FLOOR, PAPALAL TOWER, A/A.11, SCHEME NO. 54, VIJAY NAGAR, INDORE, MP PIN-452010",,,
JLL - IDFC First Bank Limited,IDFC - Benchmark,41276,kishore.sawant@jll.com,9967646007,,,INDORE,MADHYA PRADESH,"Office Number -106 , 107 & 108 at First Floor And Portion of 6th Floor , Benchmark Business Park , Vijay Nagar , Indore , MP","Office Number -106 , 107 & 108 at First Floor And Portion of 6th Floor , Benchmark Business Park , Vijay Nagar , Indore , MP",,,
JLL - IDFC First Bank Limited,IDFC - JABALPUR,42941,kishore.sawant@jll.com,9967646007,,,JABALPUR,MADHYA PRADESH,"1ST FLOOR, PLOT NO. 662, MR-4 MAIN ROAD, VIJAY NAGAR, LAXMIPUR, JABALPUR, MADHYA PRADESH - 482002","1ST FLOOR, PLOT NO. 662, MR-4 MAIN ROAD, VIJAY NAGAR, LAXMIPUR, JABALPUR, MADHYA PRADESH - 482002",,,
JLL - IDFC First Bank Limited,IDFC - MBL - JABALPUR,42943,kishore.sawant@jll.com,9967646007,,,JABALPUR,MADHYA PRADESH,"GROUND FLOOR, 1675, WRIGHT TOWN, JABALPUR, MP. PIN-482002","GROUND FLOOR, 1675, WRIGHT TOWN, JABALPUR, MP. PIN-482002",,,
JLL - IDFC First Bank Limited,IDFC - KARMETA BRANCH,42946,kishore.sawant@jll.com,9967646007,,,JABALPUR,MADHYA PRADESH,"GROUND FLOOR, SHANKAR NAGAR, KATANGI ROAD , KHASRA NO. 242/1, WARD – 73, KARMETA, JABALPUR- 482002","GROUND FLOOR, SHANKAR NAGAR, KATANGI ROAD , KHASRA NO. 242/1, WARD – 73, KARMETA, JABALPUR- 482002",,,
JLL - IDFC First Bank Limited,IDFC - JABALPUR BRANCH,42948,kishore.sawant@jll.com,9967646007,,,JABALPUR,MADHYA PRADESH,"GROUND FLOOR, MC PLOT 19, 1248, WRIGHT TOWN EXTENSION, NEXT TO SATYA ASHOKA, MAIN ROAD,  JABALPUR, MADHYA PRADESH – 482002","GROUND FLOOR, MC PLOT 19, 1248, WRIGHT TOWN EXTENSION, NEXT TO SATYA ASHOKA, MAIN ROAD,  JABALPUR, MADHYA PRADESH – 482002",,,
JLL - IDFC First Bank Limited,IDFC - JAGATSINGHPUR BRANCH,60921,kishore.sawant@jll.com,9967646007,,,JAGATSINGHAPUR,ODISHA,"GROUND FLOOR, RADHASHYAM PANORAMA, DURGA BAZAR, MOUZA MUKUNDPUR, P.S JAGATSINGHPUR,P.S,NO.252,TEHSIL- JAGATSINGHPUR,DIST- JAGATSINGHPUR, ODISHA- 754103","GROUND FLOOR, RADHASHYAM PANORAMA, DURGA BAZAR, MOUZA MUKUNDPUR, P.S JAGATSINGHPUR,P.S,NO.252,TEHSIL- JAGATSINGHPUR,DIST- JAGATSINGHPUR, ODISHA- 754103",,,
JLL - IDFC First Bank Limited,IDFC - UGARIYAWAS BRANCH,42121,kishore.sawant@jll.com,9967646007,,,JAIPUR,RAJASTHAN,"GROUND AND FIRST FLOOR, PLOT NO.4, KHASRA NO. 800/1,VILLAGE UGARIYAWAS, DUDU, TEHSIL MAUZAMABAD, DIST.JAIPUR, RAJASTHAN- 303338","GROUND AND FIRST FLOOR, PLOT NO.4, KHASRA NO. 800/1,VILLAGE UGARIYAWAS, DUDU, TEHSIL MAUZAMABAD, DIST.JAIPUR, RAJASTHAN- 303338",,,
JLL - IDFC First Bank Limited,IDFC - HARSOLI BRANCH,42122,kishore.sawant@jll.com,9967646007,,,JAIPUR,RAJASTHAN,"GROUND FLOOR , SHIV MANDIR, MAIN CHOK, VILLAG, TEHSIL KISHANGARH RENWAL DISTRICT JAIPUR, HARSOLI, HARSOLI, 303603","GROUND FLOOR , SHIV MANDIR, MAIN CHOK, VILLAG, TEHSIL KISHANGARH RENWAL DISTRICT JAIPUR, HARSOLI, HARSOLI, 303603",,,
JLL - IDFC First Bank Limited,IDFC - MANGARH KHOKHAWALA BRANCH,42123,kishore.sawant@jll.com,9967646007,,,JAIPUR,RAJASTHAN,"UPPER GROUND FLOOR, ADJACENT TO GOVT SCHOOL,, VILLAGE MANGARH KHOKHAWALA, TEHSIL BASSI, MANGARH KHOKHAWALI, MANGARH KHOKHAWALA, 303301","UPPER GROUND FLOOR, ADJACENT TO GOVT SCHOOL,, VILLAGE MANGARH KHOKHAWALA, TEHSIL BASSI, MANGARH KHOKHAWALI, MANGARH KHOKHAWALA, 303301",,,
JLL - IDFC First Bank Limited,IDFC - DURGAPURA BRANCH,42124,kishore.sawant@jll.com,9967646007,,,JAIPUR,RAJASTHAN,"GROUND FLOOR & FIRST FLOOR AT 271, MAHAVEER N, JAIPURM RAJAASTHAN, JAIPUR, JAIPUR, 302018","GROUND FLOOR & FIRST FLOOR AT 271, MAHAVEER N, JAIPURM RAJAASTHAN, JAIPUR, JAIPUR, 302018",,,
JLL - IDFC First Bank Limited,IDFC - SHAHPURA BRANCH,42125,kishore.sawant@jll.com,9967646007,,,JAIPUR,RAJASTHAN,"LOWER  AND UPPER  GROUND FLOOR , PLOT NO.112, MANDOLIA COMPLEX, OLD DELHI ROAD, SHAHPURA, DIST. JAIPUR,  RAJASTHAN- 303103","LOWER  AND UPPER  GROUND FLOOR , PLOT NO.112, MANDOLIA COMPLEX, OLD DELHI ROAD, SHAHPURA, DIST. JAIPUR,  RAJASTHAN- 303103",,,
JLL - IDFC First Bank Limited,IDFC - CHOMU BRANCH,42126,kishore.sawant@jll.com,9967646007,,,JAIPUR,RAJASTHAN,"FIRST FLOOR, VYAS PLAZA, WARD NO. 17, KACHOLIA ROAD, CHOMU, DISTT, JAIPUR RAJASTHAN 303702","FIRST FLOOR, VYAS PLAZA, WARD NO. 17, KACHOLIA ROAD, CHOMU, DISTT, JAIPUR RAJASTHAN 303702",,,
JLL - IDFC First Bank Limited,IDFC - JAIPUR C- SCHEME BRANCH,42127,kishore.sawant@jll.com,9967646007,,,JAIPUR,RAJASTHAN,"GROUND FLOOR, G 1AND G 2 AARCADE, K-12MALVIYA MARG, C- SCHEME, JAIPUR","GROUND FLOOR, G 1AND G 2 AARCADE, K-12MALVIYA MARG, C- SCHEME, JAIPUR",,,
JLL - IDFC First Bank Limited,IDFC - VAISHALI NAGAR BRANCH,42128,kishore.sawant@jll.com,9967646007,,,JAIPUR,RAJASTHAN,"UPPER GROUND FLOOR, 74 SHIVRAJ NIKETAN, GAUTAM MARG, VAISHALI NAGAR, JAIPUR 302021","UPPER GROUND FLOOR, 74 SHIVRAJ NIKETAN, GAUTAM MARG, VAISHALI NAGAR, JAIPUR 302021",,,
JLL - IDFC First Bank Limited,IDFC - Jaipur-Vaishali Nagar CPC,42128,kishore.sawant@jll.com,9967646007,,,JAIPUR,RAJASTHAN,"74, Shivraj Niketan, Gautam Marg, Vaishali Nagar, Jaipur 302021","74, Shivraj Niketan, Gautam Marg, Vaishali Nagar, Jaipur 302021",,,
JLL - IDFC First Bank Limited,IDFC - RAJA PARK JAIPUR BRANCH,42129,kishore.sawant@jll.com,9967646007,,,JAIPUR,RAJASTHAN,"FIRST FLOOR, UNIT NO. B-1, A-34, PRABHU MARG, TILAK NAGAR, JAIPUR 302004","FIRST FLOOR, UNIT NO. B-1, A-34, PRABHU MARG, TILAK NAGAR, JAIPUR 302004",,,
JLL - IDFC First Bank Limited,IDFC - JAIPUR - MANUPASANA-5TH FLOOR-OFFICE NO. 501,42132,kishore.sawant@jll.com,9967646007,,,JAIPUR,RAJASTHAN,"OFFICE NO. 501, 5TH FLOOR, MAN UPASANA PLAZA, SARDAR PATEL MARG, C SCHEME, OPP HSBC BANK, JAIPUR 302001","OFFICE NO. 501, 5TH FLOOR, MAN UPASANA PLAZA, SARDAR PATEL MARG, C SCHEME, OPP HSBC BANK, JAIPUR 302001",,,
JLL - IDFC First Bank Limited,IDFC - JAIPUR - VIDHYADHAR NAGAR BRANCH,42135,kishore.sawant@jll.com,9967646007,,,JAIPUR,RAJASTHAN,"GROUND FLOOR, B-4, SHUBH LAXMI TOWER , CENTRAL SPINE , VIDHYADHAR NAGAR , JAIPUR , RAJASTHAN – 302039","GROUND FLOOR, B-4, SHUBH LAXMI TOWER , CENTRAL SPINE , VIDHYADHAR NAGAR , JAIPUR , RAJASTHAN – 302039",,,
JLL - IDFC First Bank Limited,IDFC - JAIPUR -MALVIYA NAGAR BRANCH,42136,kishore.sawant@jll.com,9967646007,,,JAIPUR,RAJASTHAN,"GROUND FLOOR, BUILDING NO. 14/84,MALVIYA NAGAR, GIRDHAR MARG, JAIPUR, RAJASTHAN – 302017","GROUND FLOOR, BUILDING NO. 14/84,MALVIYA NAGAR, GIRDHAR MARG, JAIPUR, RAJASTHAN – 302017",,,
JLL - IDFC First Bank Limited,IDFC - MBL - JAIPUR-JHOTWARA,42138,kishore.sawant@jll.com,9967646007,,,JAIPUR,RAJASTHAN,"2ND FLOOR, PLOT NO-1 , SHIVPURI , SCHEME NO-4 , SINDHU NAGAR , KALWAR ROAD , JHOTWARA , JAIPUR","2ND FLOOR, PLOT NO-1 , SHIVPURI , SCHEME NO-4 , SINDHU NAGAR , KALWAR ROAD , JHOTWARA , JAIPUR",,,
JLL - IDFC First Bank Limited,IDFC - MBL - JAIPUR-CHOMU,42139,kishore.sawant@jll.com,9967646007,,,JAIPUR,RAJASTHAN,"ASHOKA PLAZA , 1ST FLOOR,  BUS STAND CHAWK , PLOT NO-1 , WARD NO-23 , CHOMU , RAJASTHAN-303702","ASHOKA PLAZA , 1ST FLOOR,  BUS STAND CHAWK , PLOT NO-1 , WARD NO-23 , CHOMU , RAJASTHAN-303702",,,
JLL - IDFC First Bank Limited,IDFC - JAIPUR – TONK ROAD BRANCH,43411,kishore.sawant@jll.com,9967646007,,,JAIPUR,RAJASTHAN,"GROUND FLOOR, UNIT 104 &104 A,APEX MALL , TONK ROAD , JAIPUR - 302015","GROUND FLOOR, UNIT 104 &104 A,APEX MALL , TONK ROAD , JAIPUR - 302015",,,
JLL - IDFC First Bank Limited,IDFC - JAIPUR - JOHARI BAZAR BRANCH,43415,kishore.sawant@jll.com,9967646007,,,JAIPUR,RAJASTHAN,"SHOP NO.67,68,2000,2001 & 2002, GROUND FLOOR & FIRST FLOOR, CHOKARI VISHWESHWAR JI, RAMLAL JI KA RASTA, PITALIYO KA CHOWK, JOHARI BAZAR, JAIPUR , RAJASTHAN, -302003","SHOP NO.67,68,2000,2001 & 2002, GROUND FLOOR & FIRST FLOOR, CHOKARI VISHWESHWAR JI, RAMLAL JI KA RASTA, PITALIYO KA CHOWK, JOHARI BAZAR, JAIPUR , RAJASTHAN, -302003",,,
JLL - IDFC First Bank Limited,IDFC - Mansarovar Branch,43416,kishore.sawant@jll.com,9967646007,,,JAIPUR,RAJASTHAN,"GROUND FLOOR, 94/16, MADHYAM MARG, VIAJAY PATH, MANSAROVAR,JAIPUR- 302020","GROUND FLOOR, 94/16, MADHYAM MARG, VIAJAY PATH, MANSAROVAR,JAIPUR- 302020",,,
JLL - IDFC First Bank Limited,IDFC - JAIPUR- NEW SANGANER ROAD BRANCH,43417,kishore.sawant@jll.com,9967646007,,,JAIPUR,RAJASTHAN,"GROUND FLOOR , 11, SIDDHAM 337/&340, BHAGWAN MARG , METRO PILLAR NUMBER- 93, NEW SANGANER ROAD, D.P . COLONY, JAIPUR, RAJASTHAN - 302019","GROUND FLOOR , 11, SIDDHAM 337/&340, BHAGWAN MARG , METRO PILLAR NUMBER- 93, NEW SANGANER ROAD, D.P . COLONY, JAIPUR, RAJASTHAN - 302019",,,
JLL - IDFC First Bank Limited,IDFC - BASSI BRANCH,43418,kishore.sawant@jll.com,9967646007,,,JAIPUR,RAJASTHAN,"GROUND & FIRST FLOOR, SHOP NO. 2, SHOP NO. 3, KALYAN SAGAR LAWN COMPLEX, VILLAGE BASSI, TEHSIL BASSI, DIST. JAIPUR, RAJASTHAN - 303301","GROUND & FIRST FLOOR, SHOP NO. 2, SHOP NO. 3, KALYAN SAGAR LAWN COMPLEX, VILLAGE BASSI, TEHSIL BASSI, DIST. JAIPUR, RAJASTHAN - 303301",,,
JLL - IDFC First Bank Limited,IDFC - JAIPUR REGIONAL OFFICE,49103,kishore.sawant@jll.com,9967646007,,,JAIPUR,RAJASTHAN,"1ST FLOOR, PLOT NO.- 24, 25 AND 26 (RECONSTITUTED),MAHINDRA TOWER, DURGA VIHAR COLONY, TONK ROAD, DURGAPURA,RAJASTHAN,- 302018","1ST FLOOR, PLOT NO.- 24, 25 AND 26 (RECONSTITUTED),MAHINDRA TOWER, DURGA VIHAR COLONY, TONK ROAD, DURGAPURA,RAJASTHAN,- 302018",,,
JLL - IDFC First Bank Limited,IDFC - JAJPUR ROAD BRANCH,60681,kishore.sawant@jll.com,9967646007,,,JAJPUR,ODISHA,"GROUND FLOOR, PLOT NO. 436/1154,BANK STREET, JAJPUR (BYASANAGAR), JAJPUR ROAD, DISTRICT JAJAPUR – 755019","GROUND FLOOR, PLOT NO. 436/1154,BANK STREET, JAJPUR (BYASANAGAR), JAJPUR ROAD, DISTRICT JAJAPUR – 755019",,,
JLL - IDFC First Bank Limited,IDFC - JALANDHAR BRANCH,21191,kishore.sawant@jll.com,9967646007,,,JALANDHAR,PUNJAB,"265-R, RAINBOW ROAD, MODEL TOWN, JALANDHAR, 144001","265-R, RAINBOW ROAD, MODEL TOWN, JALANDHAR, 144001",,,
JLL - IDFC First Bank Limited,IDFC - JALANDHAR - PUDA COMPLEX- GR FLOOR,21193,kishore.sawant@jll.com,9967646007,,,JALANDHAR,PUNJAB,"GROUND FLOOR, SCO 17 PUDA COMPLEX, LADOWALI ROAD, JALANDHAR 144001","GROUND FLOOR, SCO 17 PUDA COMPLEX, LADOWALI ROAD, JALANDHAR 144001",,,
JLL - IDFC First Bank Limited,IDFC - JALANDHAR – VIJAY NAGAR BRANCH,21194,kishore.sawant@jll.com,9967646007,,,JALANDHAR,PUNJAB,"GROUND FLOOR,BUILDING NO. 24, VIJAY NAGAR, NEAR FOOTBALL CHOWK, JALANDHAR- 144001","GROUND FLOOR,BUILDING NO. 24, VIJAY NAGAR, NEAR FOOTBALL CHOWK, JALANDHAR- 144001",,,
JLL - IDFC First Bank Limited,IDFC - MBL - JALGAON,43541,kishore.sawant@jll.com,9967646007,,,JALGAON,MAHARASHTRA,"UG FLOOR, CTS NO 8251, GANESH COLONY, CIVIL RD, JALGAON, MAHARASHTRA 425001.","UG FLOOR, CTS NO 8251, GANESH COLONY, CIVIL RD, JALGAON, MAHARASHTRA 425001.",,,
JLL - IDFC First Bank Limited,IDFC - AMALNER BRANCH,43542,kishore.sawant@jll.com,9967646007,,,JALGAON,MAHARASHTRA,"GROUND FLOOR, SIDDHAKALA HOSPITAL, G.NO. 181/3, JOSHIPURA DHULE ROAD, TALUKA AMALNER, DIST. JALGAON , MAHARASHTRA- 425401","GROUND FLOOR, SIDDHAKALA HOSPITAL, G.NO. 181/3, JOSHIPURA DHULE ROAD, TALUKA AMALNER, DIST. JALGAON , MAHARASHTRA- 425401",,,
JLL - IDFC First Bank Limited,IDFC - CHALISGAON BRANCH,43544,kishore.sawant@jll.com,9967646007,,,JALGAON,MAHARASHTRA,"GROUND FLOOR, PLOT NO.295, MAHATMA JYOTIBA PHULE COOPERATIVE HOUSING SOCIETY, TAL.  CHALISGAON , DIST. JALGAON,  MAHARASHTRA- 424101","GROUND FLOOR, PLOT NO.295, MAHATMA JYOTIBA PHULE COOPERATIVE HOUSING SOCIETY, TAL.  CHALISGAON , DIST. JALGAON,  MAHARASHTRA- 424101",,,
JLL - IDFC First Bank Limited,IDFC - RESIDENCY ROAD-JAMMU BRANCH,21502,kishore.sawant@jll.com,9967646007,,,JAMMU,JAMMU-KASHMIR,"GROUND & FIRST FLOOR, PREMISES ADJACENT TO ICICI BANK & VODAFONE PREMISES,K.C .PLAZA, RESIDENCY ROAD, PAKKI DHAKI,OLD HERITAGE  CITY,JAMMU, JAMMU & KASHMIR -180001 ","GROUND & FIRST FLOOR, PREMISES ADJACENT TO ICICI BANK & VODAFONE PREMISES,K.C .PLAZA, RESIDENCY ROAD, PAKKI DHAKI,OLD HERITAGE  CITY,JAMMU, JAMMU & KASHMIR -180001 ",,,
JLL - IDFC First Bank Limited,IDFC - JAMMU – BAHU PLAZA BRANCH,21503,kishore.sawant@jll.com,9967646007,,,JAMMU,JAMMU-KASHMIR,"GROUND FLOOR, GUPTA’S TOWER, CB-13,RAIL HEAD COMPLEX, BAHU PLAZA,JAMMU - 180012","GROUND FLOOR, GUPTA’S TOWER, CB-13,RAIL HEAD COMPLEX, BAHU PLAZA,JAMMU - 180012",,,
JLL - IDFC First Bank Limited,IDFC - JAMNAGAR BRANCH,42642,kishore.sawant@jll.com,9967646007,,,JAMNAGAR,GUJARAT,"GF- SHOPNO.2, FIRST FLOOR- SHOP NO.102,ANAND 2, OPP. ST. ANNS HIGH SCHOOL, PARK COLONY, JAMNAGAR-361008","GF- SHOPNO.2, FIRST FLOOR- SHOP NO.102,ANAND 2, OPP. ST. ANNS HIGH SCHOOL, PARK COLONY, JAMNAGAR-361008",,,
JLL - IDFC First Bank Limited,IDFC - MBL - JAMNAGAR,42643,kishore.sawant@jll.com,9967646007,,,JAMNAGAR,GUJARAT,"OFFICE NO. 203, SECOND FLOOR, KUBER AVENUE, GURUNANAK ROAD, GURUDWARA CIRCLE, JAMNAGAR - 361008","OFFICE NO. 203, SECOND FLOOR, KUBER AVENUE, GURUNANAK ROAD, GURUDWARA CIRCLE, JAMNAGAR - 361008",,,
JLL - IDFC First Bank Limited,IDFC - CHAMPA BRANCH,60521,kishore.sawant@jll.com,9967646007,,,JANJGIR-CHAMPA,CHHATTISGARH,"GROUND FLOOR, KH.NO.1812/11,1812/10, PH.NO.2,WARD NO.9,MANJHLI TALAB,STATION ROAD,GRAM & TEHSIL CHAMPA -495 671 DIST. JANJGIR, CHHATTISGARH    ","GROUND FLOOR, KH.NO.1812/11,1812/10, PH.NO.2,WARD NO.9,MANJHLI TALAB,STATION ROAD,GRAM & TEHSIL CHAMPA -495 671 DIST. JANJGIR, CHHATTISGARH    ",,,
JLL - IDFC First Bank Limited,IDFC - SHIVRINARAYAN BRANCH,60522,kishore.sawant@jll.com,9967646007,,,JANJGIR-CHAMPA,CHHATTISGARH,"GROUND FLOOR , HOTEL AMAN PALACE ,P. H. NO. 23, KHASRA NO. 627/5 , VILLAGE BHOGAHAPARA, SHEORINARAYAN , TEH. NAVAGARH, DISTT. JANJGIR CHAMPA , CHATTISGARH  - 495557 ","GROUND FLOOR , HOTEL AMAN PALACE ,P. H. NO. 23, KHASRA NO. 627/5 , VILLAGE BHOGAHAPARA, SHEORINARAYAN , TEH. NAVAGARH, DISTT. JANJGIR CHAMPA , CHATTISGARH  - 495557 ",,,
JLL - IDFC First Bank Limited,IDFC - PATHALGAON BRANCH,60761,kishore.sawant@jll.com,9967646007,,,JASHPUR,CHHATTISGARH,"GROUND FLOOR,HYUNDAI SHOWROOM,RAIGARH ROAD, PATHALGAON - 496118","GROUND FLOOR,HYUNDAI SHOWROOM,RAIGARH ROAD, PATHALGAON - 496118",,,
JLL - IDFC First Bank Limited,IDFC - JASHPUR BRANCH,60762,kishore.sawant@jll.com,9967646007,,,JASHPUR,CHHATTISGARH,"GROUND FLOOR, HOTEL NIRVANA, RAIGARH ROAD , JASHPUR, CHHATTISGARH- 496331","GROUND FLOOR, HOTEL NIRVANA, RAIGARH ROAD , JASHPUR, CHHATTISGARH- 496331",,,
JLL - IDFC First Bank Limited,IDFC - Jehanabad,60991,kishore.sawant@jll.com,9967646007,,,JEHANABAD,BIHAR,"Upper Ground Floor, Main Road near Malachawk more, Jehanabad, Bihar- 804408","Upper Ground Floor, Main Road near Malachawk more, Jehanabad, Bihar- 804408",,,
JLL - IDFC First Bank Limited,IDFC - JHARSUGUDA BRANCH,61041,kishore.sawant@jll.com,9967646007,,,JHARSUGUDA,ODISHA,"GROUND FLOOR, UNIT NO.1, EKTALI, PS-JHARSUGUDA, PSNO. 18,  KALI MANDIR ROAD ,TEHSIL- JHARSUGUDA , JHARSUGUDA, ORISSA- 768201","GROUND FLOOR, UNIT NO.1, EKTALI, PS-JHARSUGUDA, PSNO. 18,  KALI MANDIR ROAD ,TEHSIL- JHARSUGUDA , JHARSUGUDA, ORISSA- 768201",,,
JLL - IDFC First Bank Limited,IDFC - JODHPUR BRANCH,42481,kishore.sawant@jll.com,9967646007,,,JODHPUR,RAJASTHAN,"GROUND FLOOR, PLOT A, KASTURI PLAZA,, BOMBAY MOTOR CIRCLE ROAD, JODHPUR, 342001","GROUND FLOOR, PLOT A, KASTURI PLAZA,, BOMBAY MOTOR CIRCLE ROAD, JODHPUR, 342001",,,
JLL - IDFC First Bank Limited,IDFC - JODHPUR-JASODA TOWER,42482,kishore.sawant@jll.com,9967646007,,,JODHPUR,RAJASTHAN,"1ST FLOOR, JASODA TOWER, MAIN AKHLIYA CIRCLE, JODHPUR, RAJASTHAN,","1ST FLOOR, JASODA TOWER, MAIN AKHLIYA CIRCLE, JODHPUR, RAJASTHAN,",,,
JLL - IDFC First Bank Limited,IDFC - NANDRI BRANCH,42483,kishore.sawant@jll.com,9967646007,,,JODHPUR,RAJASTHAN,"GROUND FLOOR, JASSI TOWER, KHASRA NO. 22, BLOCK NO. 3, VILLAGE NANDRI, TEHSIL & DISTRICT JODHPUR, RAJASTHAN 342027","GROUND FLOOR, JASSI TOWER, KHASRA NO. 22, BLOCK NO. 3, VILLAGE NANDRI, TEHSIL & DISTRICT JODHPUR, RAJASTHAN 342027",,,
JLL - IDFC First Bank Limited,IDFC - JODHPUR - PAOTA BRANCH,42484,kishore.sawant@jll.com,9967646007,,,JODHPUR,RAJASTHAN,"GROUND FLOOR, SHOP NO.2, PANCHMUKHI VISHWAKARMA TOWER, MANJI KA HATHA SCHEME, MAIN MANDORE ROAD, NEAR P&T OFFICE, PAOTA , JODHPUR, RAJASTHAN - 342001","GROUND FLOOR, SHOP NO.2, PANCHMUKHI VISHWAKARMA TOWER, MANJI KA HATHA SCHEME, MAIN MANDORE ROAD, NEAR P&T OFFICE, PAOTA , JODHPUR, RAJASTHAN - 342001",,,
JLL - IDFC First Bank Limited,IDFC - MBL - JUNAGADH,43651,kishore.sawant@jll.com,9967646007,,,JUNAGADH,GUJARAT,"OFFICE NO.205 TO 206, LANDMARK, M.G.ROAD, JUNAGADH-362001","OFFICE NO.205 TO 206, LANDMARK, M.G.ROAD, JUNAGADH-362001",,,
JLL - IDFC First Bank Limited,IDFC - DOLATPARA BRANCH,43652,kishore.sawant@jll.com,9967646007,,,JUNAGADH,GUJARAT,"GROUND AND FIRST FLOOR, PLOT NO.1, SURVEY NO.51/1, OPP. SAKKARBAUG, DOLATPARA , TAL.& DIST. JUNAGADH - GUJARAT – 362001","GROUND AND FIRST FLOOR, PLOT NO.1, SURVEY NO.51/1, OPP. SAKKARBAUG, DOLATPARA , TAL.& DIST. JUNAGADH - GUJARAT – 362001",,,
JLL - IDFC First Bank Limited,IDFC - KAITHAL BRANCH,21091,kishore.sawant@jll.com,9967646007,,,KAITHAL,HARYANA,"GROUND FLOOR, PID-112C73U63, MC NO. 386/11, KHASRA NO. 515, GOBIND NAGAR, TEHSIL KAITHAL, DIST KAITHAL , HARYANA – 136027","GROUND FLOOR, PID-112C73U63, MC NO. 386/11, KHASRA NO. 515, GOBIND NAGAR, TEHSIL KAITHAL, DIST KAITHAL , HARYANA – 136027",,,
JLL - IDFC First Bank Limited,IDFC - MBL - KAITHAL,21092,kishore.sawant@jll.com,9967646007,,,KAITHAL,HARYANA,"SECOND FLOOR, SCO 317, SECTOR 20 HUDA MARKET ,KAITHAL,HARYANA-136027","SECOND FLOOR, SCO 317, SECTOR 20 HUDA MARKET ,KAITHAL,HARYANA-136027",,,
JLL - IDFC First Bank Limited,IDFC - BHAWANIPATNA BRANCH,61261,kishore.sawant@jll.com,9967646007,,,KALAHANDI,ODISHA,"GROUND FLOOR, NEAR STATUE SQUARE, PLOT NO. 4469, KHATA NO. 1458/72, BHAWANIPATNA, TEHSIL/DIST. KALAHANDI , ODISHA - 766001","GROUND FLOOR, NEAR STATUE SQUARE, PLOT NO. 4469, KHATA NO. 1458/72, BHAWANIPATNA, TEHSIL/DIST. KALAHANDI , ODISHA - 766001",,,
JLL - IDFC First Bank Limited,IDFC - KANPUR BRANCH,21271,kishore.sawant@jll.com,9967646007,,,KANPUR,UTTAR PRADESH,"GROUND FLOOR,PREMISES BEARING NUMBER-17/3-B, MEGHDOOT HOTEL BUILDING, MALL ROAD , 208001","GROUND FLOOR,PREMISES BEARING NUMBER-17/3-B, MEGHDOOT HOTEL BUILDING, MALL ROAD , 208001",,,
JLL - IDFC First Bank Limited,IDFC - KANPUR - GOVIND NAGAR BRANCH,21273,kishore.sawant@jll.com,9967646007,,,KANPUR,UTTAR PRADESH,"GROUND FLOOR, BUILDING NO. 124/C/235, MAIN ROAD, GOVIND NAGAR , KANPUR – 208006","GROUND FLOOR, BUILDING NO. 124/C/235, MAIN ROAD, GOVIND NAGAR , KANPUR – 208006",,,
JLL - IDFC First Bank Limited,IDFC - MBL-KANPUR SHASTRI NAGAR,21275,kishore.sawant@jll.com,9967646007,,,KANPUR,UTTAR PRADESH,"FIRST FLOOR, 122/729. SHASTRI NAGAR, KANPUR, U.P. 208005","FIRST FLOOR, 122/729. SHASTRI NAGAR, KANPUR, U.P. 208005",,,
JLL - IDFC First Bank Limited,IDFC - PHAGWARA BRANCH,21711,kishore.sawant@jll.com,9967646007,,,KAPURTHALA,PUNJAB,"UPPER GROUND FLOOR, SHOP NO. 37-38, HANDA CITY CENTRE,G.T.ROAD, PHAGWARA - 144401","UPPER GROUND FLOOR, SHOP NO. 37-38, HANDA CITY CENTRE,G.T.ROAD, PHAGWARA - 144401",,,
JLL - IDFC First Bank Limited,IDFC - KARNAL-URBAN ESTATE,21471,kishore.sawant@jll.com,9967646007,,,KARNAL,HARYANA,"2ND FLOOR, SCO 247-248, URBAN ESTATE, SECTOR 12, KARNAL -132001","2ND FLOOR, SCO 247-248, URBAN ESTATE, SECTOR 12, KARNAL -132001",,,
JLL - IDFC First Bank Limited,IDFC - KARNAL BRANCH,21472,kishore.sawant@jll.com,9967646007,,,KARNAL,HARYANA,"GROUND FLOOR, SCO 237-P, SECTOR 12, PART-1, URBAN ESTATE, KARNAL - 132001","GROUND FLOOR, SCO 237-P, SECTOR 12, PART-1, URBAN ESTATE, KARNAL - 132001",,,
JLL - IDFC First Bank Limited,IDFC - GHARAUNDA BRANCH,21473,kishore.sawant@jll.com,9967646007,,,KARNAL,HARYANA,"GROUND FLOOR , KHEWAT NO.264, KITE 3, WARD NO.4, G.T.ROAD, GHARAUNDA, DIST KARNAL, HARYANA- 132144","GROUND FLOOR , KHEWAT NO.264, KITE 3, WARD NO.4, G.T.ROAD, GHARAUNDA, DIST KARNAL, HARYANA- 132144",,,
JLL - IDFC First Bank Limited,IDFC - MBL - KATNI,43611,kishore.sawant@jll.com,9967646007,,,KATNI,MADHYA PRADESH,ha,ha,,,
JLL - IDFC First Bank Limited,IDFC - KATNI BRANCH,43612,kishore.sawant@jll.com,9967646007,,,KATNI,MADHYA PRADESH,"GROUND FLOOR, H N 216, SHANTI NAGAR, 94 -HEMUKALANI WARD, MUNICIPAL CORPORATION AREA, KATNI , MADHYAPRADESH - 483504","GROUND FLOOR, H N 216, SHANTI NAGAR, 94 -HEMUKALANI WARD, MUNICIPAL CORPORATION AREA, KATNI , MADHYAPRADESH - 483504",,,
JLL - IDFC First Bank Limited,IDFC - KENDRAPARA BRANCH,61121,kishore.sawant@jll.com,9967646007,,,KENDRAPARA,ODISHA,"GROUND FLOOR, P.S NO.227, MOUZA MAHIPAL, P.S KENDRAPARA TOWN, TEHSIL KENDRAPARA, DIST. KENDRAPARA, KHATA NO. 207/30, KISSAM- PATITA, ODISHA - 754211","GROUND FLOOR, P.S NO.227, MOUZA MAHIPAL, P.S KENDRAPARA TOWN, TEHSIL KENDRAPARA, DIST. KENDRAPARA, KHATA NO. 207/30, KISSAM- PATITA, ODISHA - 754211",,,
JLL - IDFC First Bank Limited,IDFC - KENDUJHAR BRANCH,60721,kishore.sawant@jll.com,9967646007,,,KEONJHAR (KENDUJHAR),ODISHA,"GROUND FLOOR, KESHARI COMPLEX, HATIYANGAR, NEAR JAIL CHOWK, NH-49, PLOT NO.9/1240, 20/1241, KENDUJHAR – 758001.ODISHA","GROUND FLOOR, KESHARI COMPLEX, HATIYANGAR, NEAR JAIL CHOWK, NH-49, PLOT NO.9/1240, 20/1241, KENDUJHAR – 758001.ODISHA",,,
JLL - IDFC First Bank Limited,IDFC - KENDUJHAR -DBU BRANCH,60723,kishore.sawant@jll.com,9967646007,,,KEONJHAR (KENDUJHAR),ODISHA,"GROUND FLOOR, KESHARI COMPLEX, HATIYANGAR, NEAR JAIL CHOWK, NH-49, PLOT NO.9/1240, 20/1241, KENDUJHAR, ODISHA - 758001","GROUND FLOOR, KESHARI COMPLEX, HATIYANGAR, NEAR JAIL CHOWK, NH-49, PLOT NO.9/1240, 20/1241, KENDUJHAR, ODISHA - 758001",,,
JLL - IDFC First Bank Limited,IDFC - KOLHAPUR-GEMSTONE COMPLEX,42521,kishore.sawant@jll.com,9967646007,,,KOLHAPUR,MAHARASHTRA,"UPPER GROUND FLOOR, UNIT NO. UG-17 TO UG-22, REVOLUTION BUILDING,  E-WARD, STATION ROAD, KOLHAPUR, MAHARASHTRA- 416003","UPPER GROUND FLOOR, UNIT NO. UG-17 TO UG-22, REVOLUTION BUILDING,  E-WARD, STATION ROAD, KOLHAPUR, MAHARASHTRA- 416003",,,
JLL - IDFC First Bank Limited,IDFC - KOLHAPUR BRANCH,42523,kishore.sawant@jll.com,9967646007,,,KOLHAPUR,MAHARASHTRA,"GROUND FLOOR, BUSINESS HUB, SYKES  EXTENSION, KOLHAPUR-416001","GROUND FLOOR, BUSINESS HUB, SYKES  EXTENSION, KOLHAPUR-416001",,,
JLL - IDFC First Bank Limited,IDFC - PARK STREET BRANCH,60101,kishore.sawant@jll.com,9967646007,,,KOLKATA,WEST BENGAL,"1ST FLOOR, SAKET BUILDING44 PARK STREET, KOLKATA – 700016","1ST FLOOR, SAKET BUILDING44 PARK STREET, KOLKATA – 700016",,,
JLL - IDFC First Bank Limited,IDFC - DALHOUSIE BRANCH,60103,kishore.sawant@jll.com,9967646007,,,KOLKATA,WEST BENGAL,"GROUND FLOOR, BHANDARI HOUSE, 16 NETAJI SUBHAS ROAD, DALHOUSIE, KOLKATA 700001","GROUND FLOOR, BHANDARI HOUSE, 16 NETAJI SUBHAS ROAD, DALHOUSIE, KOLKATA 700001",,,
JLL - IDFC First Bank Limited,IDFC - KOLKATA-BEHALA CHOWRST,60105,kishore.sawant@jll.com,9967646007,,,KOLKATA,WEST BENGAL,"KOLKATA-738/2, BANDHAN BANK BUILDING,  DIAMOND HARBOUR ROAD,2ND. FLOOR,BEHALA CHOWRASTA,KOLKATA – 700008","KOLKATA-738/2, BANDHAN BANK BUILDING,  DIAMOND HARBOUR ROAD,2ND. FLOOR,BEHALA CHOWRASTA,KOLKATA – 700008",,,
JLL - IDFC First Bank Limited,"IDFC - SALT LAKE, SEC- 1, WEST BENGAL",60108,kishore.sawant@jll.com,9967646007,,,KOLKATA,WEST BENGAL,"GROUND FLOOR, PLOT NO.21, BLOCK BD, SALT LAKE SECTOR 1, KOLKATTA - 700064","GROUND FLOOR, PLOT NO.21, BLOCK BD, SALT LAKE SECTOR 1, KOLKATTA - 700064",,,
JLL - IDFC First Bank Limited,IDFC - KOLKATA – BELEGHATA BRANCH,60111,kishore.sawant@jll.com,9967646007,,,KOLKATA,WEST BENGAL,"GROUND FLOOR, BUILDING NO. 4-A, HEMCHANDRA  NASKAR ROAD, BELEGHATA , KOLKATA, WEST BENGAL – 700010","GROUND FLOOR, BUILDING NO. 4-A, HEMCHANDRA  NASKAR ROAD, BELEGHATA , KOLKATA, WEST BENGAL – 700010",,,
JLL - IDFC First Bank Limited,IDFC - KOLKATA-NEW ALIPORE BRANCH,60115,kishore.sawant@jll.com,9967646007,,,KOLKATA,WEST BENGAL,"GROUND FLOOR, H/18,NALINI RANJAN AVENUE, NEW ALIPORE, KOLKATTA - 700053","GROUND FLOOR, H/18,NALINI RANJAN AVENUE, NEW ALIPORE, KOLKATTA - 700053",,,
JLL - IDFC First Bank Limited,IDFC - KOLKATA-SARAT BOSE ROAD BRANCH,60117,kishore.sawant@jll.com,9967646007,,,KOLKATA,WEST BENGAL,"GROUND FLOOR, 81 B, SARAT BOSE ROAD, MERLIN TULIP,KOLKATA- 700020","GROUND FLOOR, 81 B, SARAT BOSE ROAD, MERLIN TULIP,KOLKATA- 700020",,,
JLL - IDFC First Bank Limited,IDFC - KOLKATA-KASBA BRANCH BRANCH,60119,kishore.sawant@jll.com,9967646007,,,KOLKATA,WEST BENGAL,"GROUND FLOOR, BUILDING NO. 241,  RAJDANGA NABAPALLY, KASBA, KOLKATA , WEST BENGAL - 700017","GROUND FLOOR, BUILDING NO. 241,  RAJDANGA NABAPALLY, KASBA, KOLKATA , WEST BENGAL - 700017",,,
JLL - IDFC First Bank Limited,IDFC - MBL-HOWRAH,60124,kishore.sawant@jll.com,9967646007,,,KOLKATA,WEST BENGAL,"37, DR. ABANI DUTTA ROAD, 1ST FLOOR, HOWRAH – 711106","37, DR. ABANI DUTTA ROAD, 1ST FLOOR, HOWRAH – 711106",,,
JLL - IDFC First Bank Limited,IDFC - MBL-DUNLOP,60125,kishore.sawant@jll.com,9967646007,,,KOLKATA,WEST BENGAL,"RANGOLI, 2ND FLOOR, 153 B.T. ROAD, DUNLOP AREA, KOLKATTA - 700108","RANGOLI, 2ND FLOOR, 153 B.T. ROAD, DUNLOP AREA, KOLKATTA - 700108",,,
JLL - IDFC First Bank Limited,IDFC - KOLKATA- VIP ROAD BRANCH,60132,kishore.sawant@jll.com,9967646007,,,KOLKATA,WEST BENGAL,"GROUND FLOOR, SWASTIK BUILDING , NAZRUL ISLAM AVENUE, OPP. MILITARY  CAMP, HATIARA, TEGHORIA, KOLKATTA- 700157","GROUND FLOOR, SWASTIK BUILDING , NAZRUL ISLAM AVENUE, OPP. MILITARY  CAMP, HATIARA, TEGHORIA, KOLKATTA- 700157",,,
JLL - IDFC First Bank Limited,IDFC - Kolkata - VIP Road Branch CPC,60132,kishore.sawant@jll.com,9967646007,,,KOLKATA,WEST BENGAL,"IDFC FIRST Bank, CPC, Ground floor, Swastik Building , Nazrul Islam Avenue, Opp. Military  camp, Hatiara, Teghoria, Kolkata- 700157","IDFC FIRST Bank, CPC, Ground floor, Swastik Building , Nazrul Islam Avenue, Opp. Military  camp, Hatiara, Teghoria, Kolkata- 700157",,,
JLL - IDFC First Bank Limited,IDFC - KOLKATA - BEHALA BRANCH,60133,kishore.sawant@jll.com,9967646007,,,KOLKATA,WEST BENGAL,"GROUND AND FIRST FLOOR,PLOT NO. 37 , PREMISES  NO. 27, BANOMALI GHOSAL LANE, BEHALA, KOLKATA - 700034","GROUND AND FIRST FLOOR,PLOT NO. 37 , PREMISES  NO. 27, BANOMALI GHOSAL LANE, BEHALA, KOLKATA - 700034",,,
JLL - IDFC First Bank Limited,IDFC - KOLKATA-R N MUKHERJEE ROAD BRANCH,60134,kishore.sawant@jll.com,9967646007,,,KOLKATA,WEST BENGAL,"GROUND FLOOR, WARD NO. 46, PREMISES NO. 23, R.N. MUKHERJEE ROAD ( RAJENDRA NATH MUKHERJEE ROAD) KOLKATA , WEST BENGAL - 700001","GROUND FLOOR, WARD NO. 46, PREMISES NO. 23, R.N. MUKHERJEE ROAD ( RAJENDRA NATH MUKHERJEE ROAD) KOLKATA , WEST BENGAL - 700001",,,
JLL - IDFC First Bank Limited,IDFC - PRINCE ANWAR SHAH,60135,kishore.sawant@jll.com,9967646007,,,KOLKATA,WEST BENGAL,"Ground floor and First floor,  183A/1, Prince Anwar Shah Road , P.S. Jadavpur, KMC Ward No. 94, Kolkata-700033","Ground floor and First floor,  183A/1, Prince Anwar Shah Road , P.S. Jadavpur, KMC Ward No. 94, Kolkata-700033",,,
JLL - IDFC First Bank Limited,IDFC - KOLKATA SALES HUB,60139,kishore.sawant@jll.com,9967646007,,,KOLKATA,WEST BENGAL,"UNIT NO. 901, ACROPOLIS MALL, 1858/1, RAJDANGA ROAD, KASBA, KOLKATA- 700107","UNIT NO. 901, ACROPOLIS MALL, 1858/1, RAJDANGA ROAD, KASBA, KOLKATA- 700107",,,
JLL - IDFC First Bank Limited,IDFC - Shyambazaar Bata Showroom,60143,kishore.sawant@jll.com,9967646007,,,KOLKATA,WEST BENGAL,"GROUND FLOOR, 123, WARD NO. 7, BIDHAN SARANI ROAD, SHYAMPUKUR STREET CROSSING, KOLKATA, WEST BENGAL- 700004","GROUND FLOOR, 123, WARD NO. 7, BIDHAN SARANI ROAD, SHYAMPUKUR STREET CROSSING, KOLKATA, WEST BENGAL- 700004",,,
JLL - IDFC First Bank Limited,IDFC - Burrabazar,60144,kishore.sawant@jll.com,9967646007,,,KOLKATA,WEST BENGAL,"Ground & First floor, Premises no.19, ward no.21, Jadulal Mullick Road, Jorabagan, ARA Kolkatta, West Bengal- 7000006","Ground & First floor, Premises no.19, ward no.21, Jadulal Mullick Road, Jorabagan, ARA Kolkatta, West Bengal- 7000006",,,
JLL - IDFC First Bank Limited,"IDFC - BT Road, Dunlop, Kolkata Landmark Dunlop",60145,kishore.sawant@jll.com,9967646007,,,KOLKATA,WEST BENGAL,"Ground and first floor, Premises No. 101/1/1, Road Name- Barrackpore Trunk Road, Baranagar, North 24 Parganas, West Bengal, PIN- 700090.","Ground and first floor, Premises No. 101/1/1, Road Name- Barrackpore Trunk Road, Baranagar, North 24 Parganas, West Bengal, PIN- 700090.",,,
JLL - IDFC First Bank Limited,IDFC - MBL - NAGERBAZAR,61153,kishore.sawant@jll.com,9967646007,,,KOLKATA,WEST BENGAL,"1ST FLOOR, WARD NO.24, CAL JESSORE ROAD, ADSR COSSIPORE DUMDUM, DSR BARASAT , DIST NORTH 24 PARAGANAS, KOLKATA, WEST BENGAL- 700074","1ST FLOOR, WARD NO.24, CAL JESSORE ROAD, ADSR COSSIPORE DUMDUM, DSR BARASAT , DIST NORTH 24 PARAGANAS, KOLKATA, WEST BENGAL- 700074",,,
JLL - IDFC First Bank Limited,IDFC - KATGHORA BRANCH,60603,kishore.sawant@jll.com,9967646007,,,KORBA,CHHATTISGARH,"GROUND FLOOR& FIRST FLOOR, P.H.NO.8, AMBEDKAR WARD NO.3,KHASRA NO. 2122/2,TAL. KATGHORA, DIST. KORBA(C.G)- CHHATTISGARH- 495445","GROUND FLOOR& FIRST FLOOR, P.H.NO.8, AMBEDKAR WARD NO.3,KHASRA NO. 2122/2,TAL. KATGHORA, DIST. KORBA(C.G)- CHHATTISGARH- 495445",,,
JLL - IDFC First Bank Limited,"IDFC - Kosabadi, Korba, Chattisgarh Niharika",60605,kishore.sawant@jll.com,9967646007,,,KORBA,CHHATTISGARH,"Ground floor, plot no. 769, Niharika  Road, Subhash Chowk, Main Road, Kosabadi, KOrba, Chattisgarh- 495677","Ground floor, plot no. 769, Niharika  Road, Subhash Chowk, Main Road, Kosabadi, KOrba, Chattisgarh- 495677",,,
JLL - IDFC First Bank Limited,IDFC - MANENDRAGARH BRANCH,60841,kishore.sawant@jll.com,9967646007,,,KORIYA,CHHATTISGARH,"GROUND FLOOR, KHASRA NO-142/2,WARD NO-13, SAI BABA TIRAHA,MANENDRAGARH, DISTT KORIYA-497442","GROUND FLOOR, KHASRA NO-142/2,WARD NO-13, SAI BABA TIRAHA,MANENDRAGARH, DISTT KORIYA-497442",,,
JLL - IDFC First Bank Limited,IDFC - KOTA-GUMANPURA-NEW COLONY,42541,kishore.sawant@jll.com,9967646007,,,KOTA,RAJASTHAN,"1ST FLOOR, SANCHIT TOWER, PLOT NO-385, SHOPPING CENTRE, GHODEWALA CIRCLE","1ST FLOOR, SANCHIT TOWER, PLOT NO-385, SHOPPING CENTRE, GHODEWALA CIRCLE",,,
JLL - IDFC First Bank Limited,IDFC - KOTA BRANCH,42542,kishore.sawant@jll.com,9967646007,,,KOTA,RAJASTHAN,"GROUND FLOOR & FIRST FLOOR, BUILDING NO. 342, SHOPPING CENTRE. ADJ. KARNATAKA BANK,KOTA- 324007","GROUND FLOOR & FIRST FLOOR, BUILDING NO. 342, SHOPPING CENTRE. ADJ. KARNATAKA BANK,KOTA- 324007",,,
JLL - IDFC First Bank Limited,IDFC - MBL - KURUKSHETRA,21631,kishore.sawant@jll.com,9967646007,,,KURUKSHETRA,HARYANA,"1ST FLOOR  SCO 7, SECTOR 17, KURUKSHETRA , HARYANA 136118","1ST FLOOR  SCO 7, SECTOR 17, KURUKSHETRA , HARYANA 136118",,,
JLL - IDFC First Bank Limited,IDFC - THANESAR BRANCH,21634,kishore.sawant@jll.com,9967646007,,,KURUKSHETRA,HARYANA,"GROUND AND FIRST FLOOR, WARD NO.11, PIPLI ROAD, VILLAGE RATGAL, TEHSIL-THANESAR  KURUKSHETRA, HARYANA - 136118","GROUND AND FIRST FLOOR, WARD NO.11, PIPLI ROAD, VILLAGE RATGAL, TEHSIL-THANESAR  KURUKSHETRA, HARYANA - 136118",,,
JLL - IDFC First Bank Limited,IDFC - LAKHIMPUR BRANCH,22111,kishore.sawant@jll.com,9967646007,,,LAKHIMPUR,UTTAR PRADESH,"GROUND &1ST FLOOR, GATA NO.1361, VILLAGE RAJAPUR, TEHSIL LAKHIMPUR, PARGANA & ZILA KHERI, UP-262701","GROUND &1ST FLOOR, GATA NO.1361, VILLAGE RAJAPUR, TEHSIL LAKHIMPUR, PARGANA & ZILA KHERI, UP-262701",,,
JLL - IDFC First Bank Limited,IDFC - LUCKNOW BRANCH,21251,kishore.sawant@jll.com,9967646007,,,LUCKNOW,UTTAR PRADESH,"GROUND FLOOR, , HINDUSTAN TIMES HOUSE, 25 ASHOK MARG, LUCKNOW , 226001","GROUND FLOOR, , HINDUSTAN TIMES HOUSE, 25 ASHOK MARG, LUCKNOW , 226001",,,
JLL - IDFC First Bank Limited,IDFC - GOMTI NAGAR BRANCH,21252,kishore.sawant@jll.com,9967646007,,,LUCKNOW,UTTAR PRADESH,"GROUND FLOOR, 3/296 VISHAL KHAND, GOMTI NAGAR, LUCKNOW 226010","GROUND FLOOR, 3/296 VISHAL KHAND, GOMTI NAGAR, LUCKNOW 226010",,,
JLL - IDFC First Bank Limited,IDFC - LUCKNOW-PANDIT HOUSE,21253,kishore.sawant@jll.com,9967646007,,,LUCKNOW,UTTAR PRADESH,"SECOND FLOOR, PANDIT HOUSE, 9A, SHAHNAJAF ROAD, LUCKNOW - 226001.","SECOND FLOOR, PANDIT HOUSE, 9A, SHAHNAJAF ROAD, LUCKNOW - 226001.",,,
JLL - IDFC First Bank Limited,IDFC - LUCKNOW-ASHIYANA BRANCH,21254,kishore.sawant@jll.com,9967646007,,,LUCKNOW,UTTAR PRADESH,"GROUND FLOOR, K-39, SECTOR K, NEAR POWER HOUSE CHAURAHA, ASHIYANA, LUCKNOW- 226012","GROUND FLOOR, K-39, SECTOR K, NEAR POWER HOUSE CHAURAHA, ASHIYANA, LUCKNOW- 226012",,,
JLL - IDFC First Bank Limited,IDFC - LUCKNOW  -MUNSHIPULLIA BRANCH,21255,kishore.sawant@jll.com,9967646007,,,LUCKNOW,UTTAR PRADESH,"GROUND FLOOR,  D-2008, RING ROAD, INDIRA NAGAR, MUNSHIPULIA, LUCKNOW- 226016","GROUND FLOOR,  D-2008, RING ROAD, INDIRA NAGAR, MUNSHIPULIA, LUCKNOW- 226016",,,
JLL - IDFC First Bank Limited,IDFC - Aliganj,21257,kishore.sawant@jll.com,9967646007,,,LUCKNOW,UTTAR PRADESH,"Upper Ground floor, Plot no. A-6/C, Sector C, Zone -3,Aliganj Street, Aliganj, Lucknow-226024","Upper Ground floor, Plot no. A-6/C, Sector C, Zone -3,Aliganj Street, Aliganj, Lucknow-226024",,,
JLL - IDFC First Bank Limited,IDFC - MBL - LUCKNOW-INDIRA NAGAR,21258,kishore.sawant@jll.com,9967646007,,,LUCKNOW,UTTAR PRADESH,"THIRD FLOOR, UMRAO PLAZA, PLOT NO B 3,  FAIZABAD ROAD,  LUCKNOW, UTTAR PRADESH-226016","THIRD FLOOR, UMRAO PLAZA, PLOT NO B 3,  FAIZABAD ROAD,  LUCKNOW, UTTAR PRADESH-226016",,,
JLL - IDFC First Bank Limited,IDFC - VIBHUTI KHAND-SALES HUB,21259,kishore.sawant@jll.com,9967646007,,,LUCKNOW,UTTAR PRADESH,"UNIT- 701-02-03-04-04-A, SUMMIT TOWERS, VIBHUTI KHAND, LUCKNOW- 226010","UNIT- 701-02-03-04-04-A, SUMMIT TOWERS, VIBHUTI KHAND, LUCKNOW- 226010",,,
JLL - IDFC First Bank Limited,IDFC - LUCKNOW - CHOWK BRANCH,21263,kishore.sawant@jll.com,9967646007,,,LUCKNOW,UTTAR PRADESH,"GROUND FLOOR, PLOT NO- 22, KHUN KHUN JI CHOWK, LUCKNOW, UTTAR PRADESH-226003","GROUND FLOOR, PLOT NO- 22, KHUN KHUN JI CHOWK, LUCKNOW, UTTAR PRADESH-226003",,,
JLL - IDFC First Bank Limited,IDFC - SARSAWAN,21269,kishore.sawant@jll.com,9967646007,,,LUCKNOW,UTTAR PRADESH,"Upper Ground floor & First floor, Khasra no. 776, Village- Sarsawan, , Tehsil Sarojini Nagar, Paragana – Lucknow , Dist. Lucknow, Uttar Pradesh - 247232","Upper Ground floor & First floor, Khasra no. 776, Village- Sarsawan, , Tehsil Sarojini Nagar, Paragana – Lucknow , Dist. Lucknow, Uttar Pradesh - 247232",,,
JLL - IDFC First Bank Limited,IDFC - LUCKNOW RURAL RO,29102,kishore.sawant@jll.com,9967646007,,,LUCKNOW,UTTAR PRADESH,"UNIT NO 703 & 704, 7TH FLOOR, URBANAC BUSINESS PARK, VIBHUTI KHAND, GOMTI NAGAR, LUCKNOW 226010","UNIT NO 703 & 704, 7TH FLOOR, URBANAC BUSINESS PARK, VIBHUTI KHAND, GOMTI NAGAR, LUCKNOW 226010",,,
JLL - IDFC First Bank Limited,IDFC - LUDHIANA BRANCH,21171,kishore.sawant@jll.com,9967646007,,,LUDHIANA,PUNJAB,"GROUND FLOOR, SCO 15 SAN PLAZA  , FEROZE GANDHI MARKET, LUDHIANA, 141001","GROUND FLOOR, SCO 15 SAN PLAZA  , FEROZE GANDHI MARKET, LUDHIANA, 141001",,,
JLL - IDFC First Bank Limited,IDFC - LUDHIANA TRADE TOWER -2ND FLOOR,21173,kishore.sawant@jll.com,9967646007,,,LUDHIANA,PUNJAB,"SECOND FLOOR, SCO-24, LUDHIANA TRADE TOWER, FEROZE GANDHI MARKET, LUDHIANA 141001","SECOND FLOOR, SCO-24, LUDHIANA TRADE TOWER, FEROZE GANDHI MARKET, LUDHIANA 141001",,,
JLL - IDFC First Bank Limited,IDFC - LUDHIANA SECTOR 32 BRANCH,21174,kishore.sawant@jll.com,9967646007,,,LUDHIANA,PUNJAB,"GROUND FLOOR, SCO 32, SECTOR -32 A , URBAN ESTATE , CHANDIGARH ROAD, LUDHIANA - 141014","GROUND FLOOR, SCO 32, SECTOR -32 A , URBAN ESTATE , CHANDIGARH ROAD, LUDHIANA - 141014",,,
JLL - IDFC First Bank Limited,IDFC - LUDHIANA BRS NAGAR BRANCH,21175,kishore.sawant@jll.com,9967646007,,,LUDHIANA,PUNJAB,"GROUND FLOOR , SCF-3, MAIN MARKET, NEAR ORIENT CINEMA, BRS NAGAR, LUDHIANA- 141004","GROUND FLOOR , SCF-3, MAIN MARKET, NEAR ORIENT CINEMA, BRS NAGAR, LUDHIANA- 141004",,,
JLL - IDFC First Bank Limited,IDFC - MBL - SUNDER NAGAR,21176,kishore.sawant@jll.com,9967646007,,,LUDHIANA,PUNJAB,"1ST FLOOR, AT VIJAYA BANK OF TANDON TOWER, SUNDER NAGAR, LUDHIANA, PUNJAB 141007","1ST FLOOR, AT VIJAYA BANK OF TANDON TOWER, SUNDER NAGAR, LUDHIANA, PUNJAB 141007",,,
JLL - IDFC First Bank Limited,IDFC - LUDHIANA - SALES HUB,21177,kishore.sawant@jll.com,9967646007,,,LUDHIANA,PUNJAB,"1ST FLOOR, SCF-3, MAIN MARKET, BRS NAGAR, LUDHIANA , PUNJAB – 141003 ","1ST FLOOR, SCF-3, MAIN MARKET, BRS NAGAR, LUDHIANA , PUNJAB – 141003 ",,,
JLL - IDFC First Bank Limited,IDFC - Ludhiana Miller Ganj,21178,kishore.sawant@jll.com,9967646007,,,LUDHIANA,PUNJAB,"Ground floor, B-15-79/A/1,  Nirankari Mohalla , Taraf Saidan, Vijay Nagar, G.T  Road , Ludhiana, Punjab- 141003","Ground floor, B-15-79/A/1,  Nirankari Mohalla , Taraf Saidan, Vijay Nagar, G.T  Road , Ludhiana, Punjab- 141003",,,
JLL - IDFC First Bank Limited,IDFC - MBL Khanna     ,21182,kishore.sawant@jll.com,9967646007,,,LUDHIANA,PUNJAB,"4th floor, Office no3. Surya Tower, G.T.Road, Khanna, Ward no. II, Dist. Ludhiana, Punjab-141401","4th floor, Office no3. Surya Tower, G.T.Road, Khanna, Ward no. II, Dist. Ludhiana, Punjab-141401",,,
JLL - IDFC First Bank Limited,IDFC - Doraha ( Punjab,21184,kishore.sawant@jll.com,9967646007,,,LUDHIANA,PUNJAB,"Ground and 1st floor, shop no. 302, ward no.3,Doraha, Abaddi, Railway road, Teh : Payal, Dist Ludhiana , Punjab- 141421","Ground and 1st floor, shop no. 302, ward no.3,Doraha, Abaddi, Railway road, Teh : Payal, Dist Ludhiana , Punjab- 141421",,,
JLL - IDFC First Bank Limited,IDFC - MAHASAMUND BRANCH,42881,kishore.sawant@jll.com,9967646007,,,MAHASAMUND,CHHATTISGARH,"GROUND FLOOR, NEXT TO TVS SHOWROOM,NEAR SEEMA LOCAL TRANSPORT, RAIPUR ROAD,MAHASAMUND, CHHATTISGARH 493445","GROUND FLOOR, NEXT TO TVS SHOWROOM,NEAR SEEMA LOCAL TRANSPORT, RAIPUR ROAD,MAHASAMUND, CHHATTISGARH 493445",,,
JLL - IDFC First Bank Limited,IDFC - BASNA BRANCH,42882,kishore.sawant@jll.com,9967646007,,,MAHASAMUND,CHHATTISGARH,"AMBE PLAZA,KH.NO.111/1/94/2,OPP.GAYATRI MANDIR, P.P.ROAD, BASNA, DISTRICT MAHASAMUND, CHHATTISGARH – 493554","AMBE PLAZA,KH.NO.111/1/94/2,OPP.GAYATRI MANDIR, P.P.ROAD, BASNA, DISTRICT MAHASAMUND, CHHATTISGARH – 493554",,,
JLL - IDFC First Bank Limited,IDFC - MALDAH,61221,kishore.sawant@jll.com,9967646007,,,MALDA,WEST BENGAL,"KALDHARAW BLDG., 4TH FLR, 420 MORE, NEAR NH, ENGLISH BAZAAR, MALDAH, WEST BENGAL- 732101","KALDHARAW BLDG., 4TH FLR, 420 MORE, NEAR NH, ENGLISH BAZAAR, MALDAH, WEST BENGAL- 732101",,,
JLL - IDFC First Bank Limited,IDFC - MANDSAUR BRANCH,41281,kishore.sawant@jll.com,9967646007,,,MANDSAUR,MADHYA PRADESH,"GROUND AND MEZZANINE FLOOR, PLOT NO 109/2, KALIDAS MARG, STATION ROAD, TEHSIL & DISTRICT MANDSAUR , MANDSAUR, MP 458001","GROUND AND MEZZANINE FLOOR, PLOT NO 109/2, KALIDAS MARG, STATION ROAD, TEHSIL & DISTRICT MANDSAUR , MANDSAUR, MP 458001",,,
JLL - IDFC First Bank Limited,IDFC - MBL - MANDSAUR,41282,kishore.sawant@jll.com,9967646007,,,MANDSAUR,MADHYA PRADESH,"FIRST  FLOOR,VIMAL PAMECHA COMPLEX, ABOVE ICICI BANK,   OPP. MAHARANA PRATAP BUS STAND, NAYAPURA ROAD, MANDSAUR(M.P) PIN-458001","FIRST  FLOOR,VIMAL PAMECHA COMPLEX, ABOVE ICICI BANK,   OPP. MAHARANA PRATAP BUS STAND, NAYAPURA ROAD, MANDSAUR(M.P) PIN-458001",,,
JLL - IDFC First Bank Limited,IDFC - MBL MATHURA,21751,kishore.sawant@jll.com,9967646007,,,MATHURA - VRINDAVAN,UTTAR PRADESH,"2ND FLOOR , CHATURVEDI TOWER, PLOT NO- 826 / 216 ,GOVERDHAN ROAD , KRISHNA NAGAR, MATHURA , UP-281004","2ND FLOOR , CHATURVEDI TOWER, PLOT NO- 826 / 216 ,GOVERDHAN ROAD , KRISHNA NAGAR, MATHURA , UP-281004",,,
JLL - IDFC First Bank Limited,IDFC - MATHURA BRANCH,21752,kishore.sawant@jll.com,9967646007,,,MATHURA - VRINDAVAN,UTTAR PRADESH,"GROUND FLOOR, 169/12, OPP. BSA MATHURA, KRISHNA NAGAR, MATHURA, UTTAR PRADESH- 281001","GROUND FLOOR, 169/12, OPP. BSA MATHURA, KRISHNA NAGAR, MATHURA, UTTAR PRADESH- 281001",,,
JLL - IDFC First Bank Limited,IDFC - BARIPADA BRANCH,61111,kishore.sawant@jll.com,9967646007,,,MAYURBHANJ,ODISHA,"GROUND FLOOR,PLOT NO. 475/2120 MOUZA- BARIPADA TOWN, WARD NO.7,DEULASAHI, P.S BARIPADA, P.S. NO.97, TAHASIL: BARIPADA, DIST. MAYURBHANJ, KHATA NO.222/1084,   KISSAM – GHARABARI ,   ODISHA- 757001   ","GROUND FLOOR,PLOT NO. 475/2120 MOUZA- BARIPADA TOWN, WARD NO.7,DEULASAHI, P.S BARIPADA, P.S. NO.97, TAHASIL: BARIPADA, DIST. MAYURBHANJ, KHATA NO.222/1084,   KISSAM – GHARABARI ,   ODISHA- 757001   ",,,
JLL - IDFC First Bank Limited,IDFC - MBL - NCR-MEERUT,20188,kishore.sawant@jll.com,9967646007,,,MEERUT,UTTAR PRADESH,"FIRST FLOOR AT BUILDING NO. 303/305, UNIVERSITY ROAD, MANGAL PANDEY NAGAR, MEERUT- UTTAR PRADESH- 250001 ","FIRST FLOOR AT BUILDING NO. 303/305, UNIVERSITY ROAD, MANGAL PANDEY NAGAR, MEERUT- UTTAR PRADESH- 250001 ",,,
JLL - IDFC First Bank Limited,IDFC - MEERUT BRANCH,21521,kishore.sawant@jll.com,9967646007,,,MEERUT,UTTAR PRADESH,"GROUND FLOOR, BUILDING NO. 303/305, UNIVERSITY ROAD, MANGAL PANDEY NAGAR , MEERUT- 250001","GROUND FLOOR, BUILDING NO. 303/305, UNIVERSITY ROAD, MANGAL PANDEY NAGAR , MEERUT- 250001",,,
JLL - IDFC First Bank Limited,IDFC - MEERUT - DELHI ROAD BRANCH,21522,kishore.sawant@jll.com,9967646007,,,MEERUT,UTTAR PRADESH,"GROUND FLOOR, 61/1,PUNJABI PURA, DELHI ROAD, MEERUT - 250002","GROUND FLOOR, 61/1,PUNJABI PURA, DELHI ROAD, MEERUT - 250002",,,
JLL - IDFC First Bank Limited,IDFC - MBL - MEERUT BAGHPAT GATE,21524,kishore.sawant@jll.com,9967646007,,,MEERUT,UTTAR PRADESH,"1ST FLOOR,PROPERTY NO .612,BAGHPAT GATE,MAIN DELHI ROAD,OPP. RANI MILL ROAD,MEERUT, UP- 250002","1ST FLOOR,PROPERTY NO .612,BAGHPAT GATE,MAIN DELHI ROAD,OPP. RANI MILL ROAD,MEERUT, UP- 250002",,,
JLL - IDFC First Bank Limited,IDFC - KHERALU BRANCH,40375,kishore.sawant@jll.com,9967646007,,,MEHSANA,GUJARAT,"SHOP NO 41 TO 46, SAPNA BAZAR, NEAR VRINDAVAN CHAR RASTA, AMBAHI HIGHWAY, KHERALU 384325","SHOP NO 41 TO 46, SAPNA BAZAR, NEAR VRINDAVAN CHAR RASTA, AMBAHI HIGHWAY, KHERALU 384325",,,
JLL - IDFC First Bank Limited,IDFC - MEHSANA BRANCH,40401,kishore.sawant@jll.com,9967646007,,,MEHSANA,GUJARAT,"GROUND AND FIRST FLOOR, PLOT NO. 24-25-26,SHIVAM COMPLEX,  NAGALPUR HIGHWAY ROAD, MEHSANA , GUJARAT - 384002","GROUND AND FIRST FLOOR, PLOT NO. 24-25-26,SHIVAM COMPLEX,  NAGALPUR HIGHWAY ROAD, MEHSANA , GUJARAT - 384002",,,
JLL - IDFC First Bank Limited,IDFC - MBL - MEHSANA,40402,kishore.sawant@jll.com,9967646007,,,MEHSANA,GUJARAT,"2ND FLOOR, RAJKAMAL CITY MALL, BESIDE RAJKAMAL PETROL PUMP, AHMEDABAD - PALANPUR HIGHWAY, MEHSANA-384002","2ND FLOOR, RAJKAMAL CITY MALL, BESIDE RAJKAMAL PETROL PUMP, AHMEDABAD - PALANPUR HIGHWAY, MEHSANA-384002",,,
JLL - IDFC First Bank Limited,IDFC - Moradabad,21901,kishore.sawant@jll.com,9967646007,,,MORADABAD,UTTAR PRADESH," Ground and First floor, Chhawni Civil lines, Pilikothi Chauraha, Moradabad, Uttar Pradesh - 244001"," Ground and First floor, Chhawni Civil lines, Pilikothi Chauraha, Moradabad, Uttar Pradesh - 244001",,,
JLL - IDFC First Bank Limited,IDFC - MBL - MORADABAD,21903,kishore.sawant@jll.com,9967646007,,,MORADABAD,UTTAR PRADESH,"FIRST FLOOR, PLOT NO 6 A, KHASARA NO. 277, WARD NO 15, MAJHOLA (DELHI ROAD), MORADABAD,U.P. - 244001","FIRST FLOOR, PLOT NO 6 A, KHASARA NO. 277, WARD NO 15, MAJHOLA (DELHI ROAD), MORADABAD,U.P. - 244001",,,
JLL - IDFC First Bank Limited,IDFC - LALPAR BRANCH,40443,kishore.sawant@jll.com,9967646007,,,MORBI,GUJARAT,"GROUND FLOOR, SHOP NO. 5,6,137,138,139,140&141, SHAKTI CHAMBER-A, TRAJPAR ,MORBI TALUKA , DISTRICT MORBI ,  LALPAR-363642","GROUND FLOOR, SHOP NO. 5,6,137,138,139,140&141, SHAKTI CHAMBER-A, TRAJPAR ,MORBI TALUKA , DISTRICT MORBI ,  LALPAR-363642",,,
JLL - IDFC First Bank Limited,IDFC - MBL - MORBI,40444,kishore.sawant@jll.com,9967646007,,,MORBI,GUJARAT,"SECOND FLOOR, IMPERIAL PLAZA, OPP. SARDARBAUGH, SANADA ROAD, ABOVE TJSB BANK, MORBI 363641","SECOND FLOOR, IMPERIAL PLAZA, OPP. SARDARBAUGH, SANADA ROAD, ABOVE TJSB BANK, MORBI 363641",,,
JLL - IDFC First Bank Limited,IDFC - MORBI BRANCH,40445,kishore.sawant@jll.com,9967646007,,,MORBI,GUJARAT,"GROUND FLOOR, PLOT NO.1, SHREE YADUNANDAN CHAMBERS, RAVAPAR ROAD, MORBI, GUJARAT - 363641","GROUND FLOOR, PLOT NO.1, SHREE YADUNANDAN CHAMBERS, RAVAPAR ROAD, MORBI, GUJARAT - 363641",,,
JLL - IDFC First Bank Limited,IDFC - Andheri East  CPC,40107,kishore.sawant@jll.com,9967646007,,,MUMBAI,MAHARASHTRA,"IDFC Bank Ltd., Everest Chambers Premises Cooperative Hsg, Near Star TV Office, A. K. Road, Marol Naka, Andheri E Mumbai – 400059","IDFC Bank Ltd., Everest Chambers Premises Cooperative Hsg, Near Star TV Office, A. K. Road, Marol Naka, Andheri E Mumbai – 400059",,,
JLL - IDFC First Bank Limited,IDFC - Belapur-CPC,40172,kishore.sawant@jll.com,9967646007,,,MUMBAI,MAHARASHTRA,"Shop No 3 & 13, Ground Floor, Sector 11, CBD Belapur, Maharashtra 400614","Shop No 3 & 13, Ground Floor, Sector 11, CBD Belapur, Maharashtra 400614",,,
JLL - IDFC First Bank Limited,IDFC - Muzaffarpur,61302,kishore.sawant@jll.com,9967646007,,,MUZAFFARPUR,BIHAR,"Ground and first floor, ward .18, Saraiyaganj Ghirni Pokhar, Jawaharlal Road, Muzaffarpur, Bihar- 842001","Ground and first floor, ward .18, Saraiyaganj Ghirni Pokhar, Jawaharlal Road, Muzaffarpur, Bihar- 842001",,,
JLL - IDFC First Bank Limited,IDFC - MBL - CHAKDAH,61281,kishore.sawant@jll.com,9967646007,,,NADIA,WEST BENGAL,"GROUND FLOOR, MOUZA - LALPUR, KHATIAN, NO. 1296, 3605,8030, P.S CHAKDAH , DISTRICT NADIA , WEST BENGAL - 741222","GROUND FLOOR, MOUZA - LALPUR, KHATIAN, NO. 1296, 3605,8030, P.S CHAKDAH , DISTRICT NADIA , WEST BENGAL - 741222",,,
JLL - IDFC First Bank Limited,IDFC - DIDWANA BRANCH,42223,kishore.sawant@jll.com,9967646007,,,NAGAUR FORT,RAJASTHAN,"PREMISES NEAR HDFC AND PWD HOUSE,LADNUN ROAD, DIDWANA,NAGAUR, 
RAJASTHAN - 341303","PREMISES NEAR HDFC AND PWD HOUSE,LADNUN ROAD, DIDWANA,NAGAUR, 
RAJASTHAN - 341303",,,
JLL - IDFC First Bank Limited,IDFC - MERTA CITY BRANCH,43311,kishore.sawant@jll.com,9967646007,,,NAGAUR FORT,RAJASTHAN,"GROUND FLOOR, KRISHI MANDI ROAD, JANTA  COLONY, MERTA CITY, DIST. NAGAUR, RAJASTHAN – 341510","GROUND FLOOR, KRISHI MANDI ROAD, JANTA  COLONY, MERTA CITY, DIST. NAGAUR, RAJASTHAN – 341510",,,
JLL - IDFC First Bank Limited,IDFC - KUCHAMAN CITY BRANCH,43312,kishore.sawant@jll.com,9967646007,,,NAGAUR FORT,RAJASTHAN,"GROUND FLOOR, DIDWANA ROAD, KUCHAMAN DIST.NAGAUR- RAJASTHAN-341508","GROUND FLOOR, DIDWANA ROAD, KUCHAMAN DIST.NAGAUR- RAJASTHAN-341508",,,
JLL - IDFC First Bank Limited,IDFC - Nagaur Branch,43314,kishore.sawant@jll.com,9967646007,,,NAGAUR FORT,RAJASTHAN,"GROUND &FIRST FLOOR, BHARGAV COMPLEX, BEHIND RAMPOL, MULMULON KA CHOWK (DAGDU KUNWA), STATION ROAD, NAGAUR, RAJASTHAN - 341001","GROUND &FIRST FLOOR, BHARGAV COMPLEX, BEHIND RAMPOL, MULMULON KA CHOWK (DAGDU KUNWA), STATION ROAD, NAGAUR, RAJASTHAN - 341001",,,
JLL - IDFC First Bank Limited,IDFC - NAGPUR BRANCH,42501,kishore.sawant@jll.com,9967646007,,,NAGPUR,MAHARASHTRA,"GROUND FLOOR,127/1, MAHARAJ BAG ROAD,OPPOSITE SBI PBB, RAMADAS, PETH, NAGPUR 440010","GROUND FLOOR,127/1, MAHARAJ BAG ROAD,OPPOSITE SBI PBB, RAMADAS, PETH, NAGPUR 440010",,,
JLL - IDFC First Bank Limited,IDFC - NAGPUR-CHHATRPATI SQUARE,42502,kishore.sawant@jll.com,9967646007,,,NAGPUR,MAHARASHTRA,"7TH FLOOR, ARTEFACT TOWERS, CHHATRAPATI SQUARE, NAGPUR - 440015","7TH FLOOR, ARTEFACT TOWERS, CHHATRAPATI SQUARE, NAGPUR - 440015",,,
JLL - IDFC First Bank Limited,IDFC - NAGPUR-ZADE BHAVAN BRANCH,42503,kishore.sawant@jll.com,9967646007,,,NAGPUR,MAHARASHTRA,"SHOP NO. 3-4-5, ZADE BHAVAN, CENTRAL AVENUE ROAD, CHAPRU NAGAR, NAGPUR, MAHARASHTRA- 440008","SHOP NO. 3-4-5, ZADE BHAVAN, CENTRAL AVENUE ROAD, CHAPRU NAGAR, NAGPUR, MAHARASHTRA- 440008",,,
JLL - IDFC First Bank Limited,IDFC - Byramji Tower - Nagpur,42504,kishore.sawant@jll.com,9967646007,,,NAGPUR,MAHARASHTRA,"UPPER GROUND FLOOR , PLOT NO.25, SUNDAR PRIDE,   CHITNAVIS LAYOUT, BYRAMJI TOWN SADAR, JARIPATKA,  NAGPUR -440013","UPPER GROUND FLOOR , PLOT NO.25, SUNDAR PRIDE,   CHITNAVIS LAYOUT, BYRAMJI TOWN SADAR, JARIPATKA,  NAGPUR -440013",,,
JLL - IDFC First Bank Limited,IDFC - MBL - NAGPUR,42505,kishore.sawant@jll.com,9967646007,,,NAGPUR,MAHARASHTRA,"BLOCK NO 504, 4TH FLOOR, BRIJ BHUMI, CA ROAD, NAGPUR - 440012","BLOCK NO 504, 4TH FLOOR, BRIJ BHUMI, CA ROAD, NAGPUR - 440012",,,
JLL - IDFC First Bank Limited,IDFC - HALDWANI,21811,kishore.sawant@jll.com,9967646007,,,NAINITAL,UTTARAKHAND,"Ground floor, Khata NO. 00448(1430-1430),Kaladungi Road, Bamori Talli Kham,Haldwani,Nainital,Uttarakhand-263139","Ground floor, Khata NO. 00448(1430-1430),Kaladungi Road, Bamori Talli Kham,Haldwani,Nainital,Uttarakhand-263139",,,
JLL - IDFC First Bank Limited,IDFC - MBL - HALDWANI,21812,kishore.sawant@jll.com,9967646007,,,NAINITAL,UTTARAKHAND,"FIRST FLOOR, ABOVE BANK OF BARODA, MANGAL PARAO, BAREILLY ROAD, HALDWANI,U.K.  263139","FIRST FLOOR, ABOVE BANK OF BARODA, MANGAL PARAO, BAREILLY ROAD, HALDWANI,U.K.  263139",,,
JLL - IDFC First Bank Limited,IDFC - SOHSARIA BRANCH,61471,kishore.sawant@jll.com,9967646007,,,NALANDA,BIHAR,"GROUND AND FIRST FLOOR, PLOT NO 840, KHATA 525/303, GALLA PATTI ROAD, KARUNABAGH, BIHARSHARIF, NALANDA, SOHSARAI, BIHAR- 803118","GROUND AND FIRST FLOOR, PLOT NO 840, KHATA 525/303, GALLA PATTI ROAD, KARUNABAGH, BIHARSHARIF, NALANDA, SOHSARAI, BIHAR- 803118",,,
JLL - IDFC First Bank Limited,IDFC - JALAN,43801,kishore.sawant@jll.com,9967646007,,,NANDED,MAHARASHTRA,"UPPER GROUND FLOOR, 1101, BLOCK 18, WARD NO.-1 , ZONE 2, MAGANPURA, VASANT NAGAR NANDED , MAHARASHTRA- 431601","UPPER GROUND FLOOR, 1101, BLOCK 18, WARD NO.-1 , ZONE 2, MAGANPURA, VASANT NAGAR NANDED , MAHARASHTRA- 431601",,,
JLL - IDFC First Bank Limited,IDFC - NASHIK BRANCH,42281,kishore.sawant@jll.com,9967646007,,,NASIK,MAHARASHTRA,"GROUND FLOOR ,SHOP NO. 2, “SHANTA-MADHAV SANKUL” , MICO CIRCLE, TRIMBAK  ROAD, NASHIK - 422002, MAHARASHTRA ","GROUND FLOOR ,SHOP NO. 2, “SHANTA-MADHAV SANKUL” , MICO CIRCLE, TRIMBAK  ROAD, NASHIK - 422002, MAHARASHTRA ",,,
JLL - IDFC First Bank Limited,IDFC - NASIK-SAHAYADREE BUSINESS PARK,42282,kishore.sawant@jll.com,9967646007,,,NASIK,MAHARASHTRA,"SHOP NO. 1 & 2, GROUND FLOOR, MALPANI ARCADE, SHRI HARI KUTE MARG, NASHIK, MAHARASHTRA-422002","SHOP NO. 1 & 2, GROUND FLOOR, MALPANI ARCADE, SHRI HARI KUTE MARG, NASHIK, MAHARASHTRA-422002",,,
JLL - IDFC First Bank Limited,IDFC - NASHIK -  GANGAPUR ROAD,42283,kishore.sawant@jll.com,9967646007,,,NASIK,MAHARASHTRA,"GROUND FLOOR, 712/2A+2D/74,74,GOSHIBA MAJESTY,GANGAPUR ROAD, NASHIK- 422005 ","GROUND FLOOR, 712/2A+2D/74,74,GOSHIBA MAJESTY,GANGAPUR ROAD, NASHIK- 422005 ",,,
JLL - IDFC First Bank Limited,IDFC - NIPHAD BRANCH,42284,kishore.sawant@jll.com,9967646007,,,NASIK,MAHARASHTRA,"GROUND FLOOR, SHOP NO.1 &2, NAVAKAR TOWERS, AURANGABAD ROAD,    VILLAGE – NIPHAD, NIPHAD GRAMPANCHAYAT, TAL. NIPHAD,DISTRICT NASHIK,   NASHIK-422303","GROUND FLOOR, SHOP NO.1 &2, NAVAKAR TOWERS, AURANGABAD ROAD,    VILLAGE – NIPHAD, NIPHAD GRAMPANCHAYAT, TAL. NIPHAD,DISTRICT NASHIK,   NASHIK-422303",,,
JLL - IDFC First Bank Limited,IDFC - PIMPALGAON – NASHIK,42286,kishore.sawant@jll.com,9967646007,,,NASIK,MAHARASHTRA,"Ground floor, Plot no. 1+2+3, G- 8, G-10,G- 11 Business Square,  Pimpalgaon Basvant, Mumbai- Agra Road, Tal. Niphad, Nashik, Maharashtra- 422209","Ground floor, Plot no. 1+2+3, G- 8, G-10,G- 11 Business Square,  Pimpalgaon Basvant, Mumbai- Agra Road, Tal. Niphad, Nashik, Maharashtra- 422209",,,
JLL - IDFC First Bank Limited,IDFC - BILIMORA BRANCH,43181,kishore.sawant@jll.com,9967646007,,,NAVSARI,GUJARAT,"SHOP NO.1, GROUND FLOOR , PRIYAL COMPLEX,, SURVEY NO. 181, VILLAGE ANTALIYA, TALUKA GANDEVI, DISTRICT NAVSARI , OPP. ITI ,  BILIMORA - 396325","SHOP NO.1, GROUND FLOOR , PRIYAL COMPLEX,, SURVEY NO. 181, VILLAGE ANTALIYA, TALUKA GANDEVI, DISTRICT NAVSARI , OPP. ITI ,  BILIMORA - 396325",,,
JLL - IDFC First Bank Limited,IDFC - NAVASARI,43183,kishore.sawant@jll.com,9967646007,,,NAVSARI,GUJARAT,"GROUND FLOOR, BHAGWANDAS COMPLEX, BESIDE MANAV MANDIR, LUNSIKUI, NAVSARI – 396445","GROUND FLOOR, BHAGWANDAS COMPLEX, BESIDE MANAV MANDIR, LUNSIKUI, NAVSARI – 396445",,,
JLL - IDFC First Bank Limited,IDFC - Newada,61421,kishore.sawant@jll.com,9967646007,,,NAWADA,BIHAR,"Upper Ground floor, Khata  no. 378/379,  Nawada, Bihar, -805110","Upper Ground floor, Khata  no. 378/379,  Nawada, Bihar, -805110",,,
JLL - IDFC First Bank Limited,IDFC - NAYAGARH BRANCH,60641,kishore.sawant@jll.com,9967646007,,,NAYAGARH,ODISHA,"GROUND FLOOR, PLOT NO.2408/4411, KHATA NO.1219/1542, COLLEGE ROAD , OPP.NAYAGARH COLLEGE, NAYAGARH – 752069.","GROUND FLOOR, PLOT NO.2408/4411, KHATA NO.1219/1542, COLLEGE ROAD , OPP.NAYAGARH COLLEGE, NAYAGARH – 752069.",,,
JLL - IDFC First Bank Limited,IDFC - NEEMUCH BRANCH,43121,kishore.sawant@jll.com,9967646007,,,NEEMUCH,MADHYA PRADESH,"GROUND FLOOR, HOUSE NO. 223,TEACHERS COLONY SCHEME NO. 17, DR.  RADHA KRISHNAN  NAGAR, AMBEDKAR ROAD, NEEMUCH – 458441","GROUND FLOOR, HOUSE NO. 223,TEACHERS COLONY SCHEME NO. 17, DR.  RADHA KRISHNAN  NAGAR, AMBEDKAR ROAD, NEEMUCH – 458441",,,
JLL - IDFC First Bank Limited,IDFC - MBL - NEEMUCH,43123,kishore.sawant@jll.com,9967646007,,,NEEMUCH,MADHYA PRADESH,"PLOT NO. 50, FIRST FLOOR ,ABOVE MANAPPURAM GOLD LOAN, AMBEDKAR MARG, NEEMUCH, MP, PIN-458441","PLOT NO. 50, FIRST FLOOR ,ABOVE MANAPPURAM GOLD LOAN, AMBEDKAR MARG, NEEMUCH, MP, PIN-458441",,,
JLL - IDFC First Bank Limited,IDFC - NOIDA-BHAGWAN SAHAI PALACE,20122,kishore.sawant@jll.com,9967646007,,,NOIDA,UTTAR PRADESH,"2ND FLOOR, BHAGWAN SAHAI PALACE, MAIN ROAD, NAYA BANS, SECTOR 15, NOIDA - 201307","2ND FLOOR, BHAGWAN SAHAI PALACE, MAIN ROAD, NAYA BANS, SECTOR 15, NOIDA - 201307",,,
JLL - IDFC First Bank Limited,IDFC - NOIDA SECTOR 12 BRANCH,20124,kishore.sawant@jll.com,9967646007,,,NOIDA,UTTAR PRADESH,"GROUND FLOOR, SHOP NO.18-19,BLOCK I-25,SECTOR 12,NOIDA – 201301","GROUND FLOOR, SHOP NO.18-19,BLOCK I-25,SECTOR 12,NOIDA – 201301",,,
JLL - IDFC First Bank Limited,IDFC - NOIDA SECTOR 137 BRANCH,20141,kishore.sawant@jll.com,9967646007,,,NOIDA,UTTAR PRADESH,"GROUND FLOOR, UNIT NO. 101-102,GULSHAN VIVANTE, SECTOR 137, NOIDA- 201301","GROUND FLOOR, UNIT NO. 101-102,GULSHAN VIVANTE, SECTOR 137, NOIDA- 201301",,,
JLL - IDFC First Bank Limited,IDFC - NOIDA SECTOR 50 BRANCH,20145,kishore.sawant@jll.com,9967646007,,,NOIDA,UTTAR PRADESH,"BASEMENT, GROUND & 1ST FLOOR, PLOT NO. 37, BLOCK B-1, CENTRAL MARKET, SECTOR 50, NOIDA, DISTRICT GAUTAM BUDH NAGAR, UTTAR PRADESH - 201301","BASEMENT, GROUND & 1ST FLOOR, PLOT NO. 37, BLOCK B-1, CENTRAL MARKET, SECTOR 50, NOIDA, DISTRICT GAUTAM BUDH NAGAR, UTTAR PRADESH - 201301",,,
JLL - IDFC First Bank Limited,IDFC - Noida Sector 50 CPC,20145,kishore.sawant@jll.com,9967646007,,,NOIDA,UTTAR PRADESH,"Basement , Ground & First Floor ,B 1/35,36, B Block, Central Market, SECTOR 50 , NOIDA – 201301","Basement , Ground & First Floor ,B 1/35,36, B Block, Central Market, SECTOR 50 , NOIDA – 201301",,,
JLL - IDFC First Bank Limited,IDFC - NOIDA- SECTOR 18 BRANCH,20151,kishore.sawant@jll.com,9967646007,,,NOIDA,UTTAR PRADESH,"G-61 & G-62, SECTOR 18, GAUTAM BUDDHA NAGAR,, NOIDA, UTTAR PRADESH, GAUTAM BUDDHA NAGAR, NOIDA, 201301","G-61 & G-62, SECTOR 18, GAUTAM BUDDHA NAGAR,, NOIDA, UTTAR PRADESH, GAUTAM BUDDHA NAGAR, NOIDA, 201301",,,
JLL - IDFC First Bank Limited,IDFC - NOIDA SECTOR-45 BRANCH,20152,kishore.sawant@jll.com,9967646007,,,NOIDA,UTTAR PRADESH,"G-10-11,  GROUND FLOOR, SDS ,NRI RESIDENCY,SECTOR 45,NOIDA- 201303","G-10-11,  GROUND FLOOR, SDS ,NRI RESIDENCY,SECTOR 45,NOIDA- 201303",,,
JLL - IDFC First Bank Limited,IDFC - NOIDA SECTOR 77 BRANCH,20153,kishore.sawant@jll.com,9967646007,,,NOIDA,UTTAR PRADESH,"GROUND & MEZZANINE FLOOR, SHOP NO. G-4, CIVITECH CENTRAL ,PLOT NO. GH-02/C, SECTOR 77 , NOIDA-201304 ","GROUND & MEZZANINE FLOOR, SHOP NO. G-4, CIVITECH CENTRAL ,PLOT NO. GH-02/C, SECTOR 77 , NOIDA-201304 ",,,
JLL - IDFC First Bank Limited,IDFC - GREATER NOIDA BRANCH,20154,kishore.sawant@jll.com,9967646007,,,NOIDA,UTTAR PRADESH,"GROUND FLOOR, G-5/C-1,KRISHNA ALPHA PLAZA,COMMERCIAL BELT, ALPHA-1, NOIDA - 201308","GROUND FLOOR, G-5/C-1,KRISHNA ALPHA PLAZA,COMMERCIAL BELT, ALPHA-1, NOIDA - 201308",,,
JLL - IDFC First Bank Limited,IDFC - SECTOR-110 NOIDA BRANCH,20155,kishore.sawant@jll.com,9967646007,,,NOIDA,UTTAR PRADESH,"GROUND  & BASEMENT, A-2/4, SECTOR 110,NOIDA-201304","GROUND  & BASEMENT, A-2/4, SECTOR 110,NOIDA-201304",,,
JLL - IDFC First Bank Limited,IDFC - BOC- SECTOR-132- NOIDA,20157,kishore.sawant@jll.com,9967646007,,,NOIDA,UTTAR PRADESH,"GROUND FLOOR, UNIT NO. 1006-1007(TOWER-1) & UNIT NO. 2005-2006 (TOWER-2) IN EXPRESS TRADE TOWER-2 , B-36, SECTOR 132 NOIDA- 201301","GROUND FLOOR, UNIT NO. 1006-1007(TOWER-1) & UNIT NO. 2005-2006 (TOWER-2) IN EXPRESS TRADE TOWER-2 , B-36, SECTOR 132 NOIDA- 201301",,,
JLL - IDFC First Bank Limited,IDFC - NOIDA-16 BRANCH,20158,kishore.sawant@jll.com,9967646007,,,NOIDA,UTTAR PRADESH,"GROUND FLOOR ,PLOT NO.12,  BLOCK B, SECTOR 16, NOIDA, DIST. GAUTAM BUDH NAGAR, UTTAR PRADESH - 201301","GROUND FLOOR ,PLOT NO.12,  BLOCK B, SECTOR 16, NOIDA, DIST. GAUTAM BUDH NAGAR, UTTAR PRADESH - 201301",,,
JLL - IDFC First Bank Limited,IDFC - NOIDA SECTOR 18 - SALES HUB,20193,kishore.sawant@jll.com,9967646007,,,NOIDA,UTTAR PRADESH,"2ND FLOOR, UNIT NO. 79 TO 93, PLOT NO. 24-24A-24B-24C-24D-24E & 25, PEARL PLAZA, SECTOR 18, NOIDA- 201301","2ND FLOOR, UNIT NO. 79 TO 93, PLOT NO. 24-24A-24B-24C-24D-24E & 25, PEARL PLAZA, SECTOR 18, NOIDA- 201301",,,
JLL - IDFC First Bank Limited,IDFC - JEWAR BRANCH,21041,kishore.sawant@jll.com,9967646007,,,NOIDA,UTTAR PRADESH,"GROUND FLOOR, KHASRA NO. 845, KHURJA ROAD, JEWAR, KASBA JEWAR, DIST. GAUTAM BUDH NAGAR, UTTAR PRADESH -203135","GROUND FLOOR, KHASRA NO. 845, KHURJA ROAD, JEWAR, KASBA JEWAR, DIST. GAUTAM BUDH NAGAR, UTTAR PRADESH -203135",,,
JLL - IDFC First Bank Limited,IDFC - GREATER NOIDA - BETA PLAZA BRANCH,21256,kishore.sawant@jll.com,9967646007,,,NOIDA,UTTAR PRADESH,"GROUND FLOOR,  UNIT NO. 10, PLOT NO. LS-01, BETA-1, BETA PLAZA, GREATER NOIDA- 201310","GROUND FLOOR,  UNIT NO. 10, PLOT NO. LS-01, BETA-1, BETA PLAZA, GREATER NOIDA- 201310",,,
JLL - IDFC First Bank Limited,IDFC - NOIDA SECTOR 63 BRANCH,21331,kishore.sawant@jll.com,9967646007,,,NOIDA,UTTAR PRADESH,"FIRST FLOOR, PLOT NO. 34, BLOCK H-1-A, NOIDA SECTOR 63, GAUTAM BHUDH NAGAR, NOIDA, UTTAR PRADESH, 201301","FIRST FLOOR, PLOT NO. 34, BLOCK H-1-A, NOIDA SECTOR 63, GAUTAM BHUDH NAGAR, NOIDA, UTTAR PRADESH, 201301",,,
JLL - IDFC First Bank Limited,IDFC - Noida DBU,21332,kishore.sawant@jll.com,9967646007,,,NOIDA,UTTAR PRADESH,"Ground floor, Unit no.2, Tower-A, “ITHUM”, Plot No.A-40,  Sector-62, Noida, Distt. Gautam Budh Nagar , Noida, Uttar Pradesh – 201301","Ground floor, Unit no.2, Tower-A, “ITHUM”, Plot No.A-40,  Sector-62, Noida, Distt. Gautam Budh Nagar , Noida, Uttar Pradesh – 201301",,,
JLL - IDFC First Bank Limited,IDFC - NOIDA SECTOR 51,21333,kishore.sawant@jll.com,9967646007,,,NOIDA,UTTAR PRADESH,"Basement and Ground floor, B-1A,PID-19,sector 51,Noida, Dist. Gautam Budh Nagar, Uttar Pradesh-201307","Basement and Ground floor, B-1A,PID-19,sector 51,Noida, Dist. Gautam Budh Nagar, Uttar Pradesh-201307",,,
JLL - IDFC First Bank Limited,IDFC - SALT LAKE- KOLKATA BRANCH,60102,kishore.sawant@jll.com,9967646007,,,NORTH 24 PARGANAS,WEST BENGAL,"GROUND FLOOR & 6TH FLOOR, VISHNU CHAMBERS, , SITUATED AT J-4, BLOCK EP & GP, , SECTOR-V, BIDHAN NAGAR, KOLKATA, 700091","GROUND FLOOR & 6TH FLOOR, VISHNU CHAMBERS, , SITUATED AT J-4, BLOCK EP & GP, , SECTOR-V, BIDHAN NAGAR, KOLKATA, 700091",,,
JLL - IDFC First Bank Limited,IDFC - KOLKATA-SALT LAKE SECTOR 2 BRANCH,60113,kishore.sawant@jll.com,9967646007,,,NORTH 24 PARGANAS,WEST BENGAL,"GROUND FLOOR, BH-20, SALT LAKE CITY, SECTOR -2,  KOLKATA, WEST BENGAL  - 700091","GROUND FLOOR, BH-20, SALT LAKE CITY, SECTOR -2,  KOLKATA, WEST BENGAL  - 700091",,,
JLL - IDFC First Bank Limited,IDFC - KOLKATA - LAKE TOWN BRANCH,60114,kishore.sawant@jll.com,9967646007,,,NORTH 24 PARGANAS,WEST BENGAL,"GROUND FLOOR, P-878, BLOCK – A , LAKE TOWN, KOLKATA- 700089","GROUND FLOOR, P-878, BLOCK – A , LAKE TOWN, KOLKATA- 700089",,,
JLL - IDFC First Bank Limited,IDFC - MBL - MADHYAMGRAM,60122,kishore.sawant@jll.com,9967646007,,,NORTH 24 PARGANAS,WEST BENGAL,"3ND FLOOR  ANANDALOK , LANE NO 1 JESSORE ROAD , CHOWMATHA ,MADHYAMGRAM KOLKATA WEST BENGAL 700129","3ND FLOOR  ANANDALOK , LANE NO 1 JESSORE ROAD , CHOWMATHA ,MADHYAMGRAM KOLKATA WEST BENGAL 700129",,,
JLL - IDFC First Bank Limited,IDFC - BARASAT BRANCH,61151,kishore.sawant@jll.com,9967646007,,,NORTH 24 PARGANAS,WEST BENGAL,"GROUND FLOOR, 98,KRISHNANAGAR ROAD,NABAPALLY,  NORTH 24 PARGANAS, BARASAT , WEST BENGAL -700126 ","GROUND FLOOR, 98,KRISHNANAGAR ROAD,NABAPALLY,  NORTH 24 PARGANAS, BARASAT , WEST BENGAL -700126 ",,,
JLL - IDFC First Bank Limited,IDFC - MBL - BARASAT,61152,kishore.sawant@jll.com,9967646007,,,NORTH 24 PARGANAS,WEST BENGAL,"NIBEDITA PLACE, 1ST FLOOR, TAKI ROAD (NORTH), PO & PS - BARASAT,  DIST- 24 PARGANAS (N), KOLKATA, WEST  BENGAL - 700124","NIBEDITA PLACE, 1ST FLOOR, TAKI ROAD (NORTH), PO & PS - BARASAT,  DIST- 24 PARGANAS (N), KOLKATA, WEST  BENGAL - 700124",,,
JLL - IDFC First Bank Limited,IDFC - MBL - HABRA,61154,kishore.sawant@jll.com,9967646007,,,NORTH 24 PARGANAS,WEST BENGAL,"1ST FLOOR, WARD NO.3, HOLDING NO.116/N,P.S HABRA, ADSR HABRA, NORTH 24 PARGANAS, WEST - BENGAL - 743263","1ST FLOOR, WARD NO.3, HOLDING NO.116/N,P.S HABRA, ADSR HABRA, NORTH 24 PARGANAS, WEST - BENGAL - 743263",,,
JLL - IDFC First Bank Limited,IDFC - JAITARAN BRANCH,43101,kishore.sawant@jll.com,9967646007,,,PALI,RAJASTHAN,"GROUND FLOOR, KHASRA.NO. 926, NIMAJ ROAD, JAITARAN, DISTRICT PALI, RAJASTHAN - 306302","GROUND FLOOR, KHASRA.NO. 926, NIMAJ ROAD, JAITARAN, DISTRICT PALI, RAJASTHAN - 306302",,,
JLL - IDFC First Bank Limited,IDFC - SOJAT BRANCH,43102,kishore.sawant@jll.com,9967646007,,,PALI,RAJASTHAN,"GROUND FLOOR, KHASRA NO. 4531 CHAK I, NEAR GURU NARAYAN  NAGARGIRLS  SCHOOL, BHATTI PLAZA, SOJAT CITY,DIST PALI , RAJASTHAN - 306104","GROUND FLOOR, KHASRA NO. 4531 CHAK I, NEAR GURU NARAYAN  NAGARGIRLS  SCHOOL, BHATTI PLAZA, SOJAT CITY,DIST PALI , RAJASTHAN - 306104",,,
JLL - IDFC First Bank Limited,IDFC - SUMERPUR BRANCH,43103,kishore.sawant@jll.com,9967646007,,,PALI,RAJASTHAN,"GROUND AND FIRST FLOOR,  STATION ROAD, NEAR RAJGURU CHOWK , DIST PALI, SUMERPUR,  RAJASTHAN-306902","GROUND AND FIRST FLOOR,  STATION ROAD, NEAR RAJGURU CHOWK , DIST PALI, SUMERPUR,  RAJASTHAN-306902",,,
JLL - IDFC First Bank Limited,IDFC - PALI BRANCH,43104,kishore.sawant@jll.com,9967646007,,,PALI,RAJASTHAN,"GROUND FLOOR, PLOT NO. 40  MINAXI KAYRA , VARDHMAN NAGAR, MANDIYA ROAD, PALI CITY , DISTT.- PALI , RAJASTHAN 306401","GROUND FLOOR, PLOT NO. 40  MINAXI KAYRA , VARDHMAN NAGAR, MANDIYA ROAD, PALI CITY , DISTT.- PALI , RAJASTHAN 306401",,,
JLL - IDFC First Bank Limited,IDFC - PANJIM BRANCH,42401,kishore.sawant@jll.com,9967646007,,,PANAJI,GOA,"GROUND FLOOR ,SHOP NO. G-2, MILROC LAR MENEZES, SWAMI VIVEKANANDA ROAD, PANAJI, GOA, 403001","GROUND FLOOR ,SHOP NO. G-2, MILROC LAR MENEZES, SWAMI VIVEKANANDA ROAD, PANAJI, GOA, 403001",,,
JLL - IDFC First Bank Limited,IDFC - PANCHKULA BRANCH,21351,kishore.sawant@jll.com,9967646007,,,PANCHKULA,HARYANA,"GROUND FLOOR, SCO. 63, SECTOR 11, DIST. PANCHKULA 134109 HARYANA","GROUND FLOOR, SCO. 63, SECTOR 11, DIST. PANCHKULA 134109 HARYANA",,,
JLL - IDFC First Bank Limited,IDFC - Panchkula-Sector 11 CPC,21351,kishore.sawant@jll.com,9967646007,,,PANCHKULA,HARYANA,"SCO 63, Sector 11, Panchkula, Haryana 110002","SCO 63, Sector 11, Panchkula, Haryana 110002",,,
JLL - IDFC First Bank Limited,IDFC - PANCHKULA – SECTOR 20 BRANCH,21352,kishore.sawant@jll.com,9967646007,,,PANCHKULA,HARYANA,"GROUND FLOOR, SCO 395,SECTOR 20, URBAN ESTATE , PANCHKULA – 134116","GROUND FLOOR, SCO 395,SECTOR 20, URBAN ESTATE , PANCHKULA – 134116",,,
JLL - IDFC First Bank Limited,IDFC - PANIPAT BRANCH,21621,kishore.sawant@jll.com,9967646007,,,PANIPAT,HARYANA,"GROUND FLOOR, N D TOWER, 3672/3/1, WARDNO.16, PATTI RAJPUTANA, G.T.ROAD, PANIPAT- 132103","GROUND FLOOR, N D TOWER, 3672/3/1, WARDNO.16, PATTI RAJPUTANA, G.T.ROAD, PANIPAT- 132103",,,
JLL - IDFC First Bank Limited,IDFC - MBL - PANIPAT,21622,kishore.sawant@jll.com,9967646007,,,PANIPAT,HARYANA,"SCF - 50 ,SEC -11, HUDA PHASE 1 PANIPAT, HARYANA 132103","SCF - 50 ,SEC -11, HUDA PHASE 1 PANIPAT, HARYANA 132103",,,
JLL - IDFC First Bank Limited,IDFC - SAMALAKHA BRANCH,21624,kishore.sawant@jll.com,9967646007,,,PANIPAT,HARYANA,"GROUND FLOOR, KHEWAT NO. 1015, KHASRA NO.19/30(2-12)&8/39, SAMALKHA DIST , PANIPAT- 132101","GROUND FLOOR, KHEWAT NO. 1015, KHASRA NO.19/30(2-12)&8/39, SAMALKHA DIST , PANIPAT- 132101",,,
JLL - IDFC First Bank Limited,IDFC - MBL-ASANSOL,60422,kishore.sawant@jll.com,9967646007,,,PASCHIM BARDHAMAN,WEST BENGAL,"SHREE VISHAL PLAZA, G.T.ROAD (EAST), HOLDING NO. 123 (NEW),MURGASOL, ASANSOL - 713303","SHREE VISHAL PLAZA, G.T.ROAD (EAST), HOLDING NO. 123 (NEW),MURGASOL, ASANSOL - 713303",,,
JLL - IDFC First Bank Limited,IDFC - DURGAPUR - KARUKRIT HOUSE,60441,kishore.sawant@jll.com,9967646007,,,PASCHIM BARDHAMAN,WEST BENGAL,"KARUKRIT HOUSE, 1ST FLOOR, 10, NAZRUL SARANI, CITY CENTRE, NEAR DURGAPUR CINEMA HALL, POLICE STATION – DURGAPUR, DISTRICT – BURDWAN, PIN CODE - 71321, WEST BENGAL ","KARUKRIT HOUSE, 1ST FLOOR, 10, NAZRUL SARANI, CITY CENTRE, NEAR DURGAPUR CINEMA HALL, POLICE STATION – DURGAPUR, DISTRICT – BURDWAN, PIN CODE - 71321, WEST BENGAL ",,,
JLL - IDFC First Bank Limited,"IDFC - Paschim Bardhaman, Durgapur, West Bengal",60442,kishore.sawant@jll.com,9967646007,,,PASCHIM BARDHAMAN,WEST BENGAL,"Ground and first floor, Plot no. B-7,Ambedkar Sarani, City Centre, District Paschim Bardhaman, Durgapur, West Bengal-713216","Ground and first floor, Plot no. B-7,Ambedkar Sarani, City Centre, District Paschim Bardhaman, Durgapur, West Bengal-713216",,,
JLL - IDFC First Bank Limited,IDFC - KHARAGPUR BRANCH,61451,kishore.sawant@jll.com,9967646007,,,PASCHIM MEDINIPUR,WEST BENGAL," FIRST FLOOR,  RUISHANDA, DAG NO. 153,   KHATIAN NO. 563 & 567,G.P BARKOLA , KHARAGPUR, DIST.  MIDNAPUR,KHARAGPUR-  PIN: 721301"," FIRST FLOOR,  RUISHANDA, DAG NO. 153,   KHATIAN NO. 563 & 567,G.P BARKOLA , KHARAGPUR, DIST.  MIDNAPUR,KHARAGPUR-  PIN: 721301",,,
JLL - IDFC First Bank Limited,IDFC - PATIALA-PREM HEIGHTS,21451,kishore.sawant@jll.com,9967646007,,,PATIALA,PUNJAB,"1ST FLOOR, PREM HEIGHTS, 28-29, AJIT NAGAR, PATIALA - 147001- PUNJAB","1ST FLOOR, PREM HEIGHTS, 28-29, AJIT NAGAR, PATIALA - 147001- PUNJAB",,,
JLL - IDFC First Bank Limited,IDFC - PATIALA - LEELA BHAWAN BRANCH,21452,kishore.sawant@jll.com,9967646007,,,PATIALA,PUNJAB,"GROUND FLOOR,  SCO-3,BHUPINDRA ROAD, AJIT  NAGAR, ADJOINING LEELA BHAWAN, PATIALA- 147001","GROUND FLOOR,  SCO-3,BHUPINDRA ROAD, AJIT  NAGAR, ADJOINING LEELA BHAWAN, PATIALA- 147001",,,
JLL - IDFC First Bank Limited,IDFC - Samana Branch,21453,kishore.sawant@jll.com,9967646007,,,PATIALA,PUNJAB,"Ground  and First Floor,  Khewat no. 894/131, Aggarsain Chowk, Rakba, Samana, Dist. Patiala, Punjab-147101","Ground  and First Floor,  Khewat no. 894/131, Aggarsain Chowk, Rakba, Samana, Dist. Patiala, Punjab-147101",,,
JLL - IDFC First Bank Limited,IDFC - Nabha,21454,kishore.sawant@jll.com,9967646007,,,PATIALA,PUNJAB,"Ground floor, Block   B2-A1, Hira Mahal, Rakba, Nabha, Patiala-147201","Ground floor, Block   B2-A1, Hira Mahal, Rakba, Nabha, Patiala-147201",,,
JLL - IDFC First Bank Limited,IDFC - BORING ROAD BRANCH,60281,kishore.sawant@jll.com,9967646007,,,PATNA,BIHAR,"UPPER GROUND FLOOR, SHOP NO. 14-15, G.V. MALL, BORING ROAD, PATNA, BIHAR 800001","UPPER GROUND FLOOR, SHOP NO. 14-15, G.V. MALL, BORING ROAD, PATNA, BIHAR 800001",,,
JLL - IDFC First Bank Limited,IDFC - PATNA - KANKARBAGH BRANCH,60282,kishore.sawant@jll.com,9967646007,,,PATNA,BIHAR,"GROUND FLOOR, C-34, DOCTORS COLONY ROAD, PATARKAR NAGAR, KANKARBAGH, PATNA – 800020","GROUND FLOOR, C-34, DOCTORS COLONY ROAD, PATARKAR NAGAR, KANKARBAGH, PATNA – 800020",,,
JLL - IDFC First Bank Limited,IDFC - PATNA-EXHIBITION ROAD BRANCH,60283,kishore.sawant@jll.com,9967646007,,,PATNA,BIHAR,"GROUND FLOOR, SAHI BUILDING , MOHALLA EXHIBITION ROAD, GANDHI MAIDAN, PATNA - 800001","GROUND FLOOR, SAHI BUILDING , MOHALLA EXHIBITION ROAD, GANDHI MAIDAN, PATNA - 800001",,,
JLL - IDFC First Bank Limited,IDFC - PATNA-ASHIANA DIGHA ROAD BRANCH,60284,kishore.sawant@jll.com,9967646007,,,PATNA,BIHAR,"GROUND FLOOR, RAKHI COMPLEX, ASHIANA DIGHA ROAD,  PATNA , BIHAR- 800014","GROUND FLOOR, RAKHI COMPLEX, ASHIANA DIGHA ROAD,  PATNA , BIHAR- 800014",,,
JLL - IDFC First Bank Limited,IDFC - Patna-Ashiyana Digha Rd - CPC (not operational),60284,kishore.sawant@jll.com,9967646007,,,PATNA,BIHAR,"Ground Floor, RAKHI COMPLEX, ASHIANA-DIGHA ROAD,PATNA- 800014","Ground Floor, RAKHI COMPLEX, ASHIANA-DIGHA ROAD,PATNA- 800014",,,
JLL - IDFC First Bank Limited,IDFC - MBL - PATNA,60286,kishore.sawant@jll.com,9967646007,,,PATNA,BIHAR,"1ST FOOR, FLAT NO. 102, ZOBAIDA COMPLEX, EXHIBITION ROAD, GANDHI MAIDAN, CIRCLR NO.9, PATNA , BIHAR- 800001","1ST FOOR, FLAT NO. 102, ZOBAIDA COMPLEX, EXHIBITION ROAD, GANDHI MAIDAN, CIRCLR NO.9, PATNA , BIHAR- 800001",,,
JLL - IDFC First Bank Limited,IDFC - Bihta,60288,kishore.sawant@jll.com,9967646007,,,PATNA,BIHAR,"Ground and 1st floor,khata no.66,Khasra.544,Bihta Bazar,Bihta,  Dist- Patna,Bihar-801103","Ground and 1st floor,khata no.66,Khasra.544,Bihta Bazar,Bihta,  Dist- Patna,Bihar-801103",,,
JLL - IDFC First Bank Limited,IDFC - Barh,60289,kishore.sawant@jll.com,9967646007,,,PATNA,BIHAR,"Ground floor, Bajidpur Chondi,plot no. 535, ward no.3, Station Road, Barh, Bihar- 803213","Ground floor, Bajidpur Chondi,plot no. 535, ward no.3, Station Road, Barh, Bihar- 803213",,,
JLL - IDFC First Bank Limited,IDFC - PRAYAGRAJ BRANCH,21541,kishore.sawant@jll.com,9967646007,,,PRAYAGRAJ,UTTAR PRADESH,"UPPER GROUND & FIRST FLOOR, 118-A, M.G.ROAD, CIVIL LINE, PRAYAGRAJ, - 211001","UPPER GROUND & FIRST FLOOR, 118-A, M.G.ROAD, CIVIL LINE, PRAYAGRAJ, - 211001",,,
JLL - IDFC First Bank Limited,IDFC - MBL - ALLAHABAD,21542,kishore.sawant@jll.com,9967646007,,,PRAYAGRAJ,UTTAR PRADESH,"FOURTH  FLOOR, VINAYAK TOWER, CIVIL LINES, ALLAHABAD,U.P.211001","FOURTH  FLOOR, VINAYAK TOWER, CIVIL LINES, ALLAHABAD,U.P.211001",,,
JLL - IDFC First Bank Limited,IDFC - Naini,21544,kishore.sawant@jll.com,9967646007,,,PRAYAGRAJ,UTTAR PRADESH,"Ground floor, 2B , Poora Fateh Mohammed, Naini Sangam Road, Naini Prayagraj, Uttar Pradesh - 211008","Ground floor, 2B , Poora Fateh Mohammed, Naini Sangam Road, Naini Prayagraj, Uttar Pradesh - 211008",,,
JLL - IDFC First Bank Limited,IDFC - PUNE (BUND GARDEN ROAD) BRANCH,41351,kishore.sawant@jll.com,9967646007,,,PUNE,MAHARASHTRA,"FIRST FLOOR, PLOT NO. 256, KONCORD TOWERS,  GHORPADI, BOAT CLUB ROAD, PUNE - 411001","FIRST FLOOR, PLOT NO. 256, KONCORD TOWERS,  GHORPADI, BOAT CLUB ROAD, PUNE - 411001",,,
JLL - IDFC First Bank Limited,IDFC - PUNE LAW COLLEGE ROAD BRANCH,41352,kishore.sawant@jll.com,9967646007,,,PUNE,MAHARASHTRA,"UPPER, GROUND & MEZZANINE FLOOR,, UNIT NO 01, S. NO-815, TANDALE HEIGHTS,, LAW COLLEGE ROAD, SHIVAJI NAGAR , 411004","UPPER, GROUND & MEZZANINE FLOOR,, UNIT NO 01, S. NO-815, TANDALE HEIGHTS,, LAW COLLEGE ROAD, SHIVAJI NAGAR , 411004",,,
JLL - IDFC First Bank Limited,IDFC - CAMP BRANCH,41353,kishore.sawant@jll.com,9967646007,,,PUNE,MAHARASHTRA,"PARMAR HOUSE, GROUND & MEZZANINE FLOOR, 2413, GENERAL THIMAYYA ROAD, CAMP, PUNE 411001","PARMAR HOUSE, GROUND & MEZZANINE FLOOR, 2413, GENERAL THIMAYYA ROAD, CAMP, PUNE 411001",,,
JLL - IDFC First Bank Limited,IDFC - WAKAD BRANCH,41354,kishore.sawant@jll.com,9967646007,,,PUNE,MAHARASHTRA,"G O SQUARE, GROUND FLOOR, SHOWROOM NO4 A, BUILDING NO A, WAKAD, PUNE 411057","G O SQUARE, GROUND FLOOR, SHOWROOM NO4 A, BUILDING NO A, WAKAD, PUNE 411057",,,
JLL - IDFC First Bank Limited,IDFC - AUNDH BRANCH,41355,kishore.sawant@jll.com,9967646007,,,PUNE,MAHARASHTRA,"FIRST AND SECOND FLOOR, SHOP NO 101 AND 201, 97, VARHSA BUILDING, ANAND PARK, ITI ROAD, PUNE 411007","FIRST AND SECOND FLOOR, SHOP NO 101 AND 201, 97, VARHSA BUILDING, ANAND PARK, ITI ROAD, PUNE 411007",,,
JLL - IDFC First Bank Limited,IDFC - PIMPRI BRANCH,41356,kishore.sawant@jll.com,9967646007,,,PUNE,MAHARASHTRA,"LOWER GROUND FLOOR, UNIT NO. 19,20 AND 21, BUILDING NO B, JEWEL OF PRIMPRI PREMISE CO-OPERATIVE HOUSING SOCIETY LIMITED, OPP PCMC OFFICE, PIMPRI, PUNE 411018","LOWER GROUND FLOOR, UNIT NO. 19,20 AND 21, BUILDING NO B, JEWEL OF PRIMPRI PREMISE CO-OPERATIVE HOUSING SOCIETY LIMITED, OPP PCMC OFFICE, PIMPRI, PUNE 411018",,,
JLL - IDFC First Bank Limited,IDFC - WANOWRIE BRANCH,41357,kishore.sawant@jll.com,9967646007,,,PUNE,MAHARASHTRA,"GROUND FLOOR SHOP NO. 1, KEDARI LANDMARKS BUILDING, PLOT NO. 1, WANOWRIE, PUNE 411040","GROUND FLOOR SHOP NO. 1, KEDARI LANDMARKS BUILDING, PLOT NO. 1, WANOWRIE, PUNE 411040",,,
JLL - IDFC First Bank Limited,IDFC - KALYANI NAGAR BRANCH,41358,kishore.sawant@jll.com,9967646007,,,PUNE,MAHARASHTRA,"GROUND FLOOR, UNIT NO 1, NEAR  BISHOP SCHOOL ,S NO 206, FINAL PLOT NO 88, SUB-PLOT NO 3, RAMWADI, KALYANI NAGAR, YERWADA, PUNE 411006","GROUND FLOOR, UNIT NO 1, NEAR  BISHOP SCHOOL ,S NO 206, FINAL PLOT NO 88, SUB-PLOT NO 3, RAMWADI, KALYANI NAGAR, YERWADA, PUNE 411006",,,
JLL - IDFC First Bank Limited,IDFC - KARVE NAGAR BRANCH,41359,kishore.sawant@jll.com,9967646007,,,PUNE,MAHARASHTRA,"GROUND FLOOR, SOLITAIRE APARTMENT, S.NO 35, HISSA NO.6, CTS NO.1194, HINGANE BADRUK, KARVE NAGAR, TALUKA, HAVELI PUNE 411052","GROUND FLOOR, SOLITAIRE APARTMENT, S.NO 35, HISSA NO.6, CTS NO.1194, HINGANE BADRUK, KARVE NAGAR, TALUKA, HAVELI PUNE 411052",,,
JLL - IDFC First Bank Limited,IDFC - KONCORD TOWERS - PUNE BUND GARDEN,41361,kishore.sawant@jll.com,9967646007,,,PUNE,MAHARASHTRA,"GROUND FLOOR , UNIT “C” PLOT NO. 256, KONCORD TOWERS,  GHORPADI, BOAT CLUB ROAD, PUNE - 411001","GROUND FLOOR , UNIT “C” PLOT NO. 256, KONCORD TOWERS,  GHORPADI, BOAT CLUB ROAD, PUNE - 411001",,,
JLL - IDFC First Bank Limited,IDFC - PUNE -CHINCHWAD,41363,kishore.sawant@jll.com,9967646007,,,PUNE,MAHARASHTRA,"OFFICE NO. 301,  2ND FLOOR,SHRI MOURYA BHUVAN, TELCO ROAD, VILLAGE AKURDI,CHINCHWAD MAHARASHTRA 411019","OFFICE NO. 301,  2ND FLOOR,SHRI MOURYA BHUVAN, TELCO ROAD, VILLAGE AKURDI,CHINCHWAD MAHARASHTRA 411019",,,
JLL - IDFC First Bank Limited,IDFC - PUNE-WAGHOLI,41365,kishore.sawant@jll.com,9967646007,,,PUNE,MAHARASHTRA,"OFFICE NO. 10/11, 2ND FLOOR SAI MANGAL, ABOVE ICICI BANK, NAGAR ROAD, WAGHOLI, MAHARASHTRA-412207","OFFICE NO. 10/11, 2ND FLOOR SAI MANGAL, ABOVE ICICI BANK, NAGAR ROAD, WAGHOLI, MAHARASHTRA-412207",,,
JLL - IDFC First Bank Limited,IDFC - PUNE – NIGDI BRANCH,41371,kishore.sawant@jll.com,9967646007,,,PUNE,MAHARASHTRA,"SHOP NO.1, BIG INDIA, BIG INDIA CHOWK, PRADHIKARAN 16/27, NIGDI, PUNE - 411044","SHOP NO.1, BIG INDIA, BIG INDIA CHOWK, PRADHIKARAN 16/27, NIGDI, PUNE - 411044",,,
JLL - IDFC First Bank Limited,IDFC - BIBWEWADI BRANCH,41372,kishore.sawant@jll.com,9967646007,,,PUNE,MAHARASHTRA,"GROUND FLOOR, SHOP NO. 16, BUILDING – A, ASHWINI PARADISE , SR NO – 588/2C, CTS NO. 3817, 
NEAR GANGADHAM  CHOWK,BIBEWADI  LULLA  NAGAR, PUNE – 411037 ","GROUND FLOOR, SHOP NO. 16, BUILDING – A, ASHWINI PARADISE , SR NO – 588/2C, CTS NO. 3817, 
NEAR GANGADHAM  CHOWK,BIBEWADI  LULLA  NAGAR, PUNE – 411037 ",,,
JLL - IDFC First Bank Limited,IDFC - UNDRI BRANCH,41373,kishore.sawant@jll.com,9967646007,,,PUNE,MAHARASHTRA,"SHOP NO. 4, GROUND FLOOR, SR NO. 12/8, VERTICAL  ALCINIA, OPP. CORINTHIANS CLUB, NIBM ROAD, ANNEXE, PUNE , MAHARASHTRA – 411060","SHOP NO. 4, GROUND FLOOR, SR NO. 12/8, VERTICAL  ALCINIA, OPP. CORINTHIANS CLUB, NIBM ROAD, ANNEXE, PUNE , MAHARASHTRA – 411060",,,
JLL - IDFC First Bank Limited,IDFC - PIMPLE SAUDAGAR BRANCH,41374,kishore.sawant@jll.com,9967646007,,,PUNE,MAHARASHTRA,"GROUND  FLOOR,SHOP  NO. 22- J ,  JARVARI CHS, JARVARI ROAD,  NEAR KUNJIR CIRCLE,PIMPLE SAUDAGAR,  PUNE, MAHARASHTRA- 411027","GROUND  FLOOR,SHOP  NO. 22- J ,  JARVARI CHS, JARVARI ROAD,  NEAR KUNJIR CIRCLE,PIMPLE SAUDAGAR,  PUNE, MAHARASHTRA- 411027",,,
JLL - IDFC First Bank Limited,IDFC - BANER BRANCH,41375,kishore.sawant@jll.com,9967646007,,,PUNE,MAHARASHTRA,"GROUND FLOOR , SHOP NO. 12&13 ,REGENT PLAZA, BANER PASHAN LINK  ROAD,BANER, PUNE – 411045 MAHARASHTRA","GROUND FLOOR , SHOP NO. 12&13 ,REGENT PLAZA, BANER PASHAN LINK  ROAD,BANER, PUNE – 411045 MAHARASHTRA",,,
JLL - IDFC First Bank Limited,IDFC - KHARADI BRANCH,41376,kishore.sawant@jll.com,9967646007,,,PUNE,MAHARASHTRA,"SHOP NO. 8, GLOBAL HIGH STREET BUILDING ,GLOBAL PRECIOSO ROAD, NEAR EON IT PARK, KHARADI, PUNE -411014","SHOP NO. 8, GLOBAL HIGH STREET BUILDING ,GLOBAL PRECIOSO ROAD, NEAR EON IT PARK, KHARADI, PUNE -411014",,,
JLL - IDFC First Bank Limited,IDFC - MBL - CAMP,41378,kishore.sawant@jll.com,9967646007,,,PUNE,MAHARASHTRA,"2ND FLOOR, SUNRISE SKYLINE, MUDALIAR ROAD, CAMP, PUNE, MAHARASHTRA 411011","2ND FLOOR, SUNRISE SKYLINE, MUDALIAR ROAD, CAMP, PUNE, MAHARASHTRA 411011",,,
JLL - IDFC First Bank Limited,IDFC - PUNE -  HINJEWADI BRANCH,41379,kishore.sawant@jll.com,9967646007,,,PUNE,MAHARASHTRA,"GROUND FLOOR, SHOP NO.4 (35),BLUE RIDGE TOWN,RAJIV GANDHI INFOTECH PARK, NEXT TO AXIS BANK, HINJEWADI ,PUNE - 411057","GROUND FLOOR, SHOP NO.4 (35),BLUE RIDGE TOWN,RAJIV GANDHI INFOTECH PARK, NEXT TO AXIS BANK, HINJEWADI ,PUNE - 411057",,,
JLL - IDFC First Bank Limited,IDFC - PUNE – SWARGATE BRANCH,41431,kishore.sawant@jll.com,9967646007,,,PUNE,MAHARASHTRA,"GROUND FLOOR, UNIT NO. 2, AKRUTI CHAMBERS, NEAR  LAXMI NARAYAN CHOWK, SWARGATE – PUNE – 411037 ","GROUND FLOOR, UNIT NO. 2, AKRUTI CHAMBERS, NEAR  LAXMI NARAYAN CHOWK, SWARGATE – PUNE – 411037 ",,,
JLL - IDFC First Bank Limited,IDFC - PUNE - BALEWADI BRANCH,41433,kishore.sawant@jll.com,9967646007,,,PUNE,MAHARASHTRA,"GROUND FLOOR,  ROYAL SPACE , 109/4, 109/4/1, BALEWADI HIGH STREET ROAD, OPP. MYWORLD SOCIETY , BANER, PUNE , MAHARASHTRA- 411045","GROUND FLOOR,  ROYAL SPACE , 109/4, 109/4/1, BALEWADI HIGH STREET ROAD, OPP. MYWORLD SOCIETY , BANER, PUNE , MAHARASHTRA- 411045",,,
JLL - IDFC First Bank Limited,IDFC - PUNE - BHOSARI BRANCH,41434,kishore.sawant@jll.com,9967646007,,,PUNE,MAHARASHTRA,"BABAR BUSINESS CENTRE, GROUND FLOOR, UNIT NO. 101-103, PIMPRI – BHOSARI INDUSTRIAL AREA, BHOSARI-PUNE 411026","BABAR BUSINESS CENTRE, GROUND FLOOR, UNIT NO. 101-103, PIMPRI – BHOSARI INDUSTRIAL AREA, BHOSARI-PUNE 411026",,,
JLL - IDFC First Bank Limited,IDFC - CHAKAN BRANCH,41438,kishore.sawant@jll.com,9967646007,,,PUNE,MAHARASHTRA,"SHOP NO.3,4,5,6,7,8&13,GROUND FLOOR, GHANWAT PLAZA, NANEKARWADI, TALEGAON, CHAKAN ROAD, CHAKAN , PUNE - 410501","SHOP NO.3,4,5,6,7,8&13,GROUND FLOOR, GHANWAT PLAZA, NANEKARWADI, TALEGAON, CHAKAN ROAD, CHAKAN , PUNE - 410501",,,
JLL - IDFC First Bank Limited,IDFC - VIMAN ANGAR PUNE,41441,kishore.sawant@jll.com,9967646007,,,PUNE,MAHARASHTRA,"Ground floor, Office-A-20, Solitaire Business Hub,  Near Neco Garden, Viman Nagar , Lohagaon, Pune- 411014","Ground floor, Office-A-20, Solitaire Business Hub,  Near Neco Garden, Viman Nagar , Lohagaon, Pune- 411014",,,
JLL - IDFC First Bank Limited,IDFC - MBL - BARAMATI,41443,kishore.sawant@jll.com,9967646007,,,PUNE,MAHARASHTRA,"GROUND FLOOR, ANITA VIJAYSINH BALGUDE. ANVIKA HEIGHTS OPP APPLE FURNITURE MALL, BHIGWAN ROAD, JAOCHI, BARAMATI 413102","GROUND FLOOR, ANITA VIJAYSINH BALGUDE. ANVIKA HEIGHTS OPP APPLE FURNITURE MALL, BHIGWAN ROAD, JAOCHI, BARAMATI 413102",,,
JLL - IDFC First Bank Limited,IDFC - SHIRUR BRANCH,41447,kishore.sawant@jll.com,9967646007,,,PUNE,MAHARASHTRA,"GROUND FLOOR, UNITS NO. 3,4,9,10,13,14,17&18, SHAH COMPLEX, PANCHAYAT SAMITI, TALUKA SHIRUR, DIST.PUNE , MAHARASHTRA- 412210","GROUND FLOOR, UNITS NO. 3,4,9,10,13,14,17&18, SHAH COMPLEX, PANCHAYAT SAMITI, TALUKA SHIRUR, DIST.PUNE , MAHARASHTRA- 412210",,,
JLL - IDFC First Bank Limited,IDFC - NAVI PETH – PUNE,41451,kishore.sawant@jll.com,9967646007,,,PUNE,MAHARASHTRA,"Ground floor, GF-11 &12, Basement- unit-13, Indulal Commercial Complex,  B wing , Survey no.721/2A,Plot No. 987-A, LBS Road, Lokmanya Nagar, Navipeth, Sadashivpeth, Pune , Maharashtra- 411030 
","Ground floor, GF-11 &12, Basement- unit-13, Indulal Commercial Complex,  B wing , Survey no.721/2A,Plot No. 987-A, LBS Road, Lokmanya Nagar, Navipeth, Sadashivpeth, Pune , Maharashtra- 411030 
",,,
JLL - IDFC First Bank Limited,IDFC - PUNE - KOTHRUD BRANCH,41454,kishore.sawant@jll.com,9967646007,,,PUNE,MAHARASHTRA,"GROUND FLOOR, UNIT NO.3, S.NO.17/1A/1B, SANGAM SOLITAIRE, G.A. KULKARNI ROAD, KOTHRUD,PUNE-411038","GROUND FLOOR, UNIT NO.3, S.NO.17/1A/1B, SANGAM SOLITAIRE, G.A. KULKARNI ROAD, KOTHRUD,PUNE-411038",,,
JLL - IDFC First Bank Limited,IDFC - KHARADI REGIONAL OFFICE,49302,kishore.sawant@jll.com,9967646007,,,PUNE,MAHARASHTRA,"6TH FLOOR, SHOP NO. 21 TO 23, CITY VISTA B WING, FOUNTAIN ROAD, ASHOK NAGAR, KHARADI, PUNE. PIN - 411014. MAHARASHTRA","6TH FLOOR, SHOP NO. 21 TO 23, CITY VISTA B WING, FOUNTAIN ROAD, ASHOK NAGAR, KHARADI, PUNE. PIN - 411014. MAHARASHTRA",,,
JLL - IDFC First Bank Limited,IDFC - MBL - BURDWAN CITY,61291,kishore.sawant@jll.com,9967646007,,,PURBA BARDHAMAN,WEST BENGAL,"1ST FLOOR, GOPAL BHAVAN, 39, G.T.ROAD, PARBIRHATA, P.O- SREEPALLY, BURDWAN EAST, WEST BENGAL-713103","1ST FLOOR, GOPAL BHAVAN, 39, G.T.ROAD, PARBIRHATA, P.O- SREEPALLY, BURDWAN EAST, WEST BENGAL-713103",,,
JLL - IDFC First Bank Limited,IDFC - CHANDANPUR BRANCH,60661,kishore.sawant@jll.com,9967646007,,,PURI,ODISHA,"GROUND FLOOR, AT - DAMODARPUR, PO – BIRAPRATAP PUR PANCHAYAT,VIA – CHANDANPUR, PURI – 752012.ODISHA","GROUND FLOOR, AT - DAMODARPUR, PO – BIRAPRATAP PUR PANCHAYAT,VIA – CHANDANPUR, PURI – 752012.ODISHA",,,
JLL - IDFC First Bank Limited,IDFC - RAIGARH BRANCH,60501,kishore.sawant@jll.com,9967646007,,,RAIGARH,CHHATTISGARH,"GROUND FLOOR, HOTEL JOHAL PALACE WARD NO.17, KEWDABADI BUS STAND CHOWK, RAIGARH 496001, CHHATTISGARH","GROUND FLOOR, HOTEL JOHAL PALACE WARD NO.17, KEWDABADI BUS STAND CHOWK, RAIGARH 496001, CHHATTISGARH",,,
JLL - IDFC First Bank Limited,IDFC - KHARSIA BRANCH,60502,kishore.sawant@jll.com,9967646007,,,RAIGARH,CHHATTISGARH,"GROUND FLOOR, SHOP NO. PLOT NO 417/24,HOUSE NO. 10/134, WARD NO 16, AGRASEN CHOWK, KANYA VIVAH BHAWAN ROAD, KHARSIA 496661, DIST - RAIGARH ,CHHATTISGARH ","GROUND FLOOR, SHOP NO. PLOT NO 417/24,HOUSE NO. 10/134, WARD NO 16, AGRASEN CHOWK, KANYA VIVAH BHAWAN ROAD, KHARSIA 496661, DIST - RAIGARH ,CHHATTISGARH ",,,
JLL - IDFC First Bank Limited,IDFC - SARANGARH BRANCH,60504,kishore.sawant@jll.com,9967646007,,,RAIGARH,CHHATTISGARH,"GROUND AND FIRST FLOOR , KHATA NO. 263,264,265,266,267/2, P.H.NO. 28, RAIGARH ROAD , TEHSIL SARANGARH, CHHATTISGARH - 496445","GROUND AND FIRST FLOOR , KHATA NO. 263,264,265,266,267/2, P.H.NO. 28, RAIGARH ROAD , TEHSIL SARANGARH, CHHATTISGARH - 496445",,,
JLL - IDFC First Bank Limited,IDFC - RAIPUR BRANCH,60301,kishore.sawant@jll.com,9967646007,,,RAIPUR,CHHATTISGARH,"GROUND FLOOR, BINDAL TOWER, P.H. NO. 110, RIC, SHANKAR NAGAR, RAIPUR, CHHATISGARH 492007","GROUND FLOOR, BINDAL TOWER, P.H. NO. 110, RIC, SHANKAR NAGAR, RAIPUR, CHHATISGARH 492007",,,
JLL - IDFC First Bank Limited,IDFC - RAIPUR-DB CITY,60302,kishore.sawant@jll.com,9967646007,,,RAIPUR,CHHATTISGARH,"OFFICE NO. 1, 6TH FLOOR,  DB CITY CORPORATE PARK, PLOT NO. 1, BLOCK NO. 9, RAJBANDHA MAIDAN, RAIPUR, CG 492001","OFFICE NO. 1, 6TH FLOOR,  DB CITY CORPORATE PARK, PLOT NO. 1, BLOCK NO. 9, RAJBANDHA MAIDAN, RAIPUR, CG 492001",,,
JLL - IDFC First Bank Limited,IDFC - LALPUR BRANCH,60303,kishore.sawant@jll.com,9967646007,,,RAIPUR,CHHATTISGARH,"GROUND FLOOR, SHOP NO. 37,38,39,40,40/A, RIO COMMERCIALCOMPLEX, NH-30, DHAMTARI ROAD, LALPUR,RAIPUR – 492015, CHHATTISGARH ","GROUND FLOOR, SHOP NO. 37,38,39,40,40/A, RIO COMMERCIALCOMPLEX, NH-30, DHAMTARI ROAD, LALPUR,RAIPUR – 492015, CHHATTISGARH ",,,
JLL - IDFC First Bank Limited,IDFC - RAIPUR-G. E ROAD BRANCH,60304,kishore.sawant@jll.com,9967646007,,,RAIPUR,CHHATTISGARH,"UPPER GROUND &1ST FLOOR, SUNITA TOWER, G.E ROAD, OPPOSITE RAJKUMAR COLLEGE, RAIPUR - 492001","UPPER GROUND &1ST FLOOR, SUNITA TOWER, G.E ROAD, OPPOSITE RAJKUMAR COLLEGE, RAIPUR - 492001",,,
JLL - IDFC First Bank Limited,IDFC - RAIPUR-TAGORE NAGAR BRANCH,60305,kishore.sawant@jll.com,9967646007,,,RAIPUR,CHHATTISGARH,"BLOCK B-2 LEFT WING, PUJARI CHAMBERS, PANCHPEDI NAKA, RAIPUR (C.G.), 492001","BLOCK B-2 LEFT WING, PUJARI CHAMBERS, PANCHPEDI NAKA, RAIPUR (C.G.), 492001",,,
JLL - IDFC First Bank Limited,IDFC - Bhanpuri,60307,kishore.sawant@jll.com,9967646007,,,RAIPUR,CHHATTISGARH,"Ground floor, ward no.27, Vyas talab, Jai Budhadev ward, R.I.C -Raipur-21-Rawabhata, Raipur, Chattisgarh- 493221","Ground floor, ward no.27, Vyas talab, Jai Budhadev ward, R.I.C -Raipur-21-Rawabhata, Raipur, Chattisgarh- 493221",,,
JLL - IDFC First Bank Limited,IDFC - RAIPUR (REGIONAL OFFICE),69401,kishore.sawant@jll.com,9967646007,,,RAIPUR,CHHATTISGARH,"5TH FLOOR, MOTI  MAHAL, PALLADIUM TOWER, TELLBANDHA, RAIPUR- 492006 ","5TH FLOOR, MOTI  MAHAL, PALLADIUM TOWER, TELLBANDHA, RAIPUR- 492006 ",,,
JLL - IDFC First Bank Limited,IDFC - MANDIDEEP BRANCH,42101,kishore.sawant@jll.com,9967646007,,,RAISEN,MADHYA PRADESH,"GROUND AND FIRST FLOOR, PLOT NO.14, NEAR JAIN MANDIR, MANDIDEEP DIST. RAISEN (MP) - 462046","GROUND AND FIRST FLOOR, PLOT NO.14, NEAR JAIN MANDIR, MANDIDEEP DIST. RAISEN (MP) - 462046",,,
JLL - IDFC First Bank Limited,IDFC - KURAWAR BRANCH,41411,kishore.sawant@jll.com,9967646007,,,RAJGARH,MADHYA PRADESH,"GROUND FLOOR, PART PLOT PART NO. 18&26, ANAND VIHAR COLONY, NH-12, KURAWAR MAIN ROAD , TEHSIL NARSINGARH, DISTRICT - RAJGARH , MADHYA PRADESH - 465667","GROUND FLOOR, PART PLOT PART NO. 18&26, ANAND VIHAR COLONY, NH-12, KURAWAR MAIN ROAD , TEHSIL NARSINGARH, DISTRICT - RAJGARH , MADHYA PRADESH - 465667",,,
JLL - IDFC First Bank Limited,IDFC - BIAORA BRANCH,41413,kishore.sawant@jll.com,9967646007,,,RAJGARH,MADHYA PRADESH,"GROUND FLOOR, OLD AB  ROAD,GUNA NAKA, BIAORA CITY ,DIST- RAIGARH, MADHYA PRADESH- 465674","GROUND FLOOR, OLD AB  ROAD,GUNA NAKA, BIAORA CITY ,DIST- RAIGARH, MADHYA PRADESH- 465674",,,
JLL - IDFC First Bank Limited,IDFC - MBL - BIAORA,43731,kishore.sawant@jll.com,9967646007,,,RAJGARH,MADHYA PRADESH,"SECOND FLOOR, WARD NO.6  NILU TRADE CENTRE, OLD AB ROAD, BIAORA, MP, PIN-465674","SECOND FLOOR, WARD NO.6  NILU TRADE CENTRE, OLD AB ROAD, BIAORA, MP, PIN-465674",,,
JLL - IDFC First Bank Limited,IDFC - RAJKOT BRANCH,42421,kishore.sawant@jll.com,9967646007,,,RAJKOT,GUJARAT,"GROUND FLOOR & FIRST FLOOR, JANKI PARK MAIN ROAD , OPP GONDHIA HOSPITAL , , KALAWAD ROAD, RAJKOT","GROUND FLOOR & FIRST FLOOR, JANKI PARK MAIN ROAD , OPP GONDHIA HOSPITAL , , KALAWAD ROAD, RAJKOT",,,
JLL - IDFC First Bank Limited,IDFC - RAJKOT-IMPERIAL HEIGHTS,42423,kishore.sawant@jll.com,9967646007,,,RAJKOT,GUJARAT,"OFFICE NO. B601 TO OFFICE NO. B-604, 6TH FLOOR,  TOWER B, IMPERIAL HEIGHTS, RAJKOT.","OFFICE NO. B601 TO OFFICE NO. B-604, 6TH FLOOR,  TOWER B, IMPERIAL HEIGHTS, RAJKOT.",,,
JLL - IDFC First Bank Limited,IDFC - MBL - RAJKOT -  GONDAL ROAD,42424,kishore.sawant@jll.com,9967646007,,,RAJKOT,GUJARAT,"301, THIRD FLOOR, PINNACLE COMPLEX, BHAKTI NAGAR STATION ROAD OPPOSITE PATEL SUZUKI, OFF, GONDAL RD, RAJKOT, GUJARAT 360005","301, THIRD FLOOR, PINNACLE COMPLEX, BHAKTI NAGAR STATION ROAD OPPOSITE PATEL SUZUKI, OFF, GONDAL RD, RAJKOT, GUJARAT 360005",,,
JLL - IDFC First Bank Limited,IDFC - RAJKOT – BHAKTI NAGAR BRANCH,42425,kishore.sawant@jll.com,9967646007,,,RAJKOT,GUJARAT,"GROUND FLOOR, SHOP NO. 1,2,3&4, ORBIT TRUMP,OPP. KANTA STRI VIKAS GRUH,DHEBAR ROAD, RAJKOT, GUJARAT- 360002","GROUND FLOOR, SHOP NO. 1,2,3&4, ORBIT TRUMP,OPP. KANTA STRI VIKAS GRUH,DHEBAR ROAD, RAJKOT, GUJARAT- 360002",,,
JLL - IDFC First Bank Limited,IDFC - GONDAL BRANCH,42427,kishore.sawant@jll.com,9967646007,,,RAJKOT,GUJARAT,"GROUND AND FIRST FLOOR, SHIVAM COMPLEX, PLOT NO. 19, C.S.2816, RADHAKRUSHNA NAGAR-1, PALACE ROAD, GONDAL, GUJARAT  - 360311","GROUND AND FIRST FLOOR, SHIVAM COMPLEX, PLOT NO. 19, C.S.2816, RADHAKRUSHNA NAGAR-1, PALACE ROAD, GONDAL, GUJARAT  - 360311",,,
JLL - IDFC First Bank Limited,IDFC - SHAPAR VERAVAL BRANCH,42429,kishore.sawant@jll.com,9967646007,,,RAJKOT,GUJARAT,"GROUND FLOOR, PLOTNO.32,R.S. NO. 160/1P, VERAVAL SHAPAR , SIDC ROAD TALUKA KOTDASANGANI, VERAVAL SHAPAR,RAJKOT - 360024","GROUND FLOOR, PLOTNO.32,R.S. NO. 160/1P, VERAVAL SHAPAR , SIDC ROAD TALUKA KOTDASANGANI, VERAVAL SHAPAR,RAJKOT - 360024",,,
JLL - IDFC First Bank Limited,IDFC - MBL - JETPUR,42432,kishore.sawant@jll.com,9967646007,,,RAJKOT,GUJARAT,"1ST FLOOR, SHOP NO. A-101, A-102, KANAKIA PLOT, SHREE MANGALAM COMPLEX, OLD AMBER CINEMA, JETPUR, GUJARAT - 360370","1ST FLOOR, SHOP NO. A-101, A-102, KANAKIA PLOT, SHREE MANGALAM COMPLEX, OLD AMBER CINEMA, JETPUR, GUJARAT - 360370",,,
JLL - IDFC First Bank Limited,IDFC - MBL - Rajkot Pedak Road,42433,kishore.sawant@jll.com,9967646007,,,RAJKOT,GUJARAT,"3RD FLOOR, OFFICE NO. 302,303, PRAMUKH DARSHAN COMPLEX, BEHIND PATEL VADI  PEDAK ROAD, RAJKOT, GUJARAT - 360003","3RD FLOOR, OFFICE NO. 302,303, PRAMUKH DARSHAN COMPLEX, BEHIND PATEL VADI  PEDAK ROAD, RAJKOT, GUJARAT - 360003",,,
JLL - IDFC First Bank Limited,IDFC - RAJNANDGAON BRANCH,60541,kishore.sawant@jll.com,9967646007,,,RAJNANDGAON,CHHATTISGARH,"GROUND FLOOR, PREMCHAND TOWER, PLOT NO.116,KH.SHEET NO.50-C,WARD NO.48,NANDAI CHOWK, TEH. RAJNANDGAON DIST RAJNANDGAON– 491441, CHHHATTISGARH","GROUND FLOOR, PREMCHAND TOWER, PLOT NO.116,KH.SHEET NO.50-C,WARD NO.48,NANDAI CHOWK, TEH. RAJNANDGAON DIST RAJNANDGAON– 491441, CHHHATTISGARH",,,
JLL - IDFC First Bank Limited,IDFC - RAJSAMAND BRANCH,42781,kishore.sawant@jll.com,9967646007,,,RAJSAMAND,RAJASTHAN,"GROUND FLOOR, MM COMPLEX, PLOT NO 3-4-5,NEAR TVS CIRCLE, NATHDWARA ROAD, KANKROLI,DISTRICT RAJSAMAND RAJASTHAN 313 324","GROUND FLOOR, MM COMPLEX, PLOT NO 3-4-5,NEAR TVS CIRCLE, NATHDWARA ROAD, KANKROLI,DISTRICT RAJSAMAND RAJASTHAN 313 324",,,
JLL - IDFC First Bank Limited,IDFC - RANCHI BRANCH,60341,kishore.sawant@jll.com,9967646007,,,RANCHI,JHARKHAND,"2ND FLOOR, ORIFLAME MALL (CITADEL BUILDING), MAIN ROAD AREA, RANCHI, JHARKHAND 834001","2ND FLOOR, ORIFLAME MALL (CITADEL BUILDING), MAIN ROAD AREA, RANCHI, JHARKHAND 834001",,,
JLL - IDFC First Bank Limited,IDFC - RANCHI-PACIFIC HEIGHTS,60342,kishore.sawant@jll.com,9967646007,,,RANCHI,JHARKHAND,"2ND FLOOR, PACIFIC HEIGHTS, CIRCULAR ROAD/KUTCHERY ROAD, NEAR RAJBHAWAN, RANCHI – 834001, JHARKHAND","2ND FLOOR, PACIFIC HEIGHTS, CIRCULAR ROAD/KUTCHERY ROAD, NEAR RAJBHAWAN, RANCHI – 834001, JHARKHAND",,,
JLL - IDFC First Bank Limited,IDFC - RANCHI - LALPUR BRANCH,60344,kishore.sawant@jll.com,9967646007,,,RANCHI,JHARKHAND,"PLOT NO.1235,HOLDING NO.1111/B, WARD NO.VII – A, CIRCULAR ROAD,JATIN CHANDRA MITRA LANE, OPP.   EASTERN PANTALOON MALL,LALPUR, RANCHI – 834001 ,JHARKHAND","PLOT NO.1235,HOLDING NO.1111/B, WARD NO.VII – A, CIRCULAR ROAD,JATIN CHANDRA MITRA LANE, OPP.   EASTERN PANTALOON MALL,LALPUR, RANCHI – 834001 ,JHARKHAND",,,
JLL - IDFC First Bank Limited,IDFC - SEJAWATA BRANCH,42142,kishore.sawant@jll.com,9967646007,,,RATLAM,MADHYA PRADESH,"KHASRA NO. 32/5/2 UJJAIN ROAD, SEJAWATA, TEHS, RATLAM, MADHYA PRADESH, RATLAM, SEJAWATA, 457226","KHASRA NO. 32/5/2 UJJAIN ROAD, SEJAWATA, TEHS, RATLAM, MADHYA PRADESH, RATLAM, SEJAWATA, 457226",,,
JLL - IDFC First Bank Limited,IDFC - RATLAM BRANCH,42201,kishore.sawant@jll.com,9967646007,,,RATLAM,MADHYA PRADESH,"GROUND FLOOR, 102 & 103, , FREEGANJ, MOTILAL NEHRU MARG, , RATLAM, MADHYA PRADESH-457001.","GROUND FLOOR, 102 & 103, , FREEGANJ, MOTILAL NEHRU MARG, , RATLAM, MADHYA PRADESH-457001.",,,
JLL - IDFC First Bank Limited,IDFC - MBL - RATLAM,42202,kishore.sawant@jll.com,9967646007,,,RATLAM,MADHYA PRADESH,"2ND FLOOR, 'MYDEAR' COMPLEX, ABOVE ICICI BANK, DR. RAJENDRA PRASAD MARG, NEAR GOVT. GIRLS COLLEGE ROAD, DO-BATTI SQUARE, RATLAM, (M.P) PIN-457001","2ND FLOOR, 'MYDEAR' COMPLEX, ABOVE ICICI BANK, DR. RAJENDRA PRASAD MARG, NEAR GOVT. GIRLS COLLEGE ROAD, DO-BATTI SQUARE, RATLAM, (M.P) PIN-457001",,,
JLL - IDFC First Bank Limited,IDFC - MBL - REWA,43521,kishore.sawant@jll.com,9967646007,,,REWA,MADHYA PRADESH,"SECOND FLOOR, JOHN TOWER, COLLEGE ROAD, REWA, MADHYA PRADESH-486001","SECOND FLOOR, JOHN TOWER, COLLEGE ROAD, REWA, MADHYA PRADESH-486001",,,
JLL - IDFC First Bank Limited,IDFC - DHARUHERA BRANCH,21943,kishore.sawant@jll.com,9967646007,,,REWARI,HARYANA,"GROUND FLOOR,  56/1,SOHNA ROAD, VILLAGE DHARUHERA, TEHSIL DHARUHERA, DISTT. REWARI , HARYANA- 123106","GROUND FLOOR,  56/1,SOHNA ROAD, VILLAGE DHARUHERA, TEHSIL DHARUHERA, DISTT. REWARI , HARYANA- 123106",,,
JLL - IDFC First Bank Limited,IDFC - ROHTAK BRANCH,21581,kishore.sawant@jll.com,9967646007,,,ROHTAK,HARYANA,"GROUND FLOOR & 1ST FLOOR, PLOT NO. 990, WARD NO.22, ASHOKA CHOWK, DELHI ROAD, ROHTAK-124001 , HARYANA","GROUND FLOOR & 1ST FLOOR, PLOT NO. 990, WARD NO.22, ASHOKA CHOWK, DELHI ROAD, ROHTAK-124001 , HARYANA",,,
JLL - IDFC First Bank Limited,IDFC - MBL - SAGAR,43552,kishore.sawant@jll.com,9967646007,,,SAGAR,MADHYA PRADESH,"FIRST FLOOR, ABOVE HDFC MUTUAL FUND, BLOCK NO. 58, PLOT NO. 7/5, CIVIL LINE, WARD NO.3, SAGAR, MP, PIN-470001","FIRST FLOOR, ABOVE HDFC MUTUAL FUND, BLOCK NO. 58, PLOT NO. 7/5, CIVIL LINE, WARD NO.3, SAGAR, MP, PIN-470001",,,
JLL - IDFC First Bank Limited,IDFC - MBL - SAHARANPUR,21691,kishore.sawant@jll.com,9967646007,,,SAHARANPUR,UTTAR PRADESH,"2ND FLOOR , UNIT NO-21 , PASRVANATH PLAZA , COURT ROAD , SAHARANPUR , UP-247001","2ND FLOOR , UNIT NO-21 , PASRVANATH PLAZA , COURT ROAD , SAHARANPUR , UP-247001",,,
JLL - IDFC First Bank Limited,IDFC - SAHARANPUR BRANCH,21692,kishore.sawant@jll.com,9967646007,,,SAHARANPUR,UTTAR PRADESH,"GROUND & FIRST FLOOR, 2/1428/30,PATHANPURA, KISHOR BAGH,DELHI ROAD, SAHARANPUR - 247001","GROUND & FIRST FLOOR, 2/1428/30,PATHANPURA, KISHOR BAGH,DELHI ROAD, SAHARANPUR - 247001",,,
JLL - IDFC First Bank Limited,IDFC - MOHALI BRANCH,21371,kishore.sawant@jll.com,9967646007,,,SAHIBZADA AJIT SINGH NAGAR,PUNJAB,"GROUND FLOOR, SCF NO. 19, PHASE 7, SAS NAGAR, MOHALI 160062","GROUND FLOOR, SCF NO. 19, PHASE 7, SAS NAGAR, MOHALI 160062",,,
JLL - IDFC First Bank Limited,IDFC - ZIRAKPUR - KALGIDHAR ENCLAVE,21372,kishore.sawant@jll.com,9967646007,,,SAHIBZADA AJIT SINGH NAGAR,PUNJAB,"1ST FLOOR, SCO 6, KALGIDHAR ENCLAVE, KALKA-SHIMLA HIGHWAY, BALTANA, ZIRAKPUR – 140603
DISTRICT MOHALI. PUNJAB","1ST FLOOR, SCO 6, KALGIDHAR ENCLAVE, KALKA-SHIMLA HIGHWAY, BALTANA, ZIRAKPUR – 140603
DISTRICT MOHALI. PUNJAB",,,
JLL - IDFC First Bank Limited,IDFC - MOHALI PHASE 10 BRANCH,21373,kishore.sawant@jll.com,9967646007,,,SAHIBZADA AJIT SINGH NAGAR,PUNJAB,"GROUND FLOOR , SCF-15,PHASE-10, MOHALI, PUNJAB- 160062","GROUND FLOOR , SCF-15,PHASE-10, MOHALI, PUNJAB- 160062",,,
JLL - IDFC First Bank Limited,IDFC - ZIRAKPUR BRANCH,21374,kishore.sawant@jll.com,9967646007,,,SAHIBZADA AJIT SINGH NAGAR,PUNJAB,"GROUND FLOOR, SCF-2, SILVER CITY, AMBALA- CHANDIGARH HIGHWAY, ZIRAKPUR, SAS NAGAR- 140603","GROUND FLOOR, SCF-2, SILVER CITY, AMBALA- CHANDIGARH HIGHWAY, ZIRAKPUR, SAS NAGAR- 140603",,,
JLL - IDFC First Bank Limited,IDFC - HIRAKUD ROAD BRANCH,61023,kishore.sawant@jll.com,9967646007,,,SAMBALPUR,ODISHA,"GROUND & FIRST FLOOR, UNIT NO.13(BAREIPALI), HARJIT PALACE, SAMBALPUR, ODISHA-768006","GROUND & FIRST FLOOR, UNIT NO.13(BAREIPALI), HARJIT PALACE, SAMBALPUR, ODISHA-768006",,,
JLL - IDFC First Bank Limited,IDFC - MBL - SATNA,43621,kishore.sawant@jll.com,9967646007,,,SATNA,MADHYA PRADESH,"FIRST FLOOR, EKTA TOWER, REWA ROAD, SATNA, MP, PIN-485001","FIRST FLOOR, EKTA TOWER, REWA ROAD, SATNA, MP, PIN-485001",,,
JLL - IDFC First Bank Limited,IDFC - SEHORE BRANCH,43161,kishore.sawant@jll.com,9967646007,,,SEHORE,MADHYA PRADESH,"GROUND FLOOR, NEELAM TOWER, ENGLISH SCHOOL MAIN ROAD,SEHORE-466001","GROUND FLOOR, NEELAM TOWER, ENGLISH SCHOOL MAIN ROAD,SEHORE-466001",,,
JLL - IDFC First Bank Limited,IDFC - NASRULLAGANJ BRANCH,43162,kishore.sawant@jll.com,9967646007,,,SEHORE,MADHYA PRADESH,"GROUND FLOOR, PLOT NO . 54,SURVEY NO.84,84/1/1/1/2/3,WARDNO.2,DR. AMBEDKAR WARD ,KASWA, SEHORE NAKA, R.N.M.NO.2,P.H.N.21,TEHSIL-NASRULLAGANJ,DIST - SEHORE – MP-455332","GROUND FLOOR, PLOT NO . 54,SURVEY NO.84,84/1/1/1/2/3,WARDNO.2,DR. AMBEDKAR WARD ,KASWA, SEHORE NAKA, R.N.M.NO.2,P.H.N.21,TEHSIL-NASRULLAGANJ,DIST - SEHORE – MP-455332",,,
JLL - IDFC First Bank Limited,IDFC - SEONI,43861,kishore.sawant@jll.com,9967646007,,,SEONI,MADHYA PRADESH,"Ground floor, 370, ward no.5, C.V.Raman ward, Jungle Ahata, Sheerdiwan, Seoni Nagar, Seoni, Madhya Pradesh -480661","Ground floor, 370, ward no.5, C.V.Raman ward, Jungle Ahata, Sheerdiwan, Seoni Nagar, Seoni, Madhya Pradesh -480661",,,
JLL - IDFC First Bank Limited,IDFC - AKODIA BRANCH,42721,kishore.sawant@jll.com,9967646007,,,SHAJAPUR,MADHYA PRADESH,"GROUND FLOOR, HOUSE  62, WARD NO 11, DHARMASHALA ROAD, AKODIA MANDI, AKODIA,DISTT SHAJAPUR, MADHYA PRADESH 465223","GROUND FLOOR, HOUSE  62, WARD NO 11, DHARMASHALA ROAD, AKODIA MANDI, AKODIA,DISTT SHAJAPUR, MADHYA PRADESH 465223",,,
JLL - IDFC First Bank Limited,IDFC - MBL - SHAJAPUR,42722,kishore.sawant@jll.com,9967646007,,,SHAJAPUR,MADHYA PRADESH,"1ST FLOOR, SATYAM TRADE CENTER, NEAR HOTEL KANHA PALACE, AB ROAD, SHAJAPUR, MADHYA PRADESH- 465001","1ST FLOOR, SATYAM TRADE CENTER, NEAR HOTEL KANHA PALACE, AB ROAD, SHAJAPUR, MADHYA PRADESH- 465001",,,
JLL - IDFC First Bank Limited,IDFC - SHIMLA BRANCH,21731,kishore.sawant@jll.com,9967646007,,,SHIMLA,HIMACHAL PRADESH,"GROUND FLOOR, CRAIGS  COURT, MALL ROAD SHIMLA, US CLUB, MAHAL STATION WARD, HIMACHAL PRADESH -171001","GROUND FLOOR, CRAIGS  COURT, MALL ROAD SHIMLA, US CLUB, MAHAL STATION WARD, HIMACHAL PRADESH -171001",,,
JLL - IDFC First Bank Limited,IDFC - MBL - SHIVPURI,43751,kishore.sawant@jll.com,9967646007,,,SHIVPURI,MADHYA PRADESH,"1ST FLOOR, WARDNO .12, MAHAL COLONY, OLD A .B ROAD, SHIVPURI, MADHYA PRADESH, - 473551","1ST FLOOR, WARDNO .12, MAHAL COLONY, OLD A .B ROAD, SHIVPURI, MADHYA PRADESH, - 473551",,,
JLL - IDFC First Bank Limited,IDFC - SIKAR BRANCH,42221,kishore.sawant@jll.com,9967646007,,,SIKAR,RAJASTHAN,"GROUND FLOOR, OCEAN PLAZA, , PLOT NO 319-A, JAIPUR ROAD,  , DEVIPURA, SIKAR, RAJASTHAN 332001","GROUND FLOOR, OCEAN PLAZA, , PLOT NO 319-A, JAIPUR ROAD,  , DEVIPURA, SIKAR, RAJASTHAN 332001",,,
JLL - IDFC First Bank Limited,IDFC - SRIMADHOPUR BRANCH,42222,kishore.sawant@jll.com,9967646007,,,SIKAR,RAJASTHAN,"UPPER GROUND AND FIRST FLOOR, PLOT WITH PATTA N. 136, SITUATED AT WARD -11, MAHALAXMI COMPLEX, SIKAR BAZAR, NEAR MURLI MANOHAR MANDIR, SHRI MADHOPUR, DIST. SIKAR , RAJASTHAN 332715","UPPER GROUND AND FIRST FLOOR, PLOT WITH PATTA N. 136, SITUATED AT WARD -11, MAHALAXMI COMPLEX, SIKAR BAZAR, NEAR MURLI MANOHAR MANDIR, SHRI MADHOPUR, DIST. SIKAR , RAJASTHAN 332715",,,
JLL - IDFC First Bank Limited,IDFC - NEEM KA THANA BRANCH,42224,kishore.sawant@jll.com,9967646007,,,SIKAR,RAJASTHAN,"GROUND FLOOR, UNIT NO. 2, NEW COLONY,SUBHASH MANDI, NEEM KA THANA ,DIST. SIKAR, RAJASTHAN - 332713 ","GROUND FLOOR, UNIT NO. 2, NEW COLONY,SUBHASH MANDI, NEEM KA THANA ,DIST. SIKAR, RAJASTHAN - 332713 ",,,
JLL - IDFC First Bank Limited,IDFC - FATEHPUR BRANCH,42225,kishore.sawant@jll.com,9967646007,,,SIKAR,RAJASTHAN,"UPPER GROUND FLOOR, WARD NO 20, ROYAL RESIDENCY,OPP PODDAR SCHOOL, NEAR CHATRIYA BUS STAND,SHEKAWATI, FATEHPUR, DIST. SIKAR , RAJASTHAN - 332301","UPPER GROUND FLOOR, WARD NO 20, ROYAL RESIDENCY,OPP PODDAR SCHOOL, NEAR CHATRIYA BUS STAND,SHEKAWATI, FATEHPUR, DIST. SIKAR , RAJASTHAN - 332301",,,
JLL - IDFC First Bank Limited,IDFC - MBL - SIKAR,42226,kishore.sawant@jll.com,9967646007,,,SIKAR,RAJASTHAN,"SECOND FLOOR, OCEAN PLAZA , PLOT NO 319A, JAIPUR RD, DEVI PURA, SIKAR, RAJASTHAN 332001","SECOND FLOOR, OCEAN PLAZA , PLOT NO 319A, JAIPUR RD, DEVI PURA, SIKAR, RAJASTHAN 332001",,,
JLL - IDFC First Bank Limited,IDFC - MANDI DABWALI BRANCH,21061,kishore.sawant@jll.com,9967646007,,,SIRSA,HARYANA,"GROUND FLOOR, KHEWAT NO. 371 MIN, KHATONI  NO. 1640 MIN, KHASARA NO. 2040/1,PROPERTY ID NO. WD/17/08 , CHAUTALA ROAD, MANDI DABWALI ,TEHSIL DABWALI , DISTRICT SIRSA, HARYANA-  125104","GROUND FLOOR, KHEWAT NO. 371 MIN, KHATONI  NO. 1640 MIN, KHASARA NO. 2040/1,PROPERTY ID NO. WD/17/08 , CHAUTALA ROAD, MANDI DABWALI ,TEHSIL DABWALI , DISTRICT SIRSA, HARYANA-  125104",,,
JLL - IDFC First Bank Limited,IDFC - SIRSA,21064,kishore.sawant@jll.com,9967646007,,,SIRSA,HARYANA,"Ground and First floor, SRS/B16/1112/ ,Dabwali Road, Near Loko Shed, Sirsa, Haryana- 125055","Ground and First floor, SRS/B16/1112/ ,Dabwali Road, Near Loko Shed, Sirsa, Haryana- 125055",,,
JLL - IDFC First Bank Limited,IDFC - Sitapur Branch,21972,kishore.sawant@jll.com,9967646007,,,SITAPUR,UTTAR PRADESH,"Ground floor and second floor, 13-B, Vijay Lakshmi  Nagar, Pargana Khairabad, Station Road, Opp. Maal Godam, Sitapur, Uttar Pradesh - 261001","Ground floor and second floor, 13-B, Vijay Lakshmi  Nagar, Pargana Khairabad, Station Road, Opp. Maal Godam, Sitapur, Uttar Pradesh - 261001",,,
JLL - IDFC First Bank Limited,IDFC - SOLAPUR BRANCH,42923,kishore.sawant@jll.com,9967646007,,,SOLAPUR,MAHARASHTRA,"GROUND FLOOR, 560/61,SOUTH SADAR BAZAR, SOLAPUR, MAHARASHTRA - 413003","GROUND FLOOR, 560/61,SOUTH SADAR BAZAR, SOLAPUR, MAHARASHTRA - 413003",,,
JLL - IDFC First Bank Limited,IDFC - Rural barshi,42924,kishore.sawant@jll.com,9967646007,,,SOLAPUR,MAHARASHTRA,"Ground floor, Kolekar Building, GAT no. 3935,Malappa Dhansheti Road, Barshi, Solapur, Maharashtra-413401","Ground floor, Kolekar Building, GAT no. 3935,Malappa Dhansheti Road, Barshi, Solapur, Maharashtra-413401",,,
JLL - IDFC First Bank Limited,IDFC - AKLUJ BRANCH,42925,kishore.sawant@jll.com,9967646007,,,SOLAPUR,MAHARASHTRA,"GROUND FLOOR, 895/A/2B, VILLAGE- AKLUJ, TALUKA- MALSHIRAS, DIST – SOLAPUR , MAHARASHTRA- 413101","GROUND FLOOR, 895/A/2B, VILLAGE- AKLUJ, TALUKA- MALSHIRAS, DIST – SOLAPUR , MAHARASHTRA- 413101",,,
JLL - IDFC First Bank Limited,IDFC - PANDHARPUR BRANCH,42926,kishore.sawant@jll.com,9967646007,,,SOLAPUR,MAHARASHTRA,"GROUND FLOOR AND FIRST FLOOR, 4026+27/B/2, LAXMI ROAD, MAHAVIR NAGAR , VILLAGE  PANDHARPUR, TALUKA PANDHARPUR, DIST SOLAPUR , MAHARASHTRA-413304","GROUND FLOOR AND FIRST FLOOR, 4026+27/B/2, LAXMI ROAD, MAHAVIR NAGAR , VILLAGE  PANDHARPUR, TALUKA PANDHARPUR, DIST SOLAPUR , MAHARASHTRA-413304",,,
JLL - IDFC First Bank Limited,IDFC - MBL Solapaur,42927,kishore.sawant@jll.com,9967646007,,,SOLAPUR,MAHARASHTRA,"Oasis Mall, 2nd Floor, 11 A, Murarji Peth, Near Asha TalkiesCompound, Solapur-413001","Oasis Mall, 2nd Floor, 11 A, Murarji Peth, Near Asha TalkiesCompound, Solapur-413001",,,
JLL - IDFC First Bank Limited,IDFC - SONIPAT,21872,kishore.sawant@jll.com,9967646007,,,SONIPAT,HARYANA,"Ground floor, plot no. 45-R,Dewan Palace ,Model Town,  Sonipat, Haryana- 131001","Ground floor, plot no. 45-R,Dewan Palace ,Model Town,  Sonipat, Haryana- 131001",,,
JLL - IDFC First Bank Limited,IDFC - Gohana Branch,21873,kishore.sawant@jll.com,9967646007,,,SONIPAT,HARYANA,"GROUND FLOOR, PROPERTY ID – 6/994 A, MAUJA GOHANA  , ZILA SONIPAT, HARYANA-131301","GROUND FLOOR, PROPERTY ID – 6/994 A, MAUJA GOHANA  , ZILA SONIPAT, HARYANA-131301",,,
JLL - IDFC First Bank Limited,IDFC - KOLKATA-GARIA BRANCH,60109,kishore.sawant@jll.com,9967646007,,,SOUTH 24 PARGANAS,WEST BENGAL,"GROUND FLOOR , SURESH BHAVAN, 36,GARIA MAIN ROAD , HINDUSTHAN MORE, P .S SONARPUR, GARIA SOUTH 24 PARAGANAS (S),KOLKATTA , WEST BENGAL - 700084","GROUND FLOOR , SURESH BHAVAN, 36,GARIA MAIN ROAD , HINDUSTHAN MORE, P .S SONARPUR, GARIA SOUTH 24 PARAGANAS (S),KOLKATTA , WEST BENGAL - 700084",,,
JLL - IDFC First Bank Limited,IDFC - MBL - GARIA,60121,kishore.sawant@jll.com,9967646007,,,SOUTH 24 PARGANAS,WEST BENGAL,"2ND FLOOR  111/4 RAJA SUBHOD CHANDRA MULLICK ROAD, GARIA, KOLKATA, WEST BANGAL - 700047.","2ND FLOOR  111/4 RAJA SUBHOD CHANDRA MULLICK ROAD, GARIA, KOLKATA, WEST BANGAL - 700047.",,,
JLL - IDFC First Bank Limited,IDFC - MBL - SRIGANGANAGAR,22071,kishore.sawant@jll.com,9967646007,,,SRI GANGANAGAR,RAJASTHAN,"1ST  FLOOR, GARG ARCADE, M3, MOTI VIHAR, SHRI GANGANAGAR, RAJASTHAN - 335001","1ST  FLOOR, GARG ARCADE, M3, MOTI VIHAR, SHRI GANGANAGAR, RAJASTHAN - 335001",,,
JLL - IDFC First Bank Limited,IDFC - PANPOSH ROAD BRANCH,61161,kishore.sawant@jll.com,9967646007,,,SUNDARGARH,ODISHA,"GR & 1ST  FLOOR, OM HEIGHTS, PANPOSH ROAD, C/10, CIVIL TOWNSHIP, AT/PO-ROURKELA, DIST. SUNDERGARH, ODISHA – 769 004","GR & 1ST  FLOOR, OM HEIGHTS, PANPOSH ROAD, C/10, CIVIL TOWNSHIP, AT/PO-ROURKELA, DIST. SUNDERGARH, ODISHA – 769 004",,,
JLL - IDFC First Bank Limited,IDFC - ROURKELA,61461,kishore.sawant@jll.com,9967646007,,,SUNDARGARH,ODISHA,"  First floor,  Dua Complex, Civil Township, Panposh Road, Rourkela, Odisha-769004","  First floor,  Dua Complex, Civil Township, Panposh Road, Rourkela, Odisha-769004",,,
JLL - IDFC First Bank Limited,IDFC - SURAJPUR BRANCH,61081,kishore.sawant@jll.com,9967646007,,,SURAJPUR,CHHATTISGARH,"GROUND FLOOR , MAHAVIR PLAZA , KHASRA NO – 1984/3 , 1984/5 & 1985/1 , MOHALLA BARAZPARA , BLOCK. NO. 06, SURAJPUR, DISTRICT SURAJPUR, CHHATTISGARH – 497229","GROUND FLOOR , MAHAVIR PLAZA , KHASRA NO – 1984/3 , 1984/5 & 1985/1 , MOHALLA BARAZPARA , BLOCK. NO. 06, SURAJPUR, DISTRICT SURAJPUR, CHHATTISGARH – 497229",,,
JLL - IDFC First Bank Limited,IDFC - SURAT BRANCH,42261,kishore.sawant@jll.com,9967646007,,,SURAT,GUJARAT,"GROUND FLOOR , 61- SUBHASH NAGAR SOCIETY, RAM CHOWK,, GHOD DOD ROAD , SURAT","GROUND FLOOR , 61- SUBHASH NAGAR SOCIETY, RAM CHOWK,, GHOD DOD ROAD , SURAT",,,
JLL - IDFC First Bank Limited,IDFC - RING ROAD BRANCH,42262,kishore.sawant@jll.com,9967646007,,,SURAT,GUJARAT,"FIRST FLOOR, SHREE THAKORBHAI MITHAIWALA MARKET, SURVEY NOS.: 2190/A/1/A/1/1/28, WARD NO.: 4, SAHARA DARWAJA, RING ROAD,  SURAT 395002","FIRST FLOOR, SHREE THAKORBHAI MITHAIWALA MARKET, SURVEY NOS.: 2190/A/1/A/1/1/28, WARD NO.: 4, SAHARA DARWAJA, RING ROAD,  SURAT 395002",,,
JLL - IDFC First Bank Limited,IDFC - SURAT- INTERNATIONAL BUSINESS CENTRE,42264,kishore.sawant@jll.com,9967646007,,,SURAT,GUJARAT,"UGF & PART  2ND FLOOR, INTERNATIONAL BUSINESS CENTRE,BESIDE BIG BAZAAR, SURAT DAMAS ROAD(GAURAV PATH), PIPLOD, SURAT , GUJARAT, 395007","UGF & PART  2ND FLOOR, INTERNATIONAL BUSINESS CENTRE,BESIDE BIG BAZAAR, SURAT DAMAS ROAD(GAURAV PATH), PIPLOD, SURAT , GUJARAT, 395007",,,
JLL - IDFC First Bank Limited,IDFC - KAMREJ BRANCH,42267,kishore.sawant@jll.com,9967646007,,,SURAT,GUJARAT,"GROUND FLOOR, JYOTI PARK SOCIETY , PLOT NO.43,NAVAGAM, KAMREJ CROSS ROAD, KAMREJ , SURAT - 394185","GROUND FLOOR, JYOTI PARK SOCIETY , PLOT NO.43,NAVAGAM, KAMREJ CROSS ROAD, KAMREJ , SURAT - 394185",,,
JLL - IDFC First Bank Limited,IDFC - SURAT - VESU BRANCH,42268,kishore.sawant@jll.com,9967646007,,,SURAT,GUJARAT,"GROUND FLOOR, SHOP NO. 10, WESTERN BUSINESS PARKOPP.S.D.JAIN SCHOOL, VESU CROSS ROAD,VESU, SURAT , GUJARAT- 395007","GROUND FLOOR, SHOP NO. 10, WESTERN BUSINESS PARKOPP.S.D.JAIN SCHOOL, VESU CROSS ROAD,VESU, SURAT , GUJARAT- 395007",,,
JLL - IDFC First Bank Limited,IDFC - SURAT – ADAJAN BRANCH,42269,kishore.sawant@jll.com,9967646007,,,SURAT,GUJARAT,"SHOP NO.1, GROUND FLOOR, PYRAMID SQUARE, OPPOSITE L P SAVANI SCHOOL, ADAJAN , SURAT – 395009","SHOP NO.1, GROUND FLOOR, PYRAMID SQUARE, OPPOSITE L P SAVANI SCHOOL, ADAJAN , SURAT – 395009",,,
JLL - IDFC First Bank Limited,IDFC - KIM BRANCH,42271,kishore.sawant@jll.com,9967646007,,,SURAT,GUJARAT,"SHOP NOS. 5, 6, 7 & 8  AND  SHOP NOS. 12, 13 & 14 , BALAJI PALACE, PLOT NO 205 TO 211, OPP. RANCHOD NAGAR STATION , BLOCK NO 803, VILLAGE KUDSAD, TALUKA - OLPAD, DISTRICT – SURAT, KIM - 394111","SHOP NOS. 5, 6, 7 & 8  AND  SHOP NOS. 12, 13 & 14 , BALAJI PALACE, PLOT NO 205 TO 211, OPP. RANCHOD NAGAR STATION , BLOCK NO 803, VILLAGE KUDSAD, TALUKA - OLPAD, DISTRICT – SURAT, KIM - 394111",,,
JLL - IDFC First Bank Limited,IDFC - VARACHHA  BRANCH,42272,kishore.sawant@jll.com,9967646007,,,SURAT,GUJARAT,"GROUND FLOOR - SHOP NO. 1 TO 7, FIRST FLOOR- SHOP NO. 106 &107,PLOT NO. 251, APEX COMMERCIAL COMPLEX,  BUILDING NO. A, VARACHHA MAIN ROAD, VARACHHA, SURAT- 395006","GROUND FLOOR - SHOP NO. 1 TO 7, FIRST FLOOR- SHOP NO. 106 &107,PLOT NO. 251, APEX COMMERCIAL COMPLEX,  BUILDING NO. A, VARACHHA MAIN ROAD, VARACHHA, SURAT- 395006",,,
JLL - IDFC First Bank Limited,IDFC - MBL- ADAJAN,42273,kishore.sawant@jll.com,9967646007,,,SURAT,GUJARAT,"4TH FLOOR, 407, UNIVERSAL BUSINESS CENTRE, PAL,  ADAJAN  - 395009","4TH FLOOR, 407, UNIVERSAL BUSINESS CENTRE, PAL,  ADAJAN  - 395009",,,
JLL - IDFC First Bank Limited,IDFC - MBL - KAMREJ,42275,kishore.sawant@jll.com,9967646007,,,SURAT,GUJARAT,"SHIV NAGAR, PLOT NO. 12,1ST FLOOR,NEAR NAVSARJAN SOCIETY, KAMREJ CHAR RASTA ,SURAT - 394185","SHIV NAGAR, PLOT NO. 12,1ST FLOOR,NEAR NAVSARJAN SOCIETY, KAMREJ CHAR RASTA ,SURAT - 394185",,,
JLL - IDFC First Bank Limited,IDFC - SACHIN BRANCH,42276,kishore.sawant@jll.com,9967646007,,,SURAT,GUJARAT,"GROUND FLR, G-1-3, 1ST FLR ,SHOP NO. F-1-3, LAXMI VILLA TOWNSHIP,SACHIN GIDC, SACHIN DISTRICT GUJARAT - 394230","GROUND FLR, G-1-3, 1ST FLR ,SHOP NO. F-1-3, LAXMI VILLA TOWNSHIP,SACHIN GIDC, SACHIN DISTRICT GUJARAT - 394230",,,
JLL - IDFC First Bank Limited,IDFC - Katagram,42279,kishore.sawant@jll.com,9967646007,,,SURAT,GUJARAT,"Ground and First Floor, , R.S no. 541,Plot no. 108,Bldg-C, Surat Hira Bourse,Katargam, Surat, Gujarat- 395004","Ground and First Floor, , R.S no. 541,Plot no. 108,Bldg-C, Surat Hira Bourse,Katargam, Surat, Gujarat- 395004",,,
JLL - IDFC First Bank Limited,IDFC - Udhana,43841,kishore.sawant@jll.com,9967646007,,,SURAT,GUJARAT,"Ground Floor G-1,First Floor F-1, Plot no.6,Sahebji  Shoppers, Near SMC, South Zone Udhana, Udhana, Surat, Gujarat - 394210","Ground Floor G-1,First Floor F-1, Plot no.6,Sahebji  Shoppers, Near SMC, South Zone Udhana, Udhana, Surat, Gujarat - 394210",,,
JLL - IDFC First Bank Limited,IDFC - VIP Road Surat  CPC,43843,kishore.sawant@jll.com,9967646007,,,SURAT,GUJARAT,"IDFC FIRST BANK Ltd, Ground floor, Shop no G/4&G/5, White House, VIP Road, Vesu, Surat, Gujarat- 395007","IDFC FIRST BANK Ltd, Ground floor, Shop no G/4&G/5, White House, VIP Road, Vesu, Surat, Gujarat- 395007",,,
JLL - IDFC First Bank Limited,IDFC - DHRANGADHRA BRANCH,43371,kishore.sawant@jll.com,9967646007,,,SURENDRANAGAR,GUJARAT,"GROUND FLR, UNIT NO. 5, 1ST FLR UNIT 101 TO 106, BUSINESS PARK, NEAR SARDAR BAUG, OPP. PGVCL OFFICE, DHRANGADHRA-363310 ","GROUND FLR, UNIT NO. 5, 1ST FLR UNIT 101 TO 106, BUSINESS PARK, NEAR SARDAR BAUG, OPP. PGVCL OFFICE, DHRANGADHRA-363310 ",,,
JLL - IDFC First Bank Limited,IDFC - AMBIKAPUR BRANCH,61061,kishore.sawant@jll.com,9967646007,,,SURGUJA,CHHATTISGARH,"GROUND FLOOR ,  KHASRA NO. 4564/5, MOHALLA KHARSIA ROAD, IN FRONT OF RELIANCE PETROL PUMP, PH NO.15, RNM AMBIKAPUR-4, TEHSIL AMBIKAPUR     DISTRICT SURGUJA, CHHATTISGARH-497001","GROUND FLOOR ,  KHASRA NO. 4564/5, MOHALLA KHARSIA ROAD, IN FRONT OF RELIANCE PETROL PUMP, PH NO.15, RNM AMBIKAPUR-4, TEHSIL AMBIKAPUR     DISTRICT SURGUJA, CHHATTISGARH-497001",,,
JLL - IDFC First Bank Limited,IDFC - QUANTUM – THANE HIRANANDANI ESTATE,10115,kishore.sawant@jll.com,9967646007,,,THANE,MAHARASHTRA,"FLOOR NOS. 5TH TO 13TH ,15TH TO 17TH, 20TH TO 25TH, QUANTUM, CENTRAL AVENUE,  HIRANANDANI ESTATE, KOLSHET ,THANE WEST-400607","FLOOR NOS. 5TH TO 13TH ,15TH TO 17TH, 20TH TO 25TH, QUANTUM, CENTRAL AVENUE,  HIRANANDANI ESTATE, KOLSHET ,THANE WEST-400607",,,
JLL - IDFC First Bank Limited,IDFC - THANE - CROSSVILLA,10122,kishore.sawant@jll.com,9967646007,,,THANE,MAHARASHTRA,"FIRST FLOOR – 101 & SECOND FLOOR- 202, CROSS VILLA, L.B.S ROAD, PANCHPAKHADI, THANE (WEST)- 400602 ","FIRST FLOOR – 101 & SECOND FLOOR- 202, CROSS VILLA, L.B.S ROAD, PANCHPAKHADI, THANE (WEST)- 400602 ",,,
JLL - IDFC First Bank Limited,IDFC - VASHI (SALES HUB),10222,kishore.sawant@jll.com,9967646007,,,THANE,MAHARASHTRA,"BSEL TECH PARK, TOWER B, 12TH FLOOR, OPP VASHI STATION, VASHI - 400703","BSEL TECH PARK, TOWER B, 12TH FLOOR, OPP VASHI STATION, VASHI - 400703",,,
JLL - IDFC First Bank Limited,"IDFC - VASHI,SECTOR-17 BRANCH",40103,kishore.sawant@jll.com,9967646007,,,THANE,MAHARASHTRA,"GOODWILL EXCELLENCY, PLOT NO. 02,, SECTOR - 17 , VASHI, NAVI MUMBAI, VASHI, VASHI, 400705","GOODWILL EXCELLENCY, PLOT NO. 02,, SECTOR - 17 , VASHI, NAVI MUMBAI, VASHI, VASHI, 400705",,,
JLL - IDFC First Bank Limited,IDFC - GHODBUNDER ROAD - THANE BRANCH,40108,kishore.sawant@jll.com,9967646007,,,THANE,MAHARASHTRA,"GROUND FLOOR & MEZZANINE FLOOR,, SHOP NO 21, DOSTI IMPERIA BUILDING,, GHODBUNDER ROAD THANE, 400610","GROUND FLOOR & MEZZANINE FLOOR,, SHOP NO 21, DOSTI IMPERIA BUILDING,, GHODBUNDER ROAD THANE, 400610",,,
JLL - IDFC First Bank Limited,IDFC - THANE BRANCH,40112,kishore.sawant@jll.com,9967646007,,,THANE,MAHARASHTRA,"GROUND FLOOR, SHOP NO 6 &7, P.E.S.(NEW ENGLISH BUILDING), DR. RAMESH PRADHAN ROAD, OFF. RAM MARUTI CROSS ROAD, THANE WEST, THANE 400602","GROUND FLOOR, SHOP NO 6 &7, P.E.S.(NEW ENGLISH BUILDING), DR. RAMESH PRADHAN ROAD, OFF. RAM MARUTI CROSS ROAD, THANE WEST, THANE 400602",,,
JLL - IDFC First Bank Limited,IDFC - THANE-RAM MARUTI ROAD BRANCH,40119,kishore.sawant@jll.com,9967646007,,,THANE,MAHARASHTRA,"SHOP NO.7A, GROUND AND 1ST FLOOR, KAMAL COOP HOUSING SOCIETY LIMITED, RAM MARUTI EXTENSION ROAD, PANCH PAKHADI , DIST THANE, THANE- 400602","SHOP NO.7A, GROUND AND 1ST FLOOR, KAMAL COOP HOUSING SOCIETY LIMITED, RAM MARUTI EXTENSION ROAD, PANCH PAKHADI , DIST THANE, THANE- 400602",,,
JLL - IDFC First Bank Limited,IDFC - KALYAN-SARVODAY MALL,40122,kishore.sawant@jll.com,9967646007,,,THANE,MAHARASHTRA,"1ST FLOOR,UNIT NO. 101 TO 113,  GAYATRI SANKUL, OAK BAUG, DARASAR MARG, NEAR  NANA NANI PARK, BHOIWADA, KALYAN , MAHARASHTRA- 421301","1ST FLOOR,UNIT NO. 101 TO 113,  GAYATRI SANKUL, OAK BAUG, DARASAR MARG, NEAR  NANA NANI PARK, BHOIWADA, KALYAN , MAHARASHTRA- 421301",,,
JLL - IDFC First Bank Limited,IDFC - NERUL BRANCH,40132,kishore.sawant@jll.com,9967646007,,,THANE,MAHARASHTRA,"SHOP NO. 11 & 12, KRISHNA KAMAL CO-HOUSING SOCIETY, PLOT NO 111-E/1, 111-F, 111-H , SECTOR-21, NERUL, MUMBAI - 400706","SHOP NO. 11 & 12, KRISHNA KAMAL CO-HOUSING SOCIETY, PLOT NO 111-E/1, 111-F, 111-H , SECTOR-21, NERUL, MUMBAI - 400706",,,
JLL - IDFC First Bank Limited,IDFC - KALYAN BRANCH,40135,kishore.sawant@jll.com,9967646007,,,THANE,MAHARASHTRA,"GR FLR, UNIT NO.1,2,3& B-001, NEBULA PARK COOP HOUSING SOCIETY, OPPOSITE MOHAN HEIGHTS,  BIRLA COLLEGE ROAD, KHADAKPADA, KALYAN WEST 421301","GR FLR, UNIT NO.1,2,3& B-001, NEBULA PARK COOP HOUSING SOCIETY, OPPOSITE MOHAN HEIGHTS,  BIRLA COLLEGE ROAD, KHADAKPADA, KALYAN WEST 421301",,,
JLL - IDFC First Bank Limited,IDFC - VARTAK NAGAR- THANE BRANCH,40136,kishore.sawant@jll.com,9967646007,,,THANE,MAHARASHTRA,"SHOP NO. 5A,MAITHILI PRIDE, BUILDING NO. 1 & 10,MHB COLONY, VARTAK NAGAR, POKHRAN RD. NO. 1, J K GRAMM, NEAR HP GODOWN, THANE. 400 606","SHOP NO. 5A,MAITHILI PRIDE, BUILDING NO. 1 & 10,MHB COLONY, VARTAK NAGAR, POKHRAN RD. NO. 1, J K GRAMM, NEAR HP GODOWN, THANE. 400 606",,,
JLL - IDFC First Bank Limited,IDFC - SANPADA BRANCH,40144,kishore.sawant@jll.com,9967646007,,,THANE,MAHARASHTRA,"GROUND FLOOR , SHOP NO. 5&6 , MORAJ  RESIDENCY, PLOT NO. 1, SECTOR -16 ,SANPADA,NAVI MUMBAI - 400705 ","GROUND FLOOR , SHOP NO. 5&6 , MORAJ  RESIDENCY, PLOT NO. 1, SECTOR -16 ,SANPADA,NAVI MUMBAI - 400705 ",,,
JLL - IDFC First Bank Limited,IDFC - Bhiwandi,40148,kishore.sawant@jll.com,9967646007,,,THANE,MAHARASHTRA,"Ground floor, Shop no. 3, 4, 5 & 6, Vardhaman Commercial Complex, Village-Kamatghar, Anjurphata, Bhiwandi, Maharashtra 421302","Ground floor, Shop no. 3, 4, 5 & 6, Vardhaman Commercial Complex, Village-Kamatghar, Anjurphata, Bhiwandi, Maharashtra 421302",,,
JLL - IDFC First Bank Limited,IDFC - NAVI MUMBAI-AIROLI BRANCH,40152,kishore.sawant@jll.com,9967646007,,,THANE,MAHARASHTRA,"GROUND FLOOR,UNIT NO. 3&4,SHIV SHANKAR PLAZA, SECTOR 7, AIROLI , NAVI MUMBAI – 400708","GROUND FLOOR,UNIT NO. 3&4,SHIV SHANKAR PLAZA, SECTOR 7, AIROLI , NAVI MUMBAI – 400708",,,
JLL - IDFC First Bank Limited,IDFC - SEAWOODS BRANCH,40158,kishore.sawant@jll.com,9967646007,,,THANE,MAHARASHTRA,"SHOP NO. 9 & 10, VAISHNAVI TOWERS,PLOT NO. 6,  SECTOR 44,  NERUL - 400706","SHOP NO. 9 & 10, VAISHNAVI TOWERS,PLOT NO. 6,  SECTOR 44,  NERUL - 400706",,,
JLL - IDFC First Bank Limited,IDFC - THANE-HIRANANDANI ESTATE BRANCH,40162,kishore.sawant@jll.com,9967646007,,,THANE,MAHARASHTRA,"SHOP NO.5&6,SHREE SHARANAM , C WING , HIRANANDANI ESTATE, THANE WEST , MUMBAI – 400607","SHOP NO.5&6,SHREE SHARANAM , C WING , HIRANANDANI ESTATE, THANE WEST , MUMBAI – 400607",,,
JLL - IDFC First Bank Limited,IDFC - NAVI MUMBAI-CBD BELAPUR BRANCH,40172,kishore.sawant@jll.com,9967646007,,,THANE,MAHARASHTRA,"SHOP NO.4, GROUND FLOOR, HERMES ATRIUM, SECTOR 11, CBD BELAPUR, NAVI MUMBAI – 400614","SHOP NO.4, GROUND FLOOR, HERMES ATRIUM, SECTOR 11, CBD BELAPUR, NAVI MUMBAI – 400614",,,
JLL - IDFC First Bank Limited,IDFC - MUMBAI-DOMBIVLI BRANCH,40173,kishore.sawant@jll.com,9967646007,,,THANE,MAHARASHTRA,"GROUND FLOOR,  SHOP NO. 1,2 & UNIT NO.1, SATCHIDANAND CHS, NEAR OLD POST OFFICE, TILAK ROAD, DOMBIVALI EAST - 421201","GROUND FLOOR,  SHOP NO. 1,2 & UNIT NO.1, SATCHIDANAND CHS, NEAR OLD POST OFFICE, TILAK ROAD, DOMBIVALI EAST - 421201",,,
JLL - IDFC First Bank Limited,IDFC - Vashi APMC,40193,kishore.sawant@jll.com,9967646007,,,THANE,MAHARASHTRA,"Ground floor shop 11&12, Plot no.15,Sector 19,  Krushi Plaza , Village Turbhe,  APMC ,  Navi Mumbai - 400703","Ground floor shop 11&12, Plot no.15,Sector 19,  Krushi Plaza , Village Turbhe,  APMC ,  Navi Mumbai - 400703",,,
JLL - IDFC First Bank Limited,IDFC - Thane Anand Nagar,40195,kishore.sawant@jll.com,9967646007,,,THANE,MAHARASHTRA,"Ground floor , Shop No 7, 8, 9 & 10, M K Plaza, Anand Nagar, Owale Village, G.B Road, Thane, Maharashtra 400607","Ground floor , Shop No 7, 8, 9 & 10, M K Plaza, Anand Nagar, Owale Village, G.B Road, Thane, Maharashtra 400607",,,
JLL - IDFC First Bank Limited,IDFC - Ulhasnagar,40196,kishore.sawant@jll.com,9967646007,,,THANE,MAHARASHTRA,"Ground floor, Shop No.1 &2, Konark Business Centre, Unit no.5 Sheet No.38,   CTS No.12130-A, 12130-B,Ulhasnagar-3, Ulhasnagar , Maharashtra- 421003 ","Ground floor, Shop No.1 &2, Konark Business Centre, Unit no.5 Sheet No.38,   CTS No.12130-A, 12130-B,Ulhasnagar-3, Ulhasnagar , Maharashtra- 421003 ",,,
JLL - IDFC First Bank Limited,IDFC - Thane Waghle Estate,40197,kishore.sawant@jll.com,9967646007,,,THANE,MAHARASHTRA,"Ground floor, Shop no. 4&5 plot no. A-125,A-125(pt), A-126, Accel House, Road no. 22, Wagle Industrial Estate, Panchpakhadi, Taluka, Thane - 400604","Ground floor, Shop no. 4&5 plot no. A-125,A-125(pt), A-126, Accel House, Road no. 22, Wagle Industrial Estate, Panchpakhadi, Taluka, Thane - 400604",,,
JLL - IDFC First Bank Limited,IDFC - Ghansoli,40516,kishore.sawant@jll.com,9967646007,,,THANE,MAHARASHTRA,"Ground floor, Shop no.7, Plot no. 13- To 15, sector 9,  Trishul Gold Coast , Ghansoli,Dist. Thane  Navi Mumbai - 400701","Ground floor, Shop no.7, Plot no. 13- To 15, sector 9,  Trishul Gold Coast , Ghansoli,Dist. Thane  Navi Mumbai - 400701",,,
JLL - IDFC First Bank Limited,IDFC - Kopar Khairne,40517,kishore.sawant@jll.com,9967646007,,,THANE,MAHARASHTRA,"Ground floor, Shop no. 1 to 4, Rajhans-3, Housefin Co-op Housing Society Limited, Plot no.23, Sector 11,KoparKhairane, Navi Mumbai , Maharashtra- 400709 ","Ground floor, Shop no. 1 to 4, Rajhans-3, Housefin Co-op Housing Society Limited, Plot no.23, Sector 11,KoparKhairane, Navi Mumbai , Maharashtra- 400709 ",,,
JLL - IDFC First Bank Limited,IDFC - UDAIPUR-APEX CHAMBER,42561,kishore.sawant@jll.com,9967646007,,,UDAIPUR,RAJASTHAN,"OFFICE NO. 201, 2ND FLOOR, APEX CHAMBER, BANK STREET, MADHUBAN, UDAIPUR. 313001","OFFICE NO. 201, 2ND FLOOR, APEX CHAMBER, BANK STREET, MADHUBAN, UDAIPUR. 313001",,,
JLL - IDFC First Bank Limited,IDFC - FATEHNAGAR BRANCH,42562,kishore.sawant@jll.com,9967646007,,,UDAIPUR,RAJASTHAN,"GROUND FLR, TVS BUILDING, WARD NO 14, NEAR WATER WORKS, VASNI MAFI, FATEHNAGAR, SANWAD, DISTRICT UDAIPUR, RAJASTHAN 313205","GROUND FLR, TVS BUILDING, WARD NO 14, NEAR WATER WORKS, VASNI MAFI, FATEHNAGAR, SANWAD, DISTRICT UDAIPUR, RAJASTHAN 313205",,,
JLL - IDFC First Bank Limited,IDFC - UDAIPUR BRANCH,42563,kishore.sawant@jll.com,9967646007,,,UDAIPUR,RAJASTHAN,"GROUND & FIRST FLOOR, 25-A, CHETAK CIRCLE, MADHUBAN CHOWK, UDAIPUR, RAJASTHAN- 313001","GROUND & FIRST FLOOR, 25-A, CHETAK CIRCLE, MADHUBAN CHOWK, UDAIPUR, RAJASTHAN- 313001",,,
JLL - IDFC First Bank Limited,IDFC - UDAIPUR – HIRAN MAGRI BRANCH,42564,kishore.sawant@jll.com,9967646007,,,UDAIPUR,RAJASTHAN,"GROUND &FIRST FLOOR, SUBASH VILLA, BUILDING NO.643, SECTOR-13,HIRAN MAGRI, UDAIPUR- 313001","GROUND &FIRST FLOOR, SUBASH VILLA, BUILDING NO.643, SECTOR-13,HIRAN MAGRI, UDAIPUR- 313001",,,
JLL - IDFC First Bank Limited,IDFC - RUDRAPUR,22291,kishore.sawant@jll.com,9967646007,,,UDHAM SINGH NAGAR,UTTARAKHAND,"Ground floor, plot no.22, Awas Vikas Colony, Vivekanand Nagar, Nainital road, Dist. Udhamsingh Nagar, Rudrapur, Uttarakhand-263153","Ground floor, plot no.22, Awas Vikas Colony, Vivekanand Nagar, Nainital road, Dist. Udhamsingh Nagar, Rudrapur, Uttarakhand-263153",,,
JLL - IDFC First Bank Limited,IDFC - UJJAIN BRANCH,42141,kishore.sawant@jll.com,9967646007,,,UJJAIN,MADHYA PRADESH,"GROUND AND FIRST FLOOR , 47,SUBHASH NAGAR COLONY, SAVER ROAD, NEAR DO TALAAB, UJJAIN , MADHYA PRADESH - 456010","GROUND AND FIRST FLOOR , 47,SUBHASH NAGAR COLONY, SAVER ROAD, NEAR DO TALAAB, UJJAIN , MADHYA PRADESH - 456010",,,
JLL - IDFC First Bank Limited,IDFC - MBL - UJJAIN-FREEGUNJ,42143,kishore.sawant@jll.com,9967646007,,,UJJAIN,MADHYA PRADESH,"2ND FLOOR, 90,TATIYA TOPE MARG, FREEGUNJ, UJJAIN - 456001 ","2ND FLOOR, 90,TATIYA TOPE MARG, FREEGUNJ, UJJAIN - 456001 ",,,
JLL - IDFC First Bank Limited,IDFC - UJJAIN FREEGANJ BRANCH,42145,kishore.sawant@jll.com,9967646007,,,UJJAIN,MADHYA PRADESH,"GROUND FLOOR, SHOP NO 29, 31-A, 33, 34, 35 AND 36, DURGA PLAZA, VISHWA VIDYALAYA MARG, DEWAS ROAD, FREEGANJ, UJJAIN-456010","GROUND FLOOR, SHOP NO 29, 31-A, 33, 34, 35 AND 36, DURGA PLAZA, VISHWA VIDYALAYA MARG, DEWAS ROAD, FREEGANJ, UJJAIN-456010",,,
JLL - IDFC First Bank Limited,IDFC - NAGDA BRANCH,43351,kishore.sawant@jll.com,9967646007,,,UJJAIN,MADHYA PRADESH,"GROUND FLOOR , WARD NO.15, KOTAK FATAK ,NEAR UJJAIN BRIDGE,NAGDA, MADHYA PRADESH 456335","GROUND FLOOR , WARD NO.15, KOTAK FATAK ,NEAR UJJAIN BRIDGE,NAGDA, MADHYA PRADESH 456335",,,
JLL - IDFC First Bank Limited,IDFC - VADODARA BRANCH,42381,kishore.sawant@jll.com,9967646007,,,VADODARA,GUJARAT,"GROUND FLOOR  SHOP NO 2 & SECOND FLOOR ,, UNIT NO. 201, TOWER – A, SAHYOG ATRIUM, , PLOT NO 23/24,HARIBHAKTI EXTENSION COLONY, O.P ROAD, VADODARA, 390007","GROUND FLOOR  SHOP NO 2 & SECOND FLOOR ,, UNIT NO. 201, TOWER – A, SAHYOG ATRIUM, , PLOT NO 23/24,HARIBHAKTI EXTENSION COLONY, O.P ROAD, VADODARA, 390007",,,
JLL - IDFC First Bank Limited,IDFC - PADRA BRANCH,42382,kishore.sawant@jll.com,9967646007,,,VADODARA,GUJARAT,"GROUND FLOOR-GF1,GF2,FIRST FLOOR-FF1,FF5, FF6, CITY CENTRE, NEAR CIVIL HOSPITAL, JASPUR NAKA, PADRA, GUJARAT- 391440","GROUND FLOOR-GF1,GF2,FIRST FLOOR-FF1,FF5, FF6, CITY CENTRE, NEAR CIVIL HOSPITAL, JASPUR NAKA, PADRA, GUJARAT- 391440",,,
JLL - IDFC First Bank Limited,IDFC - MAKARPURA BRANCH,42383,kishore.sawant@jll.com,9967646007,,,VADODARA,GUJARAT,"FIRST FLOOR. OFFICE NO.101, 102, 103 AND 104 SUN PLAZA 2, VADASAR TARSALI RING ROAD MAKARPURA, VADODARA, 390014, GUJARAT","FIRST FLOOR. OFFICE NO.101, 102, 103 AND 104 SUN PLAZA 2, VADASAR TARSALI RING ROAD MAKARPURA, VADODARA, 390014, GUJARAT",,,
JLL - IDFC First Bank Limited,IDFC - KARELIBAUGH BRANCH,42385,kishore.sawant@jll.com,9967646007,,,VADODARA,GUJARAT,"GROUND FLOOR, SHOP NO. 101&102,  NARAYAN  ELEGANCE,  AIRPORT CIRCLE, AIRPORT ROAD, KARELIBAUG, VADODARA -390018, GUJARAT","GROUND FLOOR, SHOP NO. 101&102,  NARAYAN  ELEGANCE,  AIRPORT CIRCLE, AIRPORT ROAD, KARELIBAUG, VADODARA -390018, GUJARAT",,,
JLL - IDFC First Bank Limited,IDFC - VADODARA – VASNA BHAYLI BRANCH,42386,kishore.sawant@jll.com,9967646007,,,VADODARA,GUJARAT,"GROUND FLOOR, SHOP NO. ,9,10&11,EARTH ARTICA,OPP. VASNA- BHAYLI ROAD, NILAMBER PALMS,VADODARA- GUJARAT- 391410","GROUND FLOOR, SHOP NO. ,9,10&11,EARTH ARTICA,OPP. VASNA- BHAYLI ROAD, NILAMBER PALMS,VADODARA- GUJARAT- 391410",,,
JLL - IDFC First Bank Limited,IDFC - DABHOI BRANCH,42387,kishore.sawant@jll.com,9967646007,,,VADODARA,GUJARAT,"GROUND FLOOR, SHREEJI COMPLEX, OPP. UNITY HOSPITAL, NEAR SINOR CROSSING, DABHOI SINOR ROAD,  MOJE- DABHOI, DABHOI, DISTRICT VADODARA, GUJARAT-  391110 ","GROUND FLOOR, SHREEJI COMPLEX, OPP. UNITY HOSPITAL, NEAR SINOR CROSSING, DABHOI SINOR ROAD,  MOJE- DABHOI, DABHOI, DISTRICT VADODARA, GUJARAT-  391110 ",,,
JLL - IDFC First Bank Limited,IDFC - MBL- WAGHODIA ROAD,42388,kishore.sawant@jll.com,9967646007,,,VADODARA,GUJARAT,"3RD  FLOOR, 31, EARTH ICON, BESIDES INDIAN OIL PETROL PUMP, NEW VIP RD, WAGHODIA, VADODARA, GUJARAT 390008","3RD  FLOOR, 31, EARTH ICON, BESIDES INDIAN OIL PETROL PUMP, NEW VIP RD, WAGHODIA, VADODARA, GUJARAT 390008",,,
JLL - IDFC First Bank Limited,IDFC - VADODARA- SALES HUB,42389,kishore.sawant@jll.com,9967646007,,,VADODARA,GUJARAT,"1ST FLOOR,  B101 & 102,SAHYOG ATRIUM, PLOT NO. 23/24,HARIBHAKTI EXTENSION COLONY, O.P.ROAD, VADODARA- 390007 GUJARAT","1ST FLOOR,  B101 & 102,SAHYOG ATRIUM, PLOT NO. 23/24,HARIBHAKTI EXTENSION COLONY, O.P.ROAD, VADODARA- 390007 GUJARAT",,,
JLL - IDFC First Bank Limited,IDFC - KANHA CAPITAL,42391,kishore.sawant@jll.com,9967646007,,,VADODARA,GUJARAT,"GF/01, GROUND FLOOR , KANHA CAPITAL , R.C  DUTT ROAD, ALKAPURI , VADODARA - 390007","GF/01, GROUND FLOOR , KANHA CAPITAL , R.C  DUTT ROAD, ALKAPURI , VADODARA - 390007",,,
JLL - IDFC First Bank Limited,IDFC - Nizampura,42393,kishore.sawant@jll.com,9967646007,,,VADODARA,GUJARAT,"Ground Floor, Shop No. 1 & 2,  Indraprashth Commercial Complex, Natasha Park 1, Nizampura, Vadodara, Gujarat – 390002.","Ground Floor, Shop No. 1 & 2,  Indraprashth Commercial Complex, Natasha Park 1, Nizampura, Vadodara, Gujarat – 390002.",,,
JLL - IDFC First Bank Limited,IDFC - SAHYOG ATRIUM – VADODARA,42394,kishore.sawant@jll.com,9967646007,,,VADODARA,GUJARAT,"1ST FLOOR, A101- 102, PLOT NO. 23-24, SAHYOG ATRIUM , HARIBHAKTI EXTENSION COLONY,O.P.ROAD, VADODARA, GUJARAT  - 390007","1ST FLOOR, A101- 102, PLOT NO. 23-24, SAHYOG ATRIUM , HARIBHAKTI EXTENSION COLONY,O.P.ROAD, VADODARA, GUJARAT  - 390007",,,
JLL - IDFC First Bank Limited,IDFC - VAPI BRANCH,42441,kishore.sawant@jll.com,9967646007,,,VALSAD,GUJARAT,"GROUND FLOOR, PLOT NO 544+547/P, AJIT EMPORIUM, , VAPI SILVASSA MAIN ROAD , VAPI","GROUND FLOOR, PLOT NO 544+547/P, AJIT EMPORIUM, , VAPI SILVASSA MAIN ROAD , VAPI",,,
JLL - IDFC First Bank Limited,IDFC - KILLA-PARDI BRANCH,42443,kishore.sawant@jll.com,9967646007,,,VALSAD,GUJARAT,"GROUND FLOOR,HOUSE NO.6026 & 6027, SURVEY NO. 2554, CHIVAL PARDI ROAD, TAL. PARDI, DIST. VALSAD, KILLAPARDI, GUJARAT - 396125","GROUND FLOOR,HOUSE NO.6026 & 6027, SURVEY NO. 2554, CHIVAL PARDI ROAD, TAL. PARDI, DIST. VALSAD, KILLAPARDI, GUJARAT - 396125",,,
JLL - IDFC First Bank Limited,IDFC - MBL - VAPI - SILVASSA ROAD,42444,kishore.sawant@jll.com,9967646007,,,VALSAD,GUJARAT,"B 5&B6  , SOLITAIRE BUSINESS CENTRE, SILAVASSA ROAD, VAPI  - 396191","B 5&B6  , SOLITAIRE BUSINESS CENTRE, SILAVASSA ROAD, VAPI  - 396191",,,
JLL - IDFC First Bank Limited,IDFC - MBL - VARANASI,21921,kishore.sawant@jll.com,9967646007,,,VARANASI,UTTAR PRADESH,"2ND FLOOR, C-33/2C-1 , SHANKAR TOWER , CHANDUA , SIGRA , VARANASI , UP-221010","2ND FLOOR, C-33/2C-1 , SHANKAR TOWER , CHANDUA , SIGRA , VARANASI , UP-221010",,,
JLL - IDFC First Bank Limited,IDFC - VARANASI BRANCH,60321,kishore.sawant@jll.com,9967646007,,,VARANASI,UTTAR PRADESH,"FIRST FLOOR, D-59/1, A-2, RATHYATRA, VARANASI, UTTAR PRADESH 221010","FIRST FLOOR, D-59/1, A-2, RATHYATRA, VARANASI, UTTAR PRADESH 221010",,,
JLL - IDFC First Bank Limited,IDFC - VARANASI - LANKA BRANCH,60322,kishore.sawant@jll.com,9967646007,,,VARANASI,UTTAR PRADESH,"GROUND FLOOR,B-1/3, H-1,  BHADAINI AWASIYA YOJANA, MOHALLA BHADAINI, HRK RAVINDRAPURI EXTENSION, VARANASI, UTTAR PRADESH- 221005","GROUND FLOOR,B-1/3, H-1,  BHADAINI AWASIYA YOJANA, MOHALLA BHADAINI, HRK RAVINDRAPURI EXTENSION, VARANASI, UTTAR PRADESH- 221005",,,
JLL - IDFC First Bank Limited,IDFC - Vasco _CPC,42406,kishore.sawant@jll.com,9967646007,,,VASCO-MORMUGAO,GOA,"Ground Floor, Shop No. 1 to 12, Meraki, at Father jose vaz Road, Near St. joseph Institute, Vasco-da-Gama, Mormugao taluka, Vasco 403802 Goa.","Ground Floor, Shop No. 1 to 12, Meraki, at Father jose vaz Road, Near St. joseph Institute, Vasco-da-Gama, Mormugao taluka, Vasco 403802 Goa.",,,
JLL - IDFC First Bank Limited,IDFC - Vidisha,43832,kishore.sawant@jll.com,9967646007,,,VIDISHA,MADHYA PRADESH,"Ground floor and First floor,  plot no.19,ward no.5/11,Sanchi Vidhisha Road, Vidhisha, Madhya Pradesh-464001","Ground floor and First floor,  plot no.19,ward no.5/11,Sanchi Vidhisha Road, Vidhisha, Madhya Pradesh-464001",,,
JLL - IDFC First Bank Limited,IDFC - LADVI BRANCH,41321,kishore.sawant@jll.com,9967646007,,,WEST NIMAR,MADHYA PRADESH,"KHASRA NO. 260/1/2, GROUND FLOOR,, NAVALPURA, MAHESHWAR ROAD, VILLAGE LADVI, TEHSIL MAHESHWAR, OPP- LAXMI NARAYAN COLONY, 451221","KHASRA NO. 260/1/2, GROUND FLOOR,, NAVALPURA, MAHESHWAR ROAD, VILLAGE LADVI, TEHSIL MAHESHWAR, OPP- LAXMI NARAYAN COLONY, 451221",,,
JLL - IDFC First Bank Limited,IDFC - SANAWAD BRANCH,41322,kishore.sawant@jll.com,9967646007,,,WEST NIMAR,MADHYA PRADESH,"GROUND & FIRST FLOOR , SHREE GANESH STEEL , KHARGONE ROAD , SANAWAD, MP, PIN-451111","GROUND & FIRST FLOOR , SHREE GANESH STEEL , KHARGONE ROAD , SANAWAD, MP, PIN-451111",,,
JLL - IDFC First Bank Limited,IDFC - SIRLAI BRANCH,41323,kishore.sawant@jll.com,9967646007,,,WEST NIMAR,MADHYA PRADESH,"GROUND FLOOR,MG ROAD,, MAIN ROAD, MG ROAD, TEHSIL BARWAHA, SIRLAI, BARWAHA, 451115","GROUND FLOOR,MG ROAD,, MAIN ROAD, MG ROAD, TEHSIL BARWAHA, SIRLAI, BARWAHA, 451115",,,
JLL - IDFC First Bank Limited,IDFC - BHIKANGAON BRANCH,41324,kishore.sawant@jll.com,9967646007,,,WEST NIMAR,MADHYA PRADESH,"SURVEY NO. 24/5, GROUND & UPPER GROUND, SHEET, PLOT NO. 10, OPP BUSSTAND, BHIKANGAON, BHIKANGAON, BHIKANGAON, 451331","SURVEY NO. 24/5, GROUND & UPPER GROUND, SHEET, PLOT NO. 10, OPP BUSSTAND, BHIKANGAON, BHIKANGAON, BHIKANGAON, 451331",,,
JLL - IDFC First Bank Limited,IDFC - KHARGONE BRANCH,41325,kishore.sawant@jll.com,9967646007,,,WEST NIMAR,MADHYA PRADESH,"GROUND FLOOR, P.H.NO.05,NAGAR PALIKA SIMA KHARGONE, NAGAR KHARGONE,DISTRICT KHARGONE, MADHYA PRADESH – 451001 ","GROUND FLOOR, P.H.NO.05,NAGAR PALIKA SIMA KHARGONE, NAGAR KHARGONE,DISTRICT KHARGONE, MADHYA PRADESH – 451001 ",,,
JLL - IDFC First Bank Limited,IDFC - AGARTALA BRANCH,60221,kishore.sawant@jll.com,9967646007,,,WEST TRIPURA,TRIPURA,"HOUSE NO. 130460, WARD NO. 13, TG ROAD, KRISH, SHANKAR CHOWMUHANI, AGARTALA, TRIPURA, AGARTALA, AGARTALA, 799001","HOUSE NO. 130460, WARD NO. 13, TG ROAD, KRISH, SHANKAR CHOWMUHANI, AGARTALA, TRIPURA, AGARTALA, AGARTALA, 799001",,,
JLL - IDFC First Bank Limited,IDFC - YAMUNA NAGAR- SCO 184-185,21431,kishore.sawant@jll.com,9967646007,,,YAMUNANAGAR,HARYANA,"1ST FLOOR, SCO 184-185, SECTOR 17, COMERCIAL BELT- HUDA, JAGADHARI, YAMUNA NAGAR, 135003 (HARAYANA)","1ST FLOOR, SCO 184-185, SECTOR 17, COMERCIAL BELT- HUDA, JAGADHARI, YAMUNA NAGAR, 135003 (HARAYANA)",,,
JLL - IDFC First Bank Limited,IDFC - JAGADHRI BRANCH,21433,kishore.sawant@jll.com,9967646007,,,YAMUNANAGAR,HARYANA,"GROUND FLOOR, OLD COURT  ROAD, NEW BASTI, TEHSIL JAGADHRI,  DIST – YAMUNANAGAR, HARYANA - 135003","GROUND FLOOR, OLD COURT  ROAD, NEW BASTI, TEHSIL JAGADHRI,  DIST – YAMUNANAGAR, HARYANA - 135003",,,
JLL - IDFC First Bank Limited,IDFC - NOIDA SEC 121 BRANCH,20159,kishore.sawant@jll.com,9967646007,,,NOIDA,UTTAR PRADESH,,,,,
JLL - IDFC First Bank Limited,IDFC - GURGAON - SECTOR 67 BRANCH,21018,kishore.sawant@jll.com,9967646007,,,GURUGRAM,GURGAON-HARYANA,,,,,
JLL - IDFC First Bank Limited,IDFC - AMRITSAR RANJIT AVENUE,21027,kishore.sawant@jll.com,9967646007,,,AMRITSAR,PUNJAB,,,,,
JLL - IDFC First Bank Limited,IDFC - SOHNA ROAD,21029,kishore.sawant@jll.com,9967646007,,,GURUGRAM,GURGAON-HARYANA,,,,,
JLL - IDFC First Bank Limited,IDFC - SUNDER NAGAR BRANCH,21179,kishore.sawant@jll.com,9967646007,,,SUNDER NAGAR,PUNJAB,,,,,
JLL - IDFC First Bank Limited,IDFC - KANPUR (M CORP. + OG)(Branch name yet to be finalized),21274,kishore.sawant@jll.com,9967646007,,,KANPUR,UTTAR PRADESH,,,,,
JLL - IDFC First Bank Limited,IDFC - FARIDABAD SEC -37,21315,kishore.sawant@jll.com,9967646007,,,FARIDABAD,HARYANA,,,,,
JLL - IDFC First Bank Limited,IDFC - Faridabad  - Sec 9,21316,kishore.sawant@jll.com,9967646007,,,FARIDABAD,HARYANA,,,,,
JLL - IDFC First Bank Limited,IDFC - Gaur Chowk Greater Noida,21334,kishore.sawant@jll.com,9967646007,,,NOIDA,UTTAR PRADESH,,,,,
JLL - IDFC First Bank Limited,IDFC - MOHALI SEC 82,21375,kishore.sawant@jll.com,9967646007,,,MOHALI,PUNJAB,,,,,
JLL - IDFC First Bank Limited,IDFC - Dera Bassi,21376,kishore.sawant@jll.com,9967646007,,,CHANDIGARH,PUNJAB,,,,,
JLL - IDFC First Bank Limited,IDFC - MODI NAGAR,21417,kishore.sawant@jll.com,9967646007,,,MODINAGAR,UTTAR PRADESH,,,,,
JLL - IDFC First Bank Limited,IDFC - AMBEDKAR ROAD GHAZIABAD,21423,kishore.sawant@jll.com,9967646007,,,GHAZIABAD,UTTAR PRADESH,,,,,
JLL - IDFC First Bank Limited,IDFC - Yamuna Nagar,21432,kishore.sawant@jll.com,9967646007,,,YAMUNANAGAR,HARYANA,,,,,
JLL - IDFC First Bank Limited,IDFC - AMBALA ROAD,21693,kishore.sawant@jll.com,9967646007,,,AMBALA,UTTAR PRADESH,,,,,
JLL - IDFC First Bank Limited,IDFC - ROORKEE,21792,kishore.sawant@jll.com,9967646007,,,ROORKEE,UTTARAKHAND,,,,,
JLL - IDFC First Bank Limited,IDFC - MUZAFFAR NAGAR,21831,kishore.sawant@jll.com,9967646007,,,MUZAFFARNAGAR,UTTAR PRADESH,,,,,
JLL - IDFC First Bank Limited,IDFC - SOLAN(BRANCH NAME YET TO BE FINALIZED),21891,kishore.sawant@jll.com,9967646007,,,SOLAN,HIMACHAL PRADESH,,,,,
JLL - IDFC First Bank Limited,IDFC - Baddi,21892,kishore.sawant@jll.com,9967646007,,,BADDI,HIMACHAL PRADESH,,,,,
JLL - IDFC First Bank Limited,IDFC - REWARI,21946,kishore.sawant@jll.com,9967646007,,,REWARI,HARYANA,,,,,
JLL - IDFC First Bank Limited,IDFC - HOSHIYARPUR,22152,kishore.sawant@jll.com,9967646007,,,HOSHIARPUR,PUNJAB,,,,,
JLL - IDFC First Bank Limited,IDFC - PATHANKOT,22211,kishore.sawant@jll.com,9967646007,,,PATHANKOT,PUNJAB,,,,,
JLL - IDFC First Bank Limited,IDFC - MOGA,22311,kishore.sawant@jll.com,9967646007,,,MOGA,PUNJAB,,,,,
JLL - IDFC First Bank Limited,IDFC - BULANDSHAHAR,22331,kishore.sawant@jll.com,9967646007,,,BULANDSHAHR,UTTAR PRADESH,,,,,
JLL - IDFC First Bank Limited,IDFC - KHAR WEST BRANCH,40149,kishore.sawant@jll.com,9967646007,,,MUMBAI,MAHARASHTRA,,,,,
JLL - IDFC First Bank Limited,IDFC - Matunga,40157,kishore.sawant@jll.com,9967646007,,,MUMBAI,MAHARASHTRA,,,,,
JLL - IDFC First Bank Limited,IDFC - Bhayandar West,40181,kishore.sawant@jll.com,9967646007,,,MUMBAI,MAHARASHTRA,,,,,
JLL - IDFC First Bank Limited,IDFC - Shela Ahmedabad,40343,kishore.sawant@jll.com,9967646007,,,AHMEDABAD,GUJARAT,,,,,
JLL - IDFC First Bank Limited,IDFC - Sattadhar Ahmedabad,40345,kishore.sawant@jll.com,9967646007,,,AHMEDABAD,GUJARAT,,,,,
JLL - IDFC First Bank Limited,IDFC - DN Road Fort,40505,kishore.sawant@jll.com,9967646007,,,MUMBAI,MAHARASHTRA,,,,,
JLL - IDFC First Bank Limited,"IDFC - Itwariya Bazar,Indore",41277,kishore.sawant@jll.com,9967646007,,,INDORE,MADHYA PRADESH,,,,,
JLL - IDFC First Bank Limited,IDFC - Bhopal MP Nagar,41392,kishore.sawant@jll.com,9967646007,,,BHOPAL,MADHYA PRADESH,,,,,
JLL - IDFC First Bank Limited,IDFC - Magob,42277,kishore.sawant@jll.com,9967646007,,,SURAT,GUJARAT,,,,,
JLL - IDFC First Bank Limited,IDFC - NASHIK - NASHIK ROAD,42289,kishore.sawant@jll.com,9967646007,,,NASIK,MAHARASHTRA,,,,,
JLL - IDFC First Bank Limited,IDFC - Bhilwara,42326,kishore.sawant@jll.com,9967646007,,,BHILWARA,RAJASTHAN,,,,,
JLL - IDFC First Bank Limited,IDFC - Kudasan,42346,kishore.sawant@jll.com,9967646007,,,GANDHINAGAR,GUJARAT,,,,,
JLL - IDFC First Bank Limited,IDFC - Basni,42485,kishore.sawant@jll.com,9967646007,,,JODHPUR,RAJASTHAN,,,,,
JLL - IDFC First Bank Limited,IDFC - Bikaner,42604,kishore.sawant@jll.com,9967646007,,,BIKANER,RAJASTHAN,,,,,
JLL - IDFC First Bank Limited,IDFC - Virar,43392,kishore.sawant@jll.com,9967646007,,,MUMBAI,MAHARASHTRA,,,,,
JLL - IDFC First Bank Limited,IDFC - Vasai E,43393,kishore.sawant@jll.com,9967646007,,,MUMBAI,MAHARASHTRA,,,,,
JLL - IDFC First Bank Limited,IDFC - Pratap Nagar Jaipur,43413,kishore.sawant@jll.com,9967646007,,,JAIPUR,RAJASTHAN,,,,,
JLL - IDFC First Bank Limited,IDFC - Akola,43642,kishore.sawant@jll.com,9967646007,,,AKOLA,MAHARASHTRA,,,,,
JLL - IDFC First Bank Limited,IDFC - Surat VIP Road+CPC,43843,kishore.sawant@jll.com,9967646007,,,SURAT,GUJARAT,,,,,
JLL - IDFC First Bank Limited,IDFC - Ved Road,43844,kishore.sawant@jll.com,9967646007,,,SURAT,GUJARAT,,,,,
JLL - IDFC First Bank Limited,IDFC - DAMAN/VALSAD,43901,kishore.sawant@jll.com,9967646007,,,DAMAN,DAMAN AND DIU,,,,,
JLL - IDFC First Bank Limited,IDFC - SILVASSA,43911,kishore.sawant@jll.com,9967646007,,,SILVASSA,DADAR NAGAR HAWELI,,,,,
JLL - IDFC First Bank Limited,IDFC - Merlin House,60104,kishore.sawant@jll.com,9967646007,,,KOLKATA,WEST BENGAL,,,,,
JLL - IDFC First Bank Limited,IDFC - Girish Park,60118,kishore.sawant@jll.com,9967646007,,,KOLKATA,WEST BENGAL,,,,,
JLL - IDFC First Bank Limited,IDFC - PATNA CITY BRANCH,60291,kishore.sawant@jll.com,9967646007,,,PATNA,BIHAR,,,,,
JLL - IDFC First Bank Limited,IDFC - Kanke,60345,kishore.sawant@jll.com,9967646007,,,RANCHI,JHARKHAND,,,,,
JLL - IDFC First Bank Limited,IDFC - Cuttack-CDA,60372,kishore.sawant@jll.com,9967646007,,,CUTTACK,ODISHA,,,,,
JLL - IDFC First Bank Limited,IDFC - ASANSOL,60423,kishore.sawant@jll.com,9967646007,,,ASANSOL,WEST BENGAL,,,,,
JLL - IDFC First Bank Limited,IDFC - PURI/ GRAND ROAD,60662,kishore.sawant@jll.com,9967646007,,,PURI,ODISHA,,,,,
JLL - IDFC First Bank Limited,IDFC - DHANBAD,61141,kishore.sawant@jll.com,9967646007,,,DHANBAD,JHARKHAND,,,,,
JLL - IDFC First Bank Limited,IDFC - DIBRUGARH : THANA CHARIALI/ HH ROAD,61183,kishore.sawant@jll.com,9967646007,,,DIBRUGARH,ASSAM,,,,,
JLL - IDFC First Bank Limited,IDFC - GAYA GANDHI MAIDAN,61312,kishore.sawant@jll.com,9967646007,,,GAYA,BIHAR,,,,,
JLL - IDFC First Bank Limited,IDFC - KOHIMA,61491,kishore.sawant@jll.com,9967646007,,,KOHIMA,NAGALAND,,,,,
JLL - IDFC First Bank Limited,IDFC - COOCH BEHAR,61531,kishore.sawant@jll.com,9967646007,,,COOCH BEHAR,WEST BENGAL,,,,,
JLL - IDFC First Bank Limited,IDFC - SILCHAR: SHILLONG PATTI,61551,kishore.sawant@jll.com,9967646007,,,SHILLONG,MEGHALAYA,,,,,
JLL - IDFC First Bank Limited,IDFC - PATNA RURAL REGIONAL OFFICE,69403,kishore.sawant@jll.com,9967646007,,,PATNA,BIHAR,,,,,
JLL - IDFC First Bank Limited,IDFC - NOIDA SECTOR 12 BRANCH - D,20124-1,kishore.sawant@jll.com,9967646007,,,NOIDA,UTTAR PRADESH,,,,,
JLL - IDFC First Bank Limited,IDFC - GURGAON SOHNA ROAD BRANCH - D,20129-1,kishore.sawant@jll.com,9967646007,,,GURUGRAM,GURGAON-HARYANA,,,,,
JLL - IDFC First Bank Limited,IDFC - Noida Sec 132,20159-1,kishore.sawant@jll.com,9967646007,,,NOIDA,UTTAR PRADESH,,,,,
JLL - IDFC First Bank Limited,IDFC - GURGAON – MANESAR BRANCH - D,21015-1,kishore.sawant@jll.com,9967646007,,,GURUGRAM,GURGAON-HARYANA,,,,,
JLL - IDFC First Bank Limited,IDFC - KANPUR (M CORP. + OG)(Kidwai Nagar),21274-1,kishore.sawant@jll.com,9967646007,,,KANPUR,UTTAR PRADESH,,,,,
JLL - IDFC First Bank Limited,IDFC - PUNE - BHOSARI BRANCH - D,41434-1,kishore.sawant@jll.com,9967646007,,,PUNE,MAHARASHTRA,,,,,
JLL - IDFC First Bank Limited,IDFC - SURAT BRANCH - D,42261-1,kishore.sawant@jll.com,9967646007,,,SURAT,GUJARAT,,,,,
JLL - IDFC First Bank Limited,IDFC - Quantum -18th Floor 19th Floor,WIP-1,kishore.sawant@jll.com,9967646007,,,MUMBAI,MAHARASHTRA,,,,,
JLL - IDFC First Bank Limited,IDFC - Bhawanipur/ Chowringhee Road- Kolkata,WIP-10,kishore.sawant@jll.com,9967646007,,,KOLKATA,WEST BENGAL,,,,,
JLL - IDFC First Bank Limited,IDFC - Bhopal,WIP-2,kishore.sawant@jll.com,9967646007,,,BHOPAL,MADHYA PRADESH,,,,,
JLL - IDFC First Bank Limited,IDFC - Kanpur,WIP-3,kishore.sawant@jll.com,9967646007,,,KANPUR,UTTAR PRADESH,,,,,
JLL - IDFC First Bank Limited,IDFC - Raj Nagar Extention,WIP-4,kishore.sawant@jll.com,9967646007,,,GHAZIABAD,UTTAR PRADESH,,,,,
JLL - IDFC First Bank Limited,IDFC - Gift City,WIP-5,kishore.sawant@jll.com,9967646007,,,GANDHINAGAR,GUJARAT,,,,,
JLL - IDFC First Bank Limited,IDFC - Tinsukhia,WIP-8,kishore.sawant@jll.com,9967646007,,,TINSUKIA,ASSAM,,,,,
JLL - IDFC First Bank Limited,IDFC - Nalbari,WIP-9,kishore.sawant@jll.com,9967646007,,,NALBARI,ASSAM,,,,,
JLL - IDFC First Bank Limited,IDFC - BARAN BRANCH,43431,kishore.sawant@jll.com,9967646007,,,BARAN,RAJASTHAN,"GROUND FLOOR, SATYAM PALACE,  KOTA ROAD,DIST -BARAN , BARAN ,  RAJASTHAN-325205","GROUND FLOOR, SATYAM PALACE,  KOTA ROAD,DIST -BARAN , BARAN ,  RAJASTHAN-325205",,,
JLL - IDFC First Bank Limited,IDFC - CHHABRA BRANCH,43433,kishore.sawant@jll.com,9967646007,,,BARAN,RAJASTHAN,"GROUND & FIRST FLOOR, PLOT NO.10, SHASTRI  NAGAR COLONY RESIDENTIAL SCHEME, KHASRA NO. 620, HILL VIEW COLONY , AIJAZ  NAGAR, CHHABRA , DISTT . BARAN, RAJASTHAN- 325220","GROUND & FIRST FLOOR, PLOT NO.10, SHASTRI  NAGAR COLONY RESIDENTIAL SCHEME, KHASRA NO. 620, HILL VIEW COLONY , AIJAZ  NAGAR, CHHABRA , DISTT . BARAN, RAJASTHAN- 325220",,,
JLL - IDFC First Bank Limited,IDFC - BARWANI BRANCH,42701,kishore.sawant@jll.com,9967646007,,,BARWANI,MADHYA PRADESH,"GROUND FLOOR, PLOT NO. 08, MUNICIPAL DAKHLA NO. 140/10,SURVEY NO. 1/1, ANJAD NAKA, VILL. BARWANI,TEHSIL & DIST. BARWANI, MADHYA PRADESH 451551","GROUND FLOOR, PLOT NO. 08, MUNICIPAL DAKHLA NO. 140/10,SURVEY NO. 1/1, ANJAD NAKA, VILL. BARWANI,TEHSIL & DIST. BARWANI, MADHYA PRADESH 451551",,,
JLL - IDFC First Bank Limited,IDFC - AMBAJOGAI  BRANCH,43821,kishore.sawant@jll.com,9967646007,,,BID,MAHARASHTRA,"GROUND FLOOR, 9-1231/1, PLOT NO. 37,38,39,40, PARALI ROAD, SANTOSH PALACE, AMBEDKAR CHOWK, VILLAGE AMBAJOGAI,TALUKA – AMBAJOGAI, MAHARASHTRA- 431517","GROUND FLOOR, 9-1231/1, PLOT NO. 37,38,39,40, PARALI ROAD, SANTOSH PALACE, AMBEDKAR CHOWK, VILLAGE AMBAJOGAI,TALUKA – AMBAJOGAI, MAHARASHTRA- 431517",,,
JLL - IDFC First Bank Limited,IDFC - BOTAD BRANCH,43661,kishore.sawant@jll.com,9967646007,,,BOTAD,GUJARAT,"GROUND,1ST 2ND AND 3RD FLOOR,  CITY SURVEY NO. 5093 PAIKI OF SHEET NO. 87 , STATION ROAD, CHATRI CHOWK , TALUKA BOTAD , DISTRICT BHAVNAGAR GUJARAT - 364710","GROUND,1ST 2ND AND 3RD FLOOR,  CITY SURVEY NO. 5093 PAIKI OF SHEET NO. 87 , STATION ROAD, CHATRI CHOWK , TALUKA BOTAD , DISTRICT BHAVNAGAR GUJARAT - 364710",,,
JLL - IDFC First Bank Limited,IDFC - Mughalsarai Chandauli  UP,22231,kishore.sawant@jll.com,9967646007,,,CHANDAULI,UTTAR PRADESH,"Upper ground floor, house no.193,Village Chandhasi, Ralhupur, Pandit Deen Dayal Upadhayay Nagar, District Chandauli, Mughalsarai , Uttar Pradesh - 232101","Upper ground floor, house no.193,Village Chandhasi, Ralhupur, Pandit Deen Dayal Upadhayay Nagar, District Chandauli, Mughalsarai , Uttar Pradesh - 232101",,,
JLL - IDFC First Bank Limited,IDFC - MBL - CHANDRAPUR,43631,kishore.sawant@jll.com,9967646007,,,CHANDRAPUR,MAHARASHTRA,"1ST FLOOR ZANZARI COMPLEX, SARAI MARKET ZILA, PARISHAD ROAD, CHANDRAPUR- MAHARASHTRA 442401","1ST FLOOR ZANZARI COMPLEX, SARAI MARKET ZILA, PARISHAD ROAD, CHANDRAPUR- MAHARASHTRA 442401",,,
JLL - IDFC First Bank Limited,IDFC - CHARKHI DADRI BRANCH,22041,kishore.sawant@jll.com,9967646007,,,CHARKI DADRI,HARYANA,"GROUND FLOOR, KHEWAT NO. 1149, KHATONI- 1226, LOHARU ROAD , CHARKHI DADRI,  HARYANA- 127306","GROUND FLOOR, KHEWAT NO. 1149, KHATONI- 1226, LOHARU ROAD , CHARKHI DADRI,  HARYANA- 127306",,,
JLL - IDFC First Bank Limited,IDFC - SUJANGARH BRANCH,43001,kishore.sawant@jll.com,9967646007,,,CHURU,RAJASTHAN,"GROUND FLOOR, GANPATI PLAZA,STATION ROAD, SUJANGARH CITY,DIST- CHURU, RAJASTHAN-331507","GROUND FLOOR, GANPATI PLAZA,STATION ROAD, SUJANGARH CITY,DIST- CHURU, RAJASTHAN-331507",,,
JLL - IDFC First Bank Limited,IDFC - DIMAPUR-CHURCH ROAD BRANCH,60861,kishore.sawant@jll.com,9967646007,,,DIMAPUR,NAGALAND,"GROUND FLOOR, CHURCH ROAD, MAIN MARKET, DIMAPUR, NAGALAND- 797112 ","GROUND FLOOR, CHURCH ROAD, MAIN MARKET, DIMAPUR, NAGALAND- 797112 ",,,
JLL - IDFC First Bank Limited,IDFC - DIMAPUR -DBU BRANCH,60862,kishore.sawant@jll.com,9967646007,,,DIMAPUR,NAGALAND,"RAKHI COMPLEX, BASEMENT, CHRUCH ROAD, DIMAPUR, NAGALAND - 797112","RAKHI COMPLEX, BASEMENT, CHRUCH ROAD, DIMAPUR, NAGALAND - 797112",,,
JLL - IDFC First Bank Limited,IDFC - UTAI BRANCH,60561,kishore.sawant@jll.com,9967646007,,,DURG,CHHATTISGARH,"GROUND FLOOR, SAI COMPLEX, WARD NO.4, P.H.NO.30, KHASRA NO. 986/19,986/60, UTAI MARKET TO PATTAN ROAD, UTAI – 491107. DIST. DURG, CHHATTISGARH","GROUND FLOOR, SAI COMPLEX, WARD NO.4, P.H.NO.30, KHASRA NO. 986/19,986/60, UTAI MARKET TO PATTAN ROAD, UTAI – 491107. DIST. DURG, CHHATTISGARH",,,
JLL - IDFC First Bank Limited,IDFC - BHILAI BRANCH,60562,kishore.sawant@jll.com,9967646007,,,DURG,CHHATTISGARH,"GROUND FLOOR, SHOP NO. 82-83,COMMERCIAL COMPLEX, NEHRU  NAGAR (EAST),BHILAI, CHHATTISGARH - 490020","GROUND FLOOR, SHOP NO. 82-83,COMMERCIAL COMPLEX, NEHRU  NAGAR (EAST),BHILAI, CHHATTISGARH - 490020",,,
JLL - IDFC First Bank Limited,IDFC - MBL - BHILAI,60563,kishore.sawant@jll.com,9967646007,,,DURG,CHHATTISGARH,"1ST FLOOR, PLOT NO. 20/8,SUPELA CHOWK, NEAR GHARI CHOWK, DATCHIND GANGOTRI, GE ROAD, BHILAI, CHATTISGARH, -490023","1ST FLOOR, PLOT NO. 20/8,SUPELA CHOWK, NEAR GHARI CHOWK, DATCHIND GANGOTRI, GE ROAD, BHILAI, CHATTISGARH, -490023",,,
JLL - IDFC First Bank Limited,IDFC - TOHANA BRANCH,21071,kishore.sawant@jll.com,9967646007,,,FATEHABAD,HARYANA,"GROUND FLOOR, BUILDING KHASRA NO.369(MIN 23-7), PROPERTY ID NO. P010004267-A, CHANDIGARH ROAD, TOHANA , DISTRICT FATEHABAD , HARYANA - 125120","GROUND FLOOR, BUILDING KHASRA NO.369(MIN 23-7), PROPERTY ID NO. P010004267-A, CHANDIGARH ROAD, TOHANA , DISTRICT FATEHABAD , HARYANA - 125120",,,
JLL - IDFC First Bank Limited,IDFC - FATEHABAD BRANCH,21072,kishore.sawant@jll.com,9967646007,,,FATEHABAD,HARYANA,"GROUND FLOOR, PROPERTY ID NO. 080182NH100064 ,  KHASRA NO. 1212/1(5-6), BHUNA MODE 429/10,M.C NO. 429/11,  G.T. ROAD, BASTI BHIWA TEHSIL DISTT. FATEHABAD , FATEHABAD - 125050","GROUND FLOOR, PROPERTY ID NO. 080182NH100064 ,  KHASRA NO. 1212/1(5-6), BHUNA MODE 429/10,M.C NO. 429/11,  G.T. ROAD, BASTI BHIWA TEHSIL DISTT. FATEHABAD , FATEHABAD - 125050",,,
JLL - IDFC First Bank Limited,IDFC - FATEHABAD CLUSTER OFFICE,29203,kishore.sawant@jll.com,9967646007,,,FATEHABAD,HARYANA,"1ST FLOOR, KHASRA NO. 1212/1(5-6), BHUNA CROSSING, NEAR IDBI BANK, BASTI BHIVA,  DIST. FATEHABAD, FATEHABAD - 125050. HARYANA","1ST FLOOR, KHASRA NO. 1212/1(5-6), BHUNA CROSSING, NEAR IDBI BANK, BASTI BHIVA,  DIST. FATEHABAD, FATEHABAD - 125050. HARYANA",,,
JLL - IDFC First Bank Limited,IDFC - PENDRA ROAD BRANCH,60364,kishore.sawant@jll.com,9967646007,,,GAURELA-PENDRA-MARWAHI,CHHATTISGARH,"GROUND FLOOR & 1ST FLOOR, WARD NO.5, BESIDE RADHAKRISHNA MANDIR, SANJAY CHOWK, MAIN ROAD, GAURELLA, PENDRA ROAD. DISTRICT BILASPUR. CHHATTISGARH. PIN– 495117. ","GROUND FLOOR & 1ST FLOOR, WARD NO.5, BESIDE RADHAKRISHNA MANDIR, SANJAY CHOWK, MAIN ROAD, GAURELLA, PENDRA ROAD. DISTRICT BILASPUR. CHHATTISGARH. PIN– 495117. ",,,
JLL - IDFC First Bank Limited,IDFC - MBL - VERAVAL,43581,kishore.sawant@jll.com,9967646007,,,GIR SOMNATH,GUJARAT,"OFFICE NO. 4, THIRD FLOOR, RUSHIKESH ARCADE, TOWER CHOWK, VERAVAL 362265","OFFICE NO. 4, THIRD FLOOR, RUSHIKESH ARCADE, TOWER CHOWK, VERAVAL 362265",,,
JLL - IDFC First Bank Limited,IDFC - Veraval,43582,kishore.sawant@jll.com,9967646007,,,GIR SOMNATH,GUJARAT,"Ground floor, Wing B ,Shop no. 8,9,18,19,20, Block J , Tower Chowk, Veraval, Gujarat-362265","Ground floor, Wing B ,Shop no. 8,9,18,19,20, Block J , Tower Chowk, Veraval, Gujarat-362265",,,
JLL - IDFC First Bank Limited,IDFC - HOWRAH - AC MARKET BRANCH,60138,kishore.sawant@jll.com,9967646007,,,HAORA,WEST BENGAL,"27, MOULANA ABUL KALAM AZAD ROAD, WARD NO. 13, P.S. GOLABARI, HOWRAH, WEST BENGAL, PIN-711 101","27, MOULANA ABUL KALAM AZAD ROAD, WARD NO. 13, P.S. GOLABARI, HOWRAH, WEST BENGAL, PIN-711 101",,,
JLL - IDFC First Bank Limited,IDFC - MBL - HAZARIBAUG,61171,kishore.sawant@jll.com,9967646007,,,HAZARIBAG,JHARKHAND,"FIRST FLOOR, RAMESH COMPLEX, BODDHAM BAZAR, GORA CHOWK, HAZARIBAGH, JHARKHAND - 825301","FIRST FLOOR, RAMESH COMPLEX, BODDHAM BAZAR, GORA CHOWK, HAZARIBAGH, JHARKHAND - 825301",,,
JLL - IDFC First Bank Limited,IDFC - LATUR,43811,kishore.sawant@jll.com,9967646007,,,JALNA,MAHARASHTRA,"1ST FLOOR, SHOP NO.101,102,125,126&127, VITHALA TOWERS, ANANDI GINNING , NEAR BHAGYA NAGAR,SHANI MANDIR CHOWK, OLD JALNA , JALNA , MAHARASHTRA- 431213","1ST FLOOR, SHOP NO.101,102,125,126&127, VITHALA TOWERS, ANANDI GINNING , NEAR BHAGYA NAGAR,SHANI MANDIR CHOWK, OLD JALNA , JALNA , MAHARASHTRA- 431213",,,
JLL - IDFC First Bank Limited,IDFC - JALORE BRANCH,43221,kishore.sawant@jll.com,9967646007,,,JALOR,RAJASTHAN,"GROUND FLOOR ,  PLOT NO. H-15 SHIVAJI NAGAR, OPP JAIN BOARDING, STATION ROAD, JALORE CITY , DISTT – JALORE ,  RAJASTHAN  343001","GROUND FLOOR ,  PLOT NO. H-15 SHIVAJI NAGAR, OPP JAIN BOARDING, STATION ROAD, JALORE CITY , DISTT – JALORE ,  RAJASTHAN  343001",,,
JLL - IDFC First Bank Limited,IDFC - JHAJJAR BRANCH,22031,kishore.sawant@jll.com,9967646007,,,JHAJJAR,HARYANA,"UPPER GROUND FLOOR, PROPERTY NO.3,WARD NO.1, OPP. RAJOTIA HOSPITAL, ROHTAK ROAD, TEHSIL & ZILA JHAJJAR, HARYANA-124103","UPPER GROUND FLOOR, PROPERTY NO.3,WARD NO.1, OPP. RAJOTIA HOSPITAL, ROHTAK ROAD, TEHSIL & ZILA JHAJJAR, HARYANA-124103",,,
JLL - IDFC First Bank Limited,IDFC - MBL - BAHADURGARH,22032,kishore.sawant@jll.com,9967646007,,,JHAJJAR,HARYANA,"1ST FLOOR, CHAUDHARY COMPLEX, DAYANAND NAGAR , ANDAR HADUD NAGAR PARISHAD BAHADURGARH ,  DELHI ROHTAK ROAD,DISTT. JAJJAR, BAHADURGARH, HARYANA-124507","1ST FLOOR, CHAUDHARY COMPLEX, DAYANAND NAGAR , ANDAR HADUD NAGAR PARISHAD BAHADURGARH ,  DELHI ROHTAK ROAD,DISTT. JAJJAR, BAHADURGARH, HARYANA-124507",,,
JLL - IDFC First Bank Limited,IDFC - JHALRAPATAN BRANCH,43451,kishore.sawant@jll.com,9967646007,,,JHALAWAR,RAJASTHAN,"GROUND FLOOR, KHASARANO. 478, ROAD NO. 12, NEAR GINDORE GATE, JHALRA PATAN, DIST : JHALAWAR, RAJASTHAN - 326023","GROUND FLOOR, KHASARANO. 478, ROAD NO. 12, NEAR GINDORE GATE, JHALRA PATAN, DIST : JHALAWAR, RAJASTHAN - 326023",,,
JLL - IDFC First Bank Limited,IDFC - JHUNJHUNU BRANCH,42301,kishore.sawant@jll.com,9967646007,,,JHUNJHUNU,RAJASTHAN,"GROUND FLOOR, PLOT NO 14A, WATER WORKS COLONY,MANN NAGAR, 
NEAR PEERU SINGH CIRCLE,, JHUNJHUNU, RAJASTHAN, 333001","GROUND FLOOR, PLOT NO 14A, WATER WORKS COLONY,MANN NAGAR, 
NEAR PEERU SINGH CIRCLE,, JHUNJHUNU, RAJASTHAN, 333001",,,
JLL - IDFC First Bank Limited,IDFC - SINGHANA BRANCH,42302,kishore.sawant@jll.com,9967646007,,,JHUNJHUNU,RAJASTHAN,"GROUND AND FIRST FLOOR,  NEAR HARIDAS MANDIR,CHIRAWA ROAD, VILLAGE & P.O. - SINGHANA ,  DISTT. JHUNJHUNU ,  RAJASTHAN 333516","GROUND AND FIRST FLOOR,  NEAR HARIDAS MANDIR,CHIRAWA ROAD, VILLAGE & P.O. - SINGHANA ,  DISTT. JHUNJHUNU ,  RAJASTHAN 333516",,,
JLL - IDFC First Bank Limited,IDFC - MBL - BHUJ,43501,kishore.sawant@jll.com,9967646007,,,KACHCHH,GUJARAT,"5, SECOND FLOOR, TRISHLA ARCADE, NEAR JUBILI GROUND, BHUJ MUNDRA ROAD, BHUJ-370001","5, SECOND FLOOR, TRISHLA ARCADE, NEAR JUBILI GROUND, BHUJ MUNDRA ROAD, BHUJ-370001",,,
JLL - IDFC First Bank Limited,IDFC - MBL - GANDHIDHAM,43502,kishore.sawant@jll.com,9967646007,,,KACHCHH,GUJARAT,"SECOND FLOOR, NEAR BANKING CIRCLE, ABOVE YES BANK, GANDHIDHAM - 370201","SECOND FLOOR, NEAR BANKING CIRCLE, ABOVE YES BANK, GANDHIDHAM - 370201",,,
JLL - IDFC First Bank Limited,IDFC - GANDHIDHAM BRANCH,43505,kishore.sawant@jll.com,9967646007,,,KACHCHH,GUJARAT,"GROUND AND FIRST FLOOR, PLOT NO. 9, SECTOR 9 , GANDHIDHAM - 370201","GROUND AND FIRST FLOOR, PLOT NO. 9, SECTOR 9 , GANDHIDHAM - 370201",,,
JLL - IDFC First Bank Limited,IDFC - GUWAHATI BRANCH,60261,kishore.sawant@jll.com,9967646007,,,KAMRUP METROPOLITAN,ASSAM,"FIRST FLOOR, AG PLAZA, G.S. ROAD, GUWAHATI, ASSAM 781005","FIRST FLOOR, AG PLAZA, G.S. ROAD, GUWAHATI, ASSAM 781005",,,
JLL - IDFC First Bank Limited,IDFC - GUWAHATI- ITAG  PLAZA,60262,kishore.sawant@jll.com,9967646007,,,KAMRUP METROPOLITAN,ASSAM,"1ST FLOOR, ITAG PLAZA, UNIT NO. 1B ,  G.S ROAD,  NEAR RAJIV BHAWAN , GUWAHATI ,ASSAM - 781005","1ST FLOOR, ITAG PLAZA, UNIT NO. 1B ,  G.S ROAD,  NEAR RAJIV BHAWAN , GUWAHATI ,ASSAM - 781005",,,
JLL - IDFC First Bank Limited,"IDFC - FANCY BAZAR,GUWAHATI ASSAM",60265,kishore.sawant@jll.com,9967646007,,,KAMRUP METROPOLITAN,ASSAM,"UPPER GROUND FLOOR, M. G ROAD, FANCY BAZAR, GUWAHATI , ASSAM - 781001","UPPER GROUND FLOOR, M. G ROAD, FANCY BAZAR, GUWAHATI , ASSAM - 781001",,,
JLL - IDFC First Bank Limited,IDFC - NADIAD BRANCH,42161,kishore.sawant@jll.com,9967646007,,,KHEDA,GUJARAT,"GR FLR UNIT NO 2, FIRST FLOOR UNIT NO. 1 , SO, COLLEGE ROAD, OPP AADHAR MARKET, NADIAD, NADIAD, NADIAD, 387001","GR FLR UNIT NO 2, FIRST FLOOR UNIT NO. 1 , SO, COLLEGE ROAD, OPP AADHAR MARKET, NADIAD, NADIAD, NADIAD, 387001",,,
JLL - IDFC First Bank Limited,IDFC - BHUBANESWAR BRANCH,60241,kishore.sawant@jll.com,9967646007,,,KHURDA,ODISHA,"FIRST FLOOR, 96, KHARVEL NAGAR, JANPATH, BHUBANESWAR, ODISHA 751001","FIRST FLOOR, 96, KHARVEL NAGAR, JANPATH, BHUBANESWAR, ODISHA 751001",,,
JLL - IDFC First Bank Limited,IDFC - BHUBANESWAR-MODI BHAWAN,60242,kishore.sawant@jll.com,9967646007,,,KHURDA,ODISHA,"1ST FLOOR AND PART OF 2ND FLOOR MODI BHAWAN, 178A, SHAHEED NAGAR, BACKSIDE OF CENTRAL MALL, BHUBANESWAR - 751007, ORISSA,","1ST FLOOR AND PART OF 2ND FLOOR MODI BHAWAN, 178A, SHAHEED NAGAR, BACKSIDE OF CENTRAL MALL, BHUBANESWAR - 751007, ORISSA,",,,
JLL - IDFC First Bank Limited,IDFC - Baramunda,60245,kishore.sawant@jll.com,9967646007,,,KHURDA,ODISHA,"Ground and 1st floor,  Plot M-15,Unit – G101 &F-201, Unit-19,H.B Colony, Baramunda, Bhubaneshwar , Odisha- 751003","Ground and 1st floor,  Plot M-15,Unit – G101 &F-201, Unit-19,H.B Colony, Baramunda, Bhubaneshwar , Odisha- 751003",,,
JLL - IDFC First Bank Limited,IDFC - KHORDHA BRANCH,60621,kishore.sawant@jll.com,9967646007,,,KHURDA,ODISHA,"GROUND FLOOR & 1ST FLOOR, ,PLOT NO.997/1481 , MAIN BHUBNESHWAR – KHORDHA ROAD, TEHSIL & DISTT. KHORDHA – 752055.ODISHA","GROUND FLOOR & 1ST FLOOR, ,PLOT NO.997/1481 , MAIN BHUBNESHWAR – KHORDHA ROAD, TEHSIL & DISTT. KHORDHA – 752055.ODISHA",,,
JLL - IDFC First Bank Limited,IDFC - SINGESWAR,60622,kishore.sawant@jll.com,9967646007,,,KHURDA,ODISHA,"Ground floor, Plot no. 506/636, Khata no. 296, Dist. Khurda, P.S.Banpur, PS Balugaon,  Mouza Singeshwar, Odisha- 752030","Ground floor, Plot no. 506/636, Khata no. 296, Dist. Khurda, P.S.Banpur, PS Balugaon,  Mouza Singeshwar, Odisha- 752030",,,
JLL - IDFC First Bank Limited,IDFC - RASULGARH BRANCH,61371,kishore.sawant@jll.com,9967646007,,,KHURDA,ODISHA,"GROUND FLOOR, PLOT NO. A/91,UNIT NO.11, SAHEED NAGAR, DIST. KHORDA, BHUBANESHWAR,- 751007","GROUND FLOOR, PLOT NO. A/91,UNIT NO.11, SAHEED NAGAR, DIST. KHORDA, BHUBANESHWAR,- 751007",,,
JLL - IDFC First Bank Limited,IDFC - BHUBANESWAR (REGIONAL OFFICE),69402,kishore.sawant@jll.com,9967646007,,,KHURDA,ODISHA,"SIGNATURE PLAZA, 4TH FLOOR, PLOT NO J-1, MAITRE VIHAR ROAD, JAIDEV VIHAR, BHUBNESWAR 751024","SIGNATURE PLAZA, 4TH FLOOR, PLOT NO J-1, MAITRE VIHAR ROAD, JAIDEV VIHAR, BHUBNESWAR 751024",,,
JLL - IDFC First Bank Limited,IDFC - Padrauna,22301,kishore.sawant@jll.com,9967646007,,,KUSHI NAGAR,UTTAR PRADESH,"Ground and 1st floor, Khasra no. 1425&1426, Village Padrauna, Pargana Sidhua Jovna, Tehsil Padrauna, & Distt. Kushinagar, Uttar Pradesh- 274304","Ground and 1st floor, Khasra no. 1425&1426, Village Padrauna, Pargana Sidhua Jovna, Tehsil Padrauna, & Distt. Kushinagar, Uttar Pradesh- 274304",,,
JLL - IDFC First Bank Limited,IDFC - NANDED,43791,kishore.sawant@jll.com,9967646007,,,LATUR,MAHARASHTRA,"1ST FLOOR, HOUSE NO. R1/3991-92,BARSHI ROAD, PLOT NO.30/31, KAHGAON TALUKA, DIST. LATUR, MAHARASTRA- 413531","1ST FLOOR, HOUSE NO. R1/3991-92,BARSHI ROAD, PLOT NO.30/31, KAHGAON TALUKA, DIST. LATUR, MAHARASTRA- 413531",,,
JLL - IDFC First Bank Limited,IDFC - NARNAUL BRANCH,22021,kishore.sawant@jll.com,9967646007,,,MAHENDRAGARH,HARYANA,"GROUND FLOOR, KHATAUNI  NO. 1599, KHASRA- 2004,  PRABHAT  COMPLEX, NEAR VIJAY HOSPITAL, DIST. MAHENDRAGARH NARNAUL, HARYANA-123001","GROUND FLOOR, KHATAUNI  NO. 1599, KHASRA- 2004,  PRABHAT  COMPLEX, NEAR VIJAY HOSPITAL, DIST. MAHENDRAGARH NARNAUL, HARYANA-123001",,,
JLL - IDFC First Bank Limited,IDFC - LUNAWADA  BRANCH,42801,kishore.sawant@jll.com,9967646007,,,MAHISAGAR,GUJARAT,"CITY SURVEY NO 178/37/38, PLOT NO 15-16,OPP ALLAHABAD BANK, NEAR KOSIYA NAKA,MODASA HIGHWAY, 
DIST. MAHISAGAR LUNAWADA GUJARAT - 389230","CITY SURVEY NO 178/37/38, PLOT NO 15-16,OPP ALLAHABAD BANK, NEAR KOSIYA NAKA,MODASA HIGHWAY, 
DIST. MAHISAGAR LUNAWADA GUJARAT - 389230",,,
JLL - IDFC First Bank Limited,IDFC - Maunath,21268,kishore.sawant@jll.com,9967646007,,,MAU,UTTAR PRADESH,"Ground floor, House no. 208,Khasra no. 774,, Sarayalkhasi Village, Maunath BHanjan , Uttarpradesh - 275101","Ground floor, House no. 208,Khasra no. 774,, Sarayalkhasi Village, Maunath BHanjan , Uttarpradesh - 275101",,,
JLL - IDFC First Bank Limited,IDFC - MBL- VARACHA,42274,kishore.sawant@jll.com,9967646007,,,NARMADA,GUJARAT,"4TH  FLOOR, OFFICE NO. 455,  AVADH VICEROY, SARTHANA JAKATNAKA, VARACHA SURAT - 395013","4TH  FLOOR, OFFICE NO. 455,  AVADH VICEROY, SARTHANA JAKATNAKA, VARACHA SURAT - 395013",,,
JLL - IDFC First Bank Limited,IDFC - RAJPIPLA BRANCH,43291,kishore.sawant@jll.com,9967646007,,,NARMADA,GUJARAT,"GROUND FLOOR, PLOT NO. 1,2,3& 11,12,13, SURVEY NO. 3A, BELOW USHA HOSPITAL, OPP. RADHAKRISHNA  TEMPLE, MOJE – RAJPIPLA, DISTRICT  NARMADA , RAJPIPLA , GUJARAT- 393145","GROUND FLOOR, PLOT NO. 1,2,3& 11,12,13, SURVEY NO. 3A, BELOW USHA HOSPITAL, OPP. RADHAKRISHNA  TEMPLE, MOJE – RAJPIPLA, DISTRICT  NARMADA , RAJPIPLA , GUJARAT- 393145",,,
JLL - IDFC First Bank Limited,IDFC - SONKHEDA BRANCH,41101,kishore.sawant@jll.com,9967646007,,,NARMADAPURAM,MADHYA PRADESH,"GROUND FLOOR, WARD NO.10, BAZAAR MOHALLA, VILLAGE SONKHEDA, SONKHEDA, TEHSIL ITARSI, 461111","GROUND FLOOR, WARD NO.10, BAZAAR MOHALLA, VILLAGE SONKHEDA, SONKHEDA, TEHSIL ITARSI, 461111",,,
JLL - IDFC First Bank Limited,IDFC - PIPARIYA  BRANCH,41102,kishore.sawant@jll.com,9967646007,,,NARMADAPURAM,MADHYA PRADESH,"GROUND FLOOR, IN FRONT OF RNA SCHOOL, SHOBHAPUR ROAD, PIPARIYA, PIPARIYA, 461775","GROUND FLOOR, IN FRONT OF RNA SCHOOL, SHOBHAPUR ROAD, PIPARIYA, PIPARIYA, 461775",,,
JLL - IDFC First Bank Limited,IDFC - BANKHEDI BRANCH,41103,kishore.sawant@jll.com,9967646007,,,NARMADAPURAM,MADHYA PRADESH,"GROUND FLOOR, BY PASS TIGADDA, PIPARIYA ROAD, BANKHEDI, BANKHEDI, 461990","GROUND FLOOR, BY PASS TIGADDA, PIPARIYA ROAD, BANKHEDI, BANKHEDI, 461990",,,
JLL - IDFC First Bank Limited,IDFC - SEONI MALWA  BRANCH,41105,kishore.sawant@jll.com,9967646007,,,NARMADAPURAM,MADHYA PRADESH,"GROUND FLOOR, MAIN ROAD, MAIN ROAD, SEONI MALWA, SEONI MALWA, 461990","GROUND FLOOR, MAIN ROAD, MAIN ROAD, SEONI MALWA, SEONI MALWA, 461990",,,
JLL - IDFC First Bank Limited,IDFC - NARMADAPURAM BRANCH,41112,kishore.sawant@jll.com,9967646007,,,NARMADAPURAM,MADHYA PRADESH,"GROUND AND FIRST FLOOR, WARD NO.7,  PLOT NO. 74-12/1/21,MEENASKSHI CHOWK, ANAND NAGAR, NARMADAPURAM, MADHYA PRADESH - 461001","GROUND AND FIRST FLOOR, WARD NO.7,  PLOT NO. 74-12/1/21,MEENASKSHI CHOWK, ANAND NAGAR, NARMADAPURAM, MADHYA PRADESH - 461001",,,
JLL - IDFC First Bank Limited,IDFC - GOA-MAPUSA BRANCH,42403,kishore.sawant@jll.com,9967646007,,,NORTH GOA,GOA,"GROUND FLOOR, SHOP NO. G4 AND G5, FORTUNE SQUARE, MOROD, NORTH GOA, MAPUSA , GOA - 403507","GROUND FLOOR, SHOP NO. G4 AND G5, FORTUNE SQUARE, MOROD, NORTH GOA, MAPUSA , GOA - 403507",,,
JLL - IDFC First Bank Limited,IDFC - GOA-PORVORIM BRANCH,42405,kishore.sawant@jll.com,9967646007,,,NORTH GOA,GOA,"GROUND FLOOR, HOUSE NO. 502/GF2, HOTEL DEV DEEP BUILDING, ALTO PILERNE, PORVORIM, BARDEZ , GOA- 403521","GROUND FLOOR, HOUSE NO. 502/GF2, HOTEL DEV DEEP BUILDING, ALTO PILERNE, PORVORIM, BARDEZ , GOA- 403521",,,
JLL - IDFC First Bank Limited,IDFC - OSMANABAD BRANCH,43711,kishore.sawant@jll.com,9967646007,,,OSMANABAD,MAHARASHTRA,"GROUND FLOOR & 1ST FLOOR, PLOT NO.9,CTS. 7843 , TAL. OSMANABAD,DIST. OSMANABAD, SAMBHAJI NAGAR,OSMANABAD- 413501","GROUND FLOOR & 1ST FLOOR, PLOT NO.9,CTS. 7843 , TAL. OSMANABAD,DIST. OSMANABAD, SAMBHAJI NAGAR,OSMANABAD- 413501",,,
JLL - IDFC First Bank Limited,IDFC - MUMBAI-VIRAR,40124,kishore.sawant@jll.com,9967646007,,,PALGHAR,MAHARASHTRA,"MAITRI PARK, 2ND FLOOR,OLD VIVA COLLEGE ROAD, ABOVE INDIA BULLS LOAN OFFICE , VIRAR(WEST) – MUMBAI - 401303","MAITRI PARK, 2ND FLOOR,OLD VIVA COLLEGE ROAD, ABOVE INDIA BULLS LOAN OFFICE , VIRAR(WEST) – MUMBAI - 401303",,,
JLL - IDFC First Bank Limited,IDFC - Vasai,43391,kishore.sawant@jll.com,9967646007,,,PALGHAR,MAHARASHTRA,"GROUND FLOOR, KT SIGNATURE, 100 FEET ROAD CORNER, DEEWANMAN , AMBADI ROAD, SAI NAGAR,  VASAI(WEST), DIST PALGHAR – 401202","GROUND FLOOR, KT SIGNATURE, 100 FEET ROAD CORNER, DEEWANMAN , AMBADI ROAD, SAI NAGAR,  VASAI(WEST), DIST PALGHAR – 401202",,,
JLL - IDFC First Bank Limited,IDFC - GODHRA BRANCH,42241,kishore.sawant@jll.com,9967646007,,,PANCH MAHALS,GUJARAT,"GROUND FLOOR, KHASRA NO 1215/1, SRI SWAMINARAYAN AVENUE, BAMROLI ROAD, GODHRA CITY, PANCH MAHALS DISTRICT, GUJARAT  389001","GROUND FLOOR, KHASRA NO 1215/1, SRI SWAMINARAYAN AVENUE, BAMROLI ROAD, GODHRA CITY, PANCH MAHALS DISTRICT, GUJARAT  389001",,,
JLL - IDFC First Bank Limited,IDFC - HALOL BRANCH,42242,kishore.sawant@jll.com,9967646007,,,PANCH MAHALS,GUJARAT,"GROUND AND FIRST FLOOR, SAI COMPLEX,  VIJAY PARK,  KALOL ROAD, HALOL, GUJARAT – 389350","GROUND AND FIRST FLOOR, SAI COMPLEX,  VIJAY PARK,  KALOL ROAD, HALOL, GUJARAT – 389350",,,
JLL - IDFC First Bank Limited,IDFC - MBL-Patan,40423,kishore.sawant@jll.com,9967646007,,,PATAN,GUJARAT,"2nd floor, Plot No.42, S/1/ & S/6, Tower B,  Vrindavan Square,  Patan,             Gujarat- 384265","2nd floor, Plot No.42, S/1/ & S/6, Tower B,  Vrindavan Square,  Patan,             Gujarat- 384265",,,
JLL - IDFC First Bank Limited,IDFC - PATAN BRANCH,42361,kishore.sawant@jll.com,9967646007,,,PATAN,GUJARAT,"GROUND FLOOR AND SECOND FLOOR, DEVI ESTATE , DEEDA PATAN HIGHWAY, TB3 CROSS ROAD , PATAN - 384265","GROUND FLOOR AND SECOND FLOOR, DEVI ESTATE , DEEDA PATAN HIGHWAY, TB3 CROSS ROAD , PATAN - 384265",,,
JLL - IDFC First Bank Limited,IDFC - BELA PRATAPGARH BRANCH,22091,kishore.sawant@jll.com,9967646007,,,PRATAPGARH,UTTAR PRADESH,"UPPER GROUND FLOOR, PROPERTY NO. 39/1, BHADRI HOUSE, HOSPITAL ROAD, VILLAGE BEHLALGHAT (ANDAR), PARGANA & TEHSIL SADAR, DISTT. PRATAPGARH, UTTAR PRADESH - 230001","UPPER GROUND FLOOR, PROPERTY NO. 39/1, BHADRI HOUSE, HOSPITAL ROAD, VILLAGE BEHLALGHAT (ANDAR), PARGANA & TEHSIL SADAR, DISTT. PRATAPGARH, UTTAR PRADESH - 230001",,,
JLL - IDFC First Bank Limited,IDFC - JAMSHEDPUR-HEMKALI TOWER,60401,kishore.sawant@jll.com,9967646007,,,PURBI SINGHBHUM,JHARKHAND,"2ND FLOOR, B.S. HEMKALI TOWER MAIN ROAD, BISTUPUR, ABOVE RELINCE FOOT PRINT, JAMSHEDPUR 831001","2ND FLOOR, B.S. HEMKALI TOWER MAIN ROAD, BISTUPUR, ABOVE RELINCE FOOT PRINT, JAMSHEDPUR 831001",,,
JLL - IDFC First Bank Limited,IDFC - JAMSHEDPUR - JAMSHEDPUR MAIN BRANCH,60402,kishore.sawant@jll.com,9967646007,,,PURBI SINGHBHUM,JHARKHAND,"GROUND FLOOR, PADMALAYA , 18, RAM MANDIR AREA, BISTUPUR, JAMSHEDPUR-831001","GROUND FLOOR, PADMALAYA , 18, RAM MANDIR AREA, BISTUPUR, JAMSHEDPUR-831001",,,
JLL - IDFC First Bank Limited,IDFC - KHARGHAR BRANCH,40134,kishore.sawant@jll.com,9967646007,,,RAIGAD,MAHARASHTRA,"GR FLOOR, SHOP NO: 07, SHREE KRISHNA PARADISE, CHS, PT NO: D69, KHARGHAR SECTOR 12, NAVI MUMBAI 410210","GR FLOOR, SHOP NO: 07, SHREE KRISHNA PARADISE, CHS, PT NO: D69, KHARGHAR SECTOR 12, NAVI MUMBAI 410210",,,
JLL - IDFC First Bank Limited,IDFC - PANVEL BRANCH,40142,kishore.sawant@jll.com,9967646007,,,RAIGAD,MAHARASHTRA,"GROUND FLOOR, SHOP NO.S-01A, LAKHANI LANDMARK, PLOT NO. 19, SECTOR NO. 19, PANVEL MATHERAN ROAD, NEW PANVEL (EAST), NAVI MUMBAI - 410206","GROUND FLOOR, SHOP NO.S-01A, LAKHANI LANDMARK, PLOT NO. 19, SECTOR NO. 19, PANVEL MATHERAN ROAD, NEW PANVEL (EAST), NAVI MUMBAI - 410206",,,
JLL - IDFC First Bank Limited,IDFC - KALAMBOLI BRANCH,40143,kishore.sawant@jll.com,9967646007,,,RAIGAD,MAHARASHTRA,"SHOP NO. G-8, GROUND FLOOR, AMARANTE BUILDING ,SECTOR -9E,PLOT NO. 4, KALAMBOLI, NAVI MUMBAI - 410218.","SHOP NO. G-8, GROUND FLOOR, AMARANTE BUILDING ,SECTOR -9E,PLOT NO. 4, KALAMBOLI, NAVI MUMBAI - 410218.",,,
JLL - IDFC First Bank Limited,IDFC - MUMBAI-PANVEL,42581,kishore.sawant@jll.com,9967646007,,,RAIGAD,MAHARASHTRA,"1ST FLOOR, SHOP NO.107, PLOTNO.9, CIDCO SHOPPING COMPLEX, OPP. SHIVA COMPLEX, SECTOR 1, MATHERAN ROAD, NEW PANVEL, MAHARASHTRA - 410206","1ST FLOOR, SHOP NO.107, PLOTNO.9, CIDCO SHOPPING COMPLEX, OPP. SHIVA COMPLEX, SECTOR 1, MATHERAN ROAD, NEW PANVEL, MAHARASHTRA - 410206",,,
JLL - IDFC First Bank Limited,IDFC - HIMMATNAGAR BRANCH,40371,kishore.sawant@jll.com,9967646007,,,SABAR KANTHA,GUJARAT,"GROUND FLOOR, UNIT NO. 56 ,59 TO 61, FIRST FLOOR  UNIT NO. 55 TO 59, ASHOK VATIKA, DIST - SABAR KANTHA ,TAL. HIMMATNAGAR,  HIMATNAGAR , GUJARAT- 383001","GROUND FLOOR, UNIT NO. 56 ,59 TO 61, FIRST FLOOR  UNIT NO. 55 TO 59, ASHOK VATIKA, DIST - SABAR KANTHA ,TAL. HIMMATNAGAR,  HIMATNAGAR , GUJARAT- 383001",,,
JLL - IDFC First Bank Limited,IDFC - IDAR BRANCH,40372,kishore.sawant@jll.com,9967646007,,,SABAR KANTHA,GUJARAT,"GROUND FLOOR, G3&G4 AKSHAR AVENUE, AMBAJI HIGHWAY ROAD, DIST. SABARKANTHA, IDAR, GUJARAT -  383430","GROUND FLOOR, G3&G4 AKSHAR AVENUE, AMBAJI HIGHWAY ROAD, DIST. SABARKANTHA, IDAR, GUJARAT -  383430",,,
JLL - IDFC First Bank Limited,IDFC - SANGLI BRANCH,42662,kishore.sawant@jll.com,9967646007,,,SANGLI,MAHARASHTRA,"GROUND FLOOR, UNIT 1,2,3 &11, SWADESHI HEIGHTS, SANGLI-MIRAJ ROAD, VIJAY NAGAR , NEAR VISHRAMBAAG, SANGLI, MAHARASHTRA- 416416","GROUND FLOOR, UNIT 1,2,3 &11, SWADESHI HEIGHTS, SANGLI-MIRAJ ROAD, VIJAY NAGAR , NEAR VISHRAMBAAG, SANGLI, MAHARASHTRA- 416416",,,
JLL - IDFC First Bank Limited,IDFC - MBL - SANGLI,42663,kishore.sawant@jll.com,9967646007,,,SANGLI,MAHARASHTRA,"UNIT NO.2, 2ND FLOOR, CENTER ONE, VIJAYNAGAR, SANGLI, 416409","UNIT NO.2, 2ND FLOOR, CENTER ONE, VIJAYNAGAR, SANGLI, 416409",,,
JLL - IDFC First Bank Limited,IDFC - TASGAON BRANCH,42665,kishore.sawant@jll.com,9967646007,,,SANGLI,MAHARASHTRA,"GROUND & PART 1ST FLOOR, WARD NO.3, 1804, GURUWAR PETH,  TAL. TASGAON, DIST-SANGLI, MAHARASHTRA - 416312","GROUND & PART 1ST FLOOR, WARD NO.3, 1804, GURUWAR PETH,  TAL. TASGAON, DIST-SANGLI, MAHARASHTRA - 416312",,,
JLL - IDFC First Bank Limited,IDFC - BHADOHI BRANCH,22101,kishore.sawant@jll.com,9967646007,,,SANT RAVIDAS NAGAR,UTTAR PRADESH,"UGF &FF, H.NO.231, CHAK DIWANGAN, STATION ROAD,PARGANA BHADOHI, TEHSIL AND ZILA BHADOHI , VARANASI , UTTAR PRADESH-221401","UGF &FF, H.NO.231, CHAK DIWANGAN, STATION ROAD,PARGANA BHADOHI, TEHSIL AND ZILA BHADOHI , VARANASI , UTTAR PRADESH-221401",,,
JLL - IDFC First Bank Limited,IDFC - PHALTAN BRANCH,43572,kishore.sawant@jll.com,9967646007,,,SATARA,MAHARASHTRA,"GROUND FLOOR, G1 &G2, 1ST FLOOR – F1 , SHREE SAI PLAZA, LAXMINAGAR, RING ROAD, DIST – SATARA , TAL-PHALTAN, MAHARASHTRA- 415523","GROUND FLOOR, G1 &G2, 1ST FLOOR – F1 , SHREE SAI PLAZA, LAXMINAGAR, RING ROAD, DIST – SATARA , TAL-PHALTAN, MAHARASHTRA- 415523",,,
JLL - IDFC First Bank Limited,IDFC - GOA-MARGAO BRANCH,42402,kishore.sawant@jll.com,9967646007,,,SOUTH GOA,GOA,"SHOP NO. F19/F20, REGENCY PLAZA , BEHIND POLICE STATION, MARGOA,GOA,- 403601","SHOP NO. F19/F20, REGENCY PLAZA , BEHIND POLICE STATION, MARGOA,GOA,- 403601",,,
JLL - IDFC First Bank Limited,IDFC - VYARA BRANCH,42841,kishore.sawant@jll.com,9967646007,,,TAPI,GUJARAT,"GRD FLOOR, SHANTI PARK,SHOP NO 1 TO 4, OLD COLLECTOR BUNGALOW, NEAR SAYAJI GROUND,STATION ROAD, TAPI, VYARA 394650","GRD FLOOR, SHANTI PARK,SHOP NO 1 TO 4, OLD COLLECTOR BUNGALOW, NEAR SAYAJI GROUND,STATION ROAD, TAPI, VYARA 394650",,,
JLL - IDFC First Bank Limited,IDFC - Newai Branch,43722,kishore.sawant@jll.com,9967646007,,,TONK,RAJASTHAN,"Ground floor, Plot no.6, Block-E,Deen Dayal Nagar, District Tonk, Newai , Rajasthan – 304021","Ground floor, Plot no.6, Block-E,Deen Dayal Nagar, District Tonk, Newai , Rajasthan – 304021",,,
JLL - IDFC First Bank Limited,IDFC - YAVTMAL,43781,kishore.sawant@jll.com,9967646007,,,YAVATMAL,MAHARASHTRA,"1ST FLOOR, SHUBHKARTA, AVDHUTWADI JAJU CHOWK,  PLOT NO. 7/2, JAIL ROAD, WARD 31, YAVATMAL- 445001","1ST FLOOR, SHUBHKARTA, AVDHUTWADI JAJU CHOWK,  PLOT NO. 7/2, JAIL ROAD, WARD 31, YAVATMAL- 445001",,,
JLL - IDFC First Bank Limited,IDFC - NAWANSHAR,22341,kishore.sawant@jll.com,9967646007,,,NAWANSHAR,PUNJAB,,,,,
JLL - IDFC First Bank Limited,IDFC - LATUR - D,43792,kishore.sawant@jll.com,9967646007,,,LATUR,MAHARASHTRA,,,,,
JLL - IDFC First Bank Limited,IDFC - COLVA-BENAULIM ROAD,43881,kishore.sawant@jll.com,9967646007,,,COLVA,GOA,,,,,
JLL - IDFC First Bank Limited,IDFC - Durg,60654,kishore.sawant@jll.com,9967646007,,,DURG,CHHATTISGARH,,,,,
JLL - IDFC First Bank Limited,IDFC - DBU Dimapur,WIP-6,kishore.sawant@jll.com,9967646007,,,DIMAPUR,ASSAM,,,,,
JLL - IDFC First Bank Limited,IDFC - Bongaigaon,WIP-7,kishore.sawant@jll.com,9967646007,,,BONAGAIGAON,ASSAM,,,,,
JLL - IDFC First Bank Limited,IDFC - AGAR MALWA BRANCH,42741,kishore.sawant@jll.com,9967646007,,,AGAR MALWA,MADHYA PRADESH,"UPPER GROUND FLOOR, HOUSE NO 232,SURVEY NO. 144/3, NEAR VIVEKANAND COLONY,AGAR MALWA, CHHAWNI AGAR, DISTRICT AGAR (M.P.) 465441",,,,
JLL - IDFC First Bank Limited,IDFC - AGRA BRANCH,21291,kishore.sawant@jll.com,9967646007,,,AGRA,UTTAR PRADESH,"GROUND FLOOR, ASHOK BHAWAN BUILDING, 52/2 SANJAY PLACE, NEAR SHAHEED SMARAK, AGRA 282002","GROUND FLOOR, ASHOK BHAWAN BUILDING, 52/2 SANJAY PLACE, NEAR SHAHEED SMARAK, AGRA 282002",,,
