CompanyID,BranchSite,BranchCode,BranchCity,BranchState,BranchPostalCode,SiteIncharge,Account Branch Manager
JLL - IDFC First Bank Limited,IDFC - CLEARING HUB - MUMBAI,10209,MUMBAI,MAHARASHTRA,,Rupesh Kengar,MANISH KUMAR SHARMA
JLL - IDFC First Bank Limited,IDFC - PRABHADEVI BRANCH,40102,MUMBAI,MAHARASHTRA,,Ruhi Sonkar,MANISH KUMAR SHARMA
JLL - IDFC First Bank Limited,IDFC - CHEMBUR BRANCH,40104,MUMBAI,MAHARASHTRA,,Chinmay Hate,MANISH KUMAR SHARMA
JLL - IDFC First Bank Limited,IDFC - MUMBAI - NARIMAN POINT BRANCH,40106,MUMBAI,MAHARASHTRA,,,MANISH KUMAR SHARMA
JLL - IDFC First Bank Limited,IDFC - BHULABHAI DESAI ROAD BRANCH,40105,MUMBAI,MAHARASHTRA,,,MANISH KUMAR SHARMA
JLL - IDFC First Bank Limited,IDFC - ANDHERI EAST BRANCH,40107,MUMBAI,MAHARASHTRA,,Anita Kothavale,MANISH KUMAR SHARMA
JLL - IDFC First Bank Limited,IDFC - MULUND BRANCH,40109,MUMBAI,MAHARASHTRA,,,MANISH KUMAR SHARMA
JLL - IDFC First Bank Limited,IDFC - BORIVALI BRANCH,40111,MUMBAI,MAHARASHTRA,,,MANISH KUMAR SHARMA
JLL - IDFC First Bank Limited,IDFC - BANDRA WEST BRANCH,40113,MUMBAI,MAHARASHTRA,,Saurabh Bhambi,MANISH KUMAR SHARMA
JLL - IDFC First Bank Limited,IDFC - MALAD BRANCH,40114,MUMBAI,MAHARASHTRA,,,MANISH KUMAR SHARMA
JLL - IDFC First Bank Limited,IDFC - ANDHERI WEST BRANCH,40115,MUMBAI,MAHARASHTRA,,,MANISH KUMAR SHARMA
JLL - IDFC First Bank Limited,IDFC - BORIVALI-IC COLONY BRANCH,40133,MUMBAI,MAHARASHTRA,,Ritesh Sharma,MANISH KUMAR SHARMA
JLL - IDFC First Bank Limited,IDFC - KALBADEVI BRANCH,40139,MUMBAI,MAHARASHTRA,,NITIN CHAUDHARI,MANISH KUMAR SHARMA
JLL - IDFC First Bank Limited,IDFC - OSHIWARA BRANCH,40138,MUMBAI,MAHARASHTRA,,Kishore Rawal,MANISH KUMAR SHARMA
JLL - IDFC First Bank Limited,IDFC - JVPD BRANCH,40137,MUMBAI,MAHARASHTRA,,Gautam Sinhal,MANISH KUMAR SHARMA
JLL - IDFC First Bank Limited,IDFC - THAKUR VILLAGE KANDIVALI E BRANCH,40141,MUMBAI,MAHARASHTRA,,Khushboo Sharma,MANISH KUMAR SHARMA
JLL - IDFC First Bank Limited,IDFC - BHANDUP BRANCH,40146,MUMBAI,MAHARASHTRA,,Jatin Seth,MANISH KUMAR SHARMA
JLL - IDFC First Bank Limited,IDFC - MUMBAI - GOREGAON WEST BRANCH,40151,MUMBAI,MAHARASHTRA,,Shikha Pandey,MANISH KUMAR SHARMA
JLL - IDFC First Bank Limited,IDFC - GHATKOPAR EAST BRANCH,40159,MUMBAI,MAHARASHTRA,,,MANISH KUMAR SHARMA
JLL - IDFC First Bank Limited,"IDFC - MUMBAI -KANDIVALI, MAHAVIR NAGAR BRANCH",40163,MUMBAI,MAHARASHTRA,,Sanket Bhosle,MANISH KUMAR SHARMA
JLL - IDFC First Bank Limited,IDFC - PRABHADEVI-CNERGY BRANCH,40154,MUMBAI,MAHARASHTRA,,Amit Sharma,MANISH KUMAR SHARMA
JLL - IDFC First Bank Limited,IDFC - PAREL BRANCH,40153,MUMBAI,MAHARASHTRA,,Shishu Kumar,MANISH KUMAR SHARMA
JLL - IDFC First Bank Limited,IDFC - POWAI BRANCH,40156,MUMBAI,MAHARASHTRA,,,MANISH KUMAR SHARMA
JLL - IDFC First Bank Limited,IDFC - VILE PARLE EASTBRANCH,40155,MUMBAI,MAHARASHTRA,,,MANISH KUMAR SHARMA
JLL - IDFC First Bank Limited,IDFC - MUMBAI- WORLD ONE-LOWER PAREL BRANCH,40171,MUMBAI,MAHARASHTRA,,,MANISH KUMAR SHARMA
JLL - IDFC First Bank Limited,IDFC - BORIVALI-MBL,40185,MUMBAI,MAHARASHTRA,,,MANISH KUMAR SHARMA
JLL - IDFC First Bank Limited,IDFC - ZAVERI BAZAAR BRANCH.,40191,MUMBAI,MAHARASHTRA,,Sangmeshwar Tattapure,MANISH KUMAR SHARMA
JLL - IDFC First Bank Limited,IDFC - Juhu,40507,MUMBAI,MAHARASHTRA,,Samadha Patil,MANISH KUMAR SHARMA
JLL - IDFC First Bank Limited,IDFC - Mulund East,40511,MUMBAI,MAHARASHTRA,,,MANISH KUMAR SHARMA
JLL - IDFC First Bank Limited,IDFC - Vidya Vihar,40506,MUMBAI,MAHARASHTRA,,Mukesh Jaini,MANISH KUMAR SHARMA
JLL - IDFC First Bank Limited,IDFC - Sion Trombay Road,40502,MUMBAI,MAHARASHTRA,,,MANISH KUMAR SHARMA
JLL - IDFC First Bank Limited,IDFC - Andheri Teli Galli,40178,MUMBAI,MAHARASHTRA,,,MANISH KUMAR SHARMA
JLL - IDFC First Bank Limited,IDFC - Borivali East,40501,MUMBAI,MAHARASHTRA,,,MANISH KUMAR SHARMA
JLL - IDFC First Bank Limited,IDFC - Santacruz,40513,MUMBAI,MAHARASHTRA,,Avinash Jha,MANISH KUMAR SHARMA
JLL - IDFC First Bank Limited,IDFC - BANDRA PALI HILL BRANCH,40512,MUMBAI,MAHARASHTRA,,,MANISH KUMAR SHARMA
JLL - IDFC First Bank Limited,IDFC - AGRA-ANUPAM SQUARE,21292,AGRA,UTTAR PRADESH,,Mayur Agarwal,GOVIND KUMAR SINGH
JLL - IDFC First Bank Limited,IDFC - AGRA- FATEHABAD ROAD BRANCH,21293,AGRA,UTTAR PRADESH,,Aashish Lendhe,GOVIND KUMAR SINGH
JLL - IDFC First Bank Limited,IDFC - MBL - AGRA 2,21295,AGRA,UTTAR PRADESH,,Pankaj,GOVIND KUMAR SINGH
JLL - IDFC First Bank Limited,IDFC - Agra,21296,AGRA,UTTAR PRADESH,,Varun Bhati,GOVIND KUMAR SINGH
JLL - IDFC First Bank Limited,IDFC - AHMEDABAD C.G. ROAD BRANCH,40301,AHMEDABAD,GUJARAT,,Kamlesh Shahdadpuri,RAJESH DAVE
JLL - IDFC First Bank Limited,IDFC - PRAHLAD NAGAR BRANCH,40302,AHMEDABAD,GUJARAT,,Pankil Parikh,RAJESH DAVE
JLL - IDFC First Bank Limited,IDFC - MANINAGAR BRANCH,40303,AHMEDABAD,GUJARAT,,Satishkumar Dhuriya,RAJESH DAVE
JLL - IDFC First Bank Limited,IDFC - AHMEDABAD- RATNAAKAR SQUARE,40304,AHMEDABAD,GUJARAT,,Subodh Goswami,RAJESH DAVE
JLL - IDFC First Bank Limited,IDFC - CHANDKHEDA BRANCH,40308,AHMEDABAD,GUJARAT,,GIRIRAJ RATHAUD,RAJESH DAVE
JLL - IDFC First Bank Limited,IDFC - VATVA BRANCH,40309,AHMEDABAD,GUJARAT,,Munnesh Prajapati,RAJESH DAVE
JLL - IDFC First Bank Limited,IDFC - PALDI BRANCH,40311,AHMEDABAD,GUJARAT,,BINDESH SHAH,RAJESH DAVE
JLL - IDFC First Bank Limited,IDFC - SHAHIBAUG BRANCH,40312,AHMEDABAD,GUJARAT,,Bhavin Shah,RAJESH DAVE
JLL - IDFC First Bank Limited,IDFC - DRIVE IN ROAD BRANCH,40313,AHMEDABAD,GUJARAT,,Harsh Ganatra,RAJESH DAVE
JLL - IDFC First Bank Limited,IDFC - NARODA BRANCH,40314,AHMEDABAD,GUJARAT,,Kishor Malviya,RAJESH DAVE
JLL - IDFC First Bank Limited,IDFC - BOPAL BRANCH,40315,AHMEDABAD,GUJARAT,,,RAJESH DAVE
JLL - IDFC First Bank Limited,IDFC - JODHPUR ROAD - SATELLITEBRANCH,40316,AHMEDABAD,GUJARAT,,Mitul Bhalala,RAJESH DAVE
JLL - IDFC First Bank Limited,IDFC - RAKHIAL BRANCH,40317,AHMEDABAD,GUJARAT,,Chintankumar Shah,RAJESH DAVE
JLL - IDFC First Bank Limited,IDFC - KALUPUR BRANCH,40318,AHMEDABAD,GUJARAT,,Aniket Solanki,RAJESH DAVE
JLL - IDFC First Bank Limited,IDFC - SCIENCE CITY BRANCH,40319,AHMEDABAD,GUJARAT,,,RAJESH DAVE
JLL - IDFC First Bank Limited,IDFC - NARANPURA BRANCH,40321,AHMEDABAD,GUJARAT,,Abha Pandey,RAJESH DAVE
JLL - IDFC First Bank Limited,IDFC - DHOLKA BRANCH,40322,AHMEDABAD,GUJARAT,,Arpit Mehta,RAJESH DAVE
JLL - IDFC First Bank Limited,IDFC - VIRAMGAM BRANCH,40323,AHMEDABAD,GUJARAT,,Uttamkumar Nayak,RAJESH DAVE
JLL - IDFC First Bank Limited,IDFC - SANAND BRANCH,40324,AHMEDABAD,GUJARAT,,Baldevbhai Solanki,RAJESH DAVE
JLL - IDFC First Bank Limited,IDFC - AHMEDABAD - BAPUNAGAR BRANCH,40327,AHMEDABAD,GUJARAT,,Bhavik Mehta,RAJESH DAVE
JLL - IDFC First Bank Limited,IDFC - MBL- BAPUNAGAR,40328,AHMEDABAD,GUJARAT,,MANAV ADROJA,RAJESH DAVE
JLL - IDFC First Bank Limited,IDFC - MBL - AHMEDAHAD-MANINAGAR,40329,AHMEDABAD,GUJARAT,,Chetankumar Natwarlal Dalal,RAJESH DAVE
JLL - IDFC First Bank Limited,IDFC - MBL - AHMEDABAD-SHAHIBAUG,40331,AHMEDABAD,GUJARAT,,Tushar Patel,RAJESH DAVE
JLL - IDFC First Bank Limited,IDFC - AHMEDABAD NIKOL BRANCH,40332,AHMEDABAD,GUJARAT,,Keval Parikh,RAJESH DAVE
JLL - IDFC First Bank Limited,IDFC - AHMEDABAD ASHRAMROAD BRANCH,40333,AHMEDABAD,GUJARAT,,,RAJESH DAVE
JLL - IDFC First Bank Limited,IDFC - AHMEDABAD SINDHUBHAVAN BRANCH,40334,AHMEDABAD,GUJARAT,,,RAJESH DAVE
JLL - IDFC First Bank Limited,IDFC - AHMEDABAD SHYAMAL BRANCH,40335,AHMEDABAD,GUJARAT,,Dipen Shah,RAJESH DAVE
JLL - IDFC First Bank Limited,IDFC - AMBAWADI BRANCH,40336,AHMEDABAD,GUJARAT,,,RAJESH DAVE
JLL - IDFC First Bank Limited,"IDFC - Ahmedabad, GOTA",40337,AHMEDABAD,GUJARAT,,Ashok Choudhary,RAJESH DAVE
JLL - IDFC First Bank Limited,IDFC - MBL - ODHAV,40338,AHMEDABAD,GUJARAT,,,RAJESH DAVE
JLL - IDFC First Bank Limited,IDFC - MBL - AHMEDABAD,40339,AHMEDABAD,GUJARAT,,Vala Saurabhkumar,RAJESH DAVE
JLL - IDFC First Bank Limited,"IDFC - Ahmedabad, Thaltej",40342,AHMEDABAD,GUJARAT,,Namrata Thakur,RAJESH DAVE
JLL - IDFC First Bank Limited,IDFC - AHMEDABAD - MAKARBA BRANCH,40346,AHMEDABAD,GUJARAT,,,RAJESH DAVE
JLL - IDFC First Bank Limited,IDFC - KATHWADA BRANCH,42162,AHMEDABAD,GUJARAT,,Krishna Panara,RAJESH DAVE
JLL - IDFC First Bank Limited,IDFC - AHMEDABAD RO- RATNAKAR NINE SQUARE,49105,AHMEDABAD,GUJARAT,,Subodh Goswami,RAJESH DAVE
JLL - IDFC First Bank Limited,IDFC - AHMEDNAGAR BRANCH,42963,AHMEDNAGAR,MAHARASHTRA,,Pavan Parekh,MANISH KUMAR SHARMA
JLL - IDFC First Bank Limited,IDFC - SANGAMNER BRANCH,42964,AHMEDNAGAR,MAHARASHTRA,,Balasaheb Kharat,MANISH KUMAR SHARMA
JLL - IDFC First Bank Limited,IDFC - SHRIRAMPUR BRANCH,42965,AHMEDNAGAR,MAHARASHTRA,,,MANISH KUMAR SHARMA
JLL - IDFC First Bank Limited,IDFC - KOPARGAON BRANCH,42966,AHMEDNAGAR,MAHARASHTRA,,Snehal Pansare,MANISH KUMAR SHARMA
JLL - IDFC First Bank Limited,IDFC - MBL - AHMEDNAGAR,42967,AHMEDNAGAR,MAHARASHTRA,,Ramijraj Ibharhim,MANISH KUMAR SHARMA
JLL - IDFC First Bank Limited,IDFC - MBL - JAIPUR-SANGANER,42137,AJMER,RAJASTHAN,,BRIJESH SINGH,Mahindra Kumar Tiwari
JLL - IDFC First Bank Limited,IDFC - AJMER BRANCH,42181,AJMER,RAJASTHAN,,Pradeep Bagrani,Mahindra Kumar Tiwari
JLL - IDFC First Bank Limited,IDFC - BIJAINAGAR BRANCH,42182,AJMER,RAJASTHAN,,,Mahindra Kumar Tiwari
JLL - IDFC First Bank Limited,IDFC - AJMER - 90 DEGREES,42183,AJMER,RAJASTHAN,,Subodh Goswami,Mahindra Kumar Tiwari
JLL - IDFC First Bank Limited,IDFC - KEKRI BRANCH,42184,AJMER,RAJASTHAN,,AKHIL RATHI,Mahindra Kumar Tiwari
JLL - IDFC First Bank Limited,IDFC - BEAWAR BRANCH,42185,AJMER,RAJASTHAN,,Avant Babel,Mahindra Kumar Tiwari
JLL - IDFC First Bank Limited,IDFC - AJMER VAISHALI NAGAR BRANCH,42186,AJMER,RAJASTHAN,,Yogesh Singhal,Mahindra Kumar Tiwari
JLL - IDFC First Bank Limited,IDFC - MBL - AJMER,42188,AJMER,RAJASTHAN,,,Mahindra Kumar Tiwari
JLL - IDFC First Bank Limited,IDFC - MBL - AKOLA,43641,AKOLA,MAHARASHTRA,,,MANISH KUMAR SHARMA
JLL - IDFC First Bank Limited,IDFC - MBL - ALIGARH,21651,ALIGARH,UTTAR PRADESH,,SANNI YADAV,GOVIND KUMAR SINGH
JLL - IDFC First Bank Limited,IDFC - MBL - Aligarh Sasni Gate,21652,ALIGARH,UTTAR PRADESH,,ARUN KUMAR,GOVIND KUMAR SINGH
JLL - IDFC First Bank Limited,IDFC - BEHROR BRANCH,42983,ALWAR,RAJASTHAN,,Deepika Goyal,Mahindra Kumar Tiwari
JLL - IDFC First Bank Limited,IDFC - MBL-ALWAR,42984,ALWAR,RAJASTHAN,,Ashu Gupta,Mahindra Kumar Tiwari
JLL - IDFC First Bank Limited,IDFC - ALWAR BRANCH,42986,ALWAR,RAJASTHAN,,,Mahindra Kumar Tiwari
JLL - IDFC First Bank Limited,IDFC - MBL - AMRAVATI,42903,AMARAVATI,MAHARASHTRA,,Yogeshwar Kale,MANISH KUMAR SHARMA
JLL - IDFC First Bank Limited,IDFC - AMBALA-MINERVA COMPLEX,21391,AMBALA,HARYANA,,Vinay Singh,SUNIL THAKUR
JLL - IDFC First Bank Limited,IDFC - AMBALA CANTT. BRANCH,21392,AMBALA,HARYANA,,Rajiv Walia,SUNIL THAKUR
JLL - IDFC First Bank Limited,IDFC - AMBALA SADAR BRANCH,21394,AMBALA,HARYANA,,Mayank Bhatia,SUNIL THAKUR
JLL - IDFC First Bank Limited,IDFC - NARAINGARH BRANCH,21395,AMBALA,HARYANA,,,SUNIL THAKUR
JLL - IDFC First Bank Limited,IDFC - Amreli,43851,AMRELI,GUJARAT,,,RAJESH DAVE
JLL - IDFC First Bank Limited,IDFC - AMRITSAR BRANCH,21021,AMRITSAR,PUNJAB,,,SUNIL THAKUR
JLL - IDFC First Bank Limited,IDFC - AMRITSAR-SUMANGALAM,21022,AMRITSAR,PUNJAB,,,SUNIL THAKUR
JLL - IDFC First Bank Limited,IDFC - AMRITSAR - HALL BAZARBRANCH,21024,AMRITSAR,PUNJAB,,NAVLEEN KAUR,SUNIL THAKUR
JLL - IDFC First Bank Limited,IDFC - AMRITSAR CROSS MALL - SALES HUB,21025,AMRITSAR,PUNJAB,,Subodh Goswami,SUNIL THAKUR
JLL - IDFC First Bank Limited,IDFC - PETLAD BRANCH,40351,ANAND,GUJARAT,,VISHAL PATEL,RAJESH DAVE
JLL - IDFC First Bank Limited,IDFC - ANAND BRANCH,40352,ANAND,GUJARAT,,Nirav Shah,RAJESH DAVE
JLL - IDFC First Bank Limited,IDFC - MBL-PURUSHOTTAM NAGAR,40353,ANAND,GUJARAT,,Narendra Talpada,RAJESH DAVE
JLL - IDFC First Bank Limited,IDFC - TURANGA BRANCH,60802,ANGUL,ODISHA,,Satyajit Satapathy,SATYAPRAJNA JENA
JLL - IDFC First Bank Limited,IDFC - BAYAD BRANCH,40374,ARAVALI,GUJARAT,,Jigneshkumar Chaudhari,Rajesh Dave
JLL - IDFC First Bank Limited,IDFC - MODASA BRANCH,42761,ARAVALI,GUJARAT,,Indravadan Dantani,Rajesh Dave
JLL - IDFC First Bank Limited,IDFC - AURANGABAD BRANCH,43491,AURANGABAD,MAHARASHTRA,,Nilesh Shindikar,MANISH KUMAR SHARMA
JLL - IDFC First Bank Limited,IDFC - MBL - AURANGABAD,43492,AURANGABAD,MAHARASHTRA,,Ravindra Shingar,MANISH KUMAR SHARMA
JLL - IDFC First Bank Limited,IDFC - AYODHYA BRANCH,22011,AYODHYA,UTTAR PRADESH,,Ambrish Tiwari,GOVIND KUMAR SINGH
JLL - IDFC First Bank Limited,IDFC - AYODHYA BRANCH - D,22012,AYODHYA,UTTAR PRADESH,,Shivam Mishra,GOVIND KUMAR SINGH
JLL - IDFC First Bank Limited,IDFC - Bahraich,21962,BAHRAICH,UTTAR PRADESH,,Vinay Yadav,GOVIND KUMAR SINGH
JLL - IDFC First Bank Limited,IDFC - BALANGIR BRANCH,61251,BALANGIR,ODISHA,,Sanjeeb Kumar Behera,SATYAPRAJNA JENA
JLL - IDFC First Bank Limited,IDFC - REMUNA BRANCH,60881,BALASORE (BALESWAR),ODISHA,,Bikash Nayak,SATYAPRAJNA JENA
JLL - IDFC First Bank Limited,IDFC - Jaleswar,61441,BALASORE (BALESWAR),ODISHA,,,SATYAPRAJNA JENA
JLL - IDFC First Bank Limited,IDFC - BHATAPARA BRANCH,60461,BALOD,CHHATTISGARH,,Anil Rathore,BALA JEE SHARMA
JLL - IDFC First Bank Limited,IDFC - BALODA BAZAR BRANCH,60462,BALOD,CHHATTISGARH,,Sanjib Bairagi,BALA JEE SHARMA
JLL - IDFC First Bank Limited,IDFC - BALOD BRANCH,60821,BALOD,CHHATTISGARH,,Gaurav Lata,BALA JEE SHARMA
JLL - IDFC First Bank Limited,IDFC - PALANPUR BRANCH,40421,BANASKANTHA,GUJARAT,,ManishKumar Ghaghod,RAJESH DAVE
JLL - IDFC First Bank Limited,IDFC - MBL - PALANPUR,40422,BANASKANTHA,GUJARAT,,Dhruvik Shah,RAJESH DAVE
JLL - IDFC First Bank Limited,IDFC - Bengaluru-Sarjapura Road - CPC,80158,BANGALORE,KARNATAKA,,,Anshu Kumar Maurya
JLL - IDFC First Bank Limited,IDFC - BARABANKI BRANCH,22051,BARABANKI,UTTAR PRADESH,,,GOVIND KUMAR SINGH
JLL - IDFC First Bank Limited,IDFC - MBL - BAREILLY,21671,BAREILLY,UTTAR PRADESH,,,GOVIND KUMAR SINGH
JLL - IDFC First Bank Limited,IDFC - Bareilly,21672,BAREILLY,UTTAR PRADESH,,Ashish Dwivedi,GOVIND KUMAR SINGH
JLL - IDFC First Bank Limited,IDFC - BARGARH BRANCH,60961,BARGARH,ODISHA,,Okila Sahu,SATYAPRAJNA JENA
JLL - IDFC First Bank Limited,IDFC - BALOTRA BRANCH,43241,BARMER,RAJASTHAN,,Brijpal Singh,Mahindra Kumar Tiwari
JLL - IDFC First Bank Limited,IDFC - MBL - BALOTRA,43242,BARMER,RAJASTHAN,,,Mahindra Kumar Tiwari
JLL - IDFC First Bank Limited,IDFC - MBL - BARMER,43243,BARMER,RAJASTHAN,,,Mahindra Kumar Tiwari
JLL - IDFC First Bank Limited,IDFC - Barnala,22261,BARNALA,PUNJAB,,Hanish Garg,SUNIL THAKUR
JLL - IDFC First Bank Limited,"IDFC - Adhan Nagar, Chhatisgarh Kanker",61401,BASTAR,CHHATTISGARH,,,BALA JEE SHARMA
JLL - IDFC First Bank Limited,IDFC - Basti,21982,BASTI,UTTAR PRADESH,,,GOVIND KUMAR SINGH
JLL - IDFC First Bank Limited,IDFC - MBL - BHATINDA,21851,BATHINDA,PUNJAB,,Rohit Kumar,SUNIL THAKUR
JLL - IDFC First Bank Limited,"IDFC - Raipur Road, Bemetara, Chattisgarh Bemetara",61411,BEMETARA,CHHATTISGARH,,,BALA JEE SHARMA
JLL - IDFC First Bank Limited,IDFC - BETUL BRANCH,43021,BETUL,MADHYA PRADESH,,Piyush Popli,KAMAL PRAJAPATI
JLL - IDFC First Bank Limited,IDFC - BHADRAK BRANCH,60781,BHADRAK,ODISHA,,Tanmaya Kumar Nayak,SATYAPRAJNA JENA
JLL - IDFC First Bank Limited,IDFC - ANKLESHWAR BRANCH,42461,BHARUCH,GUJARAT,,Arpankumar Shah,RAJESH DAVE
JLL - IDFC First Bank Limited,IDFC - Bhatinda,21852,BHATINDA,PUNJAB,,Rajan Dhawan,SUNIL THAKUR
JLL - IDFC First Bank Limited,IDFC - BHAVNAGAR BRANCH,42622,BHAVNAGAR,GUJARAT,,Yasvant Gohil,RAJESH DAVE
JLL - IDFC First Bank Limited,IDFC - MAHUVA BRANCH,42624,BHAVNAGAR,GUJARAT,,CHIRAG BHATT,RAJESH DAVE
JLL - IDFC First Bank Limited,IDFC - MBL - BHAVNAGAR,42625,BHAVNAGAR,GUJARAT,,Rakesh Modi,RAJESH DAVE
JLL - IDFC First Bank Limited,IDFC - BHILWARA BRANCH,42321,BHILWARA,RAJASTHAN,,Upendra Bhatnagar,Mahindra Kumar Tiwari
JLL - IDFC First Bank Limited,IDFC - MBL- BHILWARA,42322,BHILWARA,RAJASTHAN,,,Mahindra Kumar Tiwari
JLL - IDFC First Bank Limited,IDFC - RAISEN ROAD BRANCH,41381,BHOPAL,MADHYA PRADESH,,Praphulla Mishra,KAMAL PRAJAPATI
JLL - IDFC First Bank Limited,IDFC - BHOPAL ARERA COLONY BRANCH,41382,BHOPAL,MADHYA PRADESH,,,KAMAL PRAJAPATI
JLL - IDFC First Bank Limited,IDFC - BHOPAL - AKANSHA TOWER-PRESS COMPLEX,41383,BHOPAL,MADHYA PRADESH,,,KAMAL PRAJAPATI
JLL - IDFC First Bank Limited,IDFC - BHOPAL-SHREERAM TOWERS,41384,BHOPAL,MADHYA PRADESH,,Rakesh Patil,KAMAL PRAJAPATI
JLL - IDFC First Bank Limited,IDFC - BHOPAL-KOLAR ROAD BRANCH,41386,BHOPAL,MADHYA PRADESH,,Vinit Shukla,KAMAL PRAJAPATI
JLL - IDFC First Bank Limited,IDFC - Hamidia road- BhopalKATNI,41387,BHOPAL,MADHYA PRADESH,,,KAMAL PRAJAPATI
JLL - IDFC First Bank Limited,IDFC - MBL - BAIRAGARH,41388,BHOPAL,MADHYA PRADESH,,,KAMAL PRAJAPATI
JLL - IDFC First Bank Limited,IDFC - MBL - BHOPAL KOLAR ROAD,41389,BHOPAL,MADHYA PRADESH,,,KAMAL PRAJAPATI
JLL - IDFC First Bank Limited,IDFC - MBL-SADULGANJ,42602,BIKANER,RAJASTHAN,,VIVEK GUPTA,Mahindra Kumar Tiwari
JLL - IDFC First Bank Limited,IDFC - RATANPUR BRANCH,60365,BILASPUR,CHHATTISGARH,,Sumit Singh Basson,BALA JEE SHARMA
JLL - IDFC First Bank Limited,IDFC - BILASPUR BRANCH,60367,BILASPUR,CHHATTISGARH,,Deepak S V,BALA JEE SHARMA
JLL - IDFC First Bank Limited,IDFC - SEEPAT ROAD BRANCH,60902,BILASPUR,CHHATTISGARH,,Sourabh Shrivastava,BALA JEE SHARMA
JLL - IDFC First Bank Limited,IDFC - BUNDI BRANCH,43471,BUNDI,RAJASTHAN,,Tamanna Sharma,Mahindra Kumar Tiwari
JLL - IDFC First Bank Limited,IDFC - BURHANPUR BRANCH,43141,BURHANPUR,MADHYA PRADESH,,Akash Shakya,KAMAL PRAJAPATI
JLL - IDFC First Bank Limited,IDFC - CHANDIGARH BRANCH,21211,CHANDIGARH,CHANDIGARH,,Jaswinder Singh,SUNIL THAKUR
JLL - IDFC First Bank Limited,IDFC - CHANDHIGARH-SCO-47-MADHYA MARG,21212,CHANDIGARH,CHANDIGARH,,,SUNIL THAKUR
JLL - IDFC First Bank Limited,IDFC - CHANDHIGARH-SCO-56-MADHYA MARG,21213,CHANDIGARH,CHANDIGARH,,,SUNIL THAKUR
JLL - IDFC First Bank Limited,IDFC - CHANDIGARH SECTOR 22 B BRANCH,21214,CHANDIGARH,CHANDIGARH,,,SUNIL THAKUR
JLL - IDFC First Bank Limited,IDFC - MANIMAJRA BRANCH,21215,CHANDIGARH,CHANDIGARH,,Pankaj Gureja,SUNIL THAKUR
JLL - IDFC First Bank Limited,IDFC - CHANDIGARH- SECTOR 32 BRANCH,21216,CHANDIGARH,CHANDIGARH,,Ribhav Rishi,SUNIL THAKUR
JLL - IDFC First Bank Limited,IDFC - CHANDIGARH - SECTOR 35 C BRANCH,21217,CHANDIGARH,CHANDIGARH,,Gurdeep Singh,SUNIL THAKUR
JLL - IDFC First Bank Limited,"IDFC - CHANDIGARH - SECTOR 9D, BRANCH",21218,CHANDIGARH,CHANDIGARH,,Rahul Chopra,SUNIL THAKUR
JLL - IDFC First Bank Limited,IDFC - CHANDIGARH SALES HUB,21219,CHANDIGARH,CHANDIGARH,,Vinay Singh,SUNIL THAKUR
JLL - IDFC First Bank Limited,IDFC - Velachery - CPC,80126,CHENNAI,TAMIL NADU,,,PADAM LOCHAN MALLICK
JLL - IDFC First Bank Limited,IDFC - CHHINDWARA BRANCH,42861,CHHINDWARA,MADHYA PRADESH,,Kamlesh Yaduavanshi,KAMAL PRAJAPATI
JLL - IDFC First Bank Limited,IDFC - MBL - CHHINDWARA,42862,CHHINDWARA,MADHYA PRADESH,,,KAMAL PRAJAPATI
JLL - IDFC First Bank Limited,IDFC - BODELI BRANCH,43261,CHHOTA UDAIPUR,GUJARAT,,ALIAKBAR KANJARIWALA,RAJESH DAVE
JLL - IDFC First Bank Limited,IDFC - CHITTORGARH BRANCH,42821,CHITTORGARH,RAJASTHAN,,Adarsh Vyas,Mahindra Kumar Tiwari
JLL - IDFC First Bank Limited,IDFC - CUTTACK- ROYAL TOWER,60361,CUTTACK,ODISHA,,Karthik Roy,SATYAPRAJNA JENA
JLL - IDFC First Bank Limited,IDFC - CUTTACK - CUTTACK MAIN BRANCH,60363,CUTTACK,ODISHA,,Gatikrushna Das,SATYAPRAJNA JENA
JLL - IDFC First Bank Limited,IDFC - CHOUDWAR BRANCH,60366,CUTTACK,ODISHA,,Subhankar Mohanty,SATYAPRAJNA JENA
JLL - IDFC First Bank Limited,IDFC - Naya Bazar,60371,CUTTACK,ODISHA,,,SATYAPRAJNA JENA
JLL - IDFC First Bank Limited,IDFC - SILIGURI-M-SQUARE,60381,DARJEELING,WEST BENGAL,,MUKESH CHOUDHARY,DHARMJEET SINGH
JLL - IDFC First Bank Limited,IDFC - SILIGURI,60384,DARJEELING,WEST BENGAL,,Kumar Nilesh,DHARMJEET SINGH
JLL - IDFC First Bank Limited,IDFC - MBL - DATIA,43741,DATIA,MADHYA PRADESH,,DEVENDRA SHARMA,KAMAL PRAJAPATI
JLL - IDFC First Bank Limited,IDFC - DEHRADUN BRANCH,21231,DEHRADUN,UTTARAKHAND,,Akhil Gupta,GOVIND KUMAR SINGH
JLL - IDFC First Bank Limited,IDFC - DEHRADUN-KRISHNA TOWER,21232,DEHRADUN,UTTARAKHAND,,Rukmesh Kumar,GOVIND KUMAR SINGH
JLL - IDFC First Bank Limited,IDFC - DEHRADUN - GMS ROAD BRANCH,21233,DEHRADUN,UTTARAKHAND,,VIKAS KHANDUJA,GOVIND KUMAR SINGH
JLL - IDFC First Bank Limited,IDFC - DEHRADUN-NEHRU COLONY BRANCH,21234,DEHRADUN,UTTARAKHAND,,Binay Bisht,GOVIND KUMAR SINGH
JLL - IDFC First Bank Limited,IDFC - Delhi - Rajendra Palace - CPC,10219,DELHI,DELHI,,Sandeep Saini,RAVI MISHRA
JLL - IDFC First Bank Limited,IDFC - BARAKHAMBA ROAD BRANCH,20101,DELHI,DELHI,,Drishti Guliani,RAVI MISHRA
JLL - IDFC First Bank Limited,IDFC - NEW FRIENDS COLONY BRANCH,20102,DELHI,DELHI,,Siddharth Batra,RAVI MISHRA
JLL - IDFC First Bank Limited,IDFC - NSP - PITAMPURA BRANCH,20105,DELHI,DELHI,,Rahul Panchal,RAVI MISHRA
JLL - IDFC First Bank Limited,IDFC - DWARKA BRANCH,20106,DELHI,DELHI,,Shishir Kumar,RAVI MISHRA
JLL - IDFC First Bank Limited,IDFC - OKHLA BRANCH,20107,DELHI,DELHI,,Vikas Mishra,RAVI MISHRA
JLL - IDFC First Bank Limited,IDFC - RAJOURI GARDEN BRANCH,20108,DELHI,DELHI,,Charanpreet Singh,RAVI MISHRA
JLL - IDFC First Bank Limited,IDFC - KAROL BAGH BRANCH,20109,DELHI,DELHI,,Priya Ranjan,RAVI MISHRA
JLL - IDFC First Bank Limited,IDFC - GREATER KAILASH II BRANCH,20111,DELHI,DELHI,,Vinay Singh,RAVI MISHRA
JLL - IDFC First Bank Limited,IDFC - DEFENCE COLONY BRANCH,20112,DELHI,DELHI,,Sanjeev Khurana,RAVI MISHRA
JLL - IDFC First Bank Limited,IDFC - DELHI- UTTAM NAGAR,20113,DELHI,DELHI,,Pramod Kumar,RAVI MISHRA
JLL - IDFC First Bank Limited,IDFC - DELHI - RAJENDRA PALACE - GR. FLOOR,20118,DELHI,DELHI,,MOHAMMAD FARAZ KHAN,RAVI MISHRA
JLL - IDFC First Bank Limited,IDFC - DELHI - OPS OFFICE-KAROL BAGH,20121,DELHI,DELHI,,Sandeep Saini,RAVI MISHRA
JLL - IDFC First Bank Limited,IDFC - DARYAGANJ BRANCH,20123,DELHI,DELHI,,Himanshu Miglani,RAVI MISHRA
JLL - IDFC First Bank Limited,IDFC - GREEN PARK BRANCH,20125,DELHI,DELHI,,Ravi Sethi,RAVI MISHRA
JLL - IDFC First Bank Limited,IDFC - PUNJABI BAGH BRANCH,20126,DELHI,DELHI,,AMRITPAL LAMBA,RAVI MISHRA
JLL - IDFC First Bank Limited,IDFC - ROHINI BRANCH,20127,DELHI,DELHI,,Isha Oberoi,RAVI MISHRA
JLL - IDFC First Bank Limited,IDFC - JANAKPURI BRANCH,20128,DELHI,DELHI,,Amit Sachdeva,RAVI MISHRA
JLL - IDFC First Bank Limited,IDFC - DWARKA SECTOR 12 A BRANCH,20134,DELHI,DELHI,,Jitender Arya,RAVI MISHRA
JLL - IDFC First Bank Limited,IDFC - MODEL TOWN BRANCH,20135,DELHI,DELHI,,Rajat Abrol,RAVI MISHRA
JLL - IDFC First Bank Limited,"IDFC - LOK VIHAR, PITAMPURA BRANCH",20136,DELHI,DELHI,,Sidharth Bhalla,RAVI MISHRA
JLL - IDFC First Bank Limited,IDFC - NEHRU PLACE BRANCH,20137,DELHI,DELHI,,Adarsh Gupta,RAVI MISHRA
JLL - IDFC First Bank Limited,IDFC - MAYUR VIHAR BRANCH,20138,DELHI,DELHI,,,RAVI MISHRA
JLL - IDFC First Bank Limited,IDFC - NEW DELHI - MALVIYA NAGAR BRANCH,20139,DELHI,DELHI,,,RAVI MISHRA
JLL - IDFC First Bank Limited,IDFC - NEW DELHI SAKET BRANCH,20142,DELHI,DELHI,,Prateek chawla,RAVI MISHRA
JLL - IDFC First Bank Limited,IDFC - NEW DELHI PRASHANT VIHAR BRANCH,20143,DELHI,DELHI,,Yashu Madaan,RAVI MISHRA
JLL - IDFC First Bank Limited,IDFC - VIKAS MARG BRANCH,20148,DELHI,DELHI,,Sunil Kumar Yadav,RAVI MISHRA
JLL - IDFC First Bank Limited,IDFC - BHERA ENCLAVE PASCHIM VIHAR BRANCH,20149,DELHI,DELHI,,MUKESH KUMAR,RAVI MISHRA
JLL - IDFC First Bank Limited,IDFC - MBL- LAXMI NAGAR,20182,DELHI,DELHI,,Johny Kumar,RAVI MISHRA
JLL - IDFC First Bank Limited,IDFC - MBL- LAJPAT NAGAR,20183,DELHI,DELHI,,,RAVI MISHRA
JLL - IDFC First Bank Limited,IDFC - MBL - NCR-NEHRU PLACE,20186,DELHI,DELHI,,Mukesh Jha,RAVI MISHRA
JLL - IDFC First Bank Limited,IDFC - OKHLA INDUSTRIAL AREA - SALES HUB,20192,DELHI,DELHI,,,RAVI MISHRA
JLL - IDFC First Bank Limited,IDFC - NEW DELHI - ASHOK VIHAR BRANCH,20194,DELHI,DELHI,,JITENDRA NAINWAL,RAVI MISHRA
JLL - IDFC First Bank Limited,IDFC - NEW DELHI-KIRTI NAGAR BRANCH,20195,DELHI,DELHI,,Kumar Abhinav,RAVI MISHRA
JLL - IDFC First Bank Limited,IDFC - MBL-MAYAPURI,20196,DELHI,DELHI,,Mohd Zunaid,RAVI MISHRA
JLL - IDFC First Bank Limited,IDFC - NEW DELHI-JASOLA BRANCH,20197,DELHI,DELHI,,Kumar Pranav,RAVI MISHRA
JLL - IDFC First Bank Limited,IDFC - NEW DELHI - PATEL NAGAR BRANCH,20209,DELHI,DELHI,,,RAVI MISHRA
JLL - IDFC First Bank Limited,IDFC - VASANT KUNJ,20214,DELHI,DELHI,,Rahul Bassi,RAVI MISHRA
JLL - IDFC First Bank Limited,IDFC - NEW DELHI KALKAJI BRANCH,20215,DELHI,DELHI,,Shuja Kafeel,RAVI MISHRA
JLL - IDFC First Bank Limited,IDFC - Lajpat Nagar- New Delhi,20216,DELHI,DELHI,,,RAVI MISHRA
JLL - IDFC First Bank Limited,IDFC - GREATER KAILASH - I BRANCH,20217,DELHI,DELHI,,Durgesh Pandey,RAVI MISHRA
JLL - IDFC First Bank Limited,IDFC - NEW DELHI DEER PARK BRANCH,20219,DELHI,DELHI,,Manmod Kumar,RAVI MISHRA
JLL - IDFC First Bank Limited,IDFC - NEW DELHI- ANAND VIHAR BRANCH,20221,DELHI,DELHI,,Arnika Gupta,RAVI MISHRA
JLL - IDFC First Bank Limited,IDFC - Hauz Khas Delhi,20222,DELHI,DELHI,,,RAVI MISHRA
JLL - IDFC First Bank Limited,IDFC - NEW DELHI CHANDNI CHOWK BRANCH,20224,DELHI,DELHI,,Aman Singh,RAVI MISHRA
JLL - IDFC First Bank Limited,IDFC - ROHINI SEC 18,20225,DELHI,DELHI,,Chandra Wati,RAVI MISHRA
JLL - IDFC First Bank Limited,IDFC - MBL - SHAHADRA,20226,DELHI,DELHI,,Jitendra Kumar,RAVI MISHRA
JLL - IDFC First Bank Limited,IDFC - East Of Kailash,20227,DELHI,DELHI,,Sachin Tripathi,RAVI MISHRA
JLL - IDFC First Bank Limited,IDFC - VIKASPURI,20228,DELHI,DELHI,,Sangeet Jain,RAVI MISHRA
JLL - IDFC First Bank Limited,IDFC - IP EXTENSION,20229,DELHI,DELHI,,SHASHANK PANDEY,RAVI MISHRA
JLL - IDFC First Bank Limited,IDFC - NEW DELHI- DWARKA SECTOR 23A BRANCH,20231,DELHI,DELHI,,Harish Chauhan,RAVI MISHRA
JLL - IDFC First Bank Limited,IDFC - NEW DELHI- GANDHI NAGAR BRANCH,20232,DELHI,DELHI,,,RAVI MISHRA
JLL - IDFC First Bank Limited,IDFC - TILAK NAGAR,20234,DELHI,DELHI,,Prince Kumar,RAVI MISHRA
JLL - IDFC First Bank Limited,IDFC - MBL - JAHANGIRPURI,20235,DELHI,DELHI,,,RAVI MISHRA
JLL - IDFC First Bank Limited,IDFC - MBL - DELHI NARELA,20239,DELHI,DELHI,,Shivendra,RAVI MISHRA
JLL - IDFC First Bank Limited,IDFC - MBL Badarpur,20249,DELHI,DELHI,,Vijay Mishra,RAVI MISHRA
JLL - IDFC First Bank Limited,IDFC - MBL - DELHI MALVIYA NAGAR,20252,DELHI,DELHI,,Gaurav Pratap,RAVI MISHRA
JLL - IDFC First Bank Limited,IDFC - MBL - DELHI KASHMERI GATE,20253,DELHI,DELHI,,Manoj Gupta,RAVI MISHRA
JLL - IDFC First Bank Limited,IDFC - AZADPUR BRANCH,20254,DELHI,DELHI,,Ashish.singh13,RAVI MISHRA
JLL - IDFC First Bank Limited,IDFC - Naraina,20255,DELHI,DELHI,,Birendar Bisht,RAVI MISHRA
JLL - IDFC First Bank Limited,IDFC - SHALIMAR BAGH BRANCH,20256,DELHI,DELHI,,Rahul Agarwal,RAVI MISHRA
JLL - IDFC First Bank Limited,IDFC - KAMLA NAGAR BRANCH,20257,DELHI,DELHI,,Priyanka Singhal,RAVI MISHRA
JLL - IDFC First Bank Limited,IDFC - YAMUNA VIHAR,20258,DELHI,DELHI,,Ajay Kumar,RAVI MISHRA
JLL - IDFC First Bank Limited,IDFC - Mbl - Dilshad Colony,22121,DELHI,DELHI,,Ashish Srivastava,RAVI MISHRA
JLL - IDFC First Bank Limited,IDFC - Vivek bihar,22123,DELHI,DELHI,,,RAVI MISHRA
JLL - IDFC First Bank Limited,IDFC - Krishna Nagar,22124,DELHI,DELHI,,,RAVI MISHRA
JLL - IDFC First Bank Limited,IDFC - Sunder Nagar-Delhi,22126,DELHI,DELHI,,,RAVI MISHRA
JLL - IDFC First Bank Limited,IDFC - Kashmeeri Gate Delhi,22132,DELHI,DELHI,,HARISH KANYAL,RAVI MISHRA
JLL - IDFC First Bank Limited,IDFC - MANSAROVAR GARDEN,22142,DELHI,DELHI,,Pradeep Shekhawat,RAVI MISHRA
JLL - IDFC First Bank Limited,IDFC - MUKHERJEE NAGAR,22143,DELHI,DELHI,,Akash Saxena,RAVI MISHRA
JLL - IDFC First Bank Limited,"IDFC - EXPRESS TOWERS,ITO SALES HUB",39201,DELHI,DELHI,,Sandeep Saini,RAVI MISHRA
JLL - IDFC First Bank Limited,IDFC - KHATEGAON BRANCH,41171,DEWAS,MADHYA PRADESH,,Mohnish Dubey,KAMAL PRAJAPATI
JLL - IDFC First Bank Limited,IDFC - DEWAS-JAWAHAR NAGAR,41172,DEWAS,MADHYA PRADESH,,,KAMAL PRAJAPATI
JLL - IDFC First Bank Limited,IDFC - SANWER BRANCH,41241,DEWAS,MADHYA PRADESH,,Sharjeel Shaikh,KAMAL PRAJAPATI
JLL - IDFC First Bank Limited,IDFC - DHAMTARI BRANCH,60481,DHAMTARI,CHHATTISGARH,,Satish Deshmukh,BALA JEE SHARMA
JLL - IDFC First Bank Limited,IDFC - MBL - DHANDBAD,61142,DHANBAD,JHARKHAND,,,BALA JEE SHARMA
JLL - IDFC First Bank Limited,IDFC - DHAMNOD BRANCH,41181,DHAR,MADHYA PRADESH,,,KAMAL PRAJAPATI
JLL - IDFC First Bank Limited,IDFC - DHAR BRANCH,41221,DHAR,MADHYA PRADESH,,Dilip Rathore,KAMAL PRAJAPATI
JLL - IDFC First Bank Limited,IDFC - RAJGARH DHAR BRANCH,41222,DHAR,MADHYA PRADESH,,Dharmendra Solanki,KAMAL PRAJAPATI
JLL - IDFC First Bank Limited,IDFC - MAKHANI BRANCH,41223,DHAR,MADHYA PRADESH,,,KAMAL PRAJAPATI
JLL - IDFC First Bank Limited,IDFC - DEHRIYA SARAI BRANCH,41224,DHAR,MADHYA PRADESH,,Kapil Arora,KAMAL PRAJAPATI
JLL - IDFC First Bank Limited,IDFC - BADNAWAR BRANCH,41225,DHAR,MADHYA PRADESH,,Shailendra Sharma,KAMAL PRAJAPATI
JLL - IDFC First Bank Limited,IDFC - PITHAMPURA-SECTOR 1,41226,DHAR,MADHYA PRADESH,,,KAMAL PRAJAPATI
JLL - IDFC First Bank Limited,IDFC - DHENKENAL BRANCH,60701,DHENKANAL,ODISHA,,Saswat Ranjan Nayak,SATYAPRAJNA JENA
JLL - IDFC First Bank Limited,IDFC - SHIRPUR BRANCH,43681,DHULE,MAHARASHTRA,,Abrar Shaikh,MANISH KUMAR SHARMA
JLL - IDFC First Bank Limited,IDFC - SHILLONG BRANCH,60201,EAST KHASI HILLS,MEGHALAYA,,Rinku Roy,Barsha Kumari Singh
JLL - IDFC First Bank Limited,IDFC - CHHANERA BRANCH,41301,EAST NIMAR,MADHYA PRADESH,,Jitendra Bhadoriya,KAMAL PRAJAPATI
JLL - IDFC First Bank Limited,IDFC - KHANDWA BRANCH,41302,EAST NIMAR,MADHYA PRADESH,,Kapil Kumar Jhawar,KAMAL PRAJAPATI
JLL - IDFC First Bank Limited,IDFC - PANDHANA BRANCH,41303,EAST NIMAR,MADHYA PRADESH,,,KAMAL PRAJAPATI
JLL - IDFC First Bank Limited,IDFC - MBL - KHANDWA,41304,EAST NIMAR,MADHYA PRADESH,,,KAMAL PRAJAPATI
JLL - IDFC First Bank Limited,IDFC - FARIDABAD SECTOR 16 BRANCH,21311,FARIDABAD,HARYANA,,,RAVI MISHRA
JLL - IDFC First Bank Limited,IDFC - FARIDABAD-RAILWAY ROAD,21312,FARIDABAD,HARYANA,,Dev Prakash,RAVI MISHRA
JLL - IDFC First Bank Limited,IDFC - NIT-FARIDABAD BRANCH,21313,FARIDABAD,HARYANA,,Sneha Sharma,RAVI MISHRA
JLL - IDFC First Bank Limited,"IDFC - FARIDABAD SECTOR -21 C, BRANCH",21314,FARIDABAD,HARYANA,,Hemant Vashishta,RAVI MISHRA
JLL - IDFC First Bank Limited,IDFC - MBL - FARIDKOT,21861,FARIDKOT,PUNJAB,,,SUNIL THAKUR
JLL - IDFC First Bank Limited,IDFC - Sirhind,22251,FATEHGARH SAHIB,PUNJAB,,Vinay Thakur,SUNIL THAKUR
JLL - IDFC First Bank Limited,IDFC - MANSA BRANCH,42341,GANDHINAGAR,GUJARAT,,Kalpeshji Thakor,RAJESH DAVE
JLL - IDFC First Bank Limited,IDFC - KALOL BRANCH,42342,GANDHINAGAR,GUJARAT,,SANDIPBHAI PRAJAPATI,RAJESH DAVE
JLL - IDFC First Bank Limited,IDFC - GANDHINAGAR BRANCH,42343,GANDHINAGAR,GUJARAT,,Danny Sunny,RAJESH DAVE
JLL - IDFC First Bank Limited,IDFC - DAHEGAM BRANCH,42344,GANDHINAGAR,GUJARAT,,Chetan Radadiya,RAJESH DAVE
JLL - IDFC First Bank Limited,IDFC - Gangtok,61232,GANGTOK,SIKKIM,,Roy Santosh,Barsha Kumari Singh
JLL - IDFC First Bank Limited,IDFC - HINJILICUT BRANCH,60741,GANJAM,ODISHA,,Subrat Kumar Pasupacak,SATYAPRAJNA JENA
JLL - IDFC First Bank Limited,IDFC - BHANJANAGAR BRANCH,60742,GANJAM,ODISHA,,Chitta Ranjan Paramguru,SATYAPRAJNA JENA
JLL - IDFC First Bank Limited,IDFC - Berhampur,60743,GANJAM,ODISHA,,Mukesh Panda,SATYAPRAJNA JENA
JLL - IDFC First Bank Limited,IDFC - RAJIM BRANCH,60581,GARIABAND,CHHATTISGARH,,Siddhant Rath,BALA JEE SHARMA
JLL - IDFC First Bank Limited,IDFC - KAUSHAMBI BRANCH,20146,GHAZIABAD,UTTAR PRADESH,,Shanti Tyagi,RAVI MISHRA
JLL - IDFC First Bank Limited,IDFC - GHAZIABAD-NAVYUG MARKET,21411,GHAZIABAD,UTTAR PRADESH,,,RAVI MISHRA
JLL - IDFC First Bank Limited,IDFC - RAJ NAGAR GHAZIABAD BRANCH,21412,GHAZIABAD,UTTAR PRADESH,,Yogesh Ojha,RAVI MISHRA
JLL - IDFC First Bank Limited,IDFC - CROSSING REPUBLIC - GHAZIABAD BRANCH,21413,GHAZIABAD,UTTAR PRADESH,,,RAVI MISHRA
JLL - IDFC First Bank Limited,IDFC - VASUNDHARA GHAZIABAD BRANCH,21414,GHAZIABAD,UTTAR PRADESH,,Anurag Sharma,RAVI MISHRA
JLL - IDFC First Bank Limited,IDFC - MBL - GHAZIABAD,21415,GHAZIABAD,UTTAR PRADESH,,,RAVI MISHRA
JLL - IDFC First Bank Limited,IDFC - GHAZIABAD INDIRAPURAM BRANCH,21416,GHAZIABAD,UTTAR PRADESH,,Anil Dua,RAVI MISHRA
JLL - IDFC First Bank Limited,IDFC - MBL - Ghaziabad Rajendra Nagar,21419,GHAZIABAD,UTTAR PRADESH,,RAHUL TYAGI,RAVI MISHRA
JLL - IDFC First Bank Limited,IDFC - Rajendra Nagar Ghaziabad,21421,GHAZIABAD,UTTAR PRADESH,,P Sandeep Kumar,RAVI MISHRA
JLL - IDFC First Bank Limited,IDFC - GORAKHPUR BRANCH,21561,GORAKHPUR,UTTAR PRADESH,,Ravi Pal,GOVIND KUMAR SINGH
JLL - IDFC First Bank Limited,IDFC - GULARIHA BRANCH,21563,GORAKHPUR,UTTAR PRADESH,,,GOVIND KUMAR SINGH
JLL - IDFC First Bank Limited,IDFC - MBL - GUNA,43761,GUNA,MADHYA PRADESH,,Suvesh Sharma,KAMAL PRAJAPATI
JLL - IDFC First Bank Limited,IDFC - GUNA,43762,GUNA,MADHYA PRADESH,,Gaurav Jain,KAMAL PRAJAPATI
JLL - IDFC First Bank Limited,IDFC - GURGAON SOHNA ROAD BRANCH,20129,GURUGRAM,GURGAON-HARYANA,,,RAVI MISHRA
JLL - IDFC First Bank Limited,IDFC - GURGAON GALLERIA BRANCH,20131,GURUGRAM,GURGAON-HARYANA,,Rashmi Sahu,RAVI MISHRA
JLL - IDFC First Bank Limited,IDFC - GURGAON GOLF COURSE EXTENSION ROAD BRANCH,20132,GURUGRAM,GURGAON-HARYANA,,,RAVI MISHRA
JLL - IDFC First Bank Limited,IDFC - GURGAON ARJUN MARG DLF PHASE 1 BRANCH,20133,GURUGRAM,GURGAON-HARYANA,,Akash Sharma,RAVI MISHRA
JLL - IDFC First Bank Limited,"IDFC - GURGAON ROSEWOOD CITY, SECTOR-49 BRANCH",20144,GURUGRAM,GURGAON-HARYANA,,PRASHANT KUMAR,RAVI MISHRA
JLL - IDFC First Bank Limited,IDFC - GURGAON - GOLF COURSE ROAD BRANCH,21001,GURUGRAM,GURGAON-HARYANA,,,RAVI MISHRA
JLL - IDFC First Bank Limited,IDFC - GURGAON M.G. ROAD BRANCH,21002,GURUGRAM,GURGAON-HARYANA,,Mudit Agarwal,RAVI MISHRA
JLL - IDFC First Bank Limited,IDFC - GURGAON SECTOR 14 BRANCH,21003,GURUGRAM,GURGAON-HARYANA,,Mayank Sharma,RAVI MISHRA
JLL - IDFC First Bank Limited,IDFC - GURUGRAM-SECTOR14,21004,GURUGRAM,GURGAON-HARYANA,,Rajeev Sinha,RAVI MISHRA
JLL - IDFC First Bank Limited,IDFC - GURGAON SECTOR 15 BRANCH,21005,GURUGRAM,GURGAON-HARYANA,,Aahuti Ghosh,RAVI MISHRA
JLL - IDFC First Bank Limited,IDFC - GURGAON SECTOR 23 PALAM VIHARBRANCH,21006,GURUGRAM,GURGAON-HARYANA,,Ram Sahani,RAVI MISHRA
JLL - IDFC First Bank Limited,IDFC - GURGAON SECTOR 47 SATYA ELEMENT ONE BRANCH,21007,GURUGRAM,GURGAON-HARYANA,,Himanshu Yadav,RAVI MISHRA
JLL - IDFC First Bank Limited,IDFC - GURGAON SECTOR 57- BESTECH CENTRAL SQUARE BRANCH,21008,GURUGRAM,GURGAON-HARYANA,,Ram Singh,RAVI MISHRA
JLL - IDFC First Bank Limited,IDFC - GURGAON SECTOR 10A BRANCH,21009,GURUGRAM,GURGAON-HARYANA,,BHABANI BARIK,RAVI MISHRA
JLL - IDFC First Bank Limited,IDFC - GURGAON SADAR BAZAAR BRANCH,21011,GURUGRAM,GURGAON-HARYANA,,Sachin Yadav,RAVI MISHRA
JLL - IDFC First Bank Limited,IDFC - GURGAON SUSHANT LOK-I BRANCH,21012,GURUGRAM,GURGAON-HARYANA,,Rashmi Singh,RAVI MISHRA
JLL - IDFC First Bank Limited,IDFC - GURGAON SEC 82 BRANCH,21013,GURUGRAM,GURGAON-HARYANA,,Bobin Thomas,RAVI MISHRA
JLL - IDFC First Bank Limited,IDFC - GURGAON - UDYOG VIHAR BRANCH,21014,GURUGRAM,GURGAON-HARYANA,,,RAVI MISHRA
JLL - IDFC First Bank Limited,IDFC - GURGAON MANESAR BRANCH,21015,GURUGRAM,GURGAON-HARYANA,,Praneet Gunjan,RAVI MISHRA
JLL - IDFC First Bank Limited,IDFC - Gurgaon Sec 46,21016,GURUGRAM,GURGAON-HARYANA,,Vinay Arora,RAVI MISHRA
JLL - IDFC First Bank Limited,IDFC - SUSHANT LOK -SALES HUB,21017,GURUGRAM,GURGAON-HARYANA,,,RAVI MISHRA
JLL - IDFC First Bank Limited,IDFC - GURGAON - SECTOR 31 BRANCH,21019,GURUGRAM,GURGAON-HARYANA,,NAVPREET SUMAN,RAVI MISHRA
JLL - IDFC First Bank Limited,"IDFC - ORCHID BUSINESS PARK,GURGAON, SALES HUB",39202,GURUGRAM,GURGAON-HARYANA,,Vinay Singh,RAVI MISHRA
JLL - IDFC First Bank Limited,IDFC - GWALIOR,42681,GWALIOR,MADHYA PRADESH,,,KAMAL PRAJAPATI
JLL - IDFC First Bank Limited,IDFC - GWALIOR BRANCH - MP,42682,GWALIOR,MADHYA PRADESH,,Pushpendra Singh Tomar,KAMAL PRAJAPATI
JLL - IDFC First Bank Limited,IDFC - MBL - GWALIOR LASHKAR,42684,GWALIOR,MADHYA PRADESH,,,KAMAL PRAJAPATI
JLL - IDFC First Bank Limited,IDFC - MBL-HAPUR,20204,HAPUR,UTTAR PRADESH,,Adesh .,RAVI MISHRA
JLL - IDFC First Bank Limited,IDFC - TIMURNI BRANCH,41111,HARDA,MADHYA PRADESH,,Yogendra Sahu,KAMAL PRAJAPATI
JLL - IDFC First Bank Limited,IDFC - UDA BRANCH,41201,HARDA,MADHYA PRADESH,,,KAMAL PRAJAPATI
JLL - IDFC First Bank Limited,IDFC - TAJPURA BRANCH,41202,HARDA,MADHYA PRADESH,,,KAMAL PRAJAPATI
JLL - IDFC First Bank Limited,IDFC - HARDA BRANCH,41203,HARDA,MADHYA PRADESH,,Birendra Thakur,KAMAL PRAJAPATI
JLL - IDFC First Bank Limited,IDFC - KHIRKIAN BRANCH,41204,HARDA,MADHYA PRADESH,,Mukesh Chourey,KAMAL PRAJAPATI
JLL - IDFC First Bank Limited,IDFC - HARIDWAR BRANCH,21791,HARIDWAR,UTTARAKHAND,,Nirbhayendra Sharma,GOVIND KUMAR SINGH
JLL - IDFC First Bank Limited,IDFC - HISAR BRANCH,21601,HISAR,HARYANA,,Vikas Mehta,SUNIL THAKUR
JLL - IDFC First Bank Limited,IDFC - HANSI BRANCH,21603,HISAR,HARYANA,,Sahil .,SUNIL THAKUR
JLL - IDFC First Bank Limited,IDFC - Hyderabad-Kukatpally - CPC,80215,HYDERABAD,TELANGANA,,,DIWAKAR PANDIT
JLL - IDFC First Bank Limited,IDFC - CASH PROCESSING CENTRE- INDORE,10228,INDORE,MADHYA PRADESH,,Avnish Saini,KAMAL PRAJAPATI
JLL - IDFC First Bank Limited,IDFC - TAKIPURA BRANCH,41261,INDORE,MADHYA PRADESH,,Lokesh Songare,KAMAL PRAJAPATI
JLL - IDFC First Bank Limited,IDFC - BIJALPUR BRANCH,41262,INDORE,MADHYA PRADESH,,Sunil Gupta,KAMAL PRAJAPATI
JLL - IDFC First Bank Limited,IDFC - BUDHI BARLAI BRANCH,41263,INDORE,MADHYA PRADESH,,Pankaj Prachand,KAMAL PRAJAPATI
JLL - IDFC First Bank Limited,IDFC - INDORE BRANCH,41264,INDORE,MADHYA PRADESH,,Arpit Mehta,KAMAL PRAJAPATI
JLL - IDFC First Bank Limited,IDFC - INDORE-NAVLAKHA ROAD BRANCH,41268,INDORE,MADHYA PRADESH,,Yashwant Singh,KAMAL PRAJAPATI
JLL - IDFC First Bank Limited,IDFC - INDORE - VIJAY NAGAR BRANCH,41269,INDORE,MADHYA PRADESH,,Devendra Chandravanshi,KAMAL PRAJAPATI
JLL - IDFC First Bank Limited,IDFC - INDORE-ANNAPURNA,41271,INDORE,MADHYA PRADESH,,Pushkar Marathe,KAMAL PRAJAPATI
JLL - IDFC First Bank Limited,IDFC - MBL- ANNAPURNA,41272,INDORE,MADHYA PRADESH,,HEMANT KUMAR VISHWAKRMA,KAMAL PRAJAPATI
JLL - IDFC First Bank Limited,IDFC - MBL - INDORE-JAWAHAR MARG,41273,INDORE,MADHYA PRADESH,,Yogesh Baghel,KAMAL PRAJAPATI
JLL - IDFC First Bank Limited,IDFC - MBL - INDORE VIJAY NAGAR,41275,INDORE,MADHYA PRADESH,,Chetan Sharma,KAMAL PRAJAPATI
JLL - IDFC First Bank Limited,IDFC - Benchmark,41276,INDORE,MADHYA PRADESH,,Avnish Saini,KAMAL PRAJAPATI
JLL - IDFC First Bank Limited,IDFC - JABALPUR,42941,JABALPUR,MADHYA PRADESH,,,KAMAL PRAJAPATI
JLL - IDFC First Bank Limited,IDFC - MBL - JABALPUR,42943,JABALPUR,MADHYA PRADESH,,Prafull Devgirkar,KAMAL PRAJAPATI
JLL - IDFC First Bank Limited,IDFC - KARMETA BRANCH,42946,JABALPUR,MADHYA PRADESH,,Kashish Mittal,KAMAL PRAJAPATI
JLL - IDFC First Bank Limited,IDFC - JABALPUR BRANCH,42948,JABALPUR,MADHYA PRADESH,,Rajeev Bajpai,KAMAL PRAJAPATI
JLL - IDFC First Bank Limited,IDFC - JAGATSINGHPUR BRANCH,60921,JAGATSINGHAPUR,ODISHA,,Dibyajyoti Dash,SATYAPRAJNA JENA
JLL - IDFC First Bank Limited,IDFC - UGARIYAWAS BRANCH,42121,JAIPUR,RAJASTHAN,,Anjani Joshi,Mahindra Kumar Tiwari
JLL - IDFC First Bank Limited,IDFC - HARSOLI BRANCH,42122,JAIPUR,RAJASTHAN,,PRABHU CHOUDHARY,Mahindra Kumar Tiwari
JLL - IDFC First Bank Limited,IDFC - MANGARH KHOKHAWALA BRANCH,42123,JAIPUR,RAJASTHAN,,Subodh Goswami,Mahindra Kumar Tiwari
JLL - IDFC First Bank Limited,IDFC - DURGAPURA BRANCH,42124,JAIPUR,RAJASTHAN,,Sandeep Bhardwaj,Mahindra Kumar Tiwari
JLL - IDFC First Bank Limited,IDFC - SHAHPURA BRANCH,42125,JAIPUR,RAJASTHAN,,Naresh Nai,Mahindra Kumar Tiwari
JLL - IDFC First Bank Limited,IDFC - CHOMU BRANCH,42126,JAIPUR,RAJASTHAN,,Tarun Gupta,Mahindra Kumar Tiwari
JLL - IDFC First Bank Limited,IDFC - JAIPUR C- SCHEME BRANCH,42127,JAIPUR,RAJASTHAN,,Rajeev Pareek,Mahindra Kumar Tiwari
JLL - IDFC First Bank Limited,IDFC - VAISHALI NAGAR BRANCH,42128,JAIPUR,RAJASTHAN,,Amardeep Soni,Mahindra Kumar Tiwari
JLL - IDFC First Bank Limited,IDFC - RAJA PARK JAIPUR BRANCH,42129,JAIPUR,RAJASTHAN,,Rahul Kalra,Mahindra Kumar Tiwari
JLL - IDFC First Bank Limited,IDFC - JAIPUR - MANUPASANA-5TH FLOOR-OFFICE NO. 501,42132,JAIPUR,RAJASTHAN,,Subodh Goswami,Mahindra Kumar Tiwari
JLL - IDFC First Bank Limited,IDFC - JAIPUR - VIDHYADHAR NAGAR BRANCH,42135,JAIPUR,RAJASTHAN,,Jatin Sharma,Mahindra Kumar Tiwari
JLL - IDFC First Bank Limited,IDFC - JAIPUR -MALVIYA NAGAR BRANCH,42136,JAIPUR,RAJASTHAN,,Sameer Chauhan,Mahindra Kumar Tiwari
JLL - IDFC First Bank Limited,IDFC - MBL - JAIPUR-JHOTWARA,42138,JAIPUR,RAJASTHAN,,Vijay Sharma,Mahindra Kumar Tiwari
JLL - IDFC First Bank Limited,IDFC - MBL - JAIPUR-CHOMU,42139,JAIPUR,RAJASTHAN,,Junaid Ali,Mahindra Kumar Tiwari
JLL - IDFC First Bank Limited,IDFC - JAIPUR TONK ROAD BRANCH,43411,JAIPUR,RAJASTHAN,,Vishal Parwal,Mahindra Kumar Tiwari
JLL - IDFC First Bank Limited,IDFC - JAIPUR - JOHARI BAZAR BRANCH,43415,JAIPUR,RAJASTHAN,,Ramanand Gaur,Mahindra Kumar Tiwari
JLL - IDFC First Bank Limited,IDFC - Mansarovar Branch,43416,JAIPUR,RAJASTHAN,,Naveen Meghnani,Mahindra Kumar Tiwari
JLL - IDFC First Bank Limited,IDFC - JAIPUR- NEW SANGANER ROAD BRANCH,43417,JAIPUR,RAJASTHAN,,Vishal Jain,Mahindra Kumar Tiwari
JLL - IDFC First Bank Limited,IDFC - BASSI BRANCH,43418,JAIPUR,RAJASTHAN,,Arun Sharma,Mahindra Kumar Tiwari
JLL - IDFC First Bank Limited,IDFC - JAIPUR REGIONAL OFFICE,49103,JAIPUR,RAJASTHAN,,Subodh Goswami,Mahindra Kumar Tiwari
JLL - IDFC First Bank Limited,IDFC - JAJPUR ROAD BRANCH,60681,JAJPUR,ODISHA,,Rashmi Pradhan,SATYAPRAJNA JENA
JLL - IDFC First Bank Limited,IDFC - JALANDHAR BRANCH,21191,JALANDHAR,PUNJAB,,,SUNIL THAKUR
JLL - IDFC First Bank Limited,IDFC - JALANDHAR - PUDA COMPLEX- GR FLOOR,21193,JALANDHAR,PUNJAB,,SHIVANSHU .,SUNIL THAKUR
JLL - IDFC First Bank Limited,IDFC - JALANDHAR VIJAY NAGAR BRANCH,21194,JALANDHAR,PUNJAB,,,SUNIL THAKUR
JLL - IDFC First Bank Limited,IDFC - MBL - JALGAON,43541,JALGAON,MAHARASHTRA,,Vishal dhanegoakar,MANISH KUMAR SHARMA
JLL - IDFC First Bank Limited,IDFC - AMALNER BRANCH,43542,JALGAON,MAHARASHTRA,,,MANISH KUMAR SHARMA
JLL - IDFC First Bank Limited,IDFC - CHALISGAON BRANCH,43544,JALGAON,MAHARASHTRA,,,MANISH KUMAR SHARMA
JLL - IDFC First Bank Limited,IDFC - RESIDENCY ROAD-JAMMU BRANCH,21502,JAMMU,JAMMU-KASHMIR,,Meenakshal Sharma,SUNIL THAKUR
JLL - IDFC First Bank Limited,IDFC - JAMMU BAHU PLAZA BRANCH,21503,JAMMU,JAMMU-KASHMIR,,Sandeep Salaria,SUNIL THAKUR
JLL - IDFC First Bank Limited,IDFC - JAMNAGAR BRANCH,42642,JAMNAGAR,GUJARAT,,Ashish Chotai,RAJESH DAVE
JLL - IDFC First Bank Limited,IDFC - MBL - JAMNAGAR,42643,JAMNAGAR,GUJARAT,,JALPESH JAYENTIBHAI,RAJESH DAVE
JLL - IDFC First Bank Limited,IDFC - CHAMPA BRANCH,60521,JANJGIR-CHAMPA,CHHATTISGARH,,Praveen Jhalariya,BALA JEE SHARMA
JLL - IDFC First Bank Limited,IDFC - SHIVRINARAYAN BRANCH,60522,JANJGIR-CHAMPA,CHHATTISGARH,,Hemant Gupta,BALA JEE SHARMA
JLL - IDFC First Bank Limited,IDFC - PATHALGAON BRANCH,60761,JASHPUR,CHHATTISGARH,,Mithilesh Pandey,BALA JEE SHARMA
JLL - IDFC First Bank Limited,IDFC - JASHPUR BRANCH,60762,JASHPUR,CHHATTISGARH,,,BALA JEE SHARMA
JLL - IDFC First Bank Limited,IDFC - Jehanabad,60991,JEHANABAD,BIHAR,,Udbhav Shankar,BALA JEE SHARMA
JLL - IDFC First Bank Limited,IDFC - JHARSUGUDA BRANCH,61041,JHARSUGUDA,ODISHA,,,SATYAPRAJNA JENA
JLL - IDFC First Bank Limited,IDFC - JODHPUR BRANCH,42481,JODHPUR,RAJASTHAN,,Pankaj Sharma,Mahindra Kumar Tiwari
JLL - IDFC First Bank Limited,IDFC - JODHPUR-JASODA TOWER,42482,JODHPUR,RAJASTHAN,,Rahul Sharma,Mahindra Kumar Tiwari
JLL - IDFC First Bank Limited,IDFC - NANDRI BRANCH,42483,JODHPUR,RAJASTHAN,,Ashwin Dadhich,Mahindra Kumar Tiwari
JLL - IDFC First Bank Limited,IDFC - JODHPUR - PAOTA BRANCH,42484,JODHPUR,RAJASTHAN,,,Mahindra Kumar Tiwari
JLL - IDFC First Bank Limited,IDFC - MBL - JUNAGADH,43651,JUNAGADH,GUJARAT,,,RAJESH DAVE
JLL - IDFC First Bank Limited,IDFC - DOLATPARA BRANCH,43652,JUNAGADH,GUJARAT,,TUSHAR PATOLIYA,RAJESH DAVE
JLL - IDFC First Bank Limited,IDFC - KAITHAL BRANCH,21091,KAITHAL,HARYANA,,Sangeet Garg,SUNIL THAKUR
JLL - IDFC First Bank Limited,IDFC - MBL - KAITHAL,21092,KAITHAL,HARYANA,,,SUNIL THAKUR
JLL - IDFC First Bank Limited,IDFC - BHAWANIPATNA BRANCH,61261,KALAHANDI,ODISHA,,,SATYAPRAJNA JENA
JLL - IDFC First Bank Limited,IDFC - KANPUR BRANCH,21271,KANPUR,UTTAR PRADESH,,Rohit Narula,GOVIND KUMAR SINGH
JLL - IDFC First Bank Limited,IDFC - KANPUR - GOVIND NAGAR BRANCH,21273,KANPUR,UTTAR PRADESH,,Gaurav Malhotra,GOVIND KUMAR SINGH
JLL - IDFC First Bank Limited,IDFC - MBL-KANPUR SHASTRI NAGAR,21275,KANPUR,UTTAR PRADESH,,,GOVIND KUMAR SINGH
JLL - IDFC First Bank Limited,IDFC - PHAGWARA BRANCH,21711,KAPURTHALA,PUNJAB,,Navendu Sharma,SUNIL THAKUR
JLL - IDFC First Bank Limited,IDFC - KARNAL-URBAN ESTATE,21471,KARNAL,HARYANA,,Deepak Kalia,SUNIL THAKUR
JLL - IDFC First Bank Limited,IDFC - KARNAL BRANCH,21472,KARNAL,HARYANA,,Arun Kamboj,SUNIL THAKUR
JLL - IDFC First Bank Limited,IDFC - GHARAUNDA BRANCH,21473,KARNAL,HARYANA,,Naveen Kumar,SUNIL THAKUR
JLL - IDFC First Bank Limited,IDFC - MBL - KATNI,43611,KATNI,MADHYA PRADESH,,,KAMAL PRAJAPATI
JLL - IDFC First Bank Limited,IDFC - KATNI BRANCH,43612,KATNI,MADHYA PRADESH,,,KAMAL PRAJAPATI
JLL - IDFC First Bank Limited,IDFC - KENDRAPARA BRANCH,61121,KENDRAPARA,ODISHA,,Ranjit Parida,SATYAPRAJNA JENA
JLL - IDFC First Bank Limited,IDFC - KENDUJHAR BRANCH,60721,KEONJHAR (KENDUJHAR),ODISHA,,Swapnesh Sahoo,SATYAPRAJNA JENA
JLL - IDFC First Bank Limited,IDFC - KENDUJHAR -DBU BRANCH,60723,KEONJHAR (KENDUJHAR),ODISHA,,,SATYAPRAJNA JENA
JLL - IDFC First Bank Limited,IDFC - KOLHAPUR-GEMSTONE COMPLEX,42521,KOLHAPUR,MAHARASHTRA,,Amol Prakash Malage,VINOD GANPAT SURYAWANSHI
JLL - IDFC First Bank Limited,IDFC - KOLHAPUR BRANCH,42523,KOLHAPUR,MAHARASHTRA,,,VINOD GANPAT SURYAWANSHI
JLL - IDFC First Bank Limited,IDFC - PARK STREET BRANCH,60101,KOLKATA,WEST BENGAL,,Prathama Mukherjee,DHARMJEET SINGH
JLL - IDFC First Bank Limited,IDFC - DALHOUSIE BRANCH,60103,KOLKATA,WEST BENGAL,,Kaniska Chatterjee,DHARMJEET SINGH
JLL - IDFC First Bank Limited,IDFC - KOLKATA-BEHALA CHOWRST,60105,KOLKATA,WEST BENGAL,,shanti Roy,DHARMJEET SINGH
JLL - IDFC First Bank Limited,"IDFC - SALT LAKE, SEC- 1, WEST BENGAL",60108,KOLKATA,WEST BENGAL,,Sourav Sarkar,DHARMJEET SINGH
JLL - IDFC First Bank Limited,IDFC - KOLKATA BELEGHATA BRANCH,60111,KOLKATA,WEST BENGAL,,,DHARMJEET SINGH
JLL - IDFC First Bank Limited,IDFC - KOLKATA-NEW ALIPORE BRANCH,60115,KOLKATA,WEST BENGAL,,Premesh Jha,DHARMJEET SINGH
JLL - IDFC First Bank Limited,IDFC - KOLKATA-SARAT BOSE ROAD BRANCH,60117,KOLKATA,WEST BENGAL,,Keka Banerjee,DHARMJEET SINGH
JLL - IDFC First Bank Limited,IDFC - KOLKATA-KASBA BRANCH BRANCH,60119,KOLKATA,WEST BENGAL,,Anand Kumar Singh,DHARMJEET SINGH
JLL - IDFC First Bank Limited,IDFC - MBL-HOWRAH,60124,KOLKATA,WEST BENGAL,,Sandipan,DHARMJEET SINGH
JLL - IDFC First Bank Limited,IDFC - MBL-DUNLOP,60125,KOLKATA,WEST BENGAL,,,DHARMJEET SINGH
JLL - IDFC First Bank Limited,IDFC - KOLKATA- VIP ROAD BRANCH,60132,KOLKATA,WEST BENGAL,,Sudipta Paul,DHARMJEET SINGH
JLL - IDFC First Bank Limited,IDFC - KOLKATA - BEHALA BRANCH,60133,KOLKATA,WEST BENGAL,,Debajyoti Neogy,DHARMJEET SINGH
JLL - IDFC First Bank Limited,IDFC - KOLKATA-R N MUKHERJEE ROAD BRANCH,60134,KOLKATA,WEST BENGAL,,Debobroto Ghosh,DHARMJEET SINGH
JLL - IDFC First Bank Limited,IDFC - PRINCE ANWAR SHAH,60135,KOLKATA,WEST BENGAL,,Shubhankar Das,DHARMJEET SINGH
JLL - IDFC First Bank Limited,IDFC - KOLKATA SALES HUB,60139,KOLKATA,WEST BENGAL,,,DHARMJEET SINGH
JLL - IDFC First Bank Limited,IDFC - Shyambazaar Bata Showroom,60143,KOLKATA,WEST BENGAL,,,DHARMJEET SINGH
JLL - IDFC First Bank Limited,IDFC - Burrabazar,60144,KOLKATA,WEST BENGAL,,Deep Das,DHARMJEET SINGH
JLL - IDFC First Bank Limited,"IDFC - BT Road, Dunlop, Kolkata Landmark Dunlop",60145,KOLKATA,WEST BENGAL,,Prasanta Pradhan,DHARMJEET SINGH
JLL - IDFC First Bank Limited,IDFC - MBL - NAGERBAZAR,61153,KOLKATA,WEST BENGAL,,,DHARMJEET SINGH
JLL - IDFC First Bank Limited,IDFC - KATGHORA BRANCH,60603,KORBA,CHHATTISGARH,,D Pradeep Sharma,BALA JEE SHARMA
JLL - IDFC First Bank Limited,"IDFC - Kosabadi, Korba, Chattisgarh Niharika",60605,KORBA,CHHATTISGARH,,,BALA JEE SHARMA
JLL - IDFC First Bank Limited,IDFC - MANENDRAGARH BRANCH,60841,KORIYA,CHHATTISGARH,,,BALA JEE SHARMA
JLL - IDFC First Bank Limited,IDFC - KOTA-GUMANPURA-NEW COLONY,42541,KOTA,RAJASTHAN,,Subodh Goswami,Mahindra Kumar Tiwari
JLL - IDFC First Bank Limited,IDFC - KOTA BRANCH,42542,KOTA,RAJASTHAN,,Hitesh Dhingra,Mahindra Kumar Tiwari
JLL - IDFC First Bank Limited,IDFC - MBL - KURUKSHETRA,21631,KURUKSHETRA,HARYANA,,PARDEEP KUMAR,SUNIL THAKUR
JLL - IDFC First Bank Limited,IDFC - THANESAR BRANCH,21634,KURUKSHETRA,HARYANA,,Punit Sachdeva,SUNIL THAKUR
JLL - IDFC First Bank Limited,IDFC - LAKHIMPUR BRANCH,22111,LAKHIMPUR,UTTAR PRADESH,,,GOVIND KUMAR SINGH
JLL - IDFC First Bank Limited,IDFC - LUCKNOW BRANCH,21251,LUCKNOW,UTTAR PRADESH,,,GOVIND KUMAR SINGH
JLL - IDFC First Bank Limited,IDFC - GOMTI NAGAR BRANCH,21252,LUCKNOW,UTTAR PRADESH,,Mohammad Adil,GOVIND KUMAR SINGH
JLL - IDFC First Bank Limited,IDFC - LUCKNOW-PANDIT HOUSE,21253,LUCKNOW,UTTAR PRADESH,,,GOVIND KUMAR SINGH
JLL - IDFC First Bank Limited,IDFC - LUCKNOW-ASHIYANA BRANCH,21254,LUCKNOW,UTTAR PRADESH,,Vipul Tandon,GOVIND KUMAR SINGH
JLL - IDFC First Bank Limited,IDFC - LUCKNOW -MUNSHIPULLIA BRANCH,21255,LUCKNOW,UTTAR PRADESH,,,GOVIND KUMAR SINGH
JLL - IDFC First Bank Limited,IDFC - Aliganj,21257,LUCKNOW,UTTAR PRADESH,,Rahul Mishra,GOVIND KUMAR SINGH
JLL - IDFC First Bank Limited,IDFC - MBL - LUCKNOW-INDIRA NAGAR,21258,LUCKNOW,UTTAR PRADESH,,Ravi Mishra,GOVIND KUMAR SINGH
JLL - IDFC First Bank Limited,IDFC - VIBHUTI KHAND-SALES HUB,21259,LUCKNOW,UTTAR PRADESH,,,GOVIND KUMAR SINGH
JLL - IDFC First Bank Limited,IDFC - LUCKNOW - CHOWK BRANCH,21263,LUCKNOW,UTTAR PRADESH,,Prity Singh,GOVIND KUMAR SINGH
JLL - IDFC First Bank Limited,IDFC - SARSAWAN,21269,LUCKNOW,UTTAR PRADESH,,Amit Singh,GOVIND KUMAR SINGH
JLL - IDFC First Bank Limited,IDFC - LUCKNOW RURAL RO,29102,LUCKNOW,UTTAR PRADESH,,Saurabh Srivastava,GOVIND KUMAR SINGH
JLL - IDFC First Bank Limited,IDFC - LUDHIANA BRANCH,21171,LUDHIANA,PUNJAB,,Vishal Ahuja,SUNIL THAKUR
JLL - IDFC First Bank Limited,IDFC - LUDHIANA TRADE TOWER -2ND FLOOR,21173,LUDHIANA,PUNJAB,,Nitin Pawar,SUNIL THAKUR
JLL - IDFC First Bank Limited,IDFC - LUDHIANA SECTOR 32 BRANCH,21174,LUDHIANA,PUNJAB,,Kirti Shukla,SUNIL THAKUR
JLL - IDFC First Bank Limited,IDFC - LUDHIANA BRS NAGAR BRANCH,21175,LUDHIANA,PUNJAB,,Arvind Ubhi,SUNIL THAKUR
JLL - IDFC First Bank Limited,IDFC - MBL - SUNDER NAGAR,21176,LUDHIANA,PUNJAB,,,SUNIL THAKUR
JLL - IDFC First Bank Limited,IDFC - LUDHIANA - SALES HUB,21177,LUDHIANA,PUNJAB,,Subodh Goswami,SUNIL THAKUR
JLL - IDFC First Bank Limited,IDFC - Ludhiana Miller Ganj,21178,LUDHIANA,PUNJAB,,,SUNIL THAKUR
JLL - IDFC First Bank Limited,IDFC - MBL Khanna,21182,LUDHIANA,PUNJAB,,,SUNIL THAKUR
JLL - IDFC First Bank Limited,IDFC - Doraha Punjab,21184,LUDHIANA,PUNJAB,,,SUNIL THAKUR
JLL - IDFC First Bank Limited,IDFC - MAHASAMUND BRANCH,42881,MAHASAMUND,CHHATTISGARH,,Abhishek Kumar,BALA JEE SHARMA
JLL - IDFC First Bank Limited,IDFC - BASNA BRANCH,42882,MAHASAMUND,CHHATTISGARH,,Harihar Pradhan,BALA JEE SHARMA
JLL - IDFC First Bank Limited,IDFC - MALDAH,61221,MALDA,WEST BENGAL,,,DHARMJEET SINGH
JLL - IDFC First Bank Limited,IDFC - MANDSAUR BRANCH,41281,MANDSAUR,MADHYA PRADESH,,Vinod Patidar,KAMAL PRAJAPATI
JLL - IDFC First Bank Limited,IDFC - MBL - MANDSAUR,41282,MANDSAUR,MADHYA PRADESH,,Kedar Rathore,KAMAL PRAJAPATI
JLL - IDFC First Bank Limited,IDFC - MBL MATHURA,21751,MATHURA - VRINDAVAN,UTTAR PRADESH,,,GOVIND KUMAR SINGH
JLL - IDFC First Bank Limited,IDFC - MATHURA BRANCH,21752,MATHURA - VRINDAVAN,UTTAR PRADESH,,Satyendra Singh,GOVIND KUMAR SINGH
JLL - IDFC First Bank Limited,IDFC - BARIPADA BRANCH,61111,MAYURBHANJ,ODISHA,,Rashmiranjan Mohanty,SATYAPRAJNA JENA
JLL - IDFC First Bank Limited,IDFC - MBL - NCR-MEERUT,20188,MEERUT,UTTAR PRADESH,,Mohit Tyagi,RAVI MISHRA
JLL - IDFC First Bank Limited,IDFC - MEERUT BRANCH,21521,MEERUT,UTTAR PRADESH,,Arpit Seth,RAVI MISHRA
JLL - IDFC First Bank Limited,IDFC - MEERUT - DELHI ROAD BRANCH,21522,MEERUT,UTTAR PRADESH,,Saurav Sharma,RAVI MISHRA
JLL - IDFC First Bank Limited,IDFC - MBL - MEERUT BAGHPAT GATE,21524,MEERUT,UTTAR PRADESH,,,RAVI MISHRA
JLL - IDFC First Bank Limited,IDFC - KHERALU BRANCH,40375,MEHSANA,GUJARAT,,Mitesh Panchal,RAJESH DAVE
JLL - IDFC First Bank Limited,IDFC - MEHSANA BRANCH,40401,MEHSANA,GUJARAT,,Manishkumar Prajapati,RAJESH DAVE
JLL - IDFC First Bank Limited,IDFC - MBL - MEHSANA,40402,MEHSANA,GUJARAT,,ChintanKumar Bharatbhai,RAJESH DAVE
JLL - IDFC First Bank Limited,IDFC - Moradabad,21901,MORADABAD,UTTAR PRADESH,,Aanchal Pahwa,RAVI MISHRA
JLL - IDFC First Bank Limited,IDFC - MBL - MORADABAD,21903,MORADABAD,UTTAR PRADESH,,,RAVI MISHRA
JLL - IDFC First Bank Limited,IDFC - LALPAR BRANCH,40443,MORBI,GUJARAT,,Sachin Barai,RAJESH DAVE
JLL - IDFC First Bank Limited,IDFC - MBL - MORBI,40444,MORBI,GUJARAT,,Devang Dave,RAJESH DAVE
JLL - IDFC First Bank Limited,IDFC - MORBI BRANCH,40445,MORBI,GUJARAT,,Alap Chavda,RAJESH DAVE
JLL - IDFC First Bank Limited,IDFC - Belapur-CPC,40172,MUMBAI,MAHARASHTRA,,Ratnesh Joshi,MANISH KUMAR SHARMA
JLL - IDFC First Bank Limited,IDFC - Muzaffarpur,61302,MUZAFFARPUR,BIHAR,,Shani Kumar,BALA JEE SHARMA
JLL - IDFC First Bank Limited,IDFC - MBL - CHAKDAH,61281,NADIA,WEST BENGAL,,Subhojit Das,DHARMJEET SINGH
JLL - IDFC First Bank Limited,IDFC - DIDWANA BRANCH,42223,NAGAUR FORT,RAJASTHAN,,Deepak Choudhary,Mahindra Kumar Tiwari
JLL - IDFC First Bank Limited,IDFC - MERTA CITY BRANCH,43311,NAGAUR FORT,RAJASTHAN,,Man Singh,Mahindra Kumar Tiwari
JLL - IDFC First Bank Limited,IDFC - KUCHAMAN CITY BRANCH,43312,NAGAUR FORT,RAJASTHAN,,Sachin Vaishnav,Mahindra Kumar Tiwari
JLL - IDFC First Bank Limited,IDFC - Nagaur Branch,43314,NAGAUR FORT,RAJASTHAN,,Pulkit Mathur,Mahindra Kumar Tiwari
JLL - IDFC First Bank Limited,IDFC - NAGPUR BRANCH,42501,NAGPUR,MAHARASHTRA,,Rahul Laddha,MANISH KUMAR SHARMA
JLL - IDFC First Bank Limited,IDFC - NAGPUR-CHHATRPATI SQUARE,42502,NAGPUR,MAHARASHTRA,,Prakash Shinde,MANISH KUMAR SHARMA
JLL - IDFC First Bank Limited,IDFC - NAGPUR-ZADE BHAVAN BRANCH,42503,NAGPUR,MAHARASHTRA,,Ramlakhan Sahani,MANISH KUMAR SHARMA
JLL - IDFC First Bank Limited,IDFC - Byramji Tower - Nagpur,42504,NAGPUR,MAHARASHTRA,,Tushar Alate,MANISH KUMAR SHARMA
JLL - IDFC First Bank Limited,IDFC - MBL - NAGPUR,42505,NAGPUR,MAHARASHTRA,,Robin Bhatt,MANISH KUMAR SHARMA
JLL - IDFC First Bank Limited,IDFC - HALDWANI,21811,NAINITAL,UTTARAKHAND,,,GOVIND KUMAR SINGH
JLL - IDFC First Bank Limited,IDFC - MBL - HALDWANI,21812,NAINITAL,UTTARAKHAND,,Mahatab ali,GOVIND KUMAR SINGH
JLL - IDFC First Bank Limited,IDFC - SOHSARIA BRANCH,61471,NALANDA,BIHAR,,Manjeet Kumar Singh,BALA JEE SHARMA
JLL - IDFC First Bank Limited,IDFC - JALAN,43801,NANDED,MAHARASHTRA,,,MANISH KUMAR SHARMA
JLL - IDFC First Bank Limited,IDFC - NASHIK BRANCH,42281,NASIK,MAHARASHTRA,,,MANISH KUMAR SHARMA
JLL - IDFC First Bank Limited,IDFC - NASIK-SAHAYADREE BUSINESS PARK,42282,NASIK,MAHARASHTRA,,Nilesh Patil,MANISH KUMAR SHARMA
JLL - IDFC First Bank Limited,IDFC - NASHIK - GANGAPUR ROAD,42283,NASIK,MAHARASHTRA,,,MANISH KUMAR SHARMA
JLL - IDFC First Bank Limited,IDFC - NIPHAD BRANCH,42284,NASIK,MAHARASHTRA,,Krushna Jadhav,MANISH KUMAR SHARMA
JLL - IDFC First Bank Limited,IDFC - PIMPALGAON NASHIK,42286,NASIK,MAHARASHTRA,,Durgaprasad Deshpande,MANISH KUMAR SHARMA
JLL - IDFC First Bank Limited,IDFC - BILIMORA BRANCH,43181,NAVSARI,GUJARAT,,Suman Mandal,RAJESH DAVE
JLL - IDFC First Bank Limited,IDFC - NAVASARI,43183,NAVSARI,GUJARAT,,Manish Sharma,RAJESH DAVE
JLL - IDFC First Bank Limited,IDFC - Newada,61421,NAWADA,BIHAR,,RITI TIRU,BALA JEE SHARMA
JLL - IDFC First Bank Limited,IDFC - NAYAGARH BRANCH,60641,NAYAGARH,ODISHA,,Duryodhana Bastia,SATYAPRAJNA JENA
JLL - IDFC First Bank Limited,IDFC - NEEMUCH BRANCH,43121,NEEMUCH,MADHYA PRADESH,,,KAMAL PRAJAPATI
JLL - IDFC First Bank Limited,IDFC - MBL - NEEMUCH,43123,NEEMUCH,MADHYA PRADESH,,Mahavir Swankar,KAMAL PRAJAPATI
JLL - IDFC First Bank Limited,IDFC - NOIDA-BHAGWAN SAHAI PALACE,20122,NOIDA,UTTAR PRADESH,,ROHIT SINGH BISHT,RAVI MISHRA
JLL - IDFC First Bank Limited,IDFC - NOIDA SECTOR 12 BRANCH,20124,NOIDA,UTTAR PRADESH,,Saurabh Kumar,RAVI MISHRA
JLL - IDFC First Bank Limited,IDFC - NOIDA SECTOR 137 BRANCH,20141,NOIDA,UTTAR PRADESH,,Kavya Singh,RAVI MISHRA
JLL - IDFC First Bank Limited,IDFC - NOIDA SECTOR 50 BRANCH,20145,NOIDA,UTTAR PRADESH,,Ajit Shukla,RAVI MISHRA
JLL - IDFC First Bank Limited,IDFC - NOIDA- SECTOR 18 BRANCH,20151,NOIDA,UTTAR PRADESH,,ARSALAN AHMAD,RAVI MISHRA
JLL - IDFC First Bank Limited,IDFC - NOIDA SECTOR-45 BRANCH,20152,NOIDA,UTTAR PRADESH,,Akhilesh Kumar,RAVI MISHRA
JLL - IDFC First Bank Limited,IDFC - NOIDA SECTOR 77 BRANCH,20153,NOIDA,UTTAR PRADESH,,,RAVI MISHRA
JLL - IDFC First Bank Limited,IDFC - GREATER NOIDA BRANCH,20154,NOIDA,UTTAR PRADESH,,Neetu Upadhayay,RAVI MISHRA
JLL - IDFC First Bank Limited,IDFC - SECTOR-110 NOIDA BRANCH,20155,NOIDA,UTTAR PRADESH,,,RAVI MISHRA
JLL - IDFC First Bank Limited,IDFC - BOC- SECTOR-132- NOIDA,20157,NOIDA,UTTAR PRADESH,,Saurabh Srivastava,RAVI MISHRA
JLL - IDFC First Bank Limited,IDFC - NOIDA-16 BRANCH,20158,NOIDA,UTTAR PRADESH,,Dhiraj Arora,RAVI MISHRA
JLL - IDFC First Bank Limited,IDFC - NOIDA SECTOR 18 - SALES HUB,20193,NOIDA,UTTAR PRADESH,,Saurabh Srivastava,RAVI MISHRA
JLL - IDFC First Bank Limited,IDFC - JEWAR BRANCH,21041,NOIDA,UTTAR PRADESH,,Dharmendra Dubey,RAVI MISHRA
JLL - IDFC First Bank Limited,IDFC - GREATER NOIDA - BETA PLAZA BRANCH,21256,NOIDA,UTTAR PRADESH,,,RAVI MISHRA
JLL - IDFC First Bank Limited,IDFC - NOIDA SECTOR 63 BRANCH,21331,NOIDA,UTTAR PRADESH,,Mayank Pandey,RAVI MISHRA
JLL - IDFC First Bank Limited,IDFC - Noida DBU,21332,NOIDA,UTTAR PRADESH,,Atul Shivaji,RAVI MISHRA
JLL - IDFC First Bank Limited,IDFC - NOIDA SECTOR 51,21333,NOIDA,UTTAR PRADESH,,Yogesh Kumar,RAVI MISHRA
JLL - IDFC First Bank Limited,IDFC - SALT LAKE- KOLKATA BRANCH,60102,NORTH 24 PARGANAS,WEST BENGAL,,,DHARMJEET SINGH
JLL - IDFC First Bank Limited,IDFC - KOLKATA-SALT LAKE SECTOR 2 BRANCH,60113,NORTH 24 PARGANAS,WEST BENGAL,,Biswamitra Ganguly,DHARMJEET SINGH
JLL - IDFC First Bank Limited,IDFC - KOLKATA - LAKE TOWN BRANCH,60114,NORTH 24 PARGANAS,WEST BENGAL,,Arijit Tagore,DHARMJEET SINGH
JLL - IDFC First Bank Limited,IDFC - MBL - MADHYAMGRAM,60122,NORTH 24 PARGANAS,WEST BENGAL,,Subhojit Biswas,DHARMJEET SINGH
JLL - IDFC First Bank Limited,IDFC - BARASAT BRANCH,61151,NORTH 24 PARGANAS,WEST BENGAL,,Spandan Bagchi,DHARMJEET SINGH
JLL - IDFC First Bank Limited,IDFC - MBL - BARASAT,61152,NORTH 24 PARGANAS,WEST BENGAL,,Subhajit Majumder,DHARMJEET SINGH
JLL - IDFC First Bank Limited,IDFC - MBL - HABRA,61154,NORTH 24 PARGANAS,WEST BENGAL,,Harashit Deori,DHARMJEET SINGH
JLL - IDFC First Bank Limited,IDFC - JAITARAN BRANCH,43101,PALI,RAJASTHAN,,Ajay Sharma,Mahindra Kumar Tiwari
JLL - IDFC First Bank Limited,IDFC - SOJAT BRANCH,43102,PALI,RAJASTHAN,,Umesh Sharma,Mahindra Kumar Tiwari
JLL - IDFC First Bank Limited,IDFC - SUMERPUR BRANCH,43103,PALI,RAJASTHAN,,Bharat Rajpurohit,Mahindra Kumar Tiwari
JLL - IDFC First Bank Limited,IDFC - PALI BRANCH,43104,PALI,RAJASTHAN,,NIKHIL BAFNA,Mahindra Kumar Tiwari
JLL - IDFC First Bank Limited,IDFC - PANJIM BRANCH,42401,PANAJI,GOA,,Amit Bandekar,VINOD GANPAT SURYAWANSHI
JLL - IDFC First Bank Limited,IDFC - PANCHKULA BRANCH,21351,PANCHKULA,HARYANA,,Mohit Kukkar,SUNIL THAKUR
JLL - IDFC First Bank Limited,IDFC - PANCHKULA SECTOR 20 BRANCH,21352,PANCHKULA,HARYANA,,Naveen Jain,SUNIL THAKUR
JLL - IDFC First Bank Limited,IDFC - PANIPAT BRANCH,21621,PANIPAT,HARYANA,,Vipin Bhatia,SUNIL THAKUR
JLL - IDFC First Bank Limited,IDFC - MBL - PANIPAT,21622,PANIPAT,HARYANA,,Dheeraj Panchal,SUNIL THAKUR
JLL - IDFC First Bank Limited,IDFC - SAMALAKHA BRANCH,21624,PANIPAT,HARYANA,,Ashish Kaushal,SUNIL THAKUR
JLL - IDFC First Bank Limited,IDFC - MBL-ASANSOL,60422,PASCHIM BARDHAMAN,WEST BENGAL,,Bikram Routh,DHARMJEET SINGH
JLL - IDFC First Bank Limited,IDFC - DURGAPUR - KARUKRIT HOUSE,60441,PASCHIM BARDHAMAN,WEST BENGAL,,,DHARMJEET SINGH
JLL - IDFC First Bank Limited,"IDFC - Paschim Bardhaman, Durgapur, West Bengal",60442,PASCHIM BARDHAMAN,WEST BENGAL,,Sayantan Mukherjee,DHARMJEET SINGH
JLL - IDFC First Bank Limited,IDFC - KHARAGPUR BRANCH,61451,PASCHIM MEDINIPUR,WEST BENGAL,,Abhirup Basu,DHARMJEET SINGH
JLL - IDFC First Bank Limited,IDFC - PATIALA-PREM HEIGHTS,21451,PATIALA,PUNJAB,,Subodh Goswami,SUNIL THAKUR
JLL - IDFC First Bank Limited,IDFC - PATIALA - LEELA BHAWAN BRANCH,21452,PATIALA,PUNJAB,,Kawal Kumar,SUNIL THAKUR
JLL - IDFC First Bank Limited,IDFC - Samana Branch,21453,PATIALA,PUNJAB,,,SUNIL THAKUR
JLL - IDFC First Bank Limited,IDFC - Nabha,21454,PATIALA,PUNJAB,,Chahat Sammi,SUNIL THAKUR
JLL - IDFC First Bank Limited,IDFC - BORING ROAD BRANCH,60281,PATNA,BIHAR,,Amreshwar Singh,BALA JEE SHARMA
JLL - IDFC First Bank Limited,IDFC - PATNA - KANKARBAGH BRANCH,60282,PATNA,BIHAR,,Amrit Kumar,BALA JEE SHARMA
JLL - IDFC First Bank Limited,IDFC - PATNA-EXHIBITION ROAD BRANCH,60283,PATNA,BIHAR,,,BALA JEE SHARMA
JLL - IDFC First Bank Limited,IDFC - PATNA-ASHIANA DIGHA ROAD BRANCH,60284,PATNA,BIHAR,,,BALA JEE SHARMA
JLL - IDFC First Bank Limited,IDFC - MBL - PATNA,60286,PATNA,BIHAR,,Aadarsh Anand,BALA JEE SHARMA
JLL - IDFC First Bank Limited,IDFC - Bihta,60288,PATNA,BIHAR,,,BALA JEE SHARMA
JLL - IDFC First Bank Limited,IDFC - Barh,60289,PATNA,BIHAR,,,BALA JEE SHARMA
JLL - IDFC First Bank Limited,IDFC - PRAYAGRAJ BRANCH,21541,PRAYAGRAJ,UTTAR PRADESH,,,GOVIND KUMAR SINGH
JLL - IDFC First Bank Limited,IDFC - MBL - ALLAHABAD,21542,PRAYAGRAJ,UTTAR PRADESH,,,GOVIND KUMAR SINGH
JLL - IDFC First Bank Limited,IDFC - Naini,21544,PRAYAGRAJ,UTTAR PRADESH,,Jitendra Mishra,GOVIND KUMAR SINGH
JLL - IDFC First Bank Limited,IDFC - PUNE BUND GARDEN ROAD BRANCH,41351,PUNE,MAHARASHTRA,,,VINOD GANPAT SURYAWANSHI
JLL - IDFC First Bank Limited,IDFC - PUNE LAW COLLEGE ROAD BRANCH,41352,PUNE,MAHARASHTRA,,,VINOD GANPAT SURYAWANSHI
JLL - IDFC First Bank Limited,IDFC - CAMP BRANCH,41353,PUNE,MAHARASHTRA,,SATYENDRA PRASAD,VINOD GANPAT SURYAWANSHI
JLL - IDFC First Bank Limited,IDFC - WAKAD BRANCH,41354,PUNE,MAHARASHTRA,,Faiz Akram,VINOD GANPAT SURYAWANSHI
JLL - IDFC First Bank Limited,IDFC - AUNDH BRANCH,41355,PUNE,MAHARASHTRA,,,VINOD GANPAT SURYAWANSHI
JLL - IDFC First Bank Limited,IDFC - PIMPRI BRANCH,41356,PUNE,MAHARASHTRA,,Basavaraj Ghodake,VINOD GANPAT SURYAWANSHI
JLL - IDFC First Bank Limited,IDFC - WANOWRIE BRANCH,41357,PUNE,MAHARASHTRA,,Ashish Kumar Upadhay,VINOD GANPAT SURYAWANSHI
JLL - IDFC First Bank Limited,IDFC - KALYANI NAGAR BRANCH,41358,PUNE,MAHARASHTRA,,Sharat Balan,MANISH KUMAR SHARMA
JLL - IDFC First Bank Limited,IDFC - KARVE NAGAR BRANCH,41359,PUNE,MAHARASHTRA,,Ravindra Pali,VINOD GANPAT SURYAWANSHI
JLL - IDFC First Bank Limited,IDFC - KONCORD TOWERS - PUNE BUND GARDEN,41361,PUNE,MAHARASHTRA,,Amit Kumar,VINOD GANPAT SURYAWANSHI
JLL - IDFC First Bank Limited,IDFC - PUNE -CHINCHWAD,41363,PUNE,MAHARASHTRA,,Ajinkya Chouhan,VINOD GANPAT SURYAWANSHI
JLL - IDFC First Bank Limited,IDFC - PUNE-WAGHOLI,41365,PUNE,MAHARASHTRA,,Raghav Khandelwal,VINOD GANPAT SURYAWANSHI
JLL - IDFC First Bank Limited,IDFC - PUNE NIGDI BRANCH,41371,PUNE,MAHARASHTRA,,,VINOD GANPAT SURYAWANSHI
JLL - IDFC First Bank Limited,IDFC - BIBWEWADI BRANCH,41372,PUNE,MAHARASHTRA,,Himadri Biswas,VINOD GANPAT SURYAWANSHI
JLL - IDFC First Bank Limited,IDFC - UNDRI BRANCH,41373,PUNE,MAHARASHTRA,,,VINOD GANPAT SURYAWANSHI
JLL - IDFC First Bank Limited,IDFC - PIMPLE SAUDAGAR BRANCH,41374,PUNE,MAHARASHTRA,,,VINOD GANPAT SURYAWANSHI
JLL - IDFC First Bank Limited,IDFC - BANER BRANCH,41375,PUNE,MAHARASHTRA,,MANISH KUMAR,VINOD GANPAT SURYAWANSHI
JLL - IDFC First Bank Limited,IDFC - KHARADI BRANCH,41376,PUNE,MAHARASHTRA,,Subham Das,VINOD GANPAT SURYAWANSHI
JLL - IDFC First Bank Limited,IDFC - MBL - CAMP,41378,PUNE,MAHARASHTRA,,,VINOD GANPAT SURYAWANSHI
JLL - IDFC First Bank Limited,IDFC - PUNE - HINJEWADI BRANCH,41379,PUNE,MAHARASHTRA,,Munmun Dutta Roy,VINOD GANPAT SURYAWANSHI
JLL - IDFC First Bank Limited,IDFC - PUNE SWARGATE BRANCH,41431,PUNE,MAHARASHTRA,,Amol Bhargude,VINOD GANPAT SURYAWANSHI
JLL - IDFC First Bank Limited,IDFC - PUNE - BALEWADI BRANCH,41433,PUNE,MAHARASHTRA,,Kuldip Bhadane,VINOD GANPAT SURYAWANSHI
JLL - IDFC First Bank Limited,IDFC - PUNE - BHOSARI BRANCH,41434,PUNE,MAHARASHTRA,,Kumar Lave,VINOD GANPAT SURYAWANSHI
JLL - IDFC First Bank Limited,IDFC - CHAKAN BRANCH,41438,PUNE,MAHARASHTRA,,Sonam Jain,VINOD GANPAT SURYAWANSHI
JLL - IDFC First Bank Limited,IDFC - VIMAN ANGAR PUNE,41441,PUNE,MAHARASHTRA,,,VINOD GANPAT SURYAWANSHI
JLL - IDFC First Bank Limited,IDFC - MBL - BARAMATI,41443,PUNE,MAHARASHTRA,,,MANISH KUMAR SHARMA
JLL - IDFC First Bank Limited,IDFC - SHIRUR BRANCH,41447,PUNE,MAHARASHTRA,,Appasaheb Dhavale,VINOD GANPAT SURYAWANSHI
JLL - IDFC First Bank Limited,IDFC - NAVI PETH PUNE,41451,PUNE,MAHARASHTRA,,,VINOD GANPAT SURYAWANSHI
JLL - IDFC First Bank Limited,IDFC - PUNE - KOTHRUD BRANCH,41454,PUNE,MAHARASHTRA,,,VINOD GANPAT SURYAWANSHI
JLL - IDFC First Bank Limited,IDFC - KHARADI REGIONAL OFFICE,49302,PUNE,MAHARASHTRA,,Pratap Rana,VINOD GANPAT SURYAWANSHI
JLL - IDFC First Bank Limited,IDFC - MBL - BURDWAN CITY,61291,PURBA BARDHAMAN,WEST BENGAL,,Jaya prata dutta,DHARMJEET SINGH
JLL - IDFC First Bank Limited,IDFC - CHANDANPUR BRANCH,60661,PURI,ODISHA,,Satyajit Samantaray,SATYAPRAJNA JENA
JLL - IDFC First Bank Limited,IDFC - RAIGARH BRANCH,60501,RAIGARH,CHHATTISGARH,,Amit Gupta,BALA JEE SHARMA
JLL - IDFC First Bank Limited,IDFC - KHARSIA BRANCH,60502,RAIGARH,CHHATTISGARH,,Lvglapo Viswanath,BALA JEE SHARMA
JLL - IDFC First Bank Limited,IDFC - SARANGARH BRANCH,60504,RAIGARH,CHHATTISGARH,,Ashish Agrawal,BALA JEE SHARMA
JLL - IDFC First Bank Limited,IDFC - RAIPUR BRANCH,60301,RAIPUR,CHHATTISGARH,,,BALA JEE SHARMA
JLL - IDFC First Bank Limited,IDFC - RAIPUR-DB CITY,60302,RAIPUR,CHHATTISGARH,,Rajkumar joshi,BALA JEE SHARMA
JLL - IDFC First Bank Limited,IDFC - LALPUR BRANCH,60303,RAIPUR,CHHATTISGARH,,T BINISHA RAO,BALA JEE SHARMA
JLL - IDFC First Bank Limited,IDFC - RAIPUR-G. E ROAD BRANCH,60304,RAIPUR,CHHATTISGARH,,Jitendra Mohanty,BALA JEE SHARMA
JLL - IDFC First Bank Limited,IDFC - RAIPUR-TAGORE NAGAR BRANCH,60305,RAIPUR,CHHATTISGARH,,Amal Sharma,BALA JEE SHARMA
JLL - IDFC First Bank Limited,IDFC - Bhanpuri,60307,RAIPUR,CHHATTISGARH,,Ankita Gautam,BALA JEE SHARMA
JLL - IDFC First Bank Limited,IDFC - RAIPUR REGIONAL OFFICE,69401,RAIPUR,CHHATTISGARH,,,BALA JEE SHARMA
JLL - IDFC First Bank Limited,IDFC - MANDIDEEP BRANCH,42101,RAISEN,MADHYA PRADESH,,Anurag Dubey,KAMAL PRAJAPATI
JLL - IDFC First Bank Limited,IDFC - KURAWAR BRANCH,41411,RAJGARH,MADHYA PRADESH,,Rohit Sahu,KAMAL PRAJAPATI
JLL - IDFC First Bank Limited,IDFC - BIAORA BRANCH,41413,RAJGARH,MADHYA PRADESH,,Satish Modi,KAMAL PRAJAPATI
JLL - IDFC First Bank Limited,IDFC - MBL - BIAORA,43731,RAJGARH,MADHYA PRADESH,,,KAMAL PRAJAPATI
JLL - IDFC First Bank Limited,IDFC - RAJKOT BRANCH,42421,RAJKOT,GUJARAT,,Mayank Vyas,RAJESH DAVE
JLL - IDFC First Bank Limited,IDFC - RAJKOT-IMPERIAL HEIGHTS,42423,RAJKOT,GUJARAT,,Mayurkumar Damaniya,RAJESH DAVE
JLL - IDFC First Bank Limited,IDFC - MBL - RAJKOT - GONDAL ROAD,42424,RAJKOT,GUJARAT,,Harsh Chudasama,RAJESH DAVE
JLL - IDFC First Bank Limited,IDFC - RAJKOT BHAKTI NAGAR BRANCH,42425,RAJKOT,GUJARAT,,,RAJESH DAVE
JLL - IDFC First Bank Limited,IDFC - GONDAL BRANCH,42427,RAJKOT,GUJARAT,,Ajay Vasani,RAJESH DAVE
JLL - IDFC First Bank Limited,IDFC - SHAPAR VERAVAL BRANCH,42429,RAJKOT,GUJARAT,,HIREN BHUPTANI,RAJESH DAVE
JLL - IDFC First Bank Limited,IDFC - MBL - JETPUR,42432,RAJKOT,GUJARAT,,Jatin Raychura,RAJESH DAVE
JLL - IDFC First Bank Limited,IDFC - MBL - Rajkot Pedak Road,42433,RAJKOT,GUJARAT,,,RAJESH DAVE
JLL - IDFC First Bank Limited,IDFC - RAJNANDGAON BRANCH,60541,RAJNANDGAON,CHHATTISGARH,,,BALA JEE SHARMA
JLL - IDFC First Bank Limited,IDFC - RAJSAMAND BRANCH,42781,RAJSAMAND,RAJASTHAN,,GAURAV JAIN,Mahindra Kumar Tiwari
JLL - IDFC First Bank Limited,IDFC - RANCHI BRANCH,60341,RANCHI,JHARKHAND,,Ankit Ranjan,BALA JEE SHARMA
JLL - IDFC First Bank Limited,IDFC - RANCHI-PACIFIC HEIGHTS,60342,RANCHI,JHARKHAND,,Abhishek Singh,BALA JEE SHARMA
JLL - IDFC First Bank Limited,IDFC - RANCHI- LALPUR BRANCH,60344,RANCHI,JHARKHAND,,Rinku Khawas,BALA JEE SHARMA
JLL - IDFC First Bank Limited,IDFC - SEJAWATA BRANCH,42142,RATLAM,MADHYA PRADESH,,Chandmal Porwal,KAMAL PRAJAPATI
JLL - IDFC First Bank Limited,IDFC - RATLAM BRANCH,42201,RATLAM,MADHYA PRADESH,,Vikas Panwar,KAMAL PRAJAPATI
JLL - IDFC First Bank Limited,IDFC - MBL - RATLAM,42202,RATLAM,MADHYA PRADESH,,Mahesh Panchal,KAMAL PRAJAPATI
JLL - IDFC First Bank Limited,IDFC - MBL - REWA,43521,REWA,MADHYA PRADESH,,Rahul Singh Baghel,KAMAL PRAJAPATI
JLL - IDFC First Bank Limited,IDFC - DHARUHERA BRANCH,21943,REWARI,HARYANA,,Ankush Kansal,SUNIL THAKUR
JLL - IDFC First Bank Limited,IDFC - ROHTAK BRANCH,21581,ROHTAK,HARYANA,,Rajat Kinra,SUNIL THAKUR
JLL - IDFC First Bank Limited,IDFC - MBL - SAGAR,43552,SAGAR,MADHYA PRADESH,,Brijesh Raikwar,KAMAL PRAJAPATI
JLL - IDFC First Bank Limited,IDFC - MBL - SAHARANPUR,21691,SAHARANPUR,UTTAR PRADESH,,,GOVIND KUMAR SINGH
JLL - IDFC First Bank Limited,IDFC - SAHARANPUR BRANCH,21692,SAHARANPUR,UTTAR PRADESH,,Deepak Budhraja,GOVIND KUMAR SINGH
JLL - IDFC First Bank Limited,IDFC - MOHALI BRANCH,21371,SAHIBZADA AJIT SINGH NAGAR,PUNJAB,,,SUNIL THAKUR
JLL - IDFC First Bank Limited,IDFC - ZIRAKPUR - KALGIDHAR ENCLAVE,21372,SAHIBZADA AJIT SINGH NAGAR,PUNJAB,,,SUNIL THAKUR
JLL - IDFC First Bank Limited,IDFC - MOHALI PHASE 10 BRANCH,21373,SAHIBZADA AJIT SINGH NAGAR,PUNJAB,,,SUNIL THAKUR
JLL - IDFC First Bank Limited,IDFC - ZIRAKPUR BRANCH,21374,SAHIBZADA AJIT SINGH NAGAR,PUNJAB,,Sanyam Rana,SUNIL THAKUR
JLL - IDFC First Bank Limited,IDFC - HIRAKUD ROAD BRANCH,61023,SAMBALPUR,ODISHA,,Hemananda Mishra,SATYAPRAJNA JENA
JLL - IDFC First Bank Limited,IDFC - MBL - SATNA,43621,SATNA,MADHYA PRADESH,,Shivendra Singh,KAMAL PRAJAPATI
JLL - IDFC First Bank Limited,IDFC - SEHORE BRANCH,43161,SEHORE,MADHYA PRADESH,,Animesh Shukla,KAMAL PRAJAPATI
JLL - IDFC First Bank Limited,IDFC - NASRULLAGANJ BRANCH,43162,SEHORE,MADHYA PRADESH,,Sumit Malviya,KAMAL PRAJAPATI
JLL - IDFC First Bank Limited,IDFC - SEONI,43861,SEONI,MADHYA PRADESH,,,KAMAL PRAJAPATI
JLL - IDFC First Bank Limited,IDFC - AKODIA BRANCH,42721,SHAJAPUR,MADHYA PRADESH,,Parvez Khan,KAMAL PRAJAPATI
JLL - IDFC First Bank Limited,IDFC - MBL - SHAJAPUR,42722,SHAJAPUR,MADHYA PRADESH,,,KAMAL PRAJAPATI
JLL - IDFC First Bank Limited,IDFC - SHIMLA BRANCH,21731,SHIMLA,HIMACHAL PRADESH,,Rajesh Kumar,SUNIL THAKUR
JLL - IDFC First Bank Limited,IDFC - MBL - SHIVPURI,43751,SHIVPURI,MADHYA PRADESH,,,KAMAL PRAJAPATI
JLL - IDFC First Bank Limited,IDFC - SIKAR BRANCH,42221,SIKAR,RAJASTHAN,,Sourav Varma,Mahindra Kumar Tiwari
JLL - IDFC First Bank Limited,IDFC - SRIMADHOPUR BRANCH,42222,SIKAR,RAJASTHAN,,Praveen Kumar,Mahindra Kumar Tiwari
JLL - IDFC First Bank Limited,IDFC - NEEM KA THANA BRANCH,42224,SIKAR,RAJASTHAN,,Ram Prasad Saini,Mahindra Kumar Tiwari
JLL - IDFC First Bank Limited,IDFC - FATEHPUR BRANCH,42225,SIKAR,RAJASTHAN,,Abhijat Sharma,Mahindra Kumar Tiwari
JLL - IDFC First Bank Limited,IDFC - MBL - SIKAR,42226,SIKAR,RAJASTHAN,,Laxmi Datta Yadav,Mahindra Kumar Tiwari
JLL - IDFC First Bank Limited,IDFC - MANDI DABWALI BRANCH,21061,SIRSA,HARYANA,,Renu Bala,SUNIL THAKUR
JLL - IDFC First Bank Limited,IDFC - SIRSA,21064,SIRSA,HARYANA,,Rajat Aneja,SUNIL THAKUR
JLL - IDFC First Bank Limited,IDFC - Sitapur Branch,21972,SITAPUR,UTTAR PRADESH,,,GOVIND KUMAR SINGH
JLL - IDFC First Bank Limited,IDFC - SOLAPUR BRANCH,42923,SOLAPUR,MAHARASHTRA,,Onkar Devale,MANISH KUMAR SHARMA
JLL - IDFC First Bank Limited,IDFC - Rural barshi,42924,SOLAPUR,MAHARASHTRA,,Shivanand Patil,MANISH KUMAR SHARMA
JLL - IDFC First Bank Limited,IDFC - AKLUJ BRANCH,42925,SOLAPUR,MAHARASHTRA,,Krushna Rakle,MANISH KUMAR SHARMA
JLL - IDFC First Bank Limited,IDFC - PANDHARPUR BRANCH,42926,SOLAPUR,MAHARASHTRA,,Pandurang Patil,MANISH KUMAR SHARMA
JLL - IDFC First Bank Limited,IDFC - MBL Solapaur,42927,SOLAPUR,MAHARASHTRA,,Somnath Jirole,MANISH KUMAR SHARMA
JLL - IDFC First Bank Limited,IDFC - SONIPAT,21872,SONIPAT,HARYANA,,Pradeep Dahiya,SUNIL THAKUR
JLL - IDFC First Bank Limited,IDFC - Gohana Branch,21873,SONIPAT,HARYANA,,Sunil Kumar,SUNIL THAKUR
JLL - IDFC First Bank Limited,IDFC - KOLKATA-GARIA BRANCH,60109,SOUTH 24 PARGANAS,WEST BENGAL,,Prabhkar Gaurav,DHARMJEET SINGH
JLL - IDFC First Bank Limited,IDFC - MBL - GARIA,60121,SOUTH 24 PARGANAS,WEST BENGAL,,Avijit Sen,DHARMJEET SINGH
JLL - IDFC First Bank Limited,IDFC - MBL - SRIGANGANAGAR,22071,SRI GANGANAGAR,RAJASTHAN,,Dheeraj Garg,Mahindra Kumar Tiwari
JLL - IDFC First Bank Limited,IDFC - PANPOSH ROAD BRANCH,61161,SUNDARGARH,ODISHA,,Samir Mohapatra,SATYAPRAJNA JENA
JLL - IDFC First Bank Limited,IDFC - ROURKELA,61461,SUNDARGARH,ODISHA,,,SATYAPRAJNA JENA
JLL - IDFC First Bank Limited,IDFC - SURAJPUR BRANCH,61081,SURAJPUR,CHHATTISGARH,,Ashu Das,BALA JEE SHARMA
JLL - IDFC First Bank Limited,IDFC - SURAT BRANCH,42261,SURAT,GUJARAT,,Samir Dasani,RAJESH DAVE
JLL - IDFC First Bank Limited,IDFC - RING ROAD BRANCH,42262,SURAT,GUJARAT,,Dakshesh Chhatriwala,RAJESH DAVE
JLL - IDFC First Bank Limited,IDFC - SURAT- INTERNATIONAL BUSINESS CENTRE,42264,SURAT,GUJARAT,,Alkesh Mundvada,RAJESH DAVE
JLL - IDFC First Bank Limited,IDFC - KAMREJ BRANCH,42267,SURAT,GUJARAT,,RAVIRANJAN SHARMA,RAJESH DAVE
JLL - IDFC First Bank Limited,IDFC - SURAT - VESU BRANCH,42268,SURAT,GUJARAT,,Jatin Chapatwala,RAJESH DAVE
JLL - IDFC First Bank Limited,IDFC - SURAT ADAJAN BRANCH,42269,SURAT,GUJARAT,,Binita Parekh,RAJESH DAVE
JLL - IDFC First Bank Limited,IDFC - KIM BRANCH,42271,SURAT,GUJARAT,,ANKIT UPADHYAY,RAJESH DAVE
JLL - IDFC First Bank Limited,IDFC - VARACHHA BRANCH,42272,SURAT,GUJARAT,,Dhaval Mandviwala,RAJESH DAVE
JLL - IDFC First Bank Limited,IDFC - MBL- ADAJAN,42273,SURAT,GUJARAT,,Piyush Savaliya,RAJESH DAVE
JLL - IDFC First Bank Limited,IDFC - MBL - KAMREJ,42275,SURAT,GUJARAT,,Ketan Davra,RAJESH DAVE
JLL - IDFC First Bank Limited,IDFC - SACHIN BRANCH,42276,SURAT,GUJARAT,,Shubham Mukkawar,RAJESH DAVE
JLL - IDFC First Bank Limited,IDFC - Katagram,42279,SURAT,GUJARAT,,Niraj Desai,RAJESH DAVE
JLL - IDFC First Bank Limited,IDFC - Udhana,43841,SURAT,GUJARAT,,Nihar Brahmbhatt,RAJESH DAVE
JLL - IDFC First Bank Limited,IDFC - VIP Road Surat CPC,43843,SURAT,GUJARAT,,Gaurav Jani,RAJESH DAVE
JLL - IDFC First Bank Limited,IDFC - DHRANGADHRA BRANCH,43371,SURENDRANAGAR,GUJARAT,,,RAJESH DAVE
JLL - IDFC First Bank Limited,IDFC - AMBIKAPUR BRANCH,61061,SURGUJA,CHHATTISGARH,,Ankur Kumar,BALA JEE SHARMA
JLL - IDFC First Bank Limited,IDFC - QUANTUM THANE HIRANANDANI ESTATE,10115,THANE,MAHARASHTRA,,,MANISH KUMAR SHARMA
JLL - IDFC First Bank Limited,IDFC - THANE - CROSSVILLA,10122,THANE,MAHARASHTRA,,ANOOP NAIR,MANISH KUMAR SHARMA
JLL - IDFC First Bank Limited,IDFC - VASHI SALES HUB,10222,THANE,MAHARASHTRA,,,MANISH KUMAR SHARMA
JLL - IDFC First Bank Limited,"IDFC - VASHI,SECTOR-17 BRANCH",40103,THANE,MAHARASHTRA,,Anant Raj Sharma,MANISH KUMAR SHARMA
JLL - IDFC First Bank Limited,IDFC - GHODBUNDER ROAD - THANE BRANCH,40108,THANE,MAHARASHTRA,,,MANISH KUMAR SHARMA
JLL - IDFC First Bank Limited,IDFC - THANE BRANCH,40112,THANE,MAHARASHTRA,,Dipti Kadam,MANISH KUMAR SHARMA
JLL - IDFC First Bank Limited,IDFC - THANE-RAM MARUTI ROAD BRANCH,40119,THANE,MAHARASHTRA,,Rupesh Kengar,MANISH KUMAR SHARMA
JLL - IDFC First Bank Limited,IDFC - KALYAN-SARVODAY MALL,40122,THANE,MAHARASHTRA,,Ganesh Shankar Vishwakarma,MANISH KUMAR SHARMA
JLL - IDFC First Bank Limited,IDFC - NERUL BRANCH,40132,THANE,MAHARASHTRA,,Chandan Singh,MANISH KUMAR SHARMA
JLL - IDFC First Bank Limited,IDFC - KALYAN BRANCH,40135,THANE,MAHARASHTRA,,Vijay Kumar Gali,MANISH KUMAR SHARMA
JLL - IDFC First Bank Limited,IDFC - VARTAK NAGAR- THANE BRANCH,40136,THANE,MAHARASHTRA,,Murali Krishnamachari,MANISH KUMAR SHARMA
JLL - IDFC First Bank Limited,IDFC - SANPADA BRANCH,40144,THANE,MAHARASHTRA,,,MANISH KUMAR SHARMA
JLL - IDFC First Bank Limited,IDFC - Bhiwandi,40148,THANE,MAHARASHTRA,,Kireeti Kuchan,MANISH KUMAR SHARMA
JLL - IDFC First Bank Limited,IDFC - NAVI MUMBAI-AIROLI BRANCH,40152,THANE,MAHARASHTRA,,Nitu Mishra,MANISH KUMAR SHARMA
JLL - IDFC First Bank Limited,IDFC - SEAWOODS BRANCH,40158,THANE,MAHARASHTRA,,Shourav Chakravarty,MANISH KUMAR SHARMA
JLL - IDFC First Bank Limited,IDFC - THANE-HIRANANDANI ESTATE BRANCH,40162,THANE,MAHARASHTRA,,Reenu Nake,MANISH KUMAR SHARMA
JLL - IDFC First Bank Limited,IDFC - MUMBAI-DOMBIVLI BRANCH,40173,THANE,MAHARASHTRA,,,MANISH KUMAR SHARMA
JLL - IDFC First Bank Limited,IDFC - Vashi APMC,40193,THANE,MAHARASHTRA,,,MANISH KUMAR SHARMA
JLL - IDFC First Bank Limited,IDFC - Thane Anand Nagar,40195,THANE,MAHARASHTRA,,Ankit Mishra,MANISH KUMAR SHARMA
JLL - IDFC First Bank Limited,IDFC - Ulhasnagar,40196,THANE,MAHARASHTRA,,Surekha Barua,MANISH KUMAR SHARMA
JLL - IDFC First Bank Limited,IDFC - Thane Waghle Estate,40197,THANE,MAHARASHTRA,,Dhaval Kakka,MANISH KUMAR SHARMA
JLL - IDFC First Bank Limited,IDFC - Ghansoli,40516,THANE,MAHARASHTRA,,Harish Nagar,MANISH KUMAR SHARMA
JLL - IDFC First Bank Limited,IDFC - Kopar Khairne,40517,THANE,MAHARASHTRA,,,MANISH KUMAR SHARMA
JLL - IDFC First Bank Limited,IDFC - UDAIPUR-APEX CHAMBER,42561,UDAIPUR,RAJASTHAN,,Vishavpratap Chouhan,Mahindra Kumar Tiwari
JLL - IDFC First Bank Limited,IDFC - FATEHNAGAR BRANCH,42562,UDAIPUR,RAJASTHAN,,Deepak Tak,Mahindra Kumar Tiwari
JLL - IDFC First Bank Limited,IDFC - UDAIPUR BRANCH,42563,UDAIPUR,RAJASTHAN,,Mohit Sharma,Mahindra Kumar Tiwari
JLL - IDFC First Bank Limited,IDFC - UDAIPUR HIRAN MAGRI BRANCH,42564,UDAIPUR,RAJASTHAN,,,Mahindra Kumar Tiwari
JLL - IDFC First Bank Limited,IDFC - RUDRAPUR,22291,UDHAM SINGH NAGAR,UTTARAKHAND,,Amit Arora,GOVIND KUMAR SINGH
JLL - IDFC First Bank Limited,IDFC - UJJAIN BRANCH,42141,UJJAIN,MADHYA PRADESH,,Nitin Porwal,KAMAL PRAJAPATI
JLL - IDFC First Bank Limited,IDFC - MBL - UJJAIN-FREEGUNJ,42143,UJJAIN,MADHYA PRADESH,,,KAMAL PRAJAPATI
JLL - IDFC First Bank Limited,IDFC - UJJAIN FREEGANJ BRANCH,42145,UJJAIN,MADHYA PRADESH,,Gunjan Jain,KAMAL PRAJAPATI
JLL - IDFC First Bank Limited,IDFC - NAGDA BRANCH,43351,UJJAIN,MADHYA PRADESH,,Zameer Khan,KAMAL PRAJAPATI
JLL - IDFC First Bank Limited,IDFC - VADODARA BRANCH,42381,VADODARA,GUJARAT,,Deepshikha Sachdev,RAJESH DAVE
JLL - IDFC First Bank Limited,IDFC - PADRA BRANCH,42382,VADODARA,GUJARAT,,Harendra Singh Sisodiya,RAJESH DAVE
JLL - IDFC First Bank Limited,IDFC - MAKARPURA BRANCH,42383,VADODARA,GUJARAT,,Bijendra Jha,RAJESH DAVE
JLL - IDFC First Bank Limited,IDFC - KARELIBAUGH BRANCH,42385,VADODARA,GUJARAT,,Ashish Mehta,RAJESH DAVE
JLL - IDFC First Bank Limited,IDFC - VADODARA VASNA BHAYLIBRANCH,42386,VADODARA,GUJARAT,,,RAJESH DAVE
JLL - IDFC First Bank Limited,IDFC - DABHOI BRANCH,42387,VADODARA,GUJARAT,,Ankit Bhade,RAJESH DAVE
JLL - IDFC First Bank Limited,IDFC - MBL- WAGHODIA ROAD,42388,VADODARA,GUJARAT,,Dipakkumar Chauhan,RAJESH DAVE
JLL - IDFC First Bank Limited,IDFC - VADODARA- SALES HUB,42389,VADODARA,GUJARAT,,Subodh Goswami,RAJESH DAVE
JLL - IDFC First Bank Limited,IDFC - KANHA CAPITAL,42391,VADODARA,GUJARAT,,Subodh Goswami,RAJESH DAVE
JLL - IDFC First Bank Limited,IDFC - Nizampura,42393,VADODARA,GUJARAT,,,RAJESH DAVE
JLL - IDFC First Bank Limited,IDFC - SAHYOG ATRIUM VADODARA,42394,VADODARA,GUJARAT,,Manoj Shinde,RAJESH DAVE
JLL - IDFC First Bank Limited,IDFC - VAPI BRANCH,42441,VALSAD,GUJARAT,,Hardik Vashi,RAJESH DAVE
JLL - IDFC First Bank Limited,IDFC - KILLA-PARDI BRANCH,42443,VALSAD,GUJARAT,,Dipak Prajapati,RAJESH DAVE
JLL - IDFC First Bank Limited,IDFC - MBL - VAPI - SILVASSA ROAD,42444,VALSAD,GUJARAT,,Akash Shrivastav,RAJESH DAVE
JLL - IDFC First Bank Limited,IDFC - MBL - VARANASI,21921,VARANASI,UTTAR PRADESH,,,GOVIND KUMAR SINGH
JLL - IDFC First Bank Limited,IDFC - VARANASI BRANCH,60321,VARANASI,UTTAR PRADESH,,Amit Kumar,GOVIND KUMAR SINGH
JLL - IDFC First Bank Limited,IDFC - VARANASI - LANKA BRANCH,60322,VARANASI,UTTAR PRADESH,,,GOVIND KUMAR SINGH
JLL - IDFC First Bank Limited,IDFC - Vasco CPC,42406,VASCO-MORMUGAO,GOA,,Poornanand Savant,VINOD GANPAT SURYAWANSHI
JLL - IDFC First Bank Limited,IDFC - Vidisha,43832,VIDISHA,MADHYA PRADESH,,Hirdesh Jain,KAMAL PRAJAPATI
JLL - IDFC First Bank Limited,IDFC - LADVI BRANCH,41321,WEST NIMAR,MADHYA PRADESH,,Nakul Panda,KAMAL PRAJAPATI
JLL - IDFC First Bank Limited,IDFC - SANAWAD BRANCH,41322,WEST NIMAR,MADHYA PRADESH,,Dayal Saran Jadhav,KAMAL PRAJAPATI
JLL - IDFC First Bank Limited,IDFC - SIRLAI BRANCH,41323,WEST NIMAR,MADHYA PRADESH,,Dheeraj Mankar,KAMAL PRAJAPATI
JLL - IDFC First Bank Limited,IDFC - BHIKANGAON BRANCH,41324,WEST NIMAR,MADHYA PRADESH,,Yogesh Jain,KAMAL PRAJAPATI
JLL - IDFC First Bank Limited,IDFC - KHARGONE BRANCH,41325,WEST NIMAR,MADHYA PRADESH,,Bhushan Dubey,KAMAL PRAJAPATI
JLL - IDFC First Bank Limited,IDFC - AGARTALA BRANCH,60221,WEST TRIPURA,TRIPURA,,Dhrubojyoti Biswas,Barsha Kumari Singh
JLL - IDFC First Bank Limited,IDFC - YAMUNA NAGAR- SCO 184-185,21431,YAMUNANAGAR,HARYANA,,Amarjeet Singh,SUNIL THAKUR
JLL - IDFC First Bank Limited,IDFC - JAGADHRI BRANCH,21433,YAMUNANAGAR,HARYANA,,Himanshi Gaba,SUNIL THAKUR
JLL - IDFC First Bank Limited,IDFC - NOIDA SEC 121 BRANCH,20159,NOIDA,UTTAR PRADESH,,Bhawna Bhardwaj,RAVI MISHRA
JLL - IDFC First Bank Limited,IDFC - GURGAON - SECTOR 67 BRANCH,21018,GURUGRAM,GURGAON-HARYANA,,,RAVI MISHRA
JLL - IDFC First Bank Limited,IDFC - AMRITSAR RANJIT AVENUE,21027,AMRITSAR,PUNJAB,,,SUNIL THAKUR
JLL - IDFC First Bank Limited,IDFC - SOHNA ROAD,21029,GURUGRAM,GURGAON-HARYANA,,Mohit Agrwal,RAVI MISHRA
JLL - IDFC First Bank Limited,IDFC - SUNDER NAGAR BRANCH,21179,SUNDER NAGAR,PUNJAB,,Yogesh Sharma,SUNIL THAKUR
JLL - IDFC First Bank Limited,IDFC - FARIDABAD SEC -37,21315,FARIDABAD,HARYANA,,Harminder Singh,RAVI MISHRA
JLL - IDFC First Bank Limited,IDFC - Faridabad - Sec 9,21316,FARIDABAD,HARYANA,,,RAVI MISHRA
JLL - IDFC First Bank Limited,IDFC - Gaur Chowk Greater Noida,21334,NOIDA,UTTAR PRADESH,,Sunil Kumar Yadav,RAVI MISHRA
JLL - IDFC First Bank Limited,IDFC - MOHALI SEC 82,21375,MOHALI,PUNJAB,,,SUNIL THAKUR
JLL - IDFC First Bank Limited,IDFC - Dera Bassi,21376,CHANDIGARH,PUNJAB,,,SUNIL THAKUR
JLL - IDFC First Bank Limited,IDFC - MODI NAGAR,21417,MODINAGAR,UTTAR PRADESH,,RAKSHAN RIZVI,RAVI MISHRA
JLL - IDFC First Bank Limited,IDFC - AMBEDKAR ROAD GHAZIABAD,21423,GHAZIABAD,UTTAR PRADESH,,Ankit Shamra,RAVI MISHRA
JLL - IDFC First Bank Limited,IDFC - Yamuna Nagar,21432,YAMUNANAGAR,HARYANA,,,SUNIL THAKUR
JLL - IDFC First Bank Limited,IDFC - AMBALA ROAD,21693,AMBALA,UTTAR PRADESH,,,GOVIND KUMAR SINGH
JLL - IDFC First Bank Limited,IDFC - ROORKEE,21792,ROORKEE,UTTARAKHAND,,Pravin Kumar Jaiswal,GOVIND KUMAR SINGH
JLL - IDFC First Bank Limited,IDFC - MUZAFFAR NAGAR,21831,MUZAFFARNAGAR,UTTAR PRADESH,,Ravi Pundir,GOVIND KUMAR SINGH
JLL - IDFC First Bank Limited,IDFC - SOLANBRANCH NAME YET TO BE FINALIZED,21891,SOLAN,HIMACHAL PRADESH,,Pradeep Kumar,SUNIL THAKUR
JLL - IDFC First Bank Limited,IDFC - Baddi,21892,BADDI,HIMACHAL PRADESH,,Yaksh Duggal,SUNIL THAKUR
JLL - IDFC First Bank Limited,IDFC - REWARI,21946,REWARI,HARYANA,,Ankur Jadon,SUNIL THAKUR
JLL - IDFC First Bank Limited,IDFC - HOSHIYARPUR,22152,HOSHIARPUR,PUNJAB,,Tarun Aggarwal,SUNIL THAKUR
JLL - IDFC First Bank Limited,IDFC - PATHANKOT,22211,PATHANKOT,PUNJAB,,,SUNIL THAKUR
JLL - IDFC First Bank Limited,IDFC - MOGA,22311,MOGA,PUNJAB,,,SUNIL THAKUR
JLL - IDFC First Bank Limited,IDFC - BULANDSHAHAR,22331,BULANDSHAHR,UTTAR PRADESH,,,GOVIND KUMAR SINGH
JLL - IDFC First Bank Limited,IDFC - KHAR WEST BRANCH,40149,MUMBAI,MAHARASHTRA,,,MANISH KUMAR SHARMA
JLL - IDFC First Bank Limited,IDFC - Matunga,40157,MUMBAI,MAHARASHTRA,,,MANISH KUMAR SHARMA
JLL - IDFC First Bank Limited,IDFC - Bhayandar West,40181,MUMBAI,MAHARASHTRA,,Isha Singh,MANISH KUMAR SHARMA
JLL - IDFC First Bank Limited,IDFC - Shela Ahmedabad,40343,AHMEDABAD,GUJARAT,,Shivani Raval,RAJESH DAVE
JLL - IDFC First Bank Limited,IDFC - Sattadhar Ahmedabad,40345,AHMEDABAD,GUJARAT,,,RAJESH DAVE
JLL - IDFC First Bank Limited,IDFC - DN Road Fort,40505,MUMBAI,MAHARASHTRA,,Nilkanth koli,MANISH KUMAR SHARMA
JLL - IDFC First Bank Limited,"IDFC - Itwariya Bazar,Indore",41277,INDORE,MADHYA PRADESH,,Vinay Gupta,KAMAL PRAJAPATI
JLL - IDFC First Bank Limited,IDFC - Bhopal MP Nagar,41392,BHOPAL,MADHYA PRADESH,,,KAMAL PRAJAPATI
JLL - IDFC First Bank Limited,IDFC - Magob,42277,SURAT,GUJARAT,,,RAJESH DAVE
JLL - IDFC First Bank Limited,IDFC - NASHIK - NASHIK ROAD,42289,NASIK,MAHARASHTRA,,,MANISH KUMAR SHARMA
JLL - IDFC First Bank Limited,IDFC - Bhilwara,42326,BHILWARA,RAJASTHAN,,Mahesh Dadhich,Mahindra Kumar Tiwari
JLL - IDFC First Bank Limited,IDFC - Kudasan,42346,GANDHINAGAR,GUJARAT,,,RAJESH DAVE
JLL - IDFC First Bank Limited,IDFC - Basni,42485,JODHPUR,RAJASTHAN,,,Mahindra Kumar Tiwari
JLL - IDFC First Bank Limited,IDFC - Bikaner,42604,BIKANER,RAJASTHAN,,,Mahindra Kumar Tiwari
JLL - IDFC First Bank Limited,IDFC - Virar,43392,MUMBAI,MAHARASHTRA,,Stallun Dcunha,MANISH KUMAR SHARMA
JLL - IDFC First Bank Limited,IDFC - Vasai E,43393,MUMBAI,MAHARASHTRA,,Anurag Tomar,MANISH KUMAR SHARMA
JLL - IDFC First Bank Limited,IDFC - Pratap Nagar Jaipur,43413,JAIPUR,RAJASTHAN,,Dinkar Singh,Mahindra Kumar Tiwari
JLL - IDFC First Bank Limited,IDFC - Akola,43642,AKOLA,MAHARASHTRA,,,MANISH KUMAR SHARMA
JLL - IDFC First Bank Limited,IDFC - Ved Road,43844,SURAT,GUJARAT,,,RAJESH DAVE
JLL - IDFC First Bank Limited,IDFC - DAMAN/VALSAD,43901,DAMAN,DAMAN AND DIU,,,RAJESH DAVE
JLL - IDFC First Bank Limited,IDFC - SILVASSA,43911,SILVASSA,DADAR NAGAR HAWELI,,,RAJESH DAVE
JLL - IDFC First Bank Limited,IDFC - Merlin House,60104,KOLKATA,WEST BENGAL,,Pritam Das,DHARMJEET SINGH
JLL - IDFC First Bank Limited,IDFC - Girish Park,60118,KOLKATA,WEST BENGAL,,Subhabrata Das,DHARMJEET SINGH
JLL - IDFC First Bank Limited,IDFC - PATNA CITY BRANCH,60291,PATNA,BIHAR,,,BALA JEE SHARMA
JLL - IDFC First Bank Limited,IDFC - Kanke,60345,RANCHI,JHARKHAND,,,BALA JEE SHARMA
JLL - IDFC First Bank Limited,IDFC - Cuttack-CDA,60372,CUTTACK,ODISHA,,Suryakanta Satapathy,SATYAPRAJNA JENA
JLL - IDFC First Bank Limited,IDFC - ASANSOL,60423,ASANSOL,WEST BENGAL,,Sajid Khan,DHARMJEET SINGH
JLL - IDFC First Bank Limited,IDFC - PURI/ GRAND ROAD,60662,PURI,ODISHA,,Asutosh Nayak,SATYAPRAJNA JENA
JLL - IDFC First Bank Limited,IDFC - DHANBAD,61141,DHANBAD,JHARKHAND,,Manish Acharya,BALA JEE SHARMA
JLL - IDFC First Bank Limited,IDFC - DIBRUGARH THANA CHARIALI/ HH ROAD,61183,DIBRUGARH,ASSAM,,Upasana Dutta,Barsha Kumari Singh
JLL - IDFC First Bank Limited,IDFC - GAYA GANDHI MAIDAN,61312,GAYA,BIHAR,,Chitra Gupt,BALA JEE SHARMA
JLL - IDFC First Bank Limited,IDFC - KOHIMA,61491,KOHIMA,NAGALAND,,Vepelo Koza,Barsha Kumari Singh
JLL - IDFC First Bank Limited,IDFC - COOCH BEHAR,61531,COOCH BEHAR,WEST BENGAL,,,DHARMJEET SINGH
JLL - IDFC First Bank Limited,IDFC - SILCHAR SHILLONG PATTI,61551,SHILLONG,MEGHALAYA,,,Barsha Kumari Singh
JLL - IDFC First Bank Limited,IDFC - PATNA RURAL REGIONAL OFFICE,69403,PATNA,BIHAR,,,BALA JEE SHARMA
JLL - IDFC First Bank Limited,IDFC - KANPUR M CORP. OGKidwai Nagar,21274-1,KANPUR,UTTAR PRADESH,,,GOVIND KUMAR SINGH
JLL - IDFC First Bank Limited,IDFC - Quantum -18th Floor 19th Floor,WIP-1,MUMBAI,MAHARASHTRA,,,MANISH KUMAR SHARMA
JLL - IDFC First Bank Limited,IDFC - Bhawanipur/ Chowringhee Road- Kolkata,WIP-10,KOLKATA,WEST BENGAL,,,DHARMJEET SINGH
JLL - IDFC First Bank Limited,IDFC - Bhopal,WIP-2,BHOPAL,MADHYA PRADESH,,,KAMAL PRAJAPATI
JLL - IDFC First Bank Limited,IDFC - Kanpur,WIP-3,KANPUR,UTTAR PRADESH,,,GOVIND KUMAR SINGH
JLL - IDFC First Bank Limited,IDFC - Raj Nagar Extention,WIP-4,GHAZIABAD,UTTAR PRADESH,,,RAVI MISHRA
JLL - IDFC First Bank Limited,IDFC - Gift City,WIP-5,GANDHINAGAR,GUJARAT,,,RAJESH DAVE
JLL - IDFC First Bank Limited,IDFC - Tinsukhia,WIP-8,TINSUKIA,ASSAM,,,Barsha Kumari Singh
JLL - IDFC First Bank Limited,IDFC - Nalbari,WIP-9,NALBARI,ASSAM,,,Barsha Kumari Singh
JLL - IDFC First Bank Limited,IDFC - BARAN BRANCH,43431,BARAN,RAJASTHAN,,Hari Upadhayay,Mahindra Kumar Tiwari
JLL - IDFC First Bank Limited,IDFC - CHHABRA BRANCH,43433,BARAN,RAJASTHAN,,Krishna Nayak,Mahindra Kumar Tiwari
JLL - IDFC First Bank Limited,IDFC - BARWANI BRANCH,42701,BARWANI,MADHYA PRADESH,,Ravishankar Kumar,KAMAL PRAJAPATI
JLL - IDFC First Bank Limited,IDFC - AMBAJOGAI BRANCH,43821,BID,MAHARASHTRA,,Madhav Bhasinge,MANISH KUMAR SHARMA
JLL - IDFC First Bank Limited,IDFC - BOTAD BRANCH,43661,BOTAD,GUJARAT,,Ashara Jaydeep,RAJESH DAVE
JLL - IDFC First Bank Limited,IDFC - Mughalsarai Chandauli UP,22231,CHANDAULI,UTTAR PRADESH,,Ravi Kant,GOVIND KUMAR SINGH
JLL - IDFC First Bank Limited,IDFC - MBL - CHANDRAPUR,43631,CHANDRAPUR,MAHARASHTRA,,,MANISH KUMAR SHARMA
JLL - IDFC First Bank Limited,IDFC - CHARKHI DADRI BRANCH,22041,CHARKI DADRI,HARYANA,,Ashok Kumar,RAVI MISHRA
JLL - IDFC First Bank Limited,IDFC - SUJANGARH BRANCH,43001,CHURU,RAJASTHAN,,Sunil Kumar,Mahindra Kumar Tiwari
JLL - IDFC First Bank Limited,IDFC - DIMAPUR-CHURCH ROAD BRANCH,60861,DIMAPUR,NAGALAND,,Tridibesh Chowdhury,Barsha Kumari Singh
JLL - IDFC First Bank Limited,IDFC - DIMAPUR -DBU BRANCH,60862,DIMAPUR,NAGALAND,,,Barsha Kumari Singh
JLL - IDFC First Bank Limited,IDFC - UTAI BRANCH,60561,DURG,CHHATTISGARH,,ANKIT AGRAWAL,BALA JEE SHARMA
JLL - IDFC First Bank Limited,IDFC - BHILAI BRANCH,60562,DURG,CHHATTISGARH,,Pankaj Soni,BALA JEE SHARMA
JLL - IDFC First Bank Limited,IDFC - MBL - BHILAI,60563,DURG,CHHATTISGARH,,Rajesh Kumar Sahu,BALA JEE SHARMA
JLL - IDFC First Bank Limited,IDFC - TOHANA BRANCH,21071,FATEHABAD,HARYANA,,Yogesh Kumar,RAVI MISHRA
JLL - IDFC First Bank Limited,IDFC - FATEHABAD BRANCH,21072,FATEHABAD,HARYANA,,Bhupender .,RAVI MISHRA
JLL - IDFC First Bank Limited,IDFC - FATEHABAD CLUSTER OFFICE,29203,FATEHABAD,HARYANA,,Vinay Singh,RAVI MISHRA
JLL - IDFC First Bank Limited,IDFC - PENDRA ROAD BRANCH,60364,GAURELA-PENDRA-MARWAHI,CHHATTISGARH,,Rahul Sharma,BALA JEE SHARMA
JLL - IDFC First Bank Limited,IDFC - MBL - VERAVAL,43581,GIR SOMNATH,GUJARAT,,Jay Gadhia,RAJESH DAVE
JLL - IDFC First Bank Limited,IDFC - Veraval,43582,GIR SOMNATH,GUJARAT,,,RAJESH DAVE
JLL - IDFC First Bank Limited,IDFC - HOWRAH - AC MARKET BRANCH,60138,HAORA,WEST BENGAL,,Debdutto Mazumder,DHARMJEET SINGH
JLL - IDFC First Bank Limited,IDFC - MBL - HAZARIBAUG,61171,HAZARIBAG,JHARKHAND,,,BALA JEE SHARMA
JLL - IDFC First Bank Limited,IDFC - LATUR,43811,JALNA,MAHARASHTRA,,,MANISH KUMAR SHARMA
JLL - IDFC First Bank Limited,IDFC - JALORE BRANCH,43221,JALOR,RAJASTHAN,,Amba Suthar,Mahindra Kumar Tiwari
JLL - IDFC First Bank Limited,IDFC - JHAJJAR BRANCH,22031,JHAJJAR,HARYANA,,Rajat Kalra,RAVI MISHRA
JLL - IDFC First Bank Limited,IDFC - MBL - BAHADURGARH,22032,JHAJJAR,HARYANA,,Arvind Kumar,RAVI MISHRA
JLL - IDFC First Bank Limited,IDFC - JHALRAPATAN BRANCH,43451,JHALAWAR,RAJASTHAN,,NIKHIL JAIN,Mahindra Kumar Tiwari
JLL - IDFC First Bank Limited,IDFC - JHUNJHUNU BRANCH,42301,JHUNJHUNU,RAJASTHAN,,Surya Pratap Singh,Mahindra Kumar Tiwari
JLL - IDFC First Bank Limited,IDFC - SINGHANA BRANCH,42302,JHUNJHUNU,RAJASTHAN,,Sannipal Singh,Mahindra Kumar Tiwari
JLL - IDFC First Bank Limited,IDFC - MBL - BHUJ,43501,KACHCHH,GUJARAT,,Govinda Sumad,RAJESH DAVE
JLL - IDFC First Bank Limited,IDFC - MBL - GANDHIDHAM,43502,KACHCHH,GUJARAT,,Komal Gadhvi,RAJESH DAVE
JLL - IDFC First Bank Limited,IDFC - GANDHIDHAM BRANCH,43505,KACHCHH,GUJARAT,,Bhupendra Satvara,RAJESH DAVE
JLL - IDFC First Bank Limited,IDFC - GUWAHATI BRANCH,60261,KAMRUP METROPOLITAN,ASSAM,,Prakash Upadhaya,Barsha Kumari Singh
JLL - IDFC First Bank Limited,IDFC - GUWAHATI- ITAG PLAZA,60262,KAMRUP METROPOLITAN,ASSAM,,Nihar Pathak,Barsha Kumari Singh
JLL - IDFC First Bank Limited,"IDFC - FANCY BAZAR,GUWAHATI ASSAM",60265,KAMRUP METROPOLITAN,ASSAM,,,Barsha Kumari Singh
JLL - IDFC First Bank Limited,IDFC - NADIAD BRANCH,42161,KHEDA,GUJARAT,,Tanvirbhai Vahora,RAJESH DAVE
JLL - IDFC First Bank Limited,IDFC - BHUBANESWAR BRANCH,60241,KHURDA,ODISHA,,Tushara Kanti Mahapatra,SATYAPRAJNA JENA
JLL - IDFC First Bank Limited,IDFC - BHUBANESWAR-MODI BHAWAN,60242,KHURDA,ODISHA,,Karthik Roy,SATYAPRAJNA JENA
JLL - IDFC First Bank Limited,IDFC - Baramunda,60245,KHURDA,ODISHA,,,SATYAPRAJNA JENA
JLL - IDFC First Bank Limited,IDFC - KHORDHA BRANCH,60621,KHURDA,ODISHA,,Satish Kumar V,SATYAPRAJNA JENA
JLL - IDFC First Bank Limited,IDFC - SINGESWAR,60622,KHURDA,ODISHA,,Sasanka Das,SATYAPRAJNA JENA
JLL - IDFC First Bank Limited,IDFC - RASULGARH BRANCH,61371,KHURDA,ODISHA,,Sweta Samal,SATYAPRAJNA JENA
JLL - IDFC First Bank Limited,IDFC - BHUBANESWAR REGIONAL OFFICE,69402,KHURDA,ODISHA,,Subash Behuria,SATYAPRAJNA JENA
JLL - IDFC First Bank Limited,IDFC - Padrauna,22301,KUSHI NAGAR,UTTAR PRADESH,,,GOVIND KUMAR SINGH
JLL - IDFC First Bank Limited,IDFC - NANDED,43791,LATUR,MAHARASHTRA,,,MANISH KUMAR SHARMA
JLL - IDFC First Bank Limited,IDFC - NARNAUL BRANCH,22021,MAHENDRAGARH,HARYANA,,Hemant Kumar,SUNIL THAKUR
JLL - IDFC First Bank Limited,IDFC - LUNAWADA BRANCH,42801,MAHISAGAR,GUJARAT,,Urveshkumar Rana,RAJESH DAVE
JLL - IDFC First Bank Limited,IDFC - Maunath,21268,MAU,UTTAR PRADESH,,Ritesh Singh,GOVIND KUMAR SINGH
JLL - IDFC First Bank Limited,IDFC - MBL- VARACHA,42274,NARMADA,GUJARAT,,,RAJESH DAVE
JLL - IDFC First Bank Limited,IDFC - RAJPIPLA BRANCH,43291,NARMADA,GUJARAT,,VIRALKUMAR PATEL,RAJESH DAVE
JLL - IDFC First Bank Limited,IDFC - SONKHEDA BRANCH,41101,NARMADAPURAM,MADHYA PRADESH,,,KAMAL PRAJAPATI
JLL - IDFC First Bank Limited,IDFC - PIPARIYA BRANCH,41102,NARMADAPURAM,MADHYA PRADESH,,Shubham Vishnoi,KAMAL PRAJAPATI
JLL - IDFC First Bank Limited,IDFC - BANKHEDI BRANCH,41103,NARMADAPURAM,MADHYA PRADESH,,,KAMAL PRAJAPATI
JLL - IDFC First Bank Limited,IDFC - SEONI MALWA BRANCH,41105,NARMADAPURAM,MADHYA PRADESH,,Mark Parmar,KAMAL PRAJAPATI
JLL - IDFC First Bank Limited,IDFC - NARMADAPURAM BRANCH,41112,NARMADAPURAM,MADHYA PRADESH,,Nisha Sahu,KAMAL PRAJAPATI
JLL - IDFC First Bank Limited,IDFC - GOA-MAPUSA BRANCH,42403,NORTH GOA,GOA,,Rajaram Gawas,VINOD GANPAT SURYAWANSHI
JLL - IDFC First Bank Limited,IDFC - GOA-PORVORIM BRANCH,42405,NORTH GOA,GOA,,Mabel Pereira,VINOD GANPAT SURYAWANSHI
JLL - IDFC First Bank Limited,IDFC - OSMANABAD BRANCH,43711,OSMANABAD,MAHARASHTRA,,Rahul Karwar,MANISH KUMAR SHARMA
JLL - IDFC First Bank Limited,IDFC - MUMBAI-VIRAR,40124,PALGHAR,MAHARASHTRA,,,MANISH KUMAR SHARMA
JLL - IDFC First Bank Limited,IDFC - Vasai,43391,PALGHAR,MAHARASHTRA,,Linus Vaz,MANISH KUMAR SHARMA
JLL - IDFC First Bank Limited,IDFC - GODHRA BRANCH,42241,PANCH MAHALS,GUJARAT,,NIPUNKUMAR MODHIYA,RAJESH DAVE
JLL - IDFC First Bank Limited,IDFC - HALOL BRANCH,42242,PANCH MAHALS,GUJARAT,,MIHIR PATEL,RAJESH DAVE
JLL - IDFC First Bank Limited,IDFC - MBL-Patan,40423,PATAN,GUJARAT,,Vipul Suthar,RAJESH DAVE
JLL - IDFC First Bank Limited,IDFC - PATAN BRANCH,42361,PATAN,GUJARAT,,Gautambhai Prajapati,RAJESH DAVE
JLL - IDFC First Bank Limited,IDFC - BELA PRATAPGARH BRANCH,22091,PRATAPGARH,UTTAR PRADESH,,Sujeet Dubey,GOVIND KUMAR SINGH
JLL - IDFC First Bank Limited,IDFC - JAMSHEDPUR-HEMKALI TOWER,60401,PURBI SINGHBHUM,JHARKHAND,,Bijay Tiwary,BALA JEE SHARMA
JLL - IDFC First Bank Limited,IDFC - JAMSHEDPUR - JAMSHEDPUR MAIN BRANCH,60402,PURBI SINGHBHUM,JHARKHAND,,,BALA JEE SHARMA
JLL - IDFC First Bank Limited,IDFC - KHARGHAR BRANCH,40134,RAIGAD,MAHARASHTRA,,Santosh Nashi,MANISH KUMAR SHARMA
JLL - IDFC First Bank Limited,IDFC - PANVEL BRANCH,40142,RAIGAD,MAHARASHTRA,,Siddharth Jain,MANISH KUMAR SHARMA
JLL - IDFC First Bank Limited,IDFC - KALAMBOLI BRANCH,40143,RAIGAD,MAHARASHTRA,,Dhananjay Singh,MANISH KUMAR SHARMA
JLL - IDFC First Bank Limited,IDFC - MUMBAI-PANVEL,42581,RAIGAD,MAHARASHTRA,,Pratap Rana,MANISH KUMAR SHARMA
JLL - IDFC First Bank Limited,IDFC - HIMMATNAGAR BRANCH,40371,SABAR KANTHA,GUJARAT,,Jaymin Shah,RAJESH DAVE
JLL - IDFC First Bank Limited,IDFC - IDAR BRANCH,40372,SABAR KANTHA,GUJARAT,,SANJIV DARJI,RAJESH DAVE
JLL - IDFC First Bank Limited,IDFC - SANGLI BRANCH,42662,SANGLI,MAHARASHTRA,,,VINOD GANPAT SURYAWANSHI
JLL - IDFC First Bank Limited,IDFC - MBL - SANGLI,42663,SANGLI,MAHARASHTRA,,Yuvraj Killedar,VINOD GANPAT SURYAWANSHI
JLL - IDFC First Bank Limited,IDFC - TASGAON BRANCH,42665,SANGLI,MAHARASHTRA,,,VINOD GANPAT SURYAWANSHI
JLL - IDFC First Bank Limited,IDFC - BHADOHI BRANCH,22101,SANT RAVIDAS NAGAR,UTTAR PRADESH,,Suresh Prajapati,GOVIND KUMAR SINGH
JLL - IDFC First Bank Limited,IDFC - PHALTAN BRANCH,43572,SATARA,MAHARASHTRA,,,MANISH KUMAR SHARMA
JLL - IDFC First Bank Limited,IDFC - GOA-MARGAO BRANCH,42402,SOUTH GOA,GOA,,Wilford Dsilva,VINOD GANPAT SURYAWANSHI
JLL - IDFC First Bank Limited,IDFC - VYARA BRANCH,42841,TAPI,GUJARAT,,Nidhi Shah,RAJESH DAVE
JLL - IDFC First Bank Limited,IDFC - Newai Branch,43722,TONK,RAJASTHAN,,Sandeep Jain,Mahindra Kumar Tiwari
JLL - IDFC First Bank Limited,IDFC - YAVTMAL,43781,YAVATMAL,MAHARASHTRA,,,MANISH KUMAR SHARMA
JLL - IDFC First Bank Limited,IDFC - NAWANSHAR,22341,NAWANSHAR,PUNJAB,,Gaurav Murgai,SUNIL THAKUR
JLL - IDFC First Bank Limited,IDFC - LATUR - D,43792,LATUR,MAHARASHTRA,,,MANISH KUMAR SHARMA
JLL - IDFC First Bank Limited,IDFC - COLVA-BENAULIM ROAD,43881,COLVA,GOA,,Kapil Shetkar,VINOD GANPAT SURYAWANSHI
JLL - IDFC First Bank Limited,IDFC - Durg,60654,DURG,CHHATTISGARH,,,BALA JEE SHARMA
JLL - IDFC First Bank Limited,IDFC - DBU Dimapur,WIP-6,DIMAPUR,ASSAM,,,Barsha Kumari Singh
JLL - IDFC First Bank Limited,IDFC - Bongaigaon,WIP-7,BONAGAIGAON,ASSAM,,,Barsha Kumari Singh
JLL - IDFC First Bank Limited,IDFC - AGAR MALWA BRANCH,42741,AGAR MALWA,MADHYA PRADESH,,Abhishek Hardia,KAMAL PRAJAPATI
JLL - IDFC First Bank Limited,IDFC - AGRA BRANCH,21291,AGRA,UTTAR PRADESH,,,GOVIND KUMAR SINGH
JLL - IDFC First Bank Limited,IDFC - Siolim,42404,NORTH GOA,GOA,403517,Shidesh Shirodkar,VINOD GANPAT SURYAWANSHI
JLL - IDFC First Bank Limited,IDFC - Vadodara Manjalpur,42395,VADODARA,GUJARAT,390011,Jignesh Shah,RAJESH DAVE
JLL - IDFC First Bank Limited,IDFC - Gotri - Sewasi,42392,VADODARA,GUJARAT,390021,Nikhil Suryawanshi,RAJESH DAVE
JLL - IDFC First Bank Limited,IDFC - FARIDABAD DBU,21317,FARIDABAD,HARYANA,121009,Sudish Singh,RAVI MISHRA
JLL - IDFC First Bank Limited,IDFC - Dewas Urban,41173,DEWAS,MADHYA PRADESH,455001,Niloy Arora,KAMAL PRAJAPATI
JLL - IDFC First Bank Limited,IDFC - Shirdhon,43712,OSMANABAD,MAHARASHTRA,413528,,MANISH KUMAR SHARMA
JLL - IDFC First Bank Limited,IDFC - Jalna,43812,JALNA,MAHARASHTRA,431203,Lokesh Tirukhe,MANISH KUMAR SHARMA
JLL - IDFC First Bank Limited,IDFC - Moshi,41452,PUNE,MAHARASHTRA,411026,,VINOD GANPAT SURYAWANSHI
JLL - IDFC First Bank Limited,IDFC - Mahim,40514,MUMBAI,MAHARASHTRA,400016,,MANISH KUMAR SHARMA
JLL - IDFC First Bank Limited,IDFC - Kandivali West,40177,MUMBAI,MAHARASHTRA,400067,,MANISH KUMAR SHARMA
JLL - IDFC First Bank Limited,IDFC - LEWIS ROAD,60244,KHURDA,ODISHA,751014,,SATYAPRAJNA JENA
JLL - IDFC First Bank Limited,IDFC - Khanna,21185,LUDHIANA,PUNJAB,141401,,SUNIL THAKUR
JLL - IDFC First Bank Limited,IDFC - SANGRUR,21455,SANGRUR,PUNJAB,148021,,SUNIL THAKUR
JLL - IDFC First Bank Limited,IDFC - Malerkotla,22241,MALERKOTLA,PUNJAB,148023,Vijay Kumar,SUNIL THAKUR
JLL - IDFC First Bank Limited,IDFC - JHANSI,22321,JHANSI,UTTAR PRADESH,284001,Rahul Sahu,GOVIND KUMAR SINGH
JLL - IDFC First Bank Limited,IDFC - ALIGARH,21653,ALIGARH,UTTAR PRADESH,202001,,GOVIND KUMAR SINGH
JLL - IDFC First Bank Limited,IDFC - GANGA NAGAR MEERUT,21526,MEERUT,UTTAR PRADESH,250003,,RAVI MISHRA
JLL - IDFC First Bank Limited,IDFC - PALLAVPURAM MEERUT,21525,MEERUT,UTTAR PRADESH,250001,,RAVI MISHRA
JLL - IDFC First Bank Limited,IDFC - NOIDA SEC 26,20161,NOIDA,UTTAR PRADESH,201301,Rajwinder Singh,RAVI MISHRA
JLL - IDFC First Bank Limited,IDFC - BIJNOR,22162,BIJNOR,UTTAR PRADESH,246701,,GOVIND KUMAR SINGH
JLL - IDFC First Bank Limited,IDFC - HAPUR,22411,HAPUR,UTTAR PRADESH,245101,NIKHIL RAWAT,RAVI MISHRA
JLL - IDFC First Bank Limited,IDFC - CHANDAN NAGAR,61501,HOOGHLY,WEST BENGAL,712136,,DHARMJEET SINGH
JLL - IDFC First Bank Limited,IDFC - Firozpur Branch,22401,FIROZPUR,PUNJAB,152002,,SUNIL THAKUR
JLL - IDFC First Bank Limited,IDFC - Dehradun-Sahastradhara Road Branch,21236,DEHRADUN,UTTARAKHAND,248001,Abhishek Panwar,GOVIND KUMAR SINGH
JLL - IDFC First Bank Limited,IDFC - Mumbai-Matunga East Branch,40189,MUMBAI,MAHARASHTRA,400019,Nivedan Nadar,MANISH KUMAR SHARMA
JLL - IDFC First Bank Limited,IDFC - Jaipur Sales Hub,43419,JAIPUR,RAJASTHAN,302001,,Mahindra Kumar Tiwari
JLL - IDFC First Bank Limited,IDFC - Kanpur-Kidwai Nagar Branch,21274,KANPUR,UTTAR PRADESH,208011,,GOVIND KUMAR SINGH
JLL - IDFC First Bank Limited,IDFC - Tinsukia-Asset Outlet,61191,TINSUKIA,ASSAM,786125,,Barsha Kumari Singh
JLL - IDFC First Bank Limited,IDFC - Ghaziabad-Raj Nagar Extension Branch,21418,GHAZIABAD,UTTAR PRADESH,201017,Vishal Awasthi,RAVI MISHRA
JLL - IDFC First Bank Limited,IDFC - Mumbai-Andheri Technopolis Asset Outlet,40117,MUMBAI,MAHARASHTRA,400093,,MANISH KUMAR SHARMA
JLL - IDFC First Bank Limited,IDFC - Navi Mumbai-Juinagar-Mindspace Office,10108,THANE,MAHARASHTRA,400706,,MANISH KUMAR SHARMA
JLL - IDFC First Bank Limited,IDFC - Rajkot-Nana Mauva Branch,42434,RAJKOT,GUJARAT,360001,Amit Chauhan,RAJESH DAVE
JLL - IDFC First Bank Limited,IDFC - Dehradun-Arhat Bazar Branch,21235,DEHRADUN,UTTARAKHAND,248001,,GOVIND KUMAR SINGH
JLL - IDFC First Bank Limited,IDFC - Indore-Benchmark Business Park Loan Centre Asset Outlet,41267,INDORE,MADHYA PRADESH,452010,RAMBABU KALMODIYA,KAMAL PRAJAPATI
JLL - IDFC First Bank Limited,IDFC - Noida-Sector 132 Branch,20162,NOIDA,UTTAR PRADESH,201301,Snehanshu Savaran,RAVI MISHRA
JLL - IDFC First Bank Limited,IDFC - Surat-Ring Road Branch,42262,SURAT,GUJARAT,,,RAJESH DAVE
JLL - IDFC First Bank Limited,IDFC - PUNE CAMP BRANCH,41353,AMARAVATI,MAHARASHTRA,,,VINOD GANPAT SURYAWANSHI
