0,1,2,3,4,5,6
Number,Location code,Branch Name as per tool,Tier 1,Tier 2,Priority,Short description
INC000003479041,60902,IDFC - SEEPAT ROAD BRANCH,Facilities - Carpentry,Carpentry-shutter,3 - Medium,NEED GREESING ON SHUTTER
INC000003508782,61302,IDFC - Muzaffarpur,Facilities - Lockers,Lockers,3 - Medium,Sealing of locker keys of Godrej
INC000003545586,60302,IDFC - RAIPUR-DB CITY,Facilities - Carpentry,Carpentry-Doors,3 - Medium,Entry door is damaged not working properly.
INC000003548446,40152,IDFC - NAVI MUMBAI-AIROLI BRANCH,Facilities - Electrical,Electrical -Panel / Boards,3 - Medium,Branch signage lights to be replaced as not working
INC000003569376,60302,IDFC - RAIPUR-DB CITY,Facilities - Plumbing,Plumbing-Sanitary Equipments,3 - Medium,WASH BASIN DAMAGED.
INC000003621601,40152,IDFC - NAVI MUMBAI-AIROLI BRANCH,Facilities - Furniture,Furniture-Chair,3 - Medium,chair repring
INC000003660045,60581,IDFC - RAJIM BRANCH,Facilities - Civil,Civil-work,3 - Medium,WIRING IRON FLOOR PLATE BROKEN
INC000003675509,60304,IDFC - RAIPUR-G. E ROAD BRANCH,Facilities - Electrical,Electrical -Lights,3 - Medium,Lobby light not working.
INC000003706190,60302,IDFC - RAIPUR-DB CITY,Facilities - Carpentry,Carpentry-Doors,3 - Medium,FEMALE WASHROOM WODDEN DOOR DISLODGED.
INC000003713799,60303,IDFC - LALPUR BRANCH,Facilities - Plumbing,Plumbing-Sanitary Equipments,3 - Medium,"Taps is broken, leakage. NEW TAP required"
INC000003715184,61081,IDFC - SURAJPUR BRANCH,Facilities - Plumbing,Plumbing-Sanitary Equipments,3 - Medium,"Main door closure is not working properly, lock mover is completely free or automatically not  close the door."
INC000003717950,40162,IDFC - THANE-HIRANANDANI ESTATE BRANCH,Facilities - Plumbing,Plumbing-Sanitary Equipments,3 - Medium,Syntex Tank Fixing & Water pressure pump Fixing & R&M work
INC000003740137,42963,IDFC - AHMEDNAGAR BRANCH,Facilities - Carpentry,Carpentry-shutter,3 - Medium,Required Branch door shutter Servicing  Ahmednagar Branch -42963
INC000003741491,41447,IDFC - SHIRUR BRANCH,Facilities - Carpentry,Carpentry-Workstation,3 - Medium,Keyboard tray slide damage
INC000003741832,40152,IDFC - NAVI MUMBAI-AIROLI BRANCH,Facilities - Carpentry,Carpentry-Lock / Key,3 - Medium,Drawer not getting locked as drawer lock broken. Also handle of the drawer broken
INC000003746804,42881,IDFC - MAHASAMUND BRANCH,Facilities - Furniture,Furniture-Chair,3 - Medium,chair maintenance required.
INC000003747209,42402,IDFC - GOA-MARGAO BRANCH,Facilities - Carpentry,Carpentry-Lock / Key,3 - Medium,cash drawer locker is not getting close
INC000003755063,42882,IDFC - BASNA BRANCH,Facilities - Electrical,Electrical -Panel / Boards,3 - Medium,Bm cabin electricity board required in ups connection.
INC000003755065,42882,IDFC - BASNA BRANCH,Facilities - Carpentry,Carpentry-Doors,3 - Medium,ATM Electricity Board Box in broken condition.
INC000003755080,42882,IDFC - BASNA BRANCH,Facilities - Electrical,Electrical -Panel / Boards,3 - Medium,Unable to connect nsm to board.
INC000003759952,41447,IDFC - SHIRUR BRANCH,Facilities - Carpentry,Carpentry-Doors,3 - Medium,Branch common Key Box Door not Lock
INC000003763637,40132,IDFC - NERUL BRANCH,Facilities - Electrical,Electrical -Lights,3 - Medium,Sign Board light not working
INC000003772676,40146,IDFC - BHANDUP BRANCH,Facilities - Lockers,Lockers,3 - Medium,WE ARE NOT ABLE TO OPEN SAFE DEFAULTER GOLD LOAN VAULT..40146 BRANCH
INC000003789256,40148,IDFC - Bhiwandi,Facilities - Carpentry,Carpentry-Doors,3 - Medium,CASH DOOR NOT CLOSE PROPERLY AND MAIN DOOR HANDLE BREAK
INC000003807768,40152,IDFC - NAVI MUMBAI-AIROLI BRANCH,Facilities - Electrical,Electrical -Power,3 - Medium,No electricity at Airoli branch
INC000003808851,40136,IDFC - VARTAK NAGAR- THANE BRANCH,Facilities - Carpentry,Carpentry-Doors,3 - Medium,MAIN ENTERANCE GLASS DOOR ISSUE AND HANDLE BROKEN
INC000003817101,60902,IDFC - SEEPAT ROAD BRANCH,Facilities - Electrical,Electrical -Lights,3 - Medium,LIGHTS ARE NOT WORKING IN GIRLS AND MENS WASHROOM
INC000003819132,60902,IDFC - SEEPAT ROAD BRANCH,Facilities - Civil,Civil -seepage,3 - Medium,MENS WASHBESIN CHOCKED PLEASE RESOLVE
INC000003820917,40112,IDFC - THANE BRANCH,Facilities - Carpentry,Carpentry-shutter,3 - Medium,Office shutter not working properly
INC000003823817,21972,IDFC - Sitapur Branch,Facilities - Electrical,Electrical -Lights,3 - Medium,UV/TV machine not working
INC000003823925,21962,IDFC - Bahraich,Facilities - Electrical,Electrical -Lights,3 - Medium,UV LAMP NOT WORKING
INC000003825847,40108,IDFC - GHODBUNDER ROAD - THANE BRANCH,Facilities - Furniture,Furniture-Chair,3 - Medium,most of the chairs are damaged
INC000003826102,20152,IDFC - NOIDA SECTOR-45 BRANCH,Facilities - Electrical,Electrical -Lights,3 - Medium,UV lAMP BLUE LIGHT NOT WORKING
INC000003827584,40132,IDFC - NERUL BRANCH,Facilities - Furniture,Furniture-Chair,3 - Medium,Chairs at Nerul Branch are Damaged no chairs in sitting condition
INC000003831891,40143,IDFC - KALAMBOLI BRANCH,Facilities - Carpentry,Carpentry-Lock / Key,3 - Medium,Branch Main Glass door issue -unlock lock issue
INC000003839781,40148,IDFC - Bhiwandi,Facilities - Carpentry,Carpentry-Doors,3 - Medium,Door Handles Broken
INC000003842960,40114,IDFC - MALAD BRANCH,Facilities - Carpentry,Carpentry-shutter,3 - Medium,OFFICE SHUTTER NOT WORKING ALSO NUT AND BOULTS ARE FALLING FROM UPER SHUTTER HANDLE
INC000003843039,40191,IDFC - ZAVERI BAZAAR BRANCH.,Facilities - Carpentry,Carpentry-Workstation,3 - Medium,Multiple carpentry work
INC000003847084,21872,IDFC - SONIPAT,Facilities - Furniture,Furniture-Chair,3 - Medium,. Sonipat Branch was open in last year at 17 april 2023 but most of the chair nut bolt loose and  nut bolt open.pls arrange  vendor asap
INC000003847357,60261,IDFC - GUWAHATI BRANCH,Facilities - Electrical,Electrical -Panel / Boards,3 - Medium,Branch Power down . Electrical fuse down
INC000003847883,21219,IDFC - CHANDIGARH SALES HUB,Facilities - Carpentry,Carpentry-Doors,3 - Medium,"Entry Wooden Doors for Chandigarh Sales HUB - Sector 8 are dislodged, please get the repair done on priority Basis."
INC000003854002,21394,IDFC - AMBALA SADAR BRANCH,Facilities - Carpentry,Carpentry-Lock / Key,3 - Medium,door lock not working i have requirement new door lock 9588199450
INC000003854382,43652,IDFC - DOLATPARA BRANCH,Facilities - Carpentry,Carpentry-Lock / Key,3 - Medium,this is the old ticket no......since last 4 months work has not been done......so request you to please take this call in urgent. drawer handle 
INC000003854789,42502,IDFC - NAGPUR-CHHATRPATI SQUARE,Facilities - Lockers,Lockers,3 - Medium,Dear Admin Cianfrance room lock is not working please change
INC000003855054,21091,IDFC - KAITHAL BRANCH,Facilities  - Digital Signage,Electrical Issue,3 - Medium,lights not working
INC000003855545,21091,IDFC - KAITHAL BRANCH,Facilities - Furniture,Furniture-Chair,3 - Medium,5 chairs armrest damaged
INC000003856669,22132,IDFC - Kashmeeri Gate Delhi,Facilities - Electrical,Electrical -Panel / Boards,3 - Medium,pantry socket board not working
INC000003857536,40112,IDFC - THANE BRANCH,Facilities - Electrical,Electrical -Panel / Boards,3 - Medium,branch shutter button  is not working
INC000003857583,21351,IDFC - PANCHKULA BRANCH,Facilities - Lockers,Lockers,3 - Medium,kindly swap keys of surrender lockers . Locker no 30 and 10.
INC000003858189,21622,IDFC - MBL - PANIPAT,Facilities - Electrical,Electrical -Panel / Boards,3 - Medium,kitchen Plug in board not working properly
INC000003858858,61451,IDFC - KHARAGPUR BRANCH,Facilities - Carpentry,Carpentry-Workstation,3 - Medium,Hotline tray required at Kharagpur Br
INC000003862584,21041,IDFC - JEWAR BRANCH,Facilities - Electrical,Electrical -Lights,3 - Medium,Kindly provide 100 ltr diesel on urgent basis.
INC000003862716,60221,IDFC - AGARTALA BRANCH,Facilities  - Digital Signage,Electrical Issue,3 - Medium,SIGNBOARD IS NOT LIGHTING
INC000003862798,60221,IDFC - AGARTALA BRANCH,Facilities - Carpentry,Carpentry-shutter,3 - Medium,SHUTTER IS NOT WORKING PROPERLY
INC000003863193,42264,IDFC - SURAT- INTERNATIONAL BUSINESS CENTRE,Facilities - Electrical,Electrical -Wiring,3 - Medium,Kindly arrange an electricitan to Surat-IBC office for create 11 no 5 amp power point creation for Access Point and 2 nos 16 amp power point creation in network
INC000003864783,60802,IDFC - TURANGA BRANCH,Facilities - Electrical,Electrical -Fans,3 - Medium,ATM COUNTER FAN IS NOT WORKING
INC000003864789,40162,IDFC - THANE-HIRANANDANI ESTATE BRANCH,Facilities - Plumbing,Plumbing,3 - Medium,WASH BASIN REPAIR
INC000003865094,21219,IDFC - CHANDIGARH SALES HUB,Facilities - Carpentry,Carpentry-Doors,3 - Medium,"door closer, door stopper, door lock not functioning, new shelf required in pantry"
INC000003866351,60201,IDFC - SHILLONG BRANCH,Facilities - Plumbing,Plumbing-Sanitary Equipments,3 - Medium,water leakage from male toilet .
INC000003866478,42221,IDFC - SIKAR BRANCH,Facilities - Carpentry,Carpentry-Lock / Key,3 - Medium,"Dear team, Branch wooden gate lock not working kindly arrange the vendor for lock replacement"
INC000003866972,60303,IDFC - LALPUR BRANCH,Facilities - Sanitization,Sanitization,3 - Medium,PIPE CHOAK IN WASHROOM.
INC000003870198,60135,IDFC - PRINCE ANWAR SHAH,Facilities - Electrical,Electrical -Power,3 - Medium,"many of the lights, exhaust fan , air conditioner are not working along with refrigerator, coffee vending machine and microwave."
INC000003870337,42126,IDFC - CHOMU BRANCH,Facilities - Carpentry,Carpentry-Doors,3 - Medium,Dear teamplease provide urgent solution for facing issue to opening the male washroom door .
INC000003870405,40195,IDFC - Thane Anand Nagar,Facilities - Carpentry,Carpentry-Workstation,3 - Medium,We have received one new coffee machine wherein we required one table to put the machine into it also we required to change some drawer locks of the branch.Plea
INC000003870941,21433,IDFC - JAGADHRI BRANCH,Facilities - Carpentry,Carpentry-shutter,3 - Medium,office shutter need repair
INC000003872173,61154,IDFC - MBL - HABRA,Facilities - Electrical,Electrical -Power,3 - Medium,Electrical power issues at Habra branch anytime power up and down and light off on please suggest
INC000003872365,60105,IDFC - KOLKATA-BEHALA CHOWRST,Facilities - Civil,Civil-work,3 - Medium,separate server room need to prepare as per audit observation
INC000003872911,61152,IDFC - MBL - BARASAT,Facilities - Electrical,Electrical -Panel / Boards,3 - Medium,1 pantry electric panel board damaged . please replace as early as possible.
INC000003873682,21255,IDFC - LUCKNOW -MUNSHIPULLIA BRANCH,Facilities - Electrical,Electrical -Power,3 - Medium,Dear Team UV lamp is not working and IAD audit due in our Branch
INC000003873699,61281,IDFC - MBL - CHAKDAH,Facilities - Electrical,Electrical -Inverter,3 - Medium,Inverter not working
INC000003873744,61281,IDFC - MBL - CHAKDAH,Facilities - Electrical,Electrical -Lights,3 - Medium,Pantry light not working
INC000003874305,60118,IDFC - Girish Park,Facilities - Electrical,Electrical -Lights,3 - Medium,Tube lights are not working.
INC000003874377,60118,IDFC - Girish Park,Facilities - Carpentry,Carpentry-shutter,3 - Medium,ATM shutter is not functioning properly
INC000003874932,40135,IDFC - KALYAN BRANCH,Facilities - Electrical,Electrical -Fans,3 - Medium,ceiling fan is not working
INC000003874943,40135,IDFC - KALYAN BRANCH,Facilities - Carpentry,Carpentry-Lock / Key,3 - Medium,drawers are not getting locked
INC000003878304,21064,IDFC - SIRSA,Facilities - Electrical,Electrical -Power,3 - Medium,6 electrical ports are not working due to which PCs are not able to start
INC000003878528,21351,IDFC - PANCHKULA BRANCH,Facilities - Carpentry,Carpentry-Workstation,3 - Medium,Teller drawer stucked
INC000003878647,21351,IDFC - PANCHKULA BRANCH,Facilities - Carpentry,Carpentry-Doors,3 - Medium,teller room door stopper not working
INC000003878765,40139,IDFC - KALBADEVI BRANCH,Facilities - Furniture,Furniture-Chair,3 - Medium,CHAIRS ARE BROKEN
INC000003879113,42429,IDFC - SHAPAR VERAVAL BRANCH,Facilities - Carpentry,Carpentry-Lock / Key,3 - Medium,locks keys not available drawer not working properly
INC000003880058,40149,IDFC - KHAR WEST BRANCH,Facilities - Lockers,Lockers,3 - Medium,LOCKER EMBOSSING
INC000003880194,40146,IDFC - BHANDUP BRANCH,Facilities - Lockers,Lockers,3 - Medium,The seal of all locker keys has been found damaged due to embossing that was carried out after the keys were sealed.
INC000003881433,60138,IDFC - HOWRAH - AC MARKET BRANCH,Facilities - Electrical,Electrical -Fans,3 - Medium,FAN BROKEN IN HOWRAH
INC000003882120,60114,IDFC - KOLKATA - LAKE TOWN BRANCH,Facilities - Furniture,Furniture-Chair,3 - Medium,Maximum chair's backside is broken
INC000003882514,21392,IDFC - AMBALA CANTT. BRANCH,Facilities - Plumbing,Plumbing-Sanitary Equipments,3 - Medium,toilet flush is not working properly
INC000003885867,60522,IDFC - SHIVRINARAYAN BRANCH,Facilities - Electrical,Electrical -Fans,3 - Medium,lobby ceiling fan and lights not work
INC000003885924,40163,"IDFC - MUMBAI -KANDIVALI, MAHAVIR NAGAR BRANCH",Facilities - Electrical,Electrical -Lights,3 - Medium,pantry light power is off
INC000003886228,60381,IDFC - SILIGURI-M-SQUARE,Facilities - Carpentry,Carpentry-Lock / Key,3 - Medium,Server room door lock not working
INC000003886257,21091,IDFC - KAITHAL BRANCH,Facilities - Lockers,Lockers,3 - Medium,"dear Team, locker proper not working kaithal branch 21091 ."
INC000003886368,61081,IDFC - SURAJPUR BRANCH,Facilities - Lockers,Lockers,3 - Medium,"Hi Team, pls check as BM cabin DRAWAER lock  key is Brocken suddenly while unloking teh drawaer,"
INC000003886742,21423,IDFC - AMBEDKAR ROAD GHAZIABAD,Facilities - Electrical,Electrical -Wiring,3 - Medium,UV LAMP WIRE ISSUE
INC000003887629,42521,IDFC - KOLHAPUR-GEMSTONE COMPLEX,Facilities - Electrical,Electrical -Wiring,3 - Medium,LAN Point has broken
INC000003887827,21391,IDFC - AMBALA-MINERVA COMPLEX,Facilities - Carpentry,Carpentry-Doors,3 - Medium,Doors at Ambala Branch is broked-21391
INC000003888277,40195,IDFC - Thane Anand Nagar,Facilities - Carpentry,Carpentry-Workstation,3 - Medium,fire extinguisher installation on wall
INC000003888895,60113,IDFC - KOLKATA-SALT LAKE SECTOR 2 BRANCH,Facilities - Furniture,Furniture-Chair,3 - Medium,11 chair need to repair
INC000003889833,41454,IDFC - PUNE - KOTHRUD BRANCH,Facilities - Carpentry,Carpentry-Lock / Key,3 - Medium,drawer lock change required kindly arrange carpenter
INC000003889840,21071,IDFC - TOHANA BRANCH,Facilities - Electrical,Electrical -Power,3 - Medium,team power not working MCB Fail
INC000003896531,21064,IDFC - SIRSA,Facilities - Electrical,Electrical -Lights,3 - Medium,GENSET ELECTRICITY NOT PASS TO SERVER ROOM SO AFTER SWITCH GENSET ON IT PRODUCE NO LIGHT IN BRANCH
INC000003896566,42563,IDFC - UDAIPUR BRANCH,Facilities - Electrical,Electrical -Inverter,3 - Medium,UPS not available for backup for WIFI AND ATM PLEASE DO THE NEEDFULL
INC000003896572,42136,IDFC - JAIPUR -MALVIYA NAGAR BRANCH,Facilities - Carpentry,Carpentry-Doors,3 - Medium,please arrange engineer on urgent basis
INC000003896578,41268,IDFC - INDORE-NAVLAKHA ROAD BRANCH,Facilities - Carpentry,Carpentry-Lock / Key,3 - Medium,Need to change Drawer's lock.
INC000003896676,42581,IDFC - MUMBAI-PANVEL,Facilities - Carpentry,Carpentry-Lock / Key,3 - Medium,Drawers and cabinets doors are nit getting locked
INC000003896691,60721,IDFC - KENDUJHAR BRANCH,Facilities - Furniture,Furniture-Chair,3 - Medium,"1 nos chair armrest broken,1 nos Chair base damaged,2nos of chair total broken"
INC000003896777,21008,IDFC - GURGAON SECTOR 57- BESTECH CENTRAL SQUARE BRANCH,Facilities - Furniture,Furniture-Chair,3 - Medium,"condition of chairs are not proper its very old,torn and damage too ,"
INC000003896855,21001,IDFC - GURGAON - GOLF COURSE ROAD BRANCH,Facilities - Furniture,Furniture-Chair,3 - Medium,chair repairing
INC000003897493,21792,IDFC - ROORKEE,Facilities - Lockers,Lockers,3 - Medium,"Dear Team, Key embossing is pending kindly do the needful"
INC000003898206,20133,IDFC - GURGAON ARJUN MARG DLF PHASE 1 BRANCH,Facilities - Carpentry,Carpentry-Lock / Key,3 - Medium,Cash drawer lock is not working
INC000003898259,40104,IDFC - CHEMBUR BRANCH,Facilities - Civil,Civil-work,3 - Medium,"Flash issue at Man's toilet , need urgent attention for the same."
INC000003898730,61421,IDFC - Newada,Facilities - Carpentry,Carpentry-Doors,3 - Medium,vault wooden door closure not functioning properly
INC000003899702,42741,IDFC - AGAR MALWA BRANCH,Facilities - Carpentry,Carpentry-Lock / Key,3 - Medium,drawer lock damage
INC000003899704,21234,IDFC - DEHRADUN-NEHRU COLONY BRANCH,Facilities - Carpentry,Carpentry-Doors,3 - Medium,while open and closing glass door is stuck in floor and door  handle are loose
INC000003900856,21008,IDFC - GURGAON SECTOR 57- BESTECH CENTRAL SQUARE BRANCH,Facilities - Furniture,Furniture-Chair,3 - Medium,cleaning work pending
INC000003901295,40314,IDFC - NARODA BRANCH,Facilities - Electrical,Electrical -Power,3 - Medium,ATM IS NOT working due to power issue
INC000003901640,21634,IDFC - THANESAR BRANCH,Facilities - Electrical,Electrical -Lights,3 - Medium,Branch sign board not working
INC000003904656,60581,IDFC - RAJIM BRANCH,Facilities - Plumbing,Plumbing-Sanitary Equipments,3 - Medium,IN BOTH WASHROOMS WATER ISSUES
INC000003904719,20105,IDFC - NSP - PITAMPURA BRANCH,Facilities - Furniture,Furniture-Chair,3 - Medium,"Dear team , request you alin the person forthe chair cleaning and maintenance"
INC000003904863,42162,IDFC - KATHWADA BRANCH,Facilities - Carpentry,Carpentry-Lock / Key,3 - Medium,godrej interio drawers lock break.
INC000003904882,20106,IDFC - DWARKA BRANCH,Facilities - Electrical,Electrical -Stabilizer,3 - Medium,stablizer is not working
INC000003905145,61183,IDFC - DIBRUGARH THANA CHARIALI/ HH ROAD,Facilities - Plumbing,Plumbing-Sanitary Equipments,3 - Medium,Water leakage from joints of sanitary tapes
INC000003905200,42223,IDFC - DIDWANA BRANCH,Facilities - Furniture,Furniture-Chair,3 - Medium,REQUIRED WORKSTATION FOR AADHAR DESK
INC000003905305,60501,IDFC - RAIGARH BRANCH,Facilities - Carpentry,Carpentry-Workstation,3 - Medium,4 WOODEN DRAWER 6 STEEL DRAWER DAMAGED PLEASE ARRANGE FOR CARPENTER
INC000003905730,60423,IDFC - ASANSOL,Facilities - Plumbing,Plumbing,3 - Medium,urinal chocked up
INC000003905808,60502,IDFC - KHARSIA BRANCH,Facilities - Electrical,Electrical -Lights,3 - Medium,"gold loan counter tube light blackened, need immediate repair/replacement and also ups connection required in that"
INC000003905925,60641,IDFC - NAYAGARH BRANCH,Facilities - Electrical,Electrical -Panel / Boards,3 - Medium,NEW ATM  LOLIPOP REQUIRED FOR NAYAGARH BRANCH
INC000003905954,21672,IDFC - Bareilly,Facilities - Electrical,Electrical -Lights,3 - Medium,UV LAMP NOT WORKING AND 1 NEW UV LAMP REQD AT BRANCH.
INC000003906353,43221,IDFC - JALORE BRANCH,Facilities - Electrical,Electrical -Fans,3 - Medium,3 Ceiling fan required.
INC000003906409,22041,IDFC - CHARKHI DADRI BRANCH,Facilities - Electrical,Electrical -Panel / Boards,3 - Medium,MCB of server room AC on working.
INC000003906542,41282,IDFC - MBL - MANDSAUR,Facilities - Electrical,Electrical -Stabilizer,3 - Medium,Dear team when i swicth on of coffe matchine automatic elctricity suply are stop
INC000003906763,42141,IDFC - UJJAIN BRANCH,Facilities - Electrical,Electrical -Fans,3 - Medium,Bathroom exhaust not working
INC000003907085,20107,IDFC - OKHLA BRANCH,Facilities - Electrical,Electrical -Lights,3 - Medium,PENTRY ANG LOBBY LIGHT NOT WORKING
INC000003907155,21414,IDFC - VASUNDHARA GHAZIABAD BRANCH,Facilities  - Digital Signage,Electrical Issue,3 - Medium,Kindly get the repaired digital signage
INC000003910213,21634,IDFC - THANESAR BRANCH,Facilities - Carpentry,Carpentry-Doors,3 - Medium,2 SETS OF CASH DRAWER WOODEN DOOR DISLODGED
INC000003910793,60761,IDFC - PATHALGAON BRANCH,Facilities - Electrical,Electrical -Lights,3 - Medium,Regarding lights not working for pathalgaon(60761)
INC000003910889,60541,IDFC - RAJNANDGAON BRANCH,Facilities - Carpentry,Carpentry-Lock / Key,3 - Medium,Lock is not working of Drawer
INC000003911314,20102,IDFC - NEW FRIENDS COLONY BRANCH,Facilities - Plumbing,Plumbing-Sanitary Equipments,3 - Medium,plumbing work required
INC000003911560,60365,IDFC - RATANPUR BRANCH,Facilities - Carpentry,Carpentry-shutter,3 - Medium,KINDLY AARANGE FOR SHUTTER MAINTENANCE WITH GREASE OIL WHICH IS NOT WORKING PROPER
INC000003912302,21392,IDFC - AMBALA CANTT. BRANCH,Facilities - Carpentry,Carpentry-Workstation,3 - Medium,provide the vendor for repair the deposit slip box in branch
INC000003912703,60281,IDFC - BORING ROAD BRANCH,Facilities - Plumbing,Plumbing-Sanitary Equipments,3 - Medium,In pantry sink water blocked
INC000003912959,60741,IDFC - HINJILICUT BRANCH,Facilities - Carpentry,Carpentry-Workstation,3 - Medium,IN PENTRY BROKEN OF LUNCH TABLE
INC000003913531,21419,IDFC - MBL - Ghaziabad Rajendra Nagar,Facilities - Carpentry,Carpentry-Workstation,3 - Medium,STORGARE REQUIRED FOR INSTALLATION ON OTHER PLACE IN PANTRY.
INC000003922090,20112,IDFC - DEFENCE COLONY BRANCH,Facilities - Carpentry,Carpentry-Lock / Key,3 - Medium,Issue in drawers
INC000003922572,20182,IDFC - MBL- LAXMI NAGAR,Facilities - Carpentry,Carpentry-Lock / Key,3 - Medium,"Dear Team, kindly arrange Carpentry for Drawer Lock in Delhi Laxmi Nagar."
INC000003922712,42381,IDFC - VADODARA BRANCH,Facilities - Carpentry,Carpentry-Lock / Key,3 - Medium,cash cabin drawer lock not work kindly arrange vendor on urgent basis.
INC000003923010,21352,IDFC - PANCHKULA SECTOR 20 BRANCH,Facilities - Electrical,Electrical -Power,3 - Medium,KINLDY RESOLVE URGENTLY
INC000003923397,21064,IDFC - SIRSA,Facilities - Lockers,Lockers,3 - Medium,"shutter lock handle is very tight , need greasing"
INC000003923438,60144,IDFC - Burrabazar,Facilities - Electrical,Electrical -Power,3 - Medium,Power Failure in ATM
INC000003923593,42432,IDFC - MBL - JETPUR,Facilities - Carpentry,Carpentry-shutter,3 - Medium,Today morning shutter jam not open
INC000003923867,60121,IDFC - MBL - GARIA,Facilities - Electrical,Electrical -Lights,3 - Medium,Tube Light not working
INC000003923881,20157,IDFC - BOC- SECTOR-132- NOIDA,Facilities - Plumbing,Plumbing-Sanitary Equipments,3 - Medium,Jet spray not working in gents washroom in both Part 1 & Part 2 (total 4)
INC000003923901,20192,IDFC - OKHLA INDUSTRIAL AREA - SALES HUB,Facilities - Electrical,Electrical -Stabilizer,3 - Medium,The stabilizer is not working
INC000003923904,20157,IDFC - BOC- SECTOR-132- NOIDA,Facilities - Plumbing,Plumbing-Sanitary Equipments,3 - Medium,Washbasin taps are not working (4 in Part 1 & 1 in Part 2 ) including both gents and ladies washroom
INC000003923922,20157,IDFC - BOC- SECTOR-132- NOIDA,Facilities - Plumbing,Plumbing,3 - Medium,Urinal leakage in Part 1 gents toilet
INC000003923948,20157,IDFC - BOC- SECTOR-132- NOIDA,Facilities - Sanitization,Sanitization,3 - Medium,2 Soap dispenser machine and 1 hand dryer not working in the part 2
INC000003924515,40162,IDFC - THANE-HIRANANDANI ESTATE BRANCH,Facilities - Electrical,Electrical -Power,3 - Medium,BRANCH TV NOT WORKING .
INC000003924533,40162,IDFC - THANE-HIRANANDANI ESTATE BRANCH,Facilities - Electrical,Electrical -Lights,3 - Medium,TUBELIGHT POSITION TO BE CHANGED AS IT IS BLOCKING CCTV VIEW
INC000003925379,60115,IDFC - KOLKATA-NEW ALIPORE BRANCH,Facilities - Electrical,Electrical -Lights,3 - Medium,CEILING ROUND PANEL LIGHT NOT WORKING
INC000003925592,60118,IDFC - Girish Park,Facilities - Carpentry,Carpentry-Lock / Key,3 - Medium,ATM BACK DOOR LOCK NOT WORKING
INC000003925907,21791,IDFC - HARIDWAR BRANCH,Facilities - Carpentry,Carpentry-Doors,3 - Medium,branch glass not operating properly and lock is also not working properly
INC000003926140,61491,IDFC - KOHIMA,Facilities - Electrical,Electrical -Lights,3 - Medium,Electrical light issue in vault room
INC000003926540,21503,IDFC - JAMMU BAHU PLAZA BRANCH,Facilities - Lockers,Lockers,3 - Medium,"Dear Team, kindly assign the vendor to visit the branch for repairing of main glass door lock for Bahu Plaza Jammu"
INC000003926550,40516,IDFC - Ghansoli,Facilities - Carpentry,Carpentry-Doors,3 - Medium,Carpenter required at ghansoli branch
INC000003926661,22101,IDFC - BHADOHI BRANCH,Facilities - Electrical,Electrical -Inverter,3 - Medium,UPS backup issue
INC000003936999,20102,IDFC - NEW FRIENDS COLONY BRANCH,Facilities - Furniture,Furniture-Chair,3 - Medium,kindly assign the cleaner for cleaning of chairs
INC000003937017,40138,IDFC - OSHIWARA BRANCH,Facilities - Carpentry,Carpentry-Doors,3 - Medium,CARPENTRY WORK REQUIRED FOR PLY CUTTING
INC000003937312,42841,IDFC - VYARA BRANCH,Facilities - GSB,GSB-Light,3 - Medium,"Branch Main Light Signage Board light not working, Repair Urgently."
INC000003937413,20101,IDFC - BARAKHAMBA ROAD BRANCH,Facilities - Carpentry,Carpentry-Doors,3 - Medium,the main glass door is making sound and not closing properly please arrange a person to resolve this problem
INC000003937641,60144,IDFC - Burrabazar,Facilities - Electrical,Electrical -Power,3 - Medium,NEED ELECTRICIAN AT URGENT BASIS AS THERE IS POWER CUT IN THE BRANCH
INC000003937805,42429,IDFC - SHAPAR VERAVAL BRANCH,Facilities - Electrical,Electrical -Power,3 - Medium,POWER FLUCTUATION AT SHAPAR BRANCH
INC000003938475,42383,IDFC - MAKARPURA BRANCH,Facilities - Plumbing,Plumbing,3 - Medium,Bad smell
INC000003939213,21432,IDFC - Yamuna Nagar,Facilities - Carpentry,Carpentry-Doors,3 - Medium,Cash Counter Door Not Close properly
INC000003939273,42242,IDFC - HALOL BRANCH,Facilities - Plumbing,Plumbing,3 - Medium,Wash Basin area chockup
INC000003939438,21351,IDFC - PANCHKULA BRANCH,Facilities - Carpentry,Carpentry-Workstation,3 - Medium,Key board tray fall down at teller counter
INC000003940266,43291,IDFC - RAJPIPLA BRANCH,Facilities - Electrical,Electrical -Power,3 - Medium,electricity trip in the branch and some light not working when power trip. We already contact to DGVCL
INC000003940451,40105,IDFC - BHULABHAI DESAI ROAD BRANCH,Facilities - Plumbing,Plumbing,3 - Medium,"AC pipe crack ,kindly arrange fixing with new pipe"
INC000003940485,22301,IDFC - Padrauna,Facilities - Electrical,Electrical -Lights,3 - Medium,Dear Team branch both UV lights not working please arrange engineer visit for repair the same on urgent basis.
INC000003940493,40105,IDFC - BHULABHAI DESAI ROAD BRANCH,Facilities - Carpentry,Carpentry-shutter,3 - Medium,"40105, Bhulabhai Desai road, main entrance shutter not working need to be repaired urgently"
INC000003940827,21943,IDFC - DHARUHERA BRANCH,Facilities - Electrical,Electrical -Panel / Boards,3 - Medium,power switch not working properly  teller and server room power borad not working
INC000003940829,20106,IDFC - DWARKA BRANCH,Facilities - Carpentry,Carpentry-Doors,3 - Medium,third floor glass door dislodged
INC000003945121,42342,IDFC - KALOL BRANCH,Facilities - Electrical,Electrical -Power,3 - Medium,Connectivity Issue when Power supply cut off at Kalol Location
INC000003945237,60109,IDFC - KOLKATA-GARIA BRANCH,Facilities - Electrical,Electrical -Stabilizer,3 - Medium,This is to notify you that there is a whistling sound emanating from our server room everyday almost constantly .
INC000003945319,21003,IDFC - GURGAON SECTOR 14 BRANCH,Facilities - Carpentry,Carpentry-Workstation,3 - Medium,Table required for CCD coffee machine installation
INC000003945398,60109,IDFC - KOLKATA-GARIA BRANCH,Facilities - Carpentry,Carpentry-shutter,3 - Medium,ALL CUPBOARDS INSIDE PANTRY BROKEN
INC000003945648,20221,IDFC - NEW DELHI- ANAND VIHAR BRANCH,Facilities - Plumbing,Plumbing-Sanitary Equipments,3 - Medium,water fitting issue in washroom.
INC000003946029,60114,IDFC - KOLKATA - LAKE TOWN BRANCH,Facilities - Plumbing,Plumbing-Sanitary Equipments,3 - Medium,WATER PASSAGE BLOCKED IN URINAL POT
INC000003946564,40328,IDFC - MBL- BAPUNAGAR,Facilities - Carpentry,Carpentry-Workstation,3 - Medium,We Requiver Coffie Machine woodan Stand for new Coffie Machine
INC000003947286,41261,IDFC - TAKIPURA BRANCH,Facilities - Carpentry,Carpentry-Lock / Key,3 - Medium,"please arrange carpenter for takipura branch, nee to repair drawer lock"
INC000003947340,60861,IDFC - DIMAPUR-CHURCH ROAD BRANCH,Facilities - Electrical,Electrical -Lights,3 - Medium,CORRIDOR AND BRANCH OUTSIDE LIGHT NOT WORKING
INC000003947423,40443,IDFC - LALPAR BRANCH,Facilities - Electrical,Electrical -Fans,3 - Medium,ATM Ceiling fans Are not Working
INC000003947437,60781,IDFC - BHADRAK BRANCH,Facilities - Civil,Civil-work,3 - Medium,Very odour smell feeling inside branch premises
INC000003947478,40516,IDFC - Ghansoli,Facilities - Carpentry,Carpentry-Doors,3 - Medium,Glass door handle broken
INC000003947994,40112,IDFC - THANE BRANCH,Facilities - Carpentry,Carpentry-Doors,3 - Medium,pantry door issue
INC000003949331,40155,IDFC - VILE PARLE EASTBRANCH,Facilities - Carpentry,Carpentry-Doors,3 - Medium,DOOR BROKEN
INC000003949341,61261,IDFC - BHAWANIPATNA BRANCH,Facilities - Furniture,Furniture-Chair,3 - Medium,CHAIR ARMREST BROKEN
INC000003949366,40155,IDFC - VILE PARLE EASTBRANCH,Facilities - Electrical,Electrical -Lights,3 - Medium,LIGHTS NOT WORKING
INC000003949577,60802,IDFC - TURANGA BRANCH,Facilities - Dormitory,Dormitory-Equipment,3 - Medium,HOT WATER NOT COMING FROM WATER DISPENSER
INC000003949627,60802,IDFC - TURANGA BRANCH,Facilities - Furniture,Furniture-Chair,3 - Medium,MANY CHAIRS GET DAMAGED
INC000003949984,42344,IDFC - DAHEGAM BRANCH,Facilities - Electrical,Electrical -Power,3 - Medium,ELECRICITY PROBLEM AT BRANCH
INC000003950206,20127,IDFC - ROHINI BRANCH,Facilities - Carpentry,Carpentry-Workstation,3 - Medium,new pin board required for notice
INC000003951046,60108,"IDFC - SALT LAKE, SEC- 1, WEST BENGAL",Facilities - Civil,Civil-work,3 - Medium,BRANCH GLASS DOOR LOCK IS BROKEN AND NOT FUNCTIONING
INC000003954106,21001,IDFC - GURGAON - GOLF COURSE ROAD BRANCH,Facilities - Electrical,Electrical -Lights,3 - Medium,MULTIPLE REQUEST RAISED FOR SAID ISSUE UV LAMP IS NOT WORKING IN BRANCH BUT NO ONE IS VISITING TO GET THE SAME REPAIRED - 21001
INC000003954385,20234,IDFC - TILAK NAGAR,Facilities - Electrical,Electrical -Lights,3 - Medium,UV LAMP NOT WORKING AT TILAK NAGAR BRANCH
INC000003954901,20121,IDFC - DELHI - OPS OFFICE-KAROL BAGH,Facilities - Furniture,Furniture-Chair,3 - Medium,Damage Chair
INC000003955554,20231,IDFC - NEW DELHI- DWARKA SECTOR 23A BRANCH,Facilities - Furniture,Furniture-Chair,3 - Medium,Chair Armrest Broken and dry-cleaning required for all the chairs
INC000003955559,20234,IDFC - TILAK NAGAR,Facilities  - Digital Signage,Electrical Issue,3 - Medium,DISPLAY ERROR IN SIGNAGE//TILAK NAGAR
INC000003955637,20258,IDFC - YAMUNA VIHAR,Facilities - Carpentry,Carpentry-Doors,3 - Medium,"Front doors lock breakage and in branch, there is very doors have some issues, kind arrange carpenter on urgent basis, same is for security purpose"
INC000003959083,21215,IDFC - MANIMAJRA BRANCH,Facilities - Electrical,Electrical -Panel / Boards,3 - Medium,Switch of water motor is not working
INC000003959134,60681,IDFC - JAJPUR ROAD BRANCH,Facilities - Electrical,Electrical -Lights,3 - Medium,Kindly change Branch pantry lights
INC000003959139,42138,IDFC - MBL - JAIPUR-JHOTWARA,Facilities - Electrical,Electrical -Lights,3 - Medium,PANTRY  LIGHTS NOT WORKING
INC000003959762,42139,IDFC - MBL - JAIPUR-CHOMU,Facilities - Electrical,Electrical -Panel / Boards,3 - Medium,board switch does not work
INC000003960245,20221,IDFC - NEW DELHI- ANAND VIHAR BRANCH,Facilities - Plumbing,Plumbing,3 - Medium,DAMPNESS IN LOCKER ROOM
INC000003960441,60241,IDFC - BHUBANESWAR BRANCH,Facilities  - Digital Signage,Electrical Issue,3 - Medium,The Branch Signage is not functioning for Bhubaneswar Branch.
INC000003960923,20231,IDFC - NEW DELHI- DWARKA SECTOR 23A BRANCH,Facilities - Electrical,Electrical -Wiring,3 - Medium,Switches and electrical panels not working
INC000003961802,40135,IDFC - KALYAN BRANCH,Facilities - Electrical,Electrical -Fans,3 - Medium,ceiling pan is not working
INC000003962051,40135,IDFC - KALYAN BRANCH,Facilities - Furniture,Furniture-Chair,3 - Medium,REQUIRED 10 CHAIRS IN THE KALYAN BRANCH
INC000003962188,40172,IDFC - Belapur-CPC,Facilities - Electrical,Electrical -Panel / Boards,3 - Medium,switch board issue
INC000003963157,20197,IDFC - NEW DELHI-JASOLA BRANCH,Facilities - Electrical,Electrical -Fans,3 - Medium,pantry table fan not working kindly change the fan
INC000003963569,40106,IDFC - MUMBAI - NARIMAN POINT BRANCH,Facilities - Carpentry,Carpentry-Workstation,3 - Medium,DRAWER DOOR BROKEN
INC000003963656,40197,IDFC - Thane Waghle Estate,Facilities - Electrical,Electrical -Lights,3 - Medium,Lights not Working
INC000003963786,40148,IDFC - Bhiwandi,Facilities - Carpentry,Carpentry-shutter,3 - Medium,SHUTTER JAM NOT WORKING PROPERLY KINDLY DO THE NEEDFUL.
INC000003963814,21621,IDFC - PANIPAT BRANCH,Facilities - Lockers,Lockers,3 - Medium,Key's Not Available Of Drawer/Locker
INC000003963961,40134,IDFC - KHARGHAR BRANCH,Facilities - Electrical,Electrical -Lights,3 - Medium,Branch signage is not functioning during night time
INC000003967331,60262,IDFC - GUWAHATI- ITAG PLAZA,Facilities - Carpentry,Carpentry-Lock / Key,3 - Medium,drawer lock is broken and needs to ne changed
INC000003967824,40193,IDFC - Vashi APMC,Facilities - Electrical,Electrical -Lights,3 - Medium,UV MACHINE NOT WORKING KINDLY ARRANGE SOMEONE TO FIX THE SAME
INC000003968085,20121,IDFC - DELHI - OPS OFFICE-KAROL BAGH,Facilities - Plumbing,Plumbing,3 - Medium,Flush sensors not working on both floors
INC000003968364,20121,IDFC - DELHI - OPS OFFICE-KAROL BAGH,Facilities - Electrical,Electrical -Fans,3 - Medium,Female washroom exhaust not wokring
INC000003968445,60138,IDFC - HOWRAH - AC MARKET BRANCH,Facilities - Carpentry,Carpentry-Lock / Key,3 - Medium,DRAWAERS OF CASH COUNTER AND FRONT DESK NOT WORKING
INC000003969041,21007,IDFC - GURGAON SECTOR 47 SATYA ELEMENT ONE BRANCH,Facilities - Carpentry,Carpentry-Doors,3 - Medium,atm area door didn't close properly and also atm area wooden wall is damaged please repair both on urgent basis
INC000003969379,42482,IDFC - JODHPUR-JASODA TOWER,Facilities - Lockers,Lockers,3 - Medium,Drawers locker is not working properly. Need to replace lock system of drawers.
INC000003971077,40143,IDFC - KALAMBOLI BRANCH,Facilities - Carpentry,Carpentry-Workstation,3 - Medium,damged
INC000003971137,40108,IDFC - GHODBUNDER ROAD - THANE BRANCH,Facilities - Carpentry,Carpentry-Lock / Key,3 - Medium,key Hive lock change
INC000003971281,21352,IDFC - PANCHKULA SECTOR 20 BRANCH,Facilities - Electrical,Electrical -Panel / Boards,3 - Medium,KINDLY REPAIRE URGENTLY
INC000003971409,60122,IDFC - MBL - MADHYAMGRAM,Facilities - Carpentry,Carpentry-Lock / Key,3 - Medium,LOCK OF CABINET IS DAMAGED
INC000003971741,60117,IDFC - KOLKATA-SARAT BOSE ROAD BRANCH,Facilities - Carpentry,Carpentry-Doors,3 - Medium,GLASS MAIN DOOR NOT OPEN AND CLOSE PROPERLY
INC000003971786,40148,IDFC - Bhiwandi,Facilities - Carpentry,Carpentry-Doors,3 - Medium,DOOR HANDLES BREAK AND CASH DROWER NOT OPEN
INC000003974840,21603,IDFC - HANSI BRANCH,Facilities - Carpentry,Carpentry-shutter,3 - Medium,Shutter jam issue
INC000003974852,61151,IDFC - BARASAT BRANCH,Facilities - Carpentry,Carpentry-Doors,3 - Medium,FRONT GLASS DOOR IN NOT WORKING PROPERLY.KINDLY DO THE NEEDFUL ON URGENT BASIS
INC000003974937,21178,IDFC - Ludhiana Miller Ganj,Facilities - Plumbing,Plumbing-Sanitary Equipments,3 - Medium,Dear Team PLease assign plumber on urgent as washroom flush and tap is not working and no water in washroom
INC000003974945,60281,IDFC - BORING ROAD BRANCH,Facilities - Electrical,Electrical -Panel / Boards,3 - Medium,Electrical board is not working/we are not able to charge laptop. Kindly solve the issue on priority basis.
INC000003975012,21391,IDFC - AMBALA-MINERVA COMPLEX,Facilities - Carpentry,Carpentry-Doors,3 - Medium,Main Gate of the Branch is Stucking while opening and closing and One door handle is broked and unable to close and open other wash room door is also stucking w
INC000003975048,60117,IDFC - KOLKATA-SARAT BOSE ROAD BRANCH,Facilities - Electrical,Electrical -Lights,3 - Medium,TELLER COUNTER LIGHT NOT WORKING PROPERLY
INC000003975067,60117,IDFC - KOLKATA-SARAT BOSE ROAD BRANCH,Facilities - Electrical,Electrical -Panel / Boards,3 - Medium,ROUTER PANNEL HAVE TO INSTALL
INC000003975322,40516,IDFC - Ghansoli,Facilities - Carpentry,Carpentry-Doors,3 - Medium,vault locker curtains to install
INC000003975804,20125,IDFC - GREEN PARK BRANCH,Facilities - Electrical,Electrical -Lights,3 - Medium,UV lamp not working.
INC000003977410,60109,IDFC - KOLKATA-GARIA BRANCH,Facilities - Electrical,Electrical -Panel / Boards,3 - Medium,voltage issue is there for air condition
INC000003977885,60581,IDFC - RAJIM BRANCH,Facilities - Carpentry,Carpentry-Lock / Key,3 - Medium,DRAWER LOCKS ISSUE
INC000003978022,42761,IDFC - MODASA BRANCH,Facilities - Plumbing,Plumbing,3 - Medium,GENTS TOILET DEMAGE FLUSH GUN
INC000003978149,42602,IDFC - MBL-SADULGANJ,Facilities - Carpentry,Carpentry-Doors,3 - Medium,Curtains Broken At Bikaner Branch
INC000003978389,60761,IDFC - PATHALGAON BRANCH,Facilities - Electrical,Electrical -Lights,3 - Medium,"2 lights is not working in lobby Area,kindly resolve issue ,"
INC000003978674,20231,IDFC - NEW DELHI- DWARKA SECTOR 23A BRANCH,Facilities - Plumbing,Plumbing-Sanitary Equipments,3 - Medium,Washbasin leakage issue. Pipe replacement and leakage issue fixing required.
INC000003978692,20231,IDFC - NEW DELHI- DWARKA SECTOR 23A BRANCH,Facilities - Carpentry,Carpentry-shutter,3 - Medium,'- Door handle fixing required.
INC000003978831,21624,IDFC - SAMALAKHA BRANCH,Facilities - Lockers,Lockers,3 - Medium,Vault door lock need to repair
INC000003986111,60701,IDFC - DHENKENAL BRANCH,Facilities - Electrical,Electrical -Power,3 - Medium,ATM site is having high earthing issue for Dhenkanal Branch-60701
INC000003986116,42224,IDFC - NEEM KA THANA BRANCH,Facilities - Electrical,Electrical -Fans,3 - Medium,Dear Team request to you please arrange new fan inside atm area
INC000003986128,42224,IDFC - NEEM KA THANA BRANCH,Facilities - Carpentry,Carpentry-Lock / Key,3 - Medium,Dear Team request to you please arrange drawer lock for CSM DESK and teller desk
INC000003986140,42224,IDFC - NEEM KA THANA BRANCH,Facilities - Carpentry,Carpentry-Doors,3 - Medium,Dear team branch wooden gate and atm wooden gate door not proper functioning kindly arrange vendor
INC000003986158,60521,IDFC - CHAMPA BRANCH,Facilities - Carpentry,Carpentry-Doors,3 - Medium,dear team teller wooden door repairs required urgently with locker.
INC000003986545,21233,IDFC - DEHRADUN - GMS ROAD BRANCH,Facilities - Furniture,Furniture-Chair,3 - Medium,Chair Wash and cleaning required
INC000003986595,69401,IDFC - RAIPUR REGIONAL OFFICE,Facilities - Electrical,Electrical -Wiring,3 - Medium,Electrical Wiring failure in Branch
INC000003986691,39202,"IDFC - ORCHID BUSINESS PARK,GURGAON, SALES HUB",Facilities - Electrical,Electrical -Wiring,3 - Medium,Electrical work for Bio-Metric installation
INC000003987026,21351,IDFC - PANCHKULA BRANCH,Facilities - Electrical,Electrical -Fans,3 - Medium,we require wall mount fan in CPC lobby area
INC000003987683,21061,IDFC - MANDI DABWALI BRANCH,Facilities - Carpentry,Carpentry-Lock / Key,3 - Medium,complaint box lock not working.
INC000003987712,20143,IDFC - NEW DELHI PRASHANT VIHAR BRANCH,Facilities - Electrical,Electrical -Stabilizer,3 - Medium,Stabilizer shut down
INC000003987843,21005,IDFC - GURGAON SECTOR 15 BRANCH,Facilities - Carpentry,Carpentry-Lock / Key,3 - Medium,cheque drop box key broken
INC000003988010,60117,IDFC - KOLKATA-SARAT BOSE ROAD BRANCH,Facilities - Electrical,Electrical -Wiring,3 - Medium,engineer reqd for wifi device mount
INC000003988080,41171,IDFC - KHATEGAON BRANCH,Facilities - Electrical,Electrical -Stabilizer,3 - Medium,short circuit issue.
INC000003988196,20158,IDFC - NOIDA-16 BRANCH,Facilities - Electrical,Electrical -Lights,3 - Medium,uv lamp is not working
INC000003988241,60115,IDFC - KOLKATA-NEW ALIPORE BRANCH,Facilities - Electrical,Electrical -Power,3 - Medium,Continuous power failure in New Alipore Branch (60115) since today morning i.e. 22/04/2024
INC000003988533,61312,IDFC - GAYA GANDHI MAIDAN,Facilities  - Digital Signage,Electrical Issue,3 - Medium,ATM lollypop  not working since branch launching date.
INC000003988559,40148,IDFC - Bhiwandi,Facilities - Electrical,Electrical -Power,3 - Medium,"ATM MACHINE'S POWER NOT FUNCTUNING,"
INC000003988583,61312,IDFC - GAYA GANDHI MAIDAN,Facilities - Carpentry,Carpentry-Lock / Key,3 - Medium,TELLER Door lock not working properly.
INC000003988983,40156,IDFC - POWAI BRANCH,Facilities - Electrical,Electrical -Panel / Boards,3 - Medium,Electric Board in Pantry not working
INC000003989196,21634,IDFC - THANESAR BRANCH,Facilities - Carpentry,Carpentry-Lock / Key,3 - Medium,Lock nor working properly.
INC000003989278,20118,IDFC - DELHI - RAJENDRA PALACE - GR. FLOOR,Facilities - Carpentry,Carpentry-Doors,3 - Medium,The lock of the ladies washroom has broken and hence people are getting stuck in washroom
INC000003990144,42129,IDFC - RAJA PARK JAIPUR BRANCH,Facilities - Carpentry,Carpentry-Doors,3 - Medium,DOOR HANDLE DAMAGED AT RAJA PARK AND ALSO STOPPER NEED TO BE REPLACED
INC000003990256,42129,IDFC - RAJA PARK JAIPUR BRANCH,Facilities - Carpentry,Carpentry-Lock / Key,3 - Medium,FEW CABINET LOCKS NOT WORKING AT RAJA PARK
INC000003990270,40156,IDFC - POWAI BRANCH,Facilities - Dormitory,Dormitory-Maintanance,3 - Medium,"Washroom Flush is faulty, Too much water wastage"
INC000003990408,21313,IDFC - NIT-FARIDABAD BRANCH,Facilities - Electrical,Electrical -Inverter,3 - Medium,"INVERTER NOT WORKING WHILE POWER CUT, 21313, NIT FARIDABAD, CONTACT NO- 8285539711"
INC000003990509,20127,IDFC - ROHINI BRANCH,Facilities - Electrical,Electrical -Lights,3 - Medium,UV lamp not working very critical for audit point of view
INC000003990608,21313,IDFC - NIT-FARIDABAD BRANCH,Facilities - Electrical,Electrical -Lights,3 - Medium,"TELLER COUNTER BOARD LIGHT NOT WORKING, 21313, NIT FARIDABAD, CONTACT- 8285539711"
INC000003990857,20151,IDFC - NOIDA- SECTOR 18 BRANCH,Facilities - Carpentry,Carpentry-Doors,3 - Medium,door closer not functioning
INC000003994226,20157,IDFC - BOC- SECTOR-132- NOIDA,Facilities - Carpentry,Carpentry-Workstation,3 - Medium,Lan Port Console is broken
INC000003994235,20157,IDFC - BOC- SECTOR-132- NOIDA,Facilities - GSB,GSB-Branding,3 - Medium,Signage is non functional
INC000003994363,61281,IDFC - MBL - CHAKDAH,Facilities - Electrical,Electrical -Inverter,3 - Medium,Inverter not working
INC000003994454,21091,IDFC - KAITHAL BRANCH,Facilities - Lockers,Lockers,3 - Medium,request for repair lockers
INC000003994809,20134,IDFC - DWARKA SECTOR 12 A BRANCH,Facilities - Carpentry,Carpentry-Workstation,3 - Medium,key hive is hanging on only one wall pin
INC000003994997,42421,IDFC - RAJKOT BRANCH,Facilities - Carpentry,Carpentry-Lock / Key,3 - Medium,"Cabinet Lock not working, and self/ Partition support broken of storage cabinet."
INC000003995402,20161,IDFC - NOIDA SEC 26,Facilities - Electrical,Electrical -Stabilizer,3 - Medium,SERVO STABILIZER NOT WORKING FOR NOIDA SEC 26 BRANCH - 20161
INC000003995743,21392,IDFC - AMBALA CANTT. BRANCH,Facilities - Carpentry,Carpentry-Doors,3 - Medium,door locks and handles are broken.
INC000003995779,60132,IDFC - KOLKATA- VIP ROAD BRANCH,Facilities - Carpentry,Carpentry-Doors,3 - Medium,Glass door Dislodged at CPC Main door
INC000003996310,40153,IDFC - PAREL BRANCH,Facilities - Carpentry,Carpentry-Doors,3 - Medium,WOODEN DRAWER DOOR HINGES ARE BROKEN
INC000003996598,60504,IDFC - SARANGARH BRANCH,Facilities - Carpentry,Carpentry-Workstation,3 - Medium,kindly resolve  drawer broken
INC000003997117,20111,IDFC - GREATER KAILASH II BRANCH,Facilities - Electrical,Electrical -Wiring,3 - Medium,Earthing wire is not connected to earth pit // 20111// GK II
INC000003997461,61281,IDFC - MBL - CHAKDAH,Facilities - Lockers,Lockers,3 - Medium,Volt collapsible gate is not working.
INC000003997748,42282,IDFC - NASIK-SAHAYADREE BUSINESS PARK,Facilities - Carpentry,Carpentry-Doors,3 - Medium,Unable to Lock Customer service door
INC000003998693,40132,IDFC - NERUL BRANCH,Facilities  - Digital Signage,Electrical Issue,3 - Medium,Electrical signage not light not working
INC000003998713,40132,IDFC - NERUL BRANCH,Facilities - Plumbing,Plumbing,3 - Medium,Flush Not working
INC000003998913,40132,IDFC - NERUL BRANCH,Facilities - Carpentry,Carpentry-Workstation,3 - Medium,Broken Exhaust Fan at pantry
INC000003999204,60121,IDFC - MBL - GARIA,Facilities - Carpentry,Carpentry-Doors,3 - Medium,Door Closer spring not working. Please resolve it ASAP.
INC000003999207,41353,IDFC - CAMP BRANCH,Facilities - Plumbing,Plumbing-Sanitary Equipments,3 - Medium,WATER TAP IS LEAKEGE
INC000003999226,60121,IDFC - MBL - GARIA,Facilities - Electrical,Electrical -Fans,3 - Medium,Exhaust Fans not working.
INC000004002429,60861,IDFC - DIMAPUR-CHURCH ROAD BRANCH,Facilities - Electrical,Electrical -Lights,3 - Medium,BRANCH OUTSIDE LIGHTS AND EVEN CORRIDOR LIGHTS ARE NOT FUNTIONING PROPERLY
INC000004002508,21091,IDFC - KAITHAL BRANCH,Facilities - Carpentry,Carpentry-Doors,3 - Medium,Server room door lock not working .Please repair on priorirty.
INC000004002673,20107,IDFC - OKHLA BRANCH,Facilities - Electrical,Electrical -Power,3 - Medium,please do the needfull
INC000004003287,42821,IDFC - CHITTORGARH BRANCH,Facilities - Electrical,Electrical -Lights,3 - Medium,Request For Replacement of Branch Lights
INC000004003402,20152,IDFC - NOIDA SECTOR-45 BRANCH,Facilities - Carpentry,Carpentry-shutter,3 - Medium,UNABLE TO OPEN SHUTTER EASILY KINDLY RESOLVE
INC000004003422,60134,IDFC - KOLKATA-R N MUKHERJEE ROAD BRANCH,Facilities - Carpentry,Carpentry-Doors,3 - Medium,store room door broken
INC000004003838,61161,IDFC - PANPOSH ROAD BRANCH,Facilities - Carpentry,Carpentry-Workstation,3 - Medium,KINDLY ARRANGE ONE EXTRA NOTICE BOARD ON BACK SIDE OF BRANCH FOR HR NOTICES
INC000004003860,61161,IDFC - PANPOSH ROAD BRANCH,Facilities - Electrical,Electrical -Lights,3 - Medium,KINDLY ARRANGE ONE EXTRA LIGHT ON GOLD LOAN DESK
INC000004003971,20152,IDFC - NOIDA SECTOR-45 BRANCH,Facilities - Carpentry,Carpentry-shutter,3 - Medium,shutter not working properly
INC000004004006,20121,IDFC - DELHI - OPS OFFICE-KAROL BAGH,Facilities - Furniture,Furniture-Chair,3 - Medium,Multiple chairs need to be fixed - approx 30 chairs.
INC000004004146,43431,IDFC - BARAN BRANCH,Facilities - Carpentry,Carpentry-Doors,3 - Medium,CASH COUNTER DOOR NOT CLOSE PROPERLY
INC000004004215,43431,IDFC - BARAN BRANCH,Facilities - Lockers,Lockers,3 - Medium,WOODEN DESK LOCKER BROKEN
INC000004004262,41204,IDFC - KHIRKIAN BRANCH,Facilities - Electrical,Electrical -Panel / Boards,3 - Medium,ATM lollipop display was not available outside the ATM / branch as same has Stolen; this is an audit requirement please actioned very Urgently.
INC000004004624,40193,IDFC - Vashi APMC,Facilities - Plumbing,Plumbing-Sanitary Equipments,3 - Medium,jet spray need to change
INC000004004690,60265,"IDFC - FANCY BAZAR,GUWAHATI ASSAM",Facilities - Plumbing,Plumbing-Sanitary Equipments,3 - Medium,Water supplier pipe issue
INC000004004703,21006,IDFC - GURGAON SECTOR 23 PALAM VIHARBRANCH,Facilities - Carpentry,Carpentry-Lock / Key,3 - Medium,lock door
INC000004004712,60862,IDFC - DIMAPUR -DBU BRANCH,Facilities - Furniture,Furniture-Chair,3 - Medium,New set of chairs required for DBU Dimapur-60862
INC000004004956,60132,IDFC - KOLKATA- VIP ROAD BRANCH,Facilities - Electrical,Electrical -Lights,3 - Medium,UV Lamp not working (Methodex)
INC000004005025,42924,IDFC - Rural barshi,Facilities - Civil,Civil-work,3 - Medium,water flush button toilet not working
INC000004005323,21231,IDFC - DEHRADUN BRANCH,Facilities - Carpentry,Carpentry-Workstation,3 - Medium,work to be done on workstations
INC000004005356,21231,IDFC - DEHRADUN BRANCH,Facilities - Electrical,Electrical -Lights,3 - Medium,LIGHTS NOT WORKING IN BRANCH
INC000004005432,21943,IDFC - DHARUHERA BRANCH,Facilities - Electrical,Electrical -Panel / Boards,3 - Medium,atm lollypop not working   also branch display boards light not working
INC000004005538,60902,IDFC - SEEPAT ROAD BRANCH,Facilities - Electrical,Electrical -Lights,3 - Medium,PVC LIGHT NOT WORKING
INC000004006345,43661,IDFC - BOTAD BRANCH,Facilities - Plumbing,Plumbing,3 - Medium,Washroom water leakage issue
INC000004006620,21634,IDFC - THANESAR BRANCH,Facilities - Plumbing,Plumbing,3 - Medium,Filing water in Washroom
INC000004006656,21792,IDFC - ROORKEE,Facilities - Electrical,Electrical -Panel / Boards,3 - Medium,"Dear Team, LED Screen is getting auto off. kindly provide the solution"
INC000004006778,20217,IDFC - GREATER KAILASH - I BRANCH,Facilities - Lockers,Lockers,3 - Medium,Not able to open Locker. It's gate stuck while we are trying to open the locker. Locker Company Godrej
INC000004007262,21471,IDFC - KARNAL-URBAN ESTATE,Facilities - Carpentry,Carpentry-Workstation,3 - Medium,Pantry Coffee machine stand/tray required
INC000004007429,21471,IDFC - KARNAL-URBAN ESTATE,Facilities - Electrical,Electrical -Panel / Boards,3 - Medium,Coffee machine panel board required in pantry
INC000004007539,43392,IDFC - Virar,Facilities - Plumbing,Plumbing-Sanitary Equipments,3 - Medium,FLUSH NOT WORKING OF WASHROOM
INC000004010964,20151,IDFC - NOIDA- SECTOR 18 BRANCH,Facilities - Electrical,Electrical -Wiring,3 - Medium,NEED AN ELECTRICIAN FOR WIRING AS REQUIRED BY NETWORK TEAM FOR VODA NETWORK ISSUE
INC000004010985,43471,IDFC - BUNDI BRANCH,Facilities - Carpentry,Carpentry-Doors,3 - Medium,Dear Team in our branch 5 door stoppers not functioning kindly arrange vender asap.
INC000004011216,60145,"IDFC - BT Road, Dunlop, Kolkata Landmark Dunlop",Facilities - Plumbing,Plumbing,3 - Medium,there is drain chock up and the pantry is flooded with water
INC000004011369,21216,IDFC - CHANDIGARH- SECTOR 32 BRANCH,Facilities - Electrical,Electrical -Wiring,3 - Medium,ATM wiring box is not in the place
INC000004011445,21502,IDFC - RESIDENCY ROAD-JAMMU BRANCH,Facilities - Carpentry,Carpentry-Lock / Key,3 - Medium,Drawer Lock not working
INC000004011495,42542,IDFC - KOTA BRANCH,Facilities - Electrical,Electrical -Fans,3 - Medium,WALL FAN NOT WORKING ARRANGE SOLUTION
INC000004011582,42542,IDFC - KOTA BRANCH,Facilities - Carpentry,Carpentry-Doors,3 - Medium,WOODEN DOOR NOT WORKING PROPERLY
INC000004011676,41325,IDFC - KHARGONE BRANCH,Facilities - Electrical,Electrical -Fans,3 - Medium,LIGHT  AND FAN ISSUE
INC000004011728,42224,IDFC - NEEM KA THANA BRANCH,Facilities - Electrical,Electrical -Fans,3 - Medium,Dear Team request to you please arrange celling fan inside the atm area
INC000004011772,21012,IDFC - GURGAON SUSHANT LOK-I BRANCH,Facilities - Carpentry,Carpentry-Lock / Key,3 - Medium,"Dear Team, our Methodex almirah lock has been stuck. request you to please send the carpenter to the branch on urgent basis"
INC000004011926,40102,IDFC - PRABHADEVI BRANCH,Facilities - Electrical,Electrical -Lights,3 - Medium,"ONE LED LIGHT IS NOT WORKING, KINDLY DO THE NEEDFUL DONE"
INC000004012207,60902,IDFC - SEEPAT ROAD BRANCH,Facilities - Electrical,Electrical -Wiring,3 - Medium,server room wiring issue.
INC000004012219,42423,IDFC - RAJKOT-IMPERIAL HEIGHTS,Facilities - Carpentry,Carpentry-Doors,3 - Medium,please share address name plate for branch -new address name plate requied
INC000004012252,60442,"IDFC - Paschim Bardhaman, Durgapur, West Bengal",Facilities - Lockers,Lockers,3 - Medium,UNABLE TO OPEN LOCKER NO 1 FOR BRANCH USE
INC000004012407,41413,IDFC - BIAORA BRANCH,Facilities - Electrical,Electrical -Fans,3 - Medium,"Dear Team,  kindly repier the fan"
INC000004012433,40132,IDFC - NERUL BRANCH,Facilities - Electrical,Electrical -Power,3 - Medium,servel room power issue branch network down due to power down issue kindly arrange the electrician
INC000004012483,41413,IDFC - BIAORA BRANCH,Facilities - Electrical,Electrical -Panel / Boards,3 - Medium,"Dear Team,  RO FILTER IS NOT WORING PLEASE SAND ENGINEER ON URGNT BASIS"
INC000004013078,60124,IDFC - MBL-HOWRAH,Facilities - Plumbing,Plumbing,3 - Medium,"Panty basin drain chockup  , we are facing problem. Kindly resolve the issue ASAP"
INC000004013215,42966,IDFC - KOPARGAON BRANCH,Facilities - Electrical,Electrical -Lights,3 - Medium,branch having 4 tubes are in not working condition kindly replace it on high priority
INC000004013223,20145,IDFC - NOIDA SECTOR 50 BRANCH,Facilities - Carpentry,Carpentry-Lock / Key,3 - Medium,ATM inner lock broken kindly replace on urgent basis
INC000004013257,20214,IDFC - VASANT KUNJ,Facilities - Furniture,Furniture-Chair,3 - Medium,damage due to Nilgai
INC000004014033,20151,IDFC - NOIDA- SECTOR 18 BRANCH,Facilities - Carpentry,Carpentry-Doors,3 - Medium,Door closer is not functioning
INC000004014328,61491,IDFC - KOHIMA,Facilities - Carpentry,Carpentry-Lock / Key,3 - Medium,FRFC LOCK ISSUE
INC000004014586,61153,IDFC - MBL - NAGERBAZAR,Facilities - Furniture,Furniture-Chair,3 - Medium,Multiple Chair damaged and destroyed and Laptop Desk also damaged.
INC000004015136,60221,IDFC - AGARTALA BRANCH,Facilities  - Digital Signage,Electrical Issue,3 - Medium,"DIGITAL SIGNBOARD IS NOT WORKING, ITS  NOT LIGHTING"
INC000004015411,43621,IDFC - MBL - SATNA,Facilities - Electrical,Electrical -Panel / Boards,3 - Medium,"kindly repair plug points , exhaust fan and fan"
INC000004015753,61111,IDFC - BARIPADA BRANCH,Facilities - Carpentry,Carpentry-Lock / Key,3 - Medium,locks are not functioning properly
INC000004016178,61061,IDFC - AMBIKAPUR BRANCH,Facilities - Plumbing,Plumbing-Sanitary Equipments,3 - Medium,Washroom tub not working properly
INC000004016179,61061,IDFC - AMBIKAPUR BRANCH,Facilities - Carpentry,Carpentry-Doors,3 - Medium,Branch main door not locked properly
INC000004019403,42264,IDFC - SURAT- INTERNATIONAL BUSINESS CENTRE,Facilities - Carpentry,Carpentry-Lock / Key,3 - Medium,Need to Installation 6 to 8 cabinet lock at 201 panty as all door are open
INC000004019671,21431,IDFC - YAMUNA NAGAR- SCO 184-185,Facilities - Carpentry,Carpentry-Lock / Key,3 - Medium,Server Room Door Lock not working
INC000004020538,61421,IDFC - Newada,Facilities - Plumbing,Plumbing,3 - Medium,In both male and female washroom flush is not working properly.
INC000004020621,21432,IDFC - Yamuna Nagar,Facilities - Carpentry,Carpentry-Doors,3 - Medium,Cash Counter door not functioning properly.
INC000004021342,61421,IDFC - Newada,Facilities - Plumbing,Plumbing-Sanitary Equipments,3 - Medium,FEMALE WASHROOM JET SPRAY NOT WORKING
INC000004021502,42387,IDFC - DABHOI BRANCH,Facilities - Furniture,Furniture-Chair,3 - Medium,BM rotating chair damaged
INC000004022104,60302,IDFC - RAIPUR-DB CITY,Facilities - Plumbing,Plumbing-Sanitary Equipments,3 - Medium,In female washroom commode tap is not working .
INC000004022553,21231,IDFC - DEHRADUN BRANCH,Facilities - Electrical,Electrical -Wiring,3 - Medium,align Electrician and scheduled with us. Share time.
INC000004022842,60305,IDFC - RAIPUR-TAGORE NAGAR BRANCH,Facilities - Plumbing,Plumbing-Sanitary Equipments,3 - Medium,3 in one faucet tape damage water leakage kindly resolve on urgent basis.
INC000004022882,20102,IDFC - NEW FRIENDS COLONY BRANCH,Facilities - Lockers,Lockers,3 - Medium,break open to be done for locker no 2010200079 in new friends colony
INC000004022977,40136,IDFC - VARTAK NAGAR- THANE BRANCH,Facilities - Plumbing,Plumbing,3 - Medium,wash basin tap issue
INC000004023064,40108,IDFC - GHODBUNDER ROAD - THANE BRANCH,Facilities - Carpentry,Carpentry-Lock / Key,3 - Medium,lock change request for ATM drawer
INC000004023187,40136,IDFC - VARTAK NAGAR- THANE BRANCH,Facilities - Carpentry,Carpentry-Doors,3 - Medium,door closer not functioning
INC000004026640,43501,IDFC - MBL - BHUJ,Facilities  - Digital Signage,Electrical Issue,3 - Medium,Signage not working
INC000004026660,42432,IDFC - MBL - JETPUR,Facilities - Civil,Civil-work,3 - Medium,WATER COOLER ISSUE OF - WATER LINE DAMAGED
INC000004027038,40339,IDFC - MBL - AHMEDABAD,Facilities - Carpentry,Carpentry-Doors,3 - Medium,wash room air handles
INC000004034470,40309,IDFC - VATVA BRANCH,Facilities  - Digital Signage,Electrical Issue,3 - Medium,LIGHT NOT ON IN SIGNAGE
INC000004034990,20107,IDFC - OKHLA BRANCH,Facilities - GSB,GSB-Light,3 - Medium,BRANCH LOBBY LED NOT WORKING
INC000004035090,20107,IDFC - OKHLA BRANCH,Facilities - Carpentry,Carpentry-Lock / Key,3 - Medium,METHODOX FRFC DOOR NOT WORKING PROPERLY
INC000004035111,20107,IDFC - OKHLA BRANCH,Facilities - Electrical,Electrical -Lights,3 - Medium,UV LAMP LIGHT BLINK
INC000004035357,20131,IDFC - GURGAON GALLERIA BRANCH,Facilities - Carpentry,Carpentry-Doors,3 - Medium,"Dear Team, Pantry box door discharge"
INC000004035425,21376,IDFC - Dera Bassi,Facilities - Carpentry,Carpentry-Doors,3 - Medium,Thier is no lock given in the Men's wash room.
INC000004035617,40106,IDFC - MUMBAI - NARIMAN POINT BRANCH,Facilities - Electrical,Electrical -Lights,3 - Medium,2 uv LAMPS NOT WORKING
INC000004036340,40173,IDFC - MUMBAI-DOMBIVLI BRANCH,Facilities - Carpentry,Carpentry-Workstation,3 - Medium,BM cabin wall damaged
INC000004036973,21414,IDFC - VASUNDHARA GHAZIABAD BRANCH,Facilities - Electrical,Electrical -Power,3 - Medium,No power in 3 branch AC.
INC000004037031,43451,IDFC - JHALRAPATAN BRANCH,Facilities - Electrical,Electrical -Wiring,3 - Medium,Arrange Engineer For WIFI Mounting
INC000004037045,41272,IDFC - MBL- ANNAPURNA,Facilities - Electrical,Electrical -Stabilizer,3 - Medium,"Electricity power voltage continually up down - low 225 191 193 and high 240 242 255, hence Light, AC, FAN Continually Fluctuate."
INC000004037367,60103,IDFC - DALHOUSIE BRANCH,Facilities - Electrical,Electrical -Panel / Boards,3 - Medium,Teller back signage was not working at Dalhousie branch. Light not working in signage board. Please resolve.
INC000004037639,21331,IDFC - NOIDA SECTOR 63 BRANCH,Facilities - Electrical,Electrical -Stabilizer,3 - Medium,Servo stablizer is not working
INC000004037943,21177,IDFC - LUDHIANA - SALES HUB,Facilities - Carpentry,Carpentry-Lock / Key,3 - Medium,"door lock brokern of sales hub washroom brs nagar, please do needful on priority"
INC000004037977,21013,IDFC - GURGAON SEC 82 BRANCH,Facilities - Electrical,Electrical -Panel / Boards,3 - Medium,Branch ATM AC does not have power
INC000004038348,60605,"IDFC - Kosabadi, Korba, Chattisgarh Niharika",Facilities - Plumbing,Plumbing-Sanitary Equipments,3 - Medium,Jet Spray not working
INC000004038362,60605,"IDFC - Kosabadi, Korba, Chattisgarh Niharika",Facilities - Electrical,Electrical -Fans,3 - Medium,Fan Swing not working
INC000004038377,60605,"IDFC - Kosabadi, Korba, Chattisgarh Niharika",Facilities - Carpentry,Carpentry-Workstation,3 - Medium,Pentry table damaged
INC000004038571,21621,IDFC - PANIPAT BRANCH,Facilities - Carpentry,Carpentry-Lock / Key,3 - Medium,PLEASE ARRANGE A VENDOR VISIT
INC000004038577,43418,IDFC - BASSI BRANCH,Facilities - Carpentry,Carpentry-Workstation,3 - Medium,"Dear Team Kindly find attached snap for furniture, workstation, wall for repairing works required for Bassi_43418 branch."
INC000004038900,20121,IDFC - DELHI - OPS OFFICE-KAROL BAGH,Facilities - Electrical,Electrical -Power,3 - Medium,"Power running on generator, multiple times power loss,please check on immediate basis."
INC000004039889,42501,IDFC - NAGPUR BRANCH,Facilities - Electrical,Electrical -Lights,3 - Medium,some lights are not working
INC000004039935,42501,IDFC - NAGPUR BRANCH,Facilities - Carpentry,Carpentry-Lock / Key,3 - Medium,drawer locks not working
INC000004039949,42501,IDFC - NAGPUR BRANCH,Facilities - Carpentry,Carpentry-shutter,3 - Medium,shutter jam
INC000004043422,40181,IDFC - Bhayandar West,Facilities - Plumbing,Plumbing,3 - Medium,branch has water tankers in which they fill the water on daily basis but for some issue water is not going in to tankers and now this is daily issue pls send pe
INC000004043426,42122,IDFC - HARSOLI BRANCH,Facilities - Electrical,Electrical -Fans,3 - Medium,"Dear Team, ceiling Fan not working and reguleter not working. please resolve issue ."
INC000004043521,21332,IDFC - Noida DBU,Facilities - Plumbing,Plumbing,3 - Medium,kindly resolve sink get chok
INC000004044011,20197,IDFC - NEW DELHI-JASOLA BRANCH,Facilities - Carpentry,Carpentry-Doors,3 - Medium,cash drawer not open properly
INC000004044343,40143,IDFC - KALAMBOLI BRANCH,Facilities - Electrical,Electrical -Power,3 - Medium,power failure in branch and no back up provided
INC000004044521,60603,IDFC - KATGHORA BRANCH,Facilities - Carpentry,Carpentry-Doors,3 - Medium,"REPAIRE REQUIRE IN DOOR HANDLE IN ATM GATE, DUE TO HANDLE ISSUE IT IS UNCONFIRTABLE TO OPEN THE GATE"
INC000004044875,21194,IDFC - JALANDHAR VIJAY NAGAR BRANCH,Facilities - Electrical,Electrical -Lights,3 - Medium,NEED OF NEW LIGHTS
INC000004045006,43661,IDFC - BOTAD BRANCH,Facilities - Electrical,Electrical -Panel / Boards,3 - Medium,team when branch start the water pump but some issue not started please help to resolve this issue ASAP due to this water tank is empty .
INC000004045137,22091,IDFC - BELA PRATAPGARH BRANCH,Facilities - Carpentry,Carpentry-Lock / Key,3 - Medium,Glass door lock not working
INC000004046048,40138,IDFC - OSHIWARA BRANCH,Facilities - Plumbing,Plumbing-Sanitary Equipments,3 - Medium,WASHROOM TAPS IS LEAKING AND ALL WATER ARE COMIMG FROM THE WINDOW
INC000004046069,40138,IDFC - OSHIWARA BRANCH,Facilities - Electrical,Electrical -Lights,3 - Medium,LAMP LIGHT HOLDER NOT WORKING AND WASHROOM LIGHT IS NOT WORKING
INC000004046159,20228,IDFC - VIKASPURI,Facilities - Carpentry,Carpentry-Lock / Key,3 - Medium,broken drawer
INC000004046296,42381,IDFC - VADODARA BRANCH,Facilities - Plumbing,Plumbing,3 - Medium,BRANCH PENTRY WASHBASHING PIPE BROKEN
INC000004046402,42381,IDFC - VADODARA BRANCH,Facilities - Electrical,Electrical -Fans,3 - Medium,GENTS WASHROOM EXHAUST FAN NOT WORKING
INC000004046865,20258,IDFC - YAMUNA VIHAR,Facilities - Electrical,Electrical -Power,3 - Medium,power failure at yamuna vihar branch
INC000004046877,20258,IDFC - YAMUNA VIHAR,Facilities - Electrical,Electrical -Stabilizer,3 - Medium,server Stabilizer is not giving output
INC000004047545,40163,"IDFC - MUMBAI -KANDIVALI, MAHAVIR NAGAR BRANCH",Facilities - Electrical,Electrical -Lights,3 - Medium,WASHROOM LIGHTS NOT WORKING
INC000004047835,42128,IDFC - VAISHALI NAGAR BRANCH,Facilities - Electrical,Electrical -Lights,3 - Medium,uv lamp is not working
INC000004048013,21333,IDFC - NOIDA SECTOR 51,Facilities - Carpentry,Carpentry-Doors,3 - Medium,DOOR HANDLE GETTING LOOSE.
INC000004048147,43104,IDFC - PALI BRANCH,Facilities - Carpentry,Carpentry-Lock / Key,3 - Medium,drawer lock
INC000004051500,43101,IDFC - JAITARAN BRANCH,Facilities - Carpentry,Carpentry-Lock / Key,3 - Medium,counter door are broken
INC000004051556,42682,IDFC - GWALIOR BRANCH - MP,Facilities - Electrical,Electrical -Lights,3 - Medium,Meeting room light is not working
INC000004051655,42722,IDFC - MBL - SHAJAPUR,Facilities - Furniture,Furniture-Chair,3 - Medium,"Dear team , Wooden wall mount of our branch has been fall down , so kindly request to you for repairing"
INC000004051886,20159,IDFC - NOIDA SEC 121 BRANCH,Facilities - Carpentry,Carpentry-Workstation,3 - Medium,ATM Room Wall rushed with iron because of leakage of water from ATM Room AC Drane pine. Kindly resolve this on priority.
INC000004051926,20159,IDFC - NOIDA SEC 121 BRANCH,Facilities - Carpentry,Carpentry-Doors,3 - Medium,"2 Wooden door dislodged from one side, Kindly fix this on priority."
INC000004051928,40351,IDFC - PETLAD BRANCH,Facilities - Electrical,Electrical -Fans,3 - Medium,Exhausts Fans are not working
INC000004052040,20138,IDFC - MAYUR VIHAR BRANCH,Facilities - Plumbing,Plumbing-Sanitary Equipments,3 - Medium,"jet spray broken, tissue paper box required and soft dispenser"
INC000004052482,21946,IDFC - REWARI,Facilities - Electrical,Electrical -Stabilizer,3 - Medium,electricity voltage is very low
INC000004052550,40327,IDFC - AHMEDABAD - BAPUNAGAR BRANCH,Facilities - Carpentry,Carpentry-Lock / Key,3 - Medium,drawer lock change required
INC000004052552,40327,IDFC - AHMEDABAD - BAPUNAGAR BRANCH,Facilities - Carpentry,Carpentry-Doors,3 - Medium,door closure not working properly
INC000004052681,40443,IDFC - LALPAR BRANCH,Facilities - Electrical,Electrical -Fans,3 - Medium,ATM ceiling fan not working
INC000004052791,42421,IDFC - RAJKOT BRANCH,Facilities - Furniture,Furniture-Chair,3 - Medium,"chair hydraulic not working, chair automatically down when we sit on the chair"
INC000004053259,60781,IDFC - BHADRAK BRANCH,Facilities - GSB,GSB-Light,3 - Medium,we don't have any ATM Lollipop at our branch and customer are unable to know about the ATM counter.
INC000004053283,61121,IDFC - KENDRAPARA BRANCH,Facilities - GSB,GSB-Light,3 - Medium,don't have any ATM Lollipop at branch and customer are unable to know about the ATM counter.
INC000004053308,60861,IDFC - DIMAPUR-CHURCH ROAD BRANCH,Facilities - Electrical,Electrical -Wiring,3 - Medium,SERVER ROOM ROUTER MAKING NOISE
INC000004053313,21473,IDFC - GHARAUNDA BRANCH,Facilities - Carpentry,Carpentry-Doors,3 - Medium,DORER IS BROKEN IN CASH CABIN
INC000004053315,60603,IDFC - KATGHORA BRANCH,Facilities - Electrical,Electrical -Lights,3 - Medium,gold loan desk area does not have any back up current/light facility.
INC000004056542,20228,IDFC - VIKASPURI,Facilities - Plumbing,Plumbing-Sanitary Equipments,3 - Medium,Female Washroom are not in use due to breakage of flush
INC000004056625,42421,IDFC - RAJKOT BRANCH,Facilities - Electrical,Electrical -Panel / Boards,3 - Medium,inside bank bank sign light board is not working
INC000004057056,41112,IDFC - NARMADAPURAM BRANCH,Facilities - Furniture,Furniture-Chair,3 - Medium,kindly assist
INC000004057083,21792,IDFC - ROORKEE,Facilities - Dormitory,Dormitory-Maintanance,3 - Medium,"Dear Team, Branch big shutter is not working properly facing issue while opening and closing."
INC000004057130,21019,IDFC - GURGAON - SECTOR 31 BRANCH,Facilities - Lockers,Lockers,3 - Medium,locker keys are surrendered. kindly assign the vendor for locker key replacement
INC000004057157,60133,IDFC - KOLKATA - BEHALA BRANCH,Facilities - Electrical,Electrical -Fans,3 - Medium,LADIES WASHROOM AND PANTRY EXHAUST FAN NOT WORKING
INC000004057275,60321,IDFC - VARANASI BRANCH,Facilities - Furniture,Furniture-Chair,3 - Medium,chairs are torned and armsets are broken of almost 10 to 12 chairs . kindly arrange the vendor at earliest
INC000004057283,41263,IDFC - BUDHI BARLAI BRANCH,Facilities - Carpentry,Carpentry-Lock / Key,3 - Medium,"drawer lock replacement and new lock required in server room , drawer reparing work"
INC000004057295,41263,IDFC - BUDHI BARLAI BRANCH,Facilities - Plumbing,Plumbing-Sanitary Equipments,3 - Medium,"washroom pot needs to be changed, said Numerious times but still non of them changed it"
INC000004057719,41386,IDFC - BHOPAL-KOLAR ROAD BRANCH,Facilities - Electrical,Electrical -Stabilizer,3 - Medium,stabizer not working
INC000004057984,41323,IDFC - SIRLAI BRANCH,Facilities - Carpentry,Carpentry-Lock / Key,3 - Medium,DRAWERS IS NOT LOCK .
INC000004058026,21072,IDFC - FATEHABAD BRANCH,Facilities - Carpentry,Carpentry-Lock / Key,3 - Medium,DRAWER IS NOT LOCKED PROPERLY PLEASE HELP TO CHNAGE THE KEY OF DRAWER
INC000004058199,42126,IDFC - CHOMU BRANCH,Facilities - Carpentry,Carpentry-Lock / Key,3 - Medium,locks key not avail and lock has been break
INC000004058254,41384,IDFC - BHOPAL-SHREERAM TOWERS,Facilities - Carpentry,Carpentry-Workstation,3 - Medium,5 Keyboards Tray requirements for CPA user desktop as work is impacted due to this.
INC000004058384,20127,IDFC - ROHINI BRANCH,Facilities - Carpentry,Carpentry-Workstation,3 - Medium,repairing of drawer
INC000004059517,40346,IDFC - AHMEDABAD - MAKARBA BRANCH,Facilities - Electrical,Electrical -Panel / Boards,3 - Medium,BRANCH PANEL BOARD ELLECTRICITY NOT WORKING
INC000004059573,41181,IDFC - DHAMNOD BRANCH,Facilities - Furniture,Furniture-Chair,3 - Medium,"Kindly arrange new BM chair, due to base was damaged currently chair."
INC000004059635,20256,IDFC - SHALIMAR BAGH BRANCH,Facilities - Carpentry,Carpentry-Lock / Key,3 - Medium,DBM set got lost and found on the next day due to which branch needs to change the locks for frfc vault doors and gold loan safe and cash vault safe
INC000004059761,43351,IDFC - NAGDA BRANCH,Facilities - Carpentry,Carpentry-Lock / Key,3 - Medium,ALL drawers locks not working properly
INC000004060171,42563,IDFC - UDAIPUR BRANCH,Facilities - Carpentry,Carpentry-Lock / Key,3 - Medium,Key hive locks need to be changed as keys misplaced
INC000004060517,42181,IDFC - AJMER BRANCH,Facilities - Carpentry,Carpentry-Lock / Key,3 - Medium,drawer lock broken
INC000004060904,60341,IDFC - RANCHI BRANCH,Facilities - Furniture,Furniture-Chair,3 - Medium,Suitcaise of cash counter is Broken
INC000004064194,42427,IDFC - GONDAL BRANCH,Facilities - Carpentry,Carpentry-Workstation,3 - Medium,"In our branch at customer lobby area, Wall side furniture is swelled and damaged. Kindly do needful for the repair"
INC000004064249,21791,IDFC - HARIDWAR BRANCH,Facilities - Carpentry,Carpentry-Doors,3 - Medium,teller door lock not closing properly
INC000004064323,22041,IDFC - CHARKHI DADRI BRANCH,Facilities - Electrical,Electrical -Stabilizer,3 - Medium,There is 1 face input issue in servo.
INC000004064586,60442,"IDFC - Paschim Bardhaman, Durgapur, West Bengal",Facilities - Carpentry,Carpentry-Doors,3 - Medium,BRANCH GLASS DOOR IS DISLODGED AND NOT OPEN AND SHUT PROPERLY.
INC000004064984,43161,IDFC - SEHORE BRANCH,Facilities - Carpentry,Carpentry-Lock / Key,3 - Medium,"dear team, my drawer lock is not working. contact no 7771857545"
INC000004065655,61151,IDFC - BARASAT BRANCH,Facilities - Carpentry,Carpentry-Doors,3 - Medium,DEAR TEAM MAIN GLASS DOOR IS NOT WORKING PROPERLY KINDLY DO THE NEEDFUL ON URGENT BASIS
INC000004065770,42682,IDFC - GWALIOR BRANCH - MP,Facilities - Electrical,Electrical -Lights,3 - Medium,light is not working
INC000004066072,40172,IDFC - Belapur-CPC,Facilities - Electrical,Electrical -Power,3 - Medium,Electrical Power - Power Failure
INC000004066704,20249,IDFC - MBL Badarpur,Facilities - Sanitization,Sanitization,3 - Medium,TEAM REQUIRED DOORMATE FOR MAIN DOOR
INC000004066751,20249,IDFC - MBL Badarpur,Facilities - Carpentry,Carpentry-Workstation,3 - Medium,DEAR TEAM PLEASE PROVIDE COFFIEC TABLE ON URGENT BASIS
INC000004066917,20145,IDFC - NOIDA SECTOR 50 BRANCH,Facilities - Plumbing,Plumbing,3 - Medium,leakages issue in Washroom
INC000004066931,42681,IDFC - GWALIOR,Facilities - Plumbing,Plumbing,3 - Medium,Drain Chockup
INC000004067043,43433,IDFC - CHHABRA BRANCH,Facilities - Plumbing,Plumbing-Sanitary Equipments,3 - Medium,toilet glass broken
INC000004067422,42881,IDFC - MAHASAMUND BRANCH,Facilities - Carpentry,Carpentry-Doors,3 - Medium,MAIN DOOR CLOSURE AND WASHROOM CLOSURE NOT WORKING
INC000004067456,40302,IDFC - PRAHLAD NAGAR BRANCH,Facilities - Electrical,Electrical -Fans,3 - Medium,Exhaust FAN of washroom was burned
INC000004067522,42881,IDFC - MAHASAMUND BRANCH,Facilities - Electrical,Electrical -Fans,3 - Medium,CEILING FAN NOT WORKING
INC000004067535,22051,IDFC - BARABANKI BRANCH,Facilities - Furniture,Furniture-Chair,3 - Medium,Dear Team Request you to please help branch chair broken.
INC000004067599,42925,IDFC - AKLUJ BRANCH,Facilities - Lockers,Lockers,3 - Medium,Washroom door locker problem
INC000004067672,20144,"IDFC - GURGAON ROSEWOOD CITY, SECTOR-49 BRANCH",Facilities - Carpentry,Carpentry-Lock / Key,3 - Medium,need to change to the lock lobby and BM Cabien
INC000004068032,42881,IDFC - MAHASAMUND BRANCH,Facilities - Electrical,Electrical -Panel / Boards,3 - Medium,PANEL BOARD NOT WORKING
INC000004068884,21179,IDFC - SUNDER NAGAR BRANCH,Facilities - Carpentry,Carpentry-Lock / Key,3 - Medium,Breakage of Drawers locks
INC000004069089,60721,IDFC - KENDUJHAR BRANCH,Facilities - Carpentry,Carpentry-Workstation,3 - Medium,Wall plywood are damaged in lobby area.
INC000004069143,43722,IDFC - Newai Branch,Facilities - Electrical,Electrical -Lights,3 - Medium,BRANCH LED IS NOT WORKING
INC000004069429,61121,IDFC - KENDRAPARA BRANCH,Facilities - Carpentry,Carpentry-Lock / Key,3 - Medium,DRAWER NOT WORKING PROPERLY
INC000004073160,20128,IDFC - JANAKPURI BRANCH,Facilities - Carpentry,Carpentry-Workstation,3 - Medium,comprehensive notice board not installed in the branch which needs to be drilled to get the same installed
INC000004073243,42242,IDFC - HALOL BRANCH,Facilities - Carpentry,Carpentry-Doors,3 - Medium,Asset Department main door handle broken
INC000004073255,42948,IDFC - JABALPUR BRANCH,Facilities - Carpentry,Carpentry-Workstation,3 - Medium,Cash counter cupboard pedestal getting collapse again and again.
INC000004073350,20159,IDFC - NOIDA SEC 121 BRANCH,Facilities - Dormitory,Dormitory-Maintanance,3 - Medium,Washroom Exhaust Fans are not working properly as they are running slow and ventilation is been not done properly. Kindly do the needful on priority.
INC000004073356,40113,IDFC - BANDRA WEST BRANCH,Facilities - Carpentry,Carpentry-Doors,3 - Medium,main door handle break
INC000004073360,40113,IDFC - BANDRA WEST BRANCH,Facilities - Plumbing,Plumbing,3 - Medium,leakage in washroom
INC000004073632,21472,IDFC - KARNAL BRANCH,Facilities - Plumbing,Plumbing,3 - Medium,Commode button is not working
INC000004073809,42123,IDFC - MANGARH KHOKHAWALA BRANCH,Facilities - Carpentry,Carpentry-Lock / Key,3 - Medium,Main Door keys are Broken kindly change the Door lock Branch Code - 42123
INC000004073915,42926,IDFC - PANDHARPUR BRANCH,Facilities - Carpentry,Carpentry-Lock / Key,3 - Medium,Drawer lock and door damage
INC000004074007,40108,IDFC - GHODBUNDER ROAD - THANE BRANCH,Facilities - Plumbing,Plumbing-Sanitary Equipments,3 - Medium,JET SPRAY PIPE LEAKAGE
INC000004074296,60701,IDFC - DHENKENAL BRANCH,Facilities - Carpentry,Carpentry-Workstation,3 - Medium,dear team kindly arrange for a white board in BM CABIN
INC000004074926,43521,IDFC - MBL - REWA,Facilities - Carpentry,Carpentry-Doors,3 - Medium,DOOR HANDLES
INC000004076636,20231,IDFC - NEW DELHI- DWARKA SECTOR 23A BRANCH,Facilities - Plumbing,Plumbing-Sanitary Equipments,3 - Medium,water chocking issue in branch
INC000004076647,20231,IDFC - NEW DELHI- DWARKA SECTOR 23A BRANCH,Facilities - Carpentry,Carpentry-Lock / Key,3 - Medium,locks not working properly
INC000004076825,43123,IDFC - MBL - NEEMUCH,Facilities - Plumbing,Plumbing-Sanitary Equipments,3 - Medium,Pipe jammed
INC000004076885,60401,IDFC - JAMSHEDPUR-HEMKALI TOWER,Facilities - Carpentry,Carpentry-Lock / Key,3 - Medium,Need To change drawer lock
INC000004077169,21231,IDFC - DEHRADUN BRANCH,Facilities - Carpentry,Carpentry-Lock / Key,3 - Medium,cash counter gate lock have some issues
INC000004077403,21792,IDFC - ROORKEE,Facilities - Carpentry,Carpentry-Doors,3 - Medium,Carpentry issue at Roorkee Branch
INC000004078958,20141,IDFC - NOIDA SECTOR 137 BRANCH,Facilities - Plumbing,Plumbing-Sanitary Equipments,3 - Medium,"jetspray not working in my branch, replacement required immediately"
INC000004084005,21472,IDFC - KARNAL BRANCH,Facilities - Plumbing,Plumbing-Sanitary Equipments,3 - Medium,sanitary water tank not working
INC000004084055,42344,IDFC - DAHEGAM BRANCH,Facilities - Carpentry,Carpentry-Lock / Key,3 - Medium,teller cash drawer broken
INC000004084057,60921,IDFC - JAGATSINGHPUR BRANCH,Facilities - Lockers,Lockers,3 - Medium,Gold Loan Drawer lock not working and cash counter cab bord broken
INC000004084240,42267,IDFC - KAMREJ BRANCH,Facilities - Lockers,Lockers,3 - Medium,key lost
INC000004084259,41262,IDFC - BIJALPUR BRANCH,Facilities - Carpentry,Carpentry-Workstation,3 - Medium,4 5 keyboard tray repairing
INC000004084284,40352,IDFC - ANAND BRANCH,Facilities - Electrical,Electrical -Lights,3 - Medium,TELLER CABIN LIGHT NOT WORKING
INC000004084360,40324,IDFC - SANAND BRANCH,Facilities - Furniture,Furniture-Chair,3 - Medium,please arrange the engineers to do the needful
INC000004084434,41352,IDFC - PUNE LAW COLLEGE ROAD BRANCH,Facilities - Electrical,Electrical -Panel / Boards,3 - Medium,Panels and switch board repairing  and not working  pune Law college road -41352
INC000004084452,41262,IDFC - BIJALPUR BRANCH,Facilities - Carpentry,Carpentry-Workstation,3 - Medium,Drawer repairing
INC000004084507,20124,IDFC - NOIDA SECTOR 12 BRANCH,Facilities - Electrical,Electrical -Lights,3 - Medium,UV Ray machine is not working for the branch. Kindly call on 8178370603 on an urgent basis.
INC000004085085,40353,IDFC - MBL-PURUSHOTTAM NAGAR,Facilities - Plumbing,Plumbing,3 - Medium,washroom tap leakage
INC000004085236,61471,IDFC - SOHSARIA BRANCH,Facilities - Plumbing,Plumbing-Sanitary Equipments,3 - Medium,Jet spray not working
INC000004085454,60761,IDFC - PATHALGAON BRANCH,Facilities - Carpentry,Carpentry-shutter,3 - Medium,Dear team the glass door main door  is broken by customer while going out from the branch and the same needs to be get repaired on urgent basis
INC000004085474,60301,IDFC - RAIPUR BRANCH,Facilities - Carpentry,Carpentry-Doors,3 - Medium,Washroom area door not functioniing properly  and Wash room  door closing smoothly
INC000004086084,40151,IDFC - MUMBAI - GOREGAON WEST BRANCH,Facilities - Electrical,Electrical -Power,3 - Medium,main supply of electric is getting tripped again and again - 40151 - goregoan 40151
INC000004086243,42602,IDFC - MBL-SADULGANJ,Facilities - Electrical,Electrical -Stabilizer,3 - Medium,Electricity is coming and going in every 10 mints and issue only it is 2nd floor IDFC building.
INC000004086380,43101,IDFC - JAITARAN BRANCH,Facilities - Electrical,Electrical -Lights,3 - Medium,2 LED tubelight requried.
INC000004086407,20253,IDFC - MBL - DELHI KASHMERI GATE,Facilities - Electrical,Electrical -Fans,3 - Medium,WALL FAN NOT WORKING AND CIELING LIGHT NOT WORKING
INC000004086409,40156,IDFC - POWAI BRANCH,Facilities - Plumbing,Plumbing-Sanitary Equipments,3 - Medium,Flash has broker and need repair
INC000004086495,40148,IDFC - Bhiwandi,Facilities - Electrical,Electrical -Panel / Boards,3 - Medium,Short circuit happen in front desk eclectic board
INC000004087152,42389,IDFC - VADODARA- SALES HUB,Facilities - Plumbing,Plumbing,3 - Medium,Total 2 Wash basing pipe leakage issue @ Vadodara sales hub branch
INC000004087174,40122,IDFC - KALYAN-SARVODAY MALL,Facilities - Electrical,Electrical -Lights,3 - Medium,POWER CUT AT KALYAN BRANCH EMP CODE 40122
INC000004087261,42223,IDFC - DIDWANA BRANCH,Facilities - Carpentry,Carpentry-Lock / Key,3 - Medium,teller drawer broken need to fix on urgent basis.
INC000004087388,21014,IDFC - GURGAON - UDYOG VIHAR BRANCH,Facilities - Electrical,Electrical -Lights,3 - Medium,2 UV LAMPS AND BOTH OF THEM ARE  NOT WORKING KINLDY ASSIGN SOMEBODY URGENTLY
INC000004087823,21311,IDFC - FARIDABAD SECTOR 16 BRANCH,Facilities - Plumbing,Plumbing,3 - Medium,leakage found in washroom
INC000004088012,21471,IDFC - KARNAL-URBAN ESTATE,Facilities - Electrical,Electrical -Wiring,3 - Medium,Branch internal electric wiring is not correct due to this problem electricity  is not coming in Karnal branch.
INC000004088160,20229,IDFC - IP EXTENSION,Facilities - Plumbing,Plumbing-Sanitary Equipments,3 - Medium,male washroom fittings and water leakage
INC000004088919,20118,IDFC - DELHI - RAJENDRA PALACE - GR. FLOOR,Facilities - Carpentry,Carpentry-Doors,3 - Medium,some locker are not working request for help
INC000004089269,39202,"IDFC - ORCHID BUSINESS PARK,GURGAON, SALES HUB",Facilities - Carpentry,Carpentry-Doors,3 - Medium,"Door handle, Door repair at Orchid Business Park"
INC000004092318,21313,IDFC - NIT-FARIDABAD BRANCH,Facilities - Electrical,Electrical -Power,3 - Medium,COMPLETE POWER FAILURE KINDLY HELP URGENTLY
INC000004092398,20105,IDFC - NSP - PITAMPURA BRANCH,Facilities - Plumbing,Plumbing,3 - Medium,"Dear Team, request you to assing the there is some to resolve the  issue  Chockup and Drainage ."
INC000004092411,20143,IDFC - NEW DELHI PRASHANT VIHAR BRANCH,Facilities - Carpentry,Carpentry-Doors,3 - Medium,DOOR STOPPERS NOT WORKING
INC000004092422,40102,IDFC - PRABHADEVI BRANCH,Facilities - Electrical,Electrical -Lights,3 - Medium,3 lights are not working please arrange electrician on very urgent basis Prabhadevi Branch 40102
INC000004092424,21471,IDFC - KARNAL-URBAN ESTATE,Facilities - Electrical,Electrical -Power,3 - Medium,NO ELECTRICITY IN KARNAL BRANCH
INC000004092429,20143,IDFC - NEW DELHI PRASHANT VIHAR BRANCH,Facilities - Plumbing,Plumbing-Sanitary Equipments,3 - Medium,SINK PIPE FITTING
INC000004092703,21211,IDFC - CHANDIGARH BRANCH,Facilities - Electrical,Electrical -Power,3 - Medium,Electricity Issue at Sector 8 Chandigarh Branch
INC000004092809,21692,IDFC - SAHARANPUR BRANCH,Facilities - Furniture,Furniture-Chair,3 - Medium,CHAIR CLEANING
INC000004093178,21317,IDFC - FARIDABAD DBU,Facilities - Electrical,Electrical -Panel / Boards,3 - Medium,Power Point and Lan port need to be installed for TV panel in newly opened branch
INC000004093343,20138,IDFC - MAYUR VIHAR BRANCH,Facilities - Furniture,Furniture-Chair,3 - Medium,6 chairs need to be repaired at Mayur Vihar
INC000004093647,42224,IDFC - NEEM KA THANA BRANCH,Facilities - Plumbing,Plumbing-Sanitary Equipments,3 - Medium,Dear Team request to you please arrange vendor for repair  water dispanser and ro for NKT BRANCH 42224
INC000004094319,20145,IDFC - NOIDA SECTOR 50 BRANCH,Facilities - Lockers,Lockers,3 - Medium,replacement of locker key dur to customer lost his key
INC000004094525,41224,IDFC - DEHRIYA SARAI BRANCH,Facilities - Carpentry,Carpentry-shutter,3 - Medium,Shutter not functioning
INC000004094557,41224,IDFC - DEHRIYA SARAI BRANCH,Facilities - Electrical,Electrical -Lights,3 - Medium,Gold Loan Cabin Light issue
INC000004094594,20118,IDFC - DELHI - RAJENDRA PALACE - GR. FLOOR,Facilities - Carpentry,Carpentry-Doors,3 - Medium,Main gate of the CS area gate not working
INC000004094607,42983,IDFC - BEHROR BRANCH,Facilities - Electrical,Electrical -Power,3 - Medium,System Network Issue
INC000004095208,41358,IDFC - KALYANI NAGAR BRANCH,Facilities - Plumbing,Plumbing-Sanitary Equipments,3 - Medium,Drange chowk up issue in Kalyani Nagar Branch
INC000004095644,40109,IDFC - MULUND BRANCH,Facilities - Carpentry,Carpentry-Lock / Key,3 - Medium,all our drawers -furniture needs carpentry work as we are unable to open close the drawers properly and some are broken.
INC000004095817,21185,IDFC - Khanna,Facilities - Carpentry,Carpentry-Doors,3 - Medium,Door not closed properly
INC000004095826,20144,"IDFC - GURGAON ROSEWOOD CITY, SECTOR-49 BRANCH",Facilities - Carpentry,Carpentry-Lock / Key,3 - Medium,CABINETS LOCK ISSUE
INC000004095845,20144,"IDFC - GURGAON ROSEWOOD CITY, SECTOR-49 BRANCH",Facilities - Electrical,Electrical -Fans,3 - Medium,PANTRY FAN CHANGE REQUEST
INC000004096131,21624,IDFC - SAMALAKHA BRANCH,Facilities - Plumbing,Plumbing-Sanitary Equipments,3 - Medium,getting tap and fitting issue at pentry
INC000004096408,43722,IDFC - Newai Branch,Facilities - Electrical,Electrical -Lights,3 - Medium,FRONT LIGHT NOT WORKING
INC000004096553,40115,IDFC - ANDHERI WEST BRANCH,Facilities - Electrical,Electrical -Lights,3 - Medium,Lights not woring in ATM. Please check and resolve the issue.
INC000004096611,41262,IDFC - BIJALPUR BRANCH,Facilities - Dormitory,Dormitory-Maintanance,3 - Medium,Dear  team  plambing (drainage line) block please need  support
INC000004096614,21231,IDFC - DEHRADUN BRANCH,Facilities  - Digital Signage,Electrical Issue,3 - Medium,ELECTRICAL ISSUE IN SIGN BOARD
INC000004096638,41352,IDFC - PUNE LAW COLLEGE ROAD BRANCH,Facilities - Electrical,Electrical -Fans,3 - Medium,NEW WALL MOUNT FAN REQUIRE IN PANTRY
INC000004099809,21431,IDFC - YAMUNA NAGAR- SCO 184-185,Facilities - Furniture,Furniture-Chair,3 - Medium,around 10 chairs are damaged in branch need priority repair.
INC000004100018,41354,IDFC - WAKAD BRANCH,Facilities - Carpentry,Carpentry-Workstation,3 - Medium,WOODEN WORK AT WAKAD FOR COFFEE MACHINE
INC000004100092,43241,IDFC - BALOTRA BRANCH,Facilities - Carpentry,Carpentry-Lock / Key,3 - Medium,Godrej Almira  lock damage
INC000004100173,42395,IDFC - Vadodara Manjalpur,Facilities  - Digital Signage,Electrical Issue,3 - Medium,"Branch Digital signage is not working last 3 days, kindly check and update on urgent basis. Because Several time Digital signage is not working."
INC000004100201,42136,IDFC - JAIPUR -MALVIYA NAGAR BRANCH,Facilities - Carpentry,Carpentry-Doors,3 - Medium,carpentery work is pending
INC000004100206,40112,IDFC - THANE BRANCH,Facilities - Carpentry,Carpentry-Lock / Key,3 - Medium,Drawer lock and key not working
INC000004100226,21006,IDFC - GURGAON SECTOR 23 PALAM VIHARBRANCH,Facilities - Carpentry,Carpentry-Workstation,3 - Medium,ramp facility required in branch
INC000004100340,42186,IDFC - AJMER VAISHALI NAGAR BRANCH,Facilities - Carpentry,Carpentry-Doors,3 - Medium,Teller Altamira door not closing properly
INC000004100565,43221,IDFC - JALORE BRANCH,Facilities - Electrical,Electrical -Power,3 - Medium,electrical failure in every 5 mintues
INC000004100634,40501,IDFC - Borivali East,Facilities - Carpentry,Carpentry-Workstation,3 - Medium,cash counter workstation drawer issue
INC000004100667,40103,"IDFC - VASHI,SECTOR-17 BRANCH",Facilities - Electrical,Electrical -Lights,3 - Medium,ELECTRICIAN REQUIRED AT LOCKER. LIGHTS NOT WORKING
INC000004101319,21416,IDFC - GHAZIABAD INDIRAPURAM BRANCH,Facilities - Plumbing,Plumbing,3 - Medium,LEAKAGE FOR PENTARY AREA
INC000004101328,20144,"IDFC - GURGAON ROSEWOOD CITY, SECTOR-49 BRANCH",Facilities - Carpentry,Carpentry-Workstation,3 - Medium,NEED 1 TABLE
INC000004101458,41358,IDFC - KALYANI NAGAR BRANCH,Facilities - Electrical,Electrical -Lights,3 - Medium,Kindly arrange electrician at vault area light issue.
INC000004101611,20224,IDFC - NEW DELHI CHANDNI CHOWK BRANCH,Facilities - Electrical,Electrical -Lights,3 - Medium,UV LIGHT NOT WORKING
INC000004101623,20101,IDFC - BARAKHAMBA ROAD BRANCH,Facilities - Carpentry,Carpentry-Workstation,3 - Medium,Kindly arrange carpenter for repair of broken drawers
INC000004101732,41281,IDFC - MANDSAUR BRANCH,Facilities - Lockers,Lockers,3 - Medium,droz lock replacement
INC000004101994,43881,IDFC - COLVA-BENAULIM ROAD,Facilities - Plumbing,Plumbing,3 - Medium,WATER LEAKAGES IN PANTRY AREA
INC000004102004,43102,IDFC - SOJAT BRANCH,Facilities - Electrical,Electrical -Fans,3 - Medium,Dear Team wash room fan are not working
INC000004102350,42561,IDFC - UDAIPUR-APEX CHAMBER,Facilities - Plumbing,Plumbing,3 - Medium,leakages at WC and TAP
INC000004102451,42642,IDFC - JAMNAGAR BRANCH,Facilities - Plumbing,Plumbing-Sanitary Equipments,3 - Medium,IN MALE WASHROOM THERE IS LEKAGE IN TOILET
INC000004102649,21232,IDFC - DEHRADUN-KRISHNA TOWER,Facilities - Electrical,Electrical -Power,3 - Medium,"Dear Team, There is some phase issue in our branch due to which central AC's are not working and so much suffocation is there in branch employees are not able t"
INC000004102892,41376,IDFC - KHARADI BRANCH,Facilities - Electrical,Electrical -Power,3 - Medium,ac and lights not working in branch.
INC000004102983,41361,IDFC - KONCORD TOWERS - PUNE BUND GARDEN,Facilities - Carpentry,Carpentry-Lock / Key,3 - Medium,Key Misplace of E47
INC000004103787,60721,IDFC - KENDUJHAR BRANCH,Facilities - Carpentry,Carpentry-Workstation,3 - Medium,Need a Soft notice board in branch
INC000004103797,42271,IDFC - KIM BRANCH,Facilities - Carpentry,Carpentry-Lock / Key,3 - Medium,Teller Cabin lock not working
INC000004103983,41111,IDFC - TIMURNI BRANCH,Facilities - Plumbing,Plumbing,3 - Medium,Dear team we are unbale to sitting in branch there are plumbing issue in branch and worst smell condition in branch resolve this issue on priority
INC000004104466,42128,IDFC - VAISHALI NAGAR BRANCH,Facilities - Carpentry,Carpentry-Lock / Key,3 - Medium,Teller Drawer Not Working Please Resolve
INC000004104476,41261,IDFC - TAKIPURA BRANCH,Facilities - Electrical,Electrical -Inverter,3 - Medium,Ups cation branch half poshan all work station electricity cut all shut down
INC000004104607,20256,IDFC - SHALIMAR BAGH BRANCH,Facilities - Carpentry,Carpentry-Doors,3 - Medium,branch main door dislodged and lobby wooden door not getting closed
INC000004104985,60289,IDFC - Barh,Facilities - Carpentry,Carpentry-Lock / Key,3 - Medium,Bathroom lock broken
INC000004105144,43841,IDFC - Udhana,Facilities - Carpentry,Carpentry-Lock / Key,3 - Medium,Drawer Lock Issue in Operational Area Counter.
INC000004105170,41273,IDFC - MBL - INDORE-JAWAHAR MARG,Facilities - Furniture,Furniture-Chair,3 - Medium,Castors broken
INC000004105205,41273,IDFC - MBL - INDORE-JAWAHAR MARG,Facilities - Carpentry,Carpentry-shutter,3 - Medium,shutter jam
INC000004105219,41273,IDFC - MBL - INDORE-JAWAHAR MARG,Facilities - Plumbing,Plumbing-Sanitary Equipments,3 - Medium,tap fiting issu
INC000004109045,41261,IDFC - TAKIPURA BRANCH,Facilities - Furniture,Furniture-Chair,3 - Medium,chair damaged ( four chair and one while chair )
INC000004109068,40197,IDFC - Thane Waghle Estate,Facilities - Electrical,Electrical -Lights,3 - Medium,"Server Room, Vault Room & Customer Lobby Lights not working Properly"
INC000004109076,41261,IDFC - TAKIPURA BRANCH,Facilities - Carpentry,Carpentry-Doors,3 - Medium,please arrange door locks and repair
INC000004109227,40421,IDFC - PALANPUR BRANCH,Facilities - Carpentry,Carpentry-Doors,3 - Medium,2 Doors of gents Toilet closing function not working .
INC000004109527,43832,IDFC - Vidisha,Facilities - Electrical,Electrical -Fans,3 - Medium,vault fan is not properly setup
INC000004109730,40148,IDFC - Bhiwandi,Facilities - Electrical,Electrical -Lights,3 - Medium,ceiling lights not working in lobby kindly arrange on urgent basis
INC000004109859,43741,IDFC - MBL - DATIA,Facilities - Carpentry,Carpentry-Doors,3 - Medium,DOOR CLOSER IS NOT WORKING.
INC000004109873,40122,IDFC - KALYAN-SARVODAY MALL,Facilities - Plumbing,Plumbing,3 - Medium,Due to some pending Plumbing work men's washroom is not in working condition since last 2 months. please help to resolve issue on priority.
INC000004109947,21233,IDFC - DEHRADUN - GMS ROAD BRANCH,Facilities - Carpentry,Carpentry-Doors,3 - Medium,ATM Doors is not getting Locked.
INC000004110203,41281,IDFC - MANDSAUR BRANCH,Facilities - Carpentry,Carpentry-Workstation,3 - Medium,Dran leakage problem in BM cabin
INC000004110348,41105,IDFC - SEONI MALWA BRANCH,Facilities - Plumbing,Plumbing,3 - Medium,Choke issue in mens washroom.
INC000004110562,21603,IDFC - HANSI BRANCH,Facilities - Plumbing,Plumbing-Sanitary Equipments,3 - Medium,Dear team Please arrange Plumber for tab and sawar pipe block for hansi branch(21603).
INC000004110746,41365,IDFC - PUNE-WAGHOLI,Facilities - Carpentry,Carpentry-Doors,3 - Medium,Furniture and marble break in Pantry. Kindly resolve
INC000004110755,40443,IDFC - LALPAR BRANCH,Facilities - Carpentry,Carpentry-Workstation,3 - Medium,required additional soft NOTICE Board in branch of 3*5 feet
INC000004110860,42624,IDFC - MAHUVA BRANCH,Facilities - Lockers,Lockers,3 - Medium,Branch vault main door lock in very hard so request you to fix it for smooth working
INC000004110902,42624,IDFC - MAHUVA BRANCH,Facilities - Carpentry,Carpentry-Workstation,4 - Low,Key Board tray not functioning
INC000004110937,42624,IDFC - MAHUVA BRANCH,Facilities - Carpentry,Carpentry-Doors,3 - Medium,"Branch 2nd floor pantry window broken,"
INC000004111854,42129,IDFC - RAJA PARK JAIPUR BRANCH,Facilities - Electrical,Electrical -Power,3 - Medium,while start the generator light not come. please assign the electrician for checking the light and generator.
INC000004111876,42344,IDFC - DAHEGAM BRANCH,Facilities - Electrical,Electrical -Power,3 - Medium,Power not working properly in Dahegam branch.powar suddenly switch off and switch on
INC000004113689,61251,IDFC - BALANGIR BRANCH,Facilities  - Digital Signage,Electrical Issue,3 - Medium,Kindly arrange electrician for branch signage electrical connections.
INC000004113695,61251,IDFC - BALANGIR BRANCH,Facilities - Electrical,Electrical -Fans,3 - Medium,"wash room exhaust fan not working, wall mount fan at front desk not working."
INC000004113885,21231,IDFC - DEHRADUN BRANCH,Facilities - Furniture,Furniture-Chair,3 - Medium,cleaning of chair and cloth also torn of chair
INC000004113889,21231,IDFC - DEHRADUN BRANCH,Facilities - Carpentry,Carpentry-Lock / Key,3 - Medium,Locks of Drawer in cash area and customer area-
INC000004113895,21231,IDFC - DEHRADUN BRANCH,Facilities - Electrical,Electrical -Wiring,3 - Medium,Loose wire fixation
INC000004116892,41321,IDFC - LADVI BRANCH,Facilities - Electrical,Electrical -Lights,3 - Medium,"Dear team, light is not working in vault room kindly resolve the issue as soon as posible"
INC000004116900,60138,IDFC - HOWRAH - AC MARKET BRANCH,Facilities - Electrical,Electrical -Lights,3 - Medium,light at gold room is not working
INC000004116908,20151,IDFC - NOIDA- SECTOR 18 BRANCH,Facilities - Electrical,Electrical -Lights,3 - Medium,UV RAYS IS NOT WORKING
INC000004117201,42761,IDFC - MODASA BRANCH,Facilities - Plumbing,Plumbing,3 - Medium,2 WASHROOM ISSUE FLUSH GUN AND DRAIN CHOCKUP
INC000004117713,60361,IDFC - CUTTACK- ROYAL TOWER,Facilities - Plumbing,Plumbing,3 - Medium,WATER LEAKAGES
INC000004118010,42801,IDFC - LUNAWADA BRANCH,Facilities - Electrical,Electrical -Panel / Boards,3 - Medium,Installation Of Mobile Network Booster
INC000004118420,42404,IDFC - Siolim,Facilities - Carpentry,Carpentry-Doors,3 - Medium,teller door lock issue
INC000004118559,42141,IDFC - UJJAIN BRANCH,Facilities - Lockers,Lockers,3 - Medium,key loss please Change the lock.
INC000004118932,21263,IDFC - LUCKNOW - CHOWK BRANCH,Facilities - Furniture,Furniture-Chair,3 - Medium,need chair cleaning and repairing.
INC000004119035,22143,IDFC - MUKHERJEE NAGAR,Facilities - Electrical,Electrical -Panel / Boards,3 - Medium,"Please arrange someone  to install coffee machine power board its required as advised by vendor, please check and arrange someone for the same."
INC000004119041,10219,IDFC - Delhi - Rajendra Palace - CPC,Facilities - Electrical,Electrical -Wiring,3 - Medium,Vaccume Cleaner Not Working
INC000004119449,21234,IDFC - DEHRADUN-NEHRU COLONY BRANCH,Facilities - Electrical,Electrical -Panel / Boards,3 - Medium,electrical panel got in fire due to all system shut
INC000004119483,21234,IDFC - DEHRADUN-NEHRU COLONY BRANCH,Facilities - Electrical,Electrical -Stabilizer,3 - Medium,stabilizer issue electrical panel burn due to which branch system are shut
INC000004119718,42184,IDFC - KEKRI BRANCH,Facilities - Civil,Civil-work,3 - Medium,Please change Suggestion Box lock.
INC000004119931,60104,IDFC - Merlin House,Facilities - Carpentry,Carpentry-Workstation,3 - Medium,TWO COMPUTER KEYBOARD IS NOT WORKING .BOTH ARE JAMMED.
INC000004119958,43731,IDFC - MBL - BIAORA,Facilities - Electrical,Electrical -Stabilizer,3 - Medium,"Dear team branch electricity again and again up down from stabilizer, recently engineer visit in branch but issue does not solve completely."
INC000004120065,20254,IDFC - AZADPUR BRANCH,Facilities - Electrical,Electrical -Panel / Boards,3 - Medium,SWITCH BOARD GOT SHORT CIRCUIT OF TELLER COUNTER DUE TO WHICH SERVICES GETTING HAMPERED
INC000004120349,43541,IDFC - MBL - JALGAON,Facilities - Electrical,Electrical -Panel / Boards,3 - Medium,Dear Team when tea machine is on then branch line off mcb is trip please check urgent basis
INC000004120767,43415,IDFC - JAIPUR - JOHARI BAZAR BRANCH,Facilities - Carpentry,Carpentry-Workstation,3 - Medium,cheque drop box lid broken
INC000004121001,41324,IDFC - BHIKANGAON BRANCH,Facilities - Electrical,Electrical -Fans,3 - Medium,ceiling fan not working at bhikangaon branch
INC000004121289,20101,IDFC - BARAKHAMBA ROAD BRANCH,Facilities - Lockers,Lockers,3 - Medium,Please align vendor for locker issue as locker is not opening after issuance and it is getting stuck. One key also needs to resealed
INC000004121320,43104,IDFC - PALI BRANCH,Facilities - Dormitory,Dormitory-Maintanance,3 - Medium,3 DRAWER LOCK NOT WORKING KINDLY RESOLVE.
INC000004121332,43104,IDFC - PALI BRANCH,Facilities - Electrical,Electrical -Lights,3 - Medium,BRANCH LOBBY LIGHT AND SIGN BOARD LIGHT NOT WORKING. KINDLY RESOLVE.
INC000004124903,20134,IDFC - DWARKA SECTOR 12 A BRANCH,Facilities - Carpentry,Carpentry-Lock / Key,3 - Medium,"Almirah Lock is broken, Staff locker is misplaced"
INC000004124917,20105,IDFC - NSP - PITAMPURA BRANCH,Facilities - Plumbing,Plumbing,3 - Medium,Dear team request you to kindly send some to check the issue there is problem with Checkup in branch washroom
INC000004124938,20105,IDFC - NSP - PITAMPURA BRANCH,Facilities - Carpentry,Carpentry-Doors,3 - Medium,"Branch ATM door is not working properly , movement related issues or dislocated"
INC000004124944,20105,IDFC - NSP - PITAMPURA BRANCH,Facilities - Carpentry,Carpentry-Workstation,3 - Medium,Dear team request you to kindly check the issue some issues in ATM
INC000004129291,21394,IDFC - AMBALA SADAR BRANCH,Facilities - Carpentry,Carpentry-Doors,3 - Medium,R&M work in Ambala branch
INC000004129371,43181,IDFC - BILIMORA BRANCH,Facilities - Electrical,Electrical -Fans,3 - Medium,Fan is running very sow
INC000004129375,43181,IDFC - BILIMORA BRANCH,Facilities - Electrical,Electrical -Lights,3 - Medium,Electric tube light not working
INC000004132503,20145,IDFC - NOIDA SECTOR 50 BRANCH,Facilities  - Digital Signage,Electrical Issue,3 - Medium,branch Sign Board braoken 
INC000004132606,43415,IDFC - JAIPUR - JOHARI BAZAR BRANCH,Facilities - Electrical,Electrical -Lights,3 - Medium,Light broken
INC000004132821,42625,IDFC - MBL - BHAVNAGAR,Facilities - Carpentry,Carpentry-Lock / Key,3 - Medium,Men's Washroom Lock not working. New washroom lock requirement. 
INC000004132930,43661,IDFC - BOTAD BRANCH,Facilities - Electrical,Electrical -Wiring,3 - Medium,Dear team please send electrician for water tank submersible pump issue is not solve locally
INC000004133046,42185,IDFC - BEAWAR BRANCH,Facilities - Electrical,Electrical -Power,3 - Medium,electricity issue at beawar branch
INC000004133480,21892,IDFC - Baddi,Facilities - Lockers,Lockers,3 - Medium,"Dear team, Locker Key ID to be embossed & Master Key ID for the Baddi branch 21892."
INC000004133756,20113,IDFC - DELHI- UTTAM NAGAR,Facilities - Electrical,Electrical -Panel / Boards,3 - Medium,"Dear Team, Required an electrical board in server room"
INC000004133964,42385,IDFC - KARELIBAUGH BRANCH,Facilities - Carpentry,Carpentry-Workstation,3 - Medium,AC DUCT GRILL OPEN REQUIRED
INC000004134444,20127,IDFC - ROHINI BRANCH,Facilities - GSB,GSB-Light,3 - Medium,gsb is not working 
INC000004134659,43843,IDFC - VIP Road Surat CPC,Facilities - Electrical,Electrical -Power,3 - Medium,Lights not operational at CPC-SURAT VAULT
INC000004135104,42383,IDFC - MAKARPURA BRANCH,Facilities - GSB,GSB-Light,3 - Medium,GSB lights not working since last 6 months
INC000004135208,20121,IDFC - DELHI - OPS OFFICE-KAROL BAGH,Facilities - Electrical,Electrical -Fans,3 - Medium,Pedestal fan not working 
INC000004135383,42322,IDFC - MBL- BHILWARA,Facilities - Carpentry,Carpentry-Workstation,3 - Medium,Please provide new pedestal for safe keeping
INC000004135841,21421,IDFC - Rajendra Nagar Ghaziabad,Facilities - Plumbing,Plumbing,3 - Medium,LEAKAGE ISSUE IN WASHROOM 
INC000004136146,21791,IDFC - HARIDWAR BRANCH,Facilities - Electrical,Electrical -Panel / Boards,3 - Medium,branch atm lollypop is not working/broken
INC000004136296,39201,"IDFC - EXPRESS TOWERS,ITO SALES HUB",Facilities - Electrical,Electrical -Lights,3 - Medium,Bulbs Are Not Working Properly
INC000004136819,42342,IDFC - KALOL BRANCH,Facilities - Electrical,Electrical -Power,3 - Medium,some of the lights not working - power issue
INC000004136850,60881,IDFC - REMUNA BRANCH,Facilities - Civil,Civil-work,3 - Medium,CUP BOARD TO BE FURNISHED FOR STORAGE AT REMUNA BRANCH
INC000004137119,20113,IDFC - DELHI- UTTAM NAGAR,Facilities - Carpentry,Carpentry-Workstation,3 - Medium,"Dear Team, Requirement 2 White Board In Uttam Nagar Branch "
INC000004137342,20254,IDFC - AZADPUR BRANCH,Facilities - Electrical,Electrical -Panel / Boards,3 - Medium,SWITCH BOARD FAULT
INC000004137348,20229,IDFC - IP EXTENSION,Facilities - Electrical,Electrical -Panel / Boards,3 - Medium,2 extra board required pf 16 AMP for coffee machine power installation 
INC000004137358,20126,IDFC - PUNJABI BAGH BRANCH,Facilities - Plumbing,Plumbing,3 - Medium,"Dear Team, its urgent leakage in branch washroom, kindly assigned plumber on urgent basis."
INC000004141218,21621,IDFC - PANIPAT BRANCH,Facilities - Plumbing,Plumbing-Sanitary Equipments,3 - Medium,"branch washrooms problems, please contact urgent"
INC000004141226,60841,IDFC - MANENDRAGARH BRANCH,Facilities - Plumbing,Plumbing-Sanitary Equipments,3 - Medium,urinary pot has been jammed need urgent attention.
INC000004141230,42392,IDFC - Gotri - Sewasi,Facilities - Electrical,Electrical -Power,3 - Medium,No electricity at Gotri Branch
INC000004141365,42242,IDFC - HALOL BRANCH,Facilities - Electrical,Electrical -Panel / Boards,3 - Medium,Issue in Network racket in UPS . Head teller PC in UPS is Not working in the Branch.
INC000004141368,20227,IDFC - East Of Kailash,Facilities - Carpentry,Carpentry-Doors,3 - Medium,ATM DOOR ALIGNMENT ISSUE
INC000004141413,60138,IDFC - HOWRAH - AC MARKET BRANCH,Facilities - Lockers,Lockers,3 - Medium,RE SEALING OF LOCKER LOCKER KEY COVER
INC000004141505,43652,IDFC - DOLATPARA BRANCH,Facilities - Electrical,Electrical -Panel / Boards,3 - Medium,LOLIPOP FALL DOWN DUE TO STORM IN OUR CITY
INC000004141517,40516,IDFC - Ghansoli,Facilities - Electrical,Electrical -Fans,3 - Medium,WALL MOUNT FAN NOT WORKING
INC000004141598,21351,IDFC - PANCHKULA BRANCH,Facilities - Electrical,Electrical -Panel / Boards,3 - Medium,Need 3 new MC on urgent basis . All old three MCs are broken. 
INC000004141891,21601,IDFC - HISAR BRANCH,Facilities - Electrical,Electrical -Wiring,3 - Medium,dear team LAN  port does not work for too many days please take it priority.
INC000004141976,60781,IDFC - BHADRAK BRANCH,Facilities - Civil,Civil-work,3 - Medium,Scaffolding required for AC repairing work 
INC000004142003,20121,IDFC - DELHI - OPS OFFICE-KAROL BAGH,Facilities - Electrical,Electrical -Panel / Boards,3 - Medium,Power Socket not Working Upper Ground Floor karol Bagh Ops office
INC000004142306,40516,IDFC - Ghansoli,Facilities - Electrical,Electrical -Wiring,3 - Medium,urgent requirement of technician it suffers operational work of branch 
INC000004142522,40514,IDFC - Mahim,Facilities - Carpentry,Carpentry-shutter,3 - Medium,Need carpenter as the board outside is damaged and needs to be removed
INC000004142603,43761,IDFC - MBL - GUNA,Facilities - Plumbing,Plumbing,3 - Medium,Kindly Arrange Plumber for Water Line Checking
INC000004142670,21234,IDFC - DEHRADUN-NEHRU COLONY BRANCH,Facilities - Plumbing,Plumbing-Sanitary Equipments,3 - Medium,leakage of taps 
INC000004143097,20157,IDFC - BOC- SECTOR-132- NOIDA,Facilities - Plumbing,Plumbing,3 - Medium,The urinal in the Gent's Washroom in not functional and its leaking . Kindly check and get this fixed immediately 
INC000004143331,21004,IDFC - GURUGRAM-SECTOR14,Facilities - Electrical,Electrical -Power,3 - Medium,Dear team branch Electricty power supply damaged please resolved on priorty bassis 
INC000004143434,40301,IDFC - AHMEDABAD C.G. ROAD BRANCH,Facilities - Carpentry,Carpentry-Doors,3 - Medium,door not closed properly 
INC000004143833,20111,IDFC - GREATER KAILASH II BRANCH,Facilities - Carpentry,Carpentry-Doors,3 - Medium,Main glass door is not closing properly //gk II/ 20111
INC000004144068,42264,IDFC - SURAT- INTERNATIONAL BUSINESS CENTRE,Facilities - Carpentry,Carpentry-Lock / Key,3 - Medium,Main door lock is broken.
INC000004144179,43821,IDFC - AMBAJOGAI BRANCH,Facilities - Lockers,Lockers,3 - Medium,Sider not working side raples not working 
INC000004144412,60423,IDFC - ASANSOL,Facilities - Carpentry,Carpentry-Doors,3 - Medium,main branch entrance door handle broke down
INC000004144759,60241,IDFC - BHUBANESWAR BRANCH,Facilities  - Digital Signage,Electrical Issue,3 - Medium,Branch and ATM Signage board display not working
INC000004144770,42128,IDFC - VAISHALI NAGAR BRANCH,Facilities - Plumbing,Plumbing-Sanitary Equipments,3 - Medium,boys toilet is chocked 
INC000004144819,42128,IDFC - VAISHALI NAGAR BRANCH,Facilities - Electrical,Electrical -Fans,3 - Medium,pentry fan is not working
INC000004145325,43102,IDFC - SOJAT BRANCH,Facilities - Furniture,Furniture-Chair,3 - Medium,Dear Team Kindly provide a vender for door lock not working 
INC000004145808,40506,IDFC - Vidya Vihar,Facilities - Lockers,Lockers,3 - Medium,Locker key seal need to do 
INC000004145833,40506,IDFC - Vidya Vihar,Facilities - Carpentry,Carpentry-Doors,3 - Medium,"Branch Door handler and broken, Cupboard Door is broken, Washroom hydraulic door closer is damage.  "
INC000004145844,40506,IDFC - Vidya Vihar,Facilities - Electrical,Electrical -Panel / Boards,3 - Medium,Socket board is not working.
INC000004145853,40506,IDFC - Vidya Vihar,Facilities - Furniture,Furniture-Chair,3 - Medium,Couple of chair arm rest and couple of plastic chair is broken. 
INC000004145930,40506,IDFC - Vidya Vihar,Facilities - Lockers,Lockers,3 - Medium,"Gold loan vault lock is not smooth, we need make multiple attempts to lock and unlock the door. "
INC000004146006,20121,IDFC - DELHI - OPS OFFICE-KAROL BAGH,Facilities - Lockers,Lockers,3 - Medium,Locks to be replaced of the lockers storing important documents
INC000004146436,21503,IDFC - JAMMU BAHU PLAZA BRANCH,Facilities - Electrical,Electrical -Inverter,3 - Medium,"Dear Team, kindly assign the vendor to check the backup inverter is not working for Bahu Plaza Jammu"
INC000004146438,21503,IDFC - JAMMU BAHU PLAZA BRANCH,Facilities - Electrical,Electrical -Panel / Boards,3 - Medium,ATM LOLLY POP LIGHTS IS NOT WORKING FOR BAHU PLAZA JAMMU
INC000004149704,43416,IDFC - Mansarovar Branch,Facilities - Electrical,Electrical -Wiring,3 - Medium,Vault grill gate light wire is not working properly also its wire is exposed from the switch. very risky. kindly send someone to repair the same.
INC000004149871,42261,IDFC - SURAT BRANCH,Facilities - Carpentry,Carpentry-Doors,3 - Medium,atm door handle break. kindly repair on urgent basis
INC000004149884,43416,IDFC - Mansarovar Branch,Facilities - Electrical,Electrical -Wiring,3 - Medium,Electrical problem need urgent resolution by the technical team
INC000004149923,42273,IDFC - MBL- ADAJAN,Facilities - Plumbing,Plumbing-Sanitary Equipments,3 - Medium,washroom basin not working from 3-4 months.
INC000004150031,40114,IDFC - MALAD BRANCH,Facilities - Carpentry,Carpentry-Lock / Key,3 - Medium,unable to lock drawers in branch manager cabin
INC000004150128,42302,IDFC - SINGHANA BRANCH,Facilities - Electrical,Electrical -Fans,3 - Medium,Dear Sir Ceiling fan not working.
INC000004150339,20215,IDFC - NEW DELHI KALKAJI BRANCH,Facilities - Electrical,Electrical -Wiring,3 - Medium,water motor wire not working 
INC000004150623,21064,IDFC - SIRSA,Facilities - Carpentry,Carpentry-Workstation,3 - Medium,cupboard in pantry dislocate from its location
INC000004151430,20217,IDFC - GREATER KAILASH - I BRANCH,Facilities - Electrical,Electrical -Panel / Boards,3 - Medium,Electric panel board needs to be fixed wire are coming out and UV lamp is also not working. kindly arrange the electrician on urgent basis.
INC000004151440,43832,IDFC - Vidisha,Facilities - Plumbing,Plumbing,3 - Medium,LEAKAGE IN FIRST FLOOR TOIELT   
INC000004151520,42425,IDFC - RAJKOT BHAKTI NAGAR BRANCH,Facilities - Electrical,Electrical -Panel / Boards,3 - Medium,ELECTRICAL PENAL BOARD INSTALL OF RAJKOT BHAKTINGAR BRANCH 42425
INC000004151963,41454,IDFC - PUNE - KOTHRUD BRANCH,Facilities - Plumbing,Plumbing,3 - Medium,LEAKAGES ISSUE AT KOTHRUD BRANCH - WASHROOM AND PANTRY AREA
INC000004152069,42387,IDFC - DABHOI BRANCH,Facilities - Carpentry,Carpentry-Workstation,3 - Medium,New notice board required in branch lobby
INC000004152106,20129,IDFC - GURGAON SOHNA ROAD BRANCH,Facilities - Lockers,Lockers,3 - Medium,issue in vault grill door inside lock system 
INC000004152839,42461,IDFC - ANKLESHWAR BRANCH,Facilities - Electrical,Electrical -Power,3 - Medium,POWER FAILURE ISSUE AT ANKLESHWAR BRANCH
INC000004153062,41281,IDFC - MANDSAUR BRANCH,Facilities - Electrical,Electrical -Panel / Boards,3 - Medium,Electric board is damaged in cash cabin at Mandsaur branch 
INC000004153655,21331,IDFC - NOIDA SECTOR 63 BRANCH,Facilities - Carpentry,Carpentry-Workstation,3 - Medium,Please arrange to move cheque drop box from ATM to branch premise
INC000004153760,20144,"IDFC - GURGAON ROSEWOOD CITY, SECTOR-49 BRANCH",Facilities - Carpentry,Carpentry-Workstation,3 - Medium,NEED FOR 1 TABLE
INC000004153803,43431,IDFC - BARAN BRANCH,Facilities - Lockers,Lockers,3 - Medium,"dear team,drawers lock is not closed so plz arrange the lock facilities onpriority "
INC000004154780,21004,IDFC - GURUGRAM-SECTOR14,Facilities - Carpentry,Carpentry-Workstation,3 - Medium,"HOLES IN WALL, DUSTY WALLS"
INC000004155298,20257,IDFC - KAMLA NAGAR BRANCH,Facilities - Carpentry,Carpentry-Lock / Key,3 - Medium,ATM door and gold loan has been stuck kindly repair 
INC000004155307,42241,IDFC - GODHRA BRANCH,Facilities - Carpentry,Carpentry-Doors,3 - Medium,DOOR ISSUE
INC000004158747,40106,IDFC - MUMBAI - NARIMAN POINT BRANCH,Facilities - Plumbing,Plumbing-Sanitary Equipments,3 - Medium,jet spray not working
INC000004158748,40106,IDFC - MUMBAI - NARIMAN POINT BRANCH,Facilities - Plumbing,Plumbing,3 - Medium,flush not working
INC000004158778,60303,IDFC - LALPUR BRANCH,Facilities  - Digital Signage,Electrical Issue,3 - Medium,Glow shine board of branch is not working
INC000004158787,60303,IDFC - LALPUR BRANCH,Facilities - Electrical,Electrical -Fans,3 - Medium,Exhaust fan of mens washroom is not working
INC000004158792,42222,IDFC - SRIMADHOPUR BRANCH,Facilities - Electrical,Electrical -Panel / Boards,3 - Medium,"5 Switch board from UPS not working, request you to kindly arrange vendor and do the needful."
INC000004158821,43433,IDFC - CHHABRA BRANCH,Facilities - Carpentry,Carpentry-Lock / Key,3 - Medium,Vault wooden door lock key broken
INC000004158832,40302,IDFC - PRAHLAD NAGAR BRANCH,Facilities - Carpentry,Carpentry-Lock / Key,3 - Medium,NEED TO CHANGE THE DRWAER LOCKS OF THE BRANCH
INC000004158898,40302,IDFC - PRAHLAD NAGAR BRANCH,Facilities - Carpentry,Carpentry-Doors,3 - Medium,GLASS DOOR OF MEETING ROOM IS NOT WORKING PROPERLY
INC000004159089,20159,IDFC - NOIDA SEC 121 BRANCH,Facilities - Electrical,Electrical -Fans,3 - Medium,slow work in lady washroom
INC000004159134,20159,IDFC - NOIDA SEC 121 BRANCH,Facilities - Carpentry,Carpentry-Workstation,3 - Medium,ALL CABINATE DOOR DAMAGE
INC000004159446,43843,IDFC - VIP Road Surat CPC,Facilities - Carpentry,Carpentry-Workstation,3 - Medium,Key Board tray broken.
INC000004159729,21004,IDFC - GURUGRAM-SECTOR14,Facilities - Carpentry,Carpentry-Lock / Key,3 - Medium,cabinet gets stuch while opening and closing
INC000004159847,21652,IDFC - MBL - Aligarh Sasni Gate,Facilities - Carpentry,Carpentry-Lock / Key,3 - Medium,"DEAR TEAM, SOME LOCKS ARE NOT WORKING IN THEIR BRANCH"
INC000004160373,40352,IDFC - ANAND BRANCH,Facilities - Electrical,Electrical -Power,3 - Medium,electricity power shut down while air conditioner timer reparing
INC000004160565,21268,IDFC - Maunath,Facilities - Furniture,Furniture-Chair,3 - Medium,chair armrest  is broken
INC000004160715,42561,IDFC - UDAIPUR-APEX CHAMBER,Facilities - Electrical,Electrical -Fans,3 - Medium,1 wall mount fan required 
INC000004160833,21471,IDFC - KARNAL-URBAN ESTATE,Facilities - Electrical,Electrical -Panel / Boards,3 - Medium,Need to change MC and panel as same is damage 
INC000004161121,40197,IDFC - Thane Waghle Estate,Facilities - Carpentry,Carpentry-Workstation,3 - Medium,"need to arrange Table for coffee vending machine , modify edge or need seprate table for coffeee machine..."
INC000004161210,40197,IDFC - Thane Waghle Estate,Facilities - Electrical,Electrical -Fans,3 - Medium,exhaust fan not working 
INC000004161257,40197,IDFC - Thane Waghle Estate,Facilities - Plumbing,Plumbing-Sanitary Equipments,3 - Medium,flush tap npt working properly 
INC000004161272,42145,IDFC - UJJAIN FREEGANJ BRANCH,Facilities - Carpentry,Carpentry-Doors,3 - Medium,pantary door upper top sping brust
INC000004161659,21211,IDFC - CHANDIGARH BRANCH,Facilities - Civil,Civil-work,3 - Medium,Fungus on Pantry Wooden Boxes at Sector 8 Chandigarh
INC000004161738,21211,IDFC - CHANDIGARH BRANCH,Facilities - Electrical,Electrical -Lights,3 - Medium,ATM Lights are very dull need square Size light in ATM Room at sector 8 Chandigarh Branch
INC000004161771,21211,IDFC - CHANDIGARH BRANCH,Facilities - Electrical,Electrical -Wiring,3 - Medium,ATM Electric Wires are loose and Electric Plug cover of steel box is also not in good condition at sector 8 Chandigarh
INC000004161817,40374,IDFC - BAYAD BRANCH,Facilities - Electrical,Electrical -Wiring,3 - Medium,dear sir we have discuss with phone call sutter  box issue
INC000004161966,43741,IDFC - MBL - DATIA,Facilities - Carpentry,Carpentry-Doors,3 - Medium,2 DOOR CLOSER IS NOT WORKING.
INC000004161970,41386,IDFC - BHOPAL-KOLAR ROAD BRANCH,Facilities - Electrical,Electrical -Fans,3 - Medium,"Dear Team, Please look at the matter Washroom Exhaust Fan Not Working"
INC000004162001,60344,IDFC - RANCHI- LALPUR BRANCH,Facilities - Electrical,Electrical -Power,3 - Medium,"DG is not working in electric connection,please resolve on priority "
INC000004162260,21211,IDFC - CHANDIGARH BRANCH,Facilities - Carpentry,Carpentry-Workstation,3 - Medium,Soft Notice Board mounted on Entrance Wall is required at Sector 8 Chandigarh Branch
INC000004162577,60119,IDFC - KOLKATA-KASBA BRANCH BRANCH,Facilities - Electrical,Electrical -Power,3 - Medium,UPS REQUIRED>>KASBA 60119
INC000004162731,40402,IDFC - MBL - MEHSANA,Facilities - Furniture,Furniture-Chair,3 - Medium,chair backrest broken in mehsana mbl branch
INC000004162868,43411,IDFC - JAIPUR TONK ROAD BRANCH,Facilities - Plumbing,Plumbing,3 - Medium,Branch Male washroom is very smelly 
INC000004163333,21004,IDFC - GURUGRAM-SECTOR14,Facilities - Carpentry,Carpentry-Doors,3 - Medium,glass broken.
INC000004163343,21004,IDFC - GURUGRAM-SECTOR14,Facilities - Electrical,Electrical -Wiring,3 - Medium,wires are hanging here and there below led
INC000004163430,20158,IDFC - NOIDA-16 BRANCH,Facilities - Carpentry,Carpentry-shutter,3 - Medium,branch shuttere jam pleses arrange staff to solve on  urgent basis
INC000004163858,42162,IDFC - KATHWADA BRANCH,Facilities - Carpentry,Carpentry-shutter,3 - Medium,key board shutter broken 
INC000004163868,42162,IDFC - KATHWADA BRANCH,Facilities - Carpentry,Carpentry-Doors,3 - Medium,atm door broken
INC000004164043,40155,IDFC - VILE PARLE EASTBRANCH,Facilities - Carpentry,Carpentry-Doors,3 - Medium,cabat has broken
INC000004164078,43433,IDFC - CHHABRA BRANCH,Facilities - Carpentry,Carpentry-Doors,3 - Medium,drawer issue
INC000004164123,61111,IDFC - BARIPADA BRANCH,Facilities - Furniture,Furniture-Chair,3 - Medium,4 number of chair damage 
INC000004167044,20112,IDFC - DEFENCE COLONY BRANCH,Facilities - Carpentry,Carpentry-Lock / Key,3 - Medium,Washroom door lock issue
INC000004167141,42162,IDFC - KATHWADA BRANCH,Facilities  - Digital Signage,Electrical Issue,3 - Medium,Signage board replace not visible branch name clearly.
INC000004167146,42162,IDFC - KATHWADA BRANCH,Facilities - Carpentry,Carpentry-shutter,3 - Medium,shutter need service 
INC000004167157,42162,IDFC - KATHWADA BRANCH,Facilities - Electrical,Electrical -Lights,3 - Medium,One light issue on first floor
INC000004167176,60135,IDFC - PRINCE ANWAR SHAH,Facilities - Lockers,Lockers,3 - Medium,need staircase in the branch for accessing the locker by the customer.
INC000004167203,60135,IDFC - PRINCE ANWAR SHAH,Facilities - Electrical,Electrical -Panel / Boards,3 - Medium,"the main branch switch (day mode to night mode) is not working, while changing in night mode."
INC000004167241,41302,IDFC - KHANDWA BRANCH,Facilities - Electrical,Electrical -Fans,3 - Medium,vault Celling and wall mount fan not working 
INC000004167256,41302,IDFC - KHANDWA BRANCH,Facilities - Electrical,Electrical -Lights,3 - Medium,kindly replaces Closed led and tube light  
INC000004167270,20229,IDFC - IP EXTENSION,Facilities  - Digital Signage,Electrical Issue,3 - Medium,board is not working 
INC000004167271,41302,IDFC - KHANDWA BRANCH,Facilities - Plumbing,Plumbing-Sanitary Equipments,3 - Medium,was washing pipe line chok 
INC000004167305,21416,IDFC - GHAZIABAD INDIRAPURAM BRANCH,Facilities - Carpentry,Carpentry-Lock / Key,3 - Medium,CHEQUE DROP BOX HAS BEEN DAMAGED
INC000004167438,42387,IDFC - DABHOI BRANCH,Facilities - Carpentry,Carpentry-Workstation,3 - Medium,1 KYE Board trays broken 
INC000004167452,42387,IDFC - DABHOI BRANCH,Facilities - Carpentry,Carpentry-Workstation,3 - Medium,drover damege 
INC000004167483,21064,IDFC - SIRSA,Facilities - Lockers,Lockers,3 - Medium,branch main wooden door lock not working
INC000004167494,21296,IDFC - Agra,Facilities - Electrical,Electrical -Panel / Boards,3 - Medium,Electricain required to support digital signage team
INC000004167645,40323,IDFC - VIRAMGAM BRANCH,Facilities - Carpentry,Carpentry-Lock / Key,3 - Medium,"Dear Team, we are not be able to lock middle area main door"
INC000004167695,60521,IDFC - CHAMPA BRANCH,Facilities - Lockers,Lockers,3 - Medium,drawer locker is opened please arrange locker replacement for the drawer.
INC000004167745,42127,IDFC - JAIPUR C- SCHEME BRANCH,Facilities - Carpentry,Carpentry-Lock / Key,3 - Medium,"FRFC IS NOT WORKING , REUIRED SAME methdox vendor"
INC000004167749,60521,IDFC - CHAMPA BRANCH,Facilities - Lockers,Lockers,3 - Medium,drawer locker issue please arrange the solution for the same.
INC000004167754,42286,IDFC - PIMPALGAON NASHIK,Facilities - Electrical,Electrical -Wiring,3 - Medium,EARTHING ISSUE. CHECK MAIL ATTACHED
INC000004167765,42221,IDFC - SIKAR BRANCH,Facilities - Electrical,Electrical -Fans,3 - Medium,Dear team cash counter celling fan not working from today kindly change fan on priority basis.
INC000004167795,60521,IDFC - CHAMPA BRANCH,Facilities - Carpentry,Carpentry-Lock / Key,3 - Medium,"dear team,please arrange carpenter for the drawer locker on urgent basis."
INC000004167862,40323,IDFC - VIRAMGAM BRANCH,Facilities - Carpentry,Carpentry-Doors,3 - Medium,"Dear Team, kindly provide five lock for door open push and pull rubber support ."
INC000004167898,42132,IDFC - JAIPUR - MANUPASANA-5TH FLOOR-OFFICE NO. 501,Facilities - Electrical,Electrical -Wiring,3 - Medium,electric wires has been cut by rats
INC000004168004,21692,IDFC - SAHARANPUR BRANCH,Facilities - Electrical,Electrical -Lights,3 - Medium,Stairs light is not working and front main board light also not working
INC000004168097,42622,IDFC - BHAVNAGAR BRANCH,Facilities - Plumbing,Plumbing,3 - Medium,Drain  chockup in washroom
INC000004168193,60242,IDFC - BHUBANESWAR-MODI BHAWAN,Facilities - Dormitory,Dormitory-Equipment,3 - Medium,Required one water dispenser in customer service area
INC000004168368,21502,IDFC - RESIDENCY ROAD-JAMMU BRANCH,Facilities  - Digital Signage,Electrical Issue,3 - Medium,Signage not working 
INC000004168396,60305,IDFC - RAIPUR-TAGORE NAGAR BRANCH,Facilities - Plumbing,Plumbing-Sanitary Equipments,3 - Medium,Washroom Fittings are not in right condition and may call for a mishappening
INC000004168446,61161,IDFC - PANPOSH ROAD BRANCH,Facilities - Furniture,Furniture-Chair,3 - Medium,one moving chair base is damaged
INC000004168466,60305,IDFC - RAIPUR-TAGORE NAGAR BRANCH,Facilities - GSB,GSB-Light,3 - Medium,GOld Loan Lollypop was fell down and needs to be fixed
INC000004168471,61161,IDFC - PANPOSH ROAD BRANCH,Facilities - Furniture,Furniture-Chair,3 - Medium,upholstery of chairs torn
INC000004168636,60145,"IDFC - BT Road, Dunlop, Kolkata Landmark Dunlop",Facilities - Lockers,Lockers,3 - Medium,KEY EMBOSSMENT FOR 171 LOCKERS
INC000004168757,60307,IDFC - Bhanpuri,Facilities - Electrical,Electrical -Lights,3 - Medium,ATM light not working in bhanpuri Branch ATM 
INC000004169453,42964,IDFC - SANGAMNER BRANCH,Facilities - Electrical,Electrical -Fans,3 - Medium,atm fan not working in last 15 days 
INC000004169471,40323,IDFC - VIRAMGAM BRANCH,Facilities - Furniture,Furniture-Chair,3 - Medium,"Dear Team,  Please find the attached screen snap . customer lobby area chair was not proper condition . request you to kindly help in this."
INC000004169758,42137,IDFC - MBL - JAIPUR-SANGANER,Facilities - Electrical,Electrical -Wiring,3 - Medium,switch are not working in working table 
INC000004169880,20257,IDFC - KAMLA NAGAR BRANCH,Facilities - Electrical,Electrical -Lights,3 - Medium,UV Lights not working both the counters please arrange the new UV lights with engineer
INC000004169998,43491,IDFC - AURANGABAD BRANCH,Facilities - Civil,Civil-work,3 - Medium,"NEW DOORMAT REQUIRE FOR ATM, BANK ENTRANCE AND WASHROOM"
INC000004170168,22091,IDFC - BELA PRATAPGARH BRANCH,Facilities - Furniture,Furniture-Chair,3 - Medium,"Dear Sir, Branch chair has been damaged, kindly find the images of chair and arrange the solution."
INC000004170265,41431,IDFC - PUNE SWARGATE BRANCH,Facilities - Dormitory,Dormitory-Maintanance,3 - Medium,DOOR MAT REQUIRED
INC000004170627,21622,IDFC - MBL - PANIPAT,Facilities - Electrical,Electrical -Stabilizer,3 - Medium,Stabilizer not working properly
INC000004170647,40308,IDFC - CHANDKHEDA BRANCH,Facilities - Plumbing,Plumbing,3 - Medium,WASHROOM COMMODE CHOCKUP
INC000004171101,20133,IDFC - GURGAON ARJUN MARG DLF PHASE 1 BRANCH,Facilities - Carpentry,Carpentry-Lock / Key,3 - Medium,Cash drawer and 2 Glass Door broken 
INC000004171154,40191,IDFC - ZAVERI BAZAAR BRANCH.,Facilities - Electrical,Electrical -Lights,3 - Medium,New Coffee Vending Machine not working
INC000004171464,42984,IDFC - MBL-ALWAR,Facilities - Furniture,Furniture-Chair,3 - Medium,"DOOR LOCK MAIN GATE , MEETING ROOM DOOR STOPER,SIGNAGE BOARD (BRANCH MANAGER), ONE CHAIR REPAIR"
INC000004171873,41241,IDFC - SANWER BRANCH,Facilities - Carpentry,Carpentry-Workstation,3 - Medium,dear team kitchen tiles demise
INC000004172185,21072,IDFC - FATEHABAD BRANCH,Facilities - Carpentry,Carpentry-Lock / Key,3 - Medium,cabinet lock need to change
INC000004172432,21352,IDFC - PANCHKULA SECTOR 20 BRANCH,Facilities - Electrical,Electrical -Power,3 - Medium,PLEASE ARRANGE COFFEE MACHINE TABLE 
INC000004172460,21352,IDFC - PANCHKULA SECTOR 20 BRANCH,Facilities - Electrical,Electrical -Panel / Boards,3 - Medium,KINLDY REPLACE LOLLIPOP BOARD 
INC000004172578,61302,IDFC - Muzaffarpur,Facilities - Electrical,Electrical -Stabilizer,3 - Medium,"electric line getting flatulating while routed through stabliser , if it is bypass , its working fine, please check "
INC000004172636,40309,IDFC - VATVA BRANCH,Facilities - Carpentry,Carpentry-Lock / Key,3 - Medium,Drawer lock 
INC000004172671,60104,IDFC - Merlin House,Facilities - Carpentry,Carpentry-Lock / Key,3 - Medium,Pedestal lock at my desk is not functioning 
INC000004172934,40142,IDFC - PANVEL BRANCH,Facilities - Electrical,Electrical -Lights,3 - Medium,kindly replaced the lights of branch lobby area.
INC000004176092,21417,IDFC - MODI NAGAR,Facilities - Electrical,Electrical -Power,3 - Medium,electricity power issue 
INC000004176093,43505,IDFC - GANDHIDHAM BRANCH,Facilities - Plumbing,Plumbing-Sanitary Equipments,3 - Medium,Linkage in Tap in ladies toilet and water linkage. Require plumber visit to resolve
INC000004176098,60281,IDFC - BORING ROAD BRANCH,Facilities - Carpentry,Carpentry-shutter,3 - Medium,Kindly process in urgently
INC000004176102,21634,IDFC - THANESAR BRANCH,Facilities - Electrical,Electrical -Lights,3 - Medium,UV LAMP IS NOT WORKING 
INC000004176104,41277,"IDFC - Itwariya Bazar,Indore",Facilities - Electrical,Electrical -Panel / Boards,3 - Medium,teller couneter 1 light is not working beacuse there is some issue in board and this ticket is already log before 2-3 months but still not resolved please fix t
INC000004176106,21061,IDFC - MANDI DABWALI BRANCH,Facilities - Furniture,Furniture-Chair,3 - Medium,Dear team in mandi dabwali branch most of the chairs are damaged. kindly do needful on priority.
INC000004176113,21634,IDFC - THANESAR BRANCH,Facilities - Carpentry,Carpentry-Doors,3 - Medium,"DOOR HANDLE , WOODEN DRAWER , KEYS LOCK BROCKEN "
INC000004176131,21004,IDFC - GURUGRAM-SECTOR14,Facilities - Furniture,Furniture-Chair,3 - Medium,chair base is damaged in customer srvice area and one more sitting chair is broken
INC000004176187,20224,IDFC - NEW DELHI CHANDNI CHOWK BRANCH,Facilities - Electrical,Electrical -Lights,3 - Medium,1 light not working
INC000004176217,20142,IDFC - NEW DELHI SAKET BRANCH,Facilities - Electrical,Electrical -Power,3 - Medium,LIGHT NOT THERE IN BRANCH
INC000004176233,20224,IDFC - NEW DELHI CHANDNI CHOWK BRANCH,Facilities - Electrical,Electrical -Fans,3 - Medium,SHIFT THE PLACE OF WALL MOUNT FAN
INC000004176274,21004,IDFC - GURUGRAM-SECTOR14,Facilities - Carpentry,Carpentry-Doors,3 - Medium,door is making sound while closing 
INC000004176584,20134,IDFC - DWARKA SECTOR 12 A BRANCH,Facilities - Carpentry,Carpentry-Workstation,3 - Medium,cabin  soft board wall replacement
INC000004176595,20122,IDFC - NOIDA-BHAGWAN SAHAI PALACE,Facilities - Carpentry,Carpentry-Workstation,3 - Medium,idfc board is broken 
INC000004176676,42821,IDFC - CHITTORGARH BRANCH,Facilities - Electrical,Electrical -Fans,3 - Medium,Branch Fans was not working Need to change the same
INC000004176729,42821,IDFC - CHITTORGARH BRANCH,Facilities - Electrical,Electrical -Inverter,3 - Medium,"Dear Team, Branch Water Moter was not working, We have resolved the issue By branch end."
INC000004176848,21421,IDFC - Rajendra Nagar Ghaziabad,Facilities - Electrical,Electrical -Panel / Boards,3 - Medium,Light issue in IDFC Bank Sign Board occurs fifth times in a year.
INC000004177084,21421,IDFC - Rajendra Nagar Ghaziabad,Facilities - Electrical,Electrical -Lights,3 - Medium,UV lamp are not working.
INC000004177136,42342,IDFC - KALOL BRANCH,Facilities - Electrical,Electrical -Fans,3 - Medium,Pantry fan not working
INC000004177387,43162,IDFC - NASRULLAGANJ BRANCH,Facilities - Electrical,Electrical -Inverter,3 - Medium,We need electrician on urgent basis
INC000004177527,42602,IDFC - MBL-SADULGANJ,Facilities - Carpentry,Carpentry-Workstation,3 - Medium,Key boards trays break. 
INC000004177549,42602,IDFC - MBL-SADULGANJ,Facilities - Furniture,Furniture-Chair,3 - Medium,Chair handle broken 
INC000004177591,42602,IDFC - MBL-SADULGANJ,Facilities - Electrical,Electrical -Lights,3 - Medium,Wall Light not working 
INC000004177646,21374,IDFC - ZIRAKPUR BRANCH,Facilities - Electrical,Electrical -Power,3 - Medium,there is power fluctuation in branch due to new cofee machine usage . Please visit branch . 
INC000004177651,42602,IDFC - MBL-SADULGANJ,Facilities - Electrical,Electrical -Panel / Boards,3 - Medium,Electric Boards Break
INC000004177677,21374,IDFC - ZIRAKPUR BRANCH,Facilities - Plumbing,Plumbing-Sanitary Equipments,3 - Medium,jet spray is not working properly
INC000004177717,43505,IDFC - GANDHIDHAM BRANCH,Facilities - Plumbing,Plumbing,3 - Medium,Pantry pipe not working as water is not coming in pantry tap .Also washroom water leakage is happening from  wash basin pipe.
INC000004177721,21091,IDFC - KAITHAL BRANCH,Facilities - Furniture,Furniture-Chair,3 - Medium,Approx 20 Chairs Handles/Back strip are damaged at Kaithal Branch.
INC000004177726,43501,IDFC - MBL - BHUJ,Facilities - Plumbing,Plumbing,3 - Medium,"Water leakage, Jet Spray broken and etc as images attached"
INC000004177898,21006,IDFC - GURGAON SECTOR 23 PALAM VIHARBRANCH,Facilities - Electrical,Electrical -Power,3 - Medium,DG NOT WORKING 
INC000004178034,43722,IDFC - Newai Branch,Facilities - Dormitory,Dormitory-Equipment,3 - Medium,water is smelling provide service vendor for voltas water dispenser
INC000004178157,29102,IDFC - LUCKNOW RURAL RO,Facilities - Plumbing,Plumbing,3 - Medium,He washroom leakage . Need to attend urgently.
INC000004178236,40304,IDFC - AHMEDABAD- RATNAAKAR SQUARE,Facilities - Civil,Civil-work,3 - Medium,Door gets Locked Automatically in Operation Department
INC000004178282,21431,IDFC - YAMUNA NAGAR- SCO 184-185,Facilities - Electrical,Electrical -Panel / Boards,3 - Medium,"power supply damaged due to minor short circuit , socket not working "
INC000004178641,42684,IDFC - MBL - GWALIOR LASHKAR,Facilities - Lockers,Lockers,3 - Medium,MBL CASH VAUL MOVEMEMT PENDING
INC000004178642,43761,IDFC - MBL - GUNA,Facilities - Lockers,Lockers,3 - Medium,MBL CASH VAULT MOVEMENT PENDING
INC000004178644,43751,IDFC - MBL - SHIVPURI,Facilities - Lockers,Lockers,3 - Medium,CASH VALUT MOVEMENT PENDING
INC000004178645,43731,IDFC - MBL - BIAORA,Facilities - Lockers,Lockers,3 - Medium,MBL Cash vault movement pending 
INC000004178646,43741,IDFC - MBL - DATIA,Facilities - Lockers,Lockers,3 - Medium,MBL CASH VAULT MOVEMENT PENDING.
INC000004178653,42722,IDFC - MBL - SHAJAPUR,Facilities - Lockers,Lockers,3 - Medium,MBL cash vault movement pending 
INC000004178722,60109,IDFC - KOLKATA-GARIA BRANCH,Facilities - Electrical,Electrical -Power,3 - Medium,SERIOUS ISSUES WITH POWER.DIGITAL BOARD ALSO NOT WORKING.
INC000004178784,41226,IDFC - PITHAMPURA-SECTOR 1,Facilities - Civil,Civil-work,3 - Medium,Required to cover Server room in Enclosed Lockable area.
INC000004178843,49105,IDFC - AHMEDABAD RO- RATNAKAR NINE SQUARE,Facilities - Plumbing,Plumbing,3 - Medium,Gents washroom wc flush not working and choke up in pipe
INC000004178860,41172,IDFC - DEWAS-JAWAHAR NAGAR,Facilities - Civil,Civil-work,3 - Medium,Required to cover Server room in Enclosed Lockable area.
INC000004178917,40322,IDFC - DHOLKA BRANCH,Facilities - Carpentry,Carpentry-Lock / Key,3 - Medium,key lost
INC000004178969,20154,IDFC - GREATER NOIDA BRANCH,Facilities - Plumbing,Plumbing-Sanitary Equipments,3 - Medium,washroom tap leakage
INC000004179003,20154,IDFC - GREATER NOIDA BRANCH,Facilities - Electrical,Electrical -Power,3 - Medium,ELECTRICAL BOARD ARE NOT WORKING :::-- ON CURRENT IN THE ELECTRICAL BOARD
INC000004179519,40172,IDFC - Belapur-CPC,Facilities - Electrical,Electrical -Wiring,3 - Medium,cash machine servicing- 
INC000004179584,20107,IDFC - OKHLA BRANCH,Facilities - Electrical,Electrical -Lights,3 - Medium,bm cabin light not working and spot light in front of cash counter not working
INC000004179598,20107,IDFC - OKHLA BRANCH,Facilities - GSB,GSB-Branding,3 - Medium, 
INC000004179607,20127,IDFC - ROHINI BRANCH,Facilities - Electrical,Electrical -Power,3 - Medium,frequent power failure in branch. Please resolve.
INC000004179770,42201,IDFC - RATLAM BRANCH,Facilities - Lockers,Lockers,3 - Medium,Drawer lock demage
INC000004179920,42284,IDFC - NIPHAD BRANCH,Facilities - Lockers,Lockers,3 - Medium,"dear team, my desk drawer was broken please kindly arrange new well quality drawer lock on priority base."
INC000004179955,20151,IDFC - NOIDA- SECTOR 18 BRANCH,Facilities - Electrical,Electrical -Lights,3 - Medium,"Vault Ceiling Light is not working, Kindly resolved"
INC000004179972,60502,IDFC - KHARSIA BRANCH,Facilities - Carpentry,Carpentry-Doors,3 - Medium,There is an issue in Vault wooden gate it is totally damaged by side kindly do the needfull in urgent basis and 3 drawer of cash counter is also not working .
INC000004179983,60221,IDFC - AGARTALA BRANCH,Facilities - Electrical,Electrical -Wiring,3 - Medium,URGENTLY REQUIRE ELECTRICIAN AS FIRE CAUGHT FROM AC WIRE IN LOBBY
INC000004179988,40352,IDFC - ANAND BRANCH,Facilities - Carpentry,Carpentry-Doors,3 - Medium,key hive lock break and workstation doors breake.
INC000004180061,42135,IDFC - JAIPUR - VIDHYADHAR NAGAR BRANCH,Facilities - Electrical,Electrical -Fans,3 - Medium,Exhaust is not available in branch rest room 
INC000004183672,42882,IDFC - BASNA BRANCH,Facilities - Carpentry,Carpentry-Lock / Key,3 - Medium,"Dear Team, Drawer lock of front desk is in broken condition"
INC000004186623,60365,IDFC - RATANPUR BRANCH,Facilities - Electrical,Electrical -Fans,3 - Medium,KINDLY ARRANGE FOR EXHAUST FAN REPAIRING OF PANTRY
INC000004186702,42277,IDFC - Magob,Facilities - Electrical,Electrical -Panel / Boards,3 - Medium,Cash Cabin IDFC FIRST BANK Glow board are Break down
INC000004186729,40332,IDFC - AHMEDABAD NIKOL BRANCH,Facilities - Electrical,Electrical -Wiring,3 - Medium,as per torrent power engineer all meter load wire in burnt condition urgent intervention reuired for any hazard
INC000004186832,43102,IDFC - SOJAT BRANCH,Facilities  - Digital Signage,Electrical Issue,3 - Medium,Dear Team this branch lollipop board are not available so kindly provide lollipop board 
INC000004186912,41447,IDFC - SHIRUR BRANCH,Facilities - Electrical,Electrical -Lights,3 - Medium,As per isp there is earthing issue at branch.Kindly resolve earthing issue and share the earthing snap. Required Power Parameter : E-N = 0.1V to 3V  P-N = 220V 
INC000004187041,60401,IDFC - JAMSHEDPUR-HEMKALI TOWER,Facilities - Furniture,Furniture-Chair,3 - Medium,"Seating Chairs In Office Are Not In Condition, Need To Replace All Chairs"
INC000004187186,21331,IDFC - NOIDA SECTOR 63 BRANCH,Facilities - Carpentry,Carpentry-Doors,3 - Medium,TELLER COUNTER DRAWER ISSUE RAISED NOT RESOLVED AS WELL AS FRFC DRAWER ISSUE STILL EXIST
INC000004187312,40323,IDFC - VIRAMGAM BRANCH,Facilities - Carpentry,Carpentry-Workstation,3 - Medium,"Dear Team, There is water leakage issue in BM Cabin Issue. Required shifting of Notice board to another wall."
INC000004187346,42387,IDFC - DABHOI BRANCH,Facilities - Carpentry,Carpentry-Doors,3 - Medium,new notice board is required in branch
INC000004187473,42964,IDFC - SANGAMNER BRANCH,Facilities - Electrical,Electrical -Power,3 - Medium,"Electrical engineer required, Electricity power getting off intermittently."
INC000004187911,21581,IDFC - ROHTAK BRANCH,Facilities - Plumbing,Plumbing,3 - Medium,LEAKAGE IN PANTRY SINK PIPELINE NEED URGENT ATTENTION.
INC000004187942,41384,IDFC - BHOPAL-SHREERAM TOWERS,Facilities - Carpentry,Carpentry-Doors,3 - Medium,Door handle of conference hall located in 2nd floor is not working.
INC000004188082,21943,IDFC - DHARUHERA BRANCH,Facilities - Carpentry,Carpentry-Doors,3 - Medium,door locks breakage
INC000004188088,21652,IDFC - MBL - Aligarh Sasni Gate,Facilities - Electrical,Electrical -Stabilizer,3 - Medium,SERVO IS NOT WORKING KINDLY HAVE A LOOK PROBLEM AND RESOLVE ISSUE
INC000004188136,21624,IDFC - SAMALAKHA BRANCH,Facilities - Lockers,Lockers,3 - Medium,Please arrange vendor for branch door lock repairing 
INC000004188288,41381,IDFC - RAISEN ROAD BRANCH,Facilities - Electrical,Electrical -Panel / Boards,3 - Medium,Branch Lobby AC Power Board Not Working 
INC000004188541,60423,IDFC - ASANSOL,Facilities - Lockers,Lockers,3 - Medium,locker not opening
INC000004188733,42221,IDFC - SIKAR BRANCH,Facilities - Electrical,Electrical -Fans,3 - Medium,Cash cabin celling fan not working 
INC000004188757,21061,IDFC - MANDI DABWALI BRANCH,Facilities - Carpentry,Carpentry-Doors,3 - Medium,door closure not working
INC000004188907,43505,IDFC - GANDHIDHAM BRANCH,Facilities - Electrical,Electrical -Panel / Boards,3 - Medium,one panel board is required and branch Tv not working
INC000004188982,42361,IDFC - PATAN BRANCH,Facilities - Furniture,Furniture-Chair,3 - Medium,Assets floor all sitting chair are damaged so need replace the all 20 chairs.
INC000004189008,20145,IDFC - NOIDA SECTOR 50 BRANCH,Facilities - Carpentry,Carpentry-shutter,3 - Medium,shutter greasing reuirement 
INC000004189020,21072,IDFC - FATEHABAD BRANCH,Facilities - Carpentry,Carpentry-Lock / Key,3 - Medium,fatehabad branch main glass door need to change on urgent basis
INC000004189166,42502,IDFC - NAGPUR-CHHATRPATI SQUARE,Facilities - Plumbing,Plumbing-Sanitary Equipments,3 - Medium,"Dear Admin,Nagpur Chhatrapati Square Branch Toilet has choked last 7-8 day request please resolved it on priority "
INC000004189483,21216,IDFC - CHANDIGARH- SECTOR 32 BRANCH,Facilities - Carpentry,Carpentry-Lock / Key,3 - Medium,MAIN GLASS DOOR IS NOT WORKING
INC000004189500,21216,IDFC - CHANDIGARH- SECTOR 32 BRANCH,Facilities - Furniture,Furniture-Chair,3 - Medium,some of chairs are broken
INC000004189593,21521,IDFC - MEERUT BRANCH,Facilities - Furniture,Furniture-Chair,3 - Medium,Chair Armrest broken
INC000004189764,21603,IDFC - HANSI BRANCH,Facilities - Dormitory,Dormitory-Equipment,3 - Medium,issue in water dispenser
INC000004189866,42421,IDFC - RAJKOT BRANCH,Facilities - Carpentry,Carpentry-Lock / Key,3 - Medium,DRAWER LOCK IS NOT WORKING
INC000004189903,43652,IDFC - DOLATPARA BRANCH,Facilities - Electrical,Electrical -Fans,3 - Medium,ATM CELLING FAN REMOTE NOT WORKING
INC000004189951,43652,IDFC - DOLATPARA BRANCH,Facilities - Plumbing,Plumbing,3 - Medium,PLUMBING ISSUE AT BRANCH
INC000004190078,42126,IDFC - CHOMU BRANCH,Facilities - Carpentry,Carpentry-Workstation,3 - Medium,Dear team there are window roller not available.
INC000004190196,43261,IDFC - BODELI BRANCH,Facilities - Dormitory,Dormitory-Equipment,3 - Medium,Dear team kindly Please Dormitory Water Dispenser Repairing  Bodeli Branch 
INC000004190218,43844,IDFC - Ved Road,Facilities - Furniture,Furniture-Chair,3 - Medium,Office Table Damage Gold Loan Cebine Wall Ply Damage &  Branch Lobby Wooden Varnicing Pending
INC000004190222,43722,IDFC - Newai Branch,Facilities - Electrical,Electrical -Panel / Boards,3 - Medium,ALL BRANHC PC IS GOING SHUT DOWN WHEN LIGHT IS GOING BRANCH.PLEASE DO NEEDFUL.
INC000004190238,43844,IDFC - Ved Road,Facilities - Electrical,Electrical -Panel / Boards,3 - Medium,ATM/GOLD Loan Outdoor signage Damage
INC000004190243,43844,IDFC - Ved Road,Facilities - Electrical,Electrical -Inverter,3 - Medium,Some UPS Issue found Black Slots not working on alternate days.
INC000004190264,43844,IDFC - Ved Road,Facilities - Plumbing,Plumbing-Sanitary Equipments,3 - Medium,Mans Washroom TUB Change Required and Wash basing R & M
INC000004190289,60365,IDFC - RATANPUR BRANCH,Facilities - Plumbing,Plumbing-Sanitary Equipments,3 - Medium,kindly arrange plumber for bath flush
INC000004190292,42395,IDFC - Vadodara Manjalpur,Facilities - Lockers,Lockers,3 - Medium,Locker Keys to be mapped in attached Excel Sheet
INC000004190320,21621,IDFC - PANIPAT BRANCH,Facilities - Electrical,Electrical -Stabilizer,3 - Medium,servo stabilizer is not working. kindly arrange an electrician to resolve the issue on priority - Panipat 21621
INC000004190389,43314,IDFC - Nagaur Branch,Facilities - Carpentry,Carpentry-Lock / Key,3 - Medium,my drawer not working
INC000004190426,42141,IDFC - UJJAIN BRANCH,Facilities - Furniture,Furniture-Chair,3 - Medium,"door lock not working and lock break , key inside lock "
INC000004190600,42385,IDFC - KARELIBAUGH BRANCH,Facilities - GSB,GSB-Light,3 - Medium,main board light not working Please do the needful 
INC000004193568,42344,IDFC - DAHEGAM BRANCH,Facilities - Electrical,Electrical -Power,3 - Medium,kindly arrange engineer for the power suplpy issue 
INC000004193575,40332,IDFC - AHMEDABAD NIKOL BRANCH,Facilities - Electrical,Electrical -Wiring,3 - Medium,wires burning in UPS room
INC000004193576,42141,IDFC - UJJAIN BRANCH,Facilities - Carpentry,Carpentry-Lock / Key,3 - Medium,FRFC IS NOT LOCKED 
INC000004193586,60201,IDFC - SHILLONG BRANCH,Facilities - Electrical,Electrical -Panel / Boards,3 - Medium,Existing electric panel board not working in BM cabin and Customer service area. Also required new panel board for installation of new printer.
INC000004193593,20149,IDFC - BHERA ENCLAVE PASCHIM VIHAR BRANCH,Facilities - Furniture,Furniture-Chair,3 - Medium,new chair indent already raised 
INC000004193600,21016,IDFC - Gurgaon Sec 46,Facilities - Electrical,Electrical -Power,3 - Medium,Power failure in Sector 46 branch. kindly call @ 7837414170
INC000004193602,40137,IDFC - JVPD BRANCH,Facilities - Carpentry,Carpentry-Workstation,3 - Medium,PENTRY JOINT TABLE BROKEN
INC000004193641,21003,IDFC - GURGAON SECTOR 14 BRANCH,Facilities - Electrical,Electrical -Power,3 - Medium,Electricity issue at branch
INC000004193713,42421,IDFC - RAJKOT BRANCH,Facilities - Electrical,Electrical -Power,3 - Medium,need electrician for power issue
INC000004193740,43103,IDFC - SUMERPUR BRANCH,Facilities - Electrical,Electrical -Power,3 - Medium,FASH ISSUE
INC000004193767,43103,IDFC - SUMERPUR BRANCH,Facilities - Furniture,Furniture-Chair,3 - Medium,CASH COUNTER CHAIR BASE DAMAGED
INC000004193778,42461,IDFC - ANKLESHWAR BRANCH,Facilities - Electrical,Electrical -Lights,3 - Medium,OUTSIDE SIGNAGE BOARD LIGHT NOT WORKING
INC000004193785,43103,IDFC - SUMERPUR BRANCH,Facilities - Carpentry,Carpentry-Workstation,3 - Medium,KEYPAD TRAY DAMANED
INC000004193790,42421,IDFC - RAJKOT BRANCH,Facilities - Electrical,Electrical -Stabilizer,3 - Medium,"stabilizer is not able to take load, it requires additional stabilizer"
INC000004193843,42343,IDFC - GANDHINAGAR BRANCH,Facilities - Electrical,Electrical -Power,3 - Medium,Power failure when we start AC of customer area
INC000004193959,21218,"IDFC - CHANDIGARH - SECTOR 9D, BRANCH",Facilities - Plumbing,Plumbing-Sanitary Equipments,3 - Medium,2 exhausts are not working 
INC000004194236,20219,IDFC - NEW DELHI DEER PARK BRANCH,Facilities - Lockers,Lockers,3 - Medium,"NEED TO INTERCHANGE LOCKER SURRENDER KEYS AS WE HAVE 4 SURRENDERED LOCKER AND NEED TO SWAPPING OF KEYS locker no: 25,16,38,58"
INC000004194543,40402,IDFC - MBL - MEHSANA,Facilities - Carpentry,Carpentry-Doors,3 - Medium,door handal in scoor loos
INC000004194794,42781,IDFC - RAJSAMAND BRANCH,Facilities - Furniture,Furniture-Chair,3 - Medium,Request you to please resolve the issue of most of chairs are damaged. please arrange vendor for repairing the chairs. 
INC000004194826,40322,IDFC - DHOLKA BRANCH,Facilities - Plumbing,Plumbing,3 - Medium,in ladies  washroom some part is broken so repair on urgent basis.
INC000004194860,40322,IDFC - DHOLKA BRANCH,Facilities - Lockers,Lockers,3 - Medium,in gold loan cabin lock change required 
INC000004194910,22124,IDFC - Krishna Nagar,Facilities - Electrical,Electrical -Lights,3 - Medium,"UV LAMP LIGHT IS NOT WORKING , KINDLY CORRECT THIS ON PRIORITY."
INC000004194932,22124,IDFC - Krishna Nagar,Facilities - Electrical,Electrical -Fans,3 - Medium,Exhaust fan not working in pantry 
INC000004195005,43581,IDFC - MBL - VERAVAL,Facilities - Plumbing,Plumbing-Sanitary Equipments,3 - Medium,Plumbing Not working 
INC000004195034,40327,IDFC - AHMEDABAD - BAPUNAGAR BRANCH,Facilities - Lockers,Lockers,3 - Medium,cash vault wooden door lock not open
INC000004195314,42385,IDFC - KARELIBAUGH BRANCH,Facilities - Furniture,Furniture-Chair,3 - Medium,2 chair is damanged 
INC000004195541,42622,IDFC - BHAVNAGAR BRANCH,Facilities - Electrical,Electrical -Lights,3 - Medium,Light fitting pending
INC000004195637,21015,IDFC - GURGAON MANESAR BRANCH,Facilities - Lockers,Lockers,3 - Medium,REQUIRED CHANGE IN LOCKER RENUMBERING STICKERS
INC000004195771,21431,IDFC - YAMUNA NAGAR- SCO 184-185,Facilities - Electrical,Electrical -Fans,3 - Medium,"RegularAC  issue at Branch , Required 4 Ceiling Fan Required at Branch , Impacting work and Customer Dealing "
INC000004195845,42432,IDFC - MBL - JETPUR,Facilities - Electrical,Electrical -Lights,3 - Medium,in our branch all light working but gold loan cabin and washroom light not working 
INC000004195903,20142,IDFC - NEW DELHI SAKET BRANCH,Facilities - Electrical,Electrical -Lights,3 - Medium,UV lamp not working 
INC000004196010,20227,IDFC - East Of Kailash,Facilities - Electrical,Electrical -Power,3 - Medium,THERE IS NO POWER IN PANTRY
INC000004196029,41225,IDFC - BADNAWAR BRANCH,Facilities - Electrical,Electrical -Fans,3 - Medium,"Dear team,  Exhaust fan not working "
INC000004196072,41269,IDFC - INDORE - VIJAY NAGAR BRANCH,Facilities - Plumbing,Plumbing-Sanitary Equipments,3 - Medium,PIPE LEAKAGE 
INC000004196097,41269,IDFC - INDORE - VIJAY NAGAR BRANCH,Facilities - Carpentry,Carpentry-Doors,3 - Medium,DOOR LOCK NOT WORKING
INC000004196107,43741,IDFC - MBL - DATIA,Facilities - Electrical,Electrical -Wiring,3 - Medium,SOME LIGHT ISSUE IN THE BRANCH.
INC000004196375,20157,IDFC - BOC- SECTOR-132- NOIDA,Facilities - Electrical,Electrical -Power,3 - Medium,Power point required in the Pantry area in Part 1 BOC Sec 132 Noida 
INC000004196405,61183,IDFC - DIBRUGARH THANA CHARIALI/ HH ROAD,Facilities - Lockers,Lockers,3 - Medium,Kindly do the needful for locker key embossing for Dibrugarh Branch
INC000004196417,42282,IDFC - NASIK-SAHAYADREE BUSINESS PARK,Facilities - Plumbing,Plumbing,3 - Medium,Ground floor men washroom Urinal pot Chockup 
INC000004196486,43552,IDFC - MBL - SAGAR,Facilities - Electrical,Electrical -Stabilizer,3 - Medium,VOLTAGE ISSUES TO BE CHECK
INC000004197070,41301,IDFC - CHHANERA BRANCH,Facilities - Furniture,Furniture-Chair,3 - Medium,ALL CHAIR DEMAGED NEW CHAIR REQUIRED
INC000004197495,60111,IDFC - KOLKATA BELEGHATA BRANCH,Facilities - Furniture,Furniture-Chair,3 - Medium,chair base damaged
INC000004197536,20214,IDFC - VASANT KUNJ,Facilities - Carpentry,Carpentry-Lock / Key,3 - Medium,wooden lock door issue
INC000004197764,21005,IDFC - GURGAON SECTOR 15 BRANCH,Facilities - Electrical,Electrical -Power,3 - Medium,no electricity in branch since morning 
INC000004197824,43291,IDFC - RAJPIPLA BRANCH,Facilities - Electrical,Electrical -Wiring,3 - Medium,issue regarding light fluctuation when 1 ac starting. 
INC000004198031,42201,IDFC - RATLAM BRANCH,Facilities - Furniture,Furniture-Chair,3 - Medium,Chair armrest broken and backrest broken
INC000004198272,60661,IDFC - CHANDANPUR BRANCH,Facilities - Carpentry,Carpentry-Doors,3 - Medium,cash counter door not working
INC000004198361,61111,IDFC - BARIPADA BRANCH,Facilities - GSB,GSB-Light,3 - Medium,Glow board not functioning 
INC000004198383,60109,IDFC - KOLKATA-GARIA BRANCH,Facilities - Lockers,Lockers,3 - Medium,master key to be embossed for locker Kolkata GARIA 60109 
INC000004198408,21271,IDFC - KANPUR BRANCH,Facilities - GSB,GSB-Light,3 - Medium,Glow sign board not working.
INC000004198446,43841,IDFC - Udhana,Facilities - Electrical,Electrical -Wiring,3 - Medium,Electrical Wired not Propper at Generator Connection / Hazardous Exposure of Earthing
INC000004198465,43841,IDFC - Udhana,Facilities - Electrical,Electrical -Wiring,3 - Medium,Lollipop Wire Hanging in Loose Condition
INC000004198480,43652,IDFC - DOLATPARA BRANCH,Facilities - Carpentry,Carpentry-Doors,3 - Medium,KEYBOARD DRAWER BREACKAGE
INC000004198497,42502,IDFC - NAGPUR-CHHATRPATI SQUARE,Facilities - Electrical,Electrical -Power,3 - Medium,Dear Team Due to some electrical part MCCB has damage request please change on priority reason of without part change electrical supply not start    
INC000004198744,43471,IDFC - BUNDI BRANCH,Facilities - Carpentry,Carpentry-Lock / Key,3 - Medium,glass door lock issue and not proper working.
INC000004199434,22341,IDFC - NAWANSHAR,Facilities - Carpentry,Carpentry-Doors,3 - Medium,Washroom door closer not working 
INC000004202363,22291,IDFC - RUDRAPUR,Facilities - Electrical,Electrical -Power,3 - Medium,URGENT GOLD LOAN CCTV DISPLAY NOT ATTACHED WITH UPS RUDRAPUR BRANCH  22291 
INC000004202375,40148,IDFC - Bhiwandi,Facilities - Electrical,Electrical -Power,3 - Medium,POWER FAILURE IN BHIWANDI BRANCH KINDLY DO THE NEEDFUL ON URGENT BASIS.
INC000004202388,42403,IDFC - GOA-MAPUSA BRANCH,Facilities - Carpentry,Carpentry-Doors,3 - Medium,wooden door dislodged in teller counter and current account room. 
INC000004202472,20152,IDFC - NOIDA SECTOR-45 BRANCH,Facilities - Electrical,Electrical -Lights,3 - Medium,uv lamp not working 
INC000004202509,40507,IDFC - Juhu,Facilities - Electrical,Electrical -Lights,3 - Medium,"LIGHTS OF LOBBY AREA NOT WORKING , ATM LOLIPOP LIGHT REQUIRED , ONE SWITCH REQUIRED NEAR DIGITAL BOARD ,VISIT BRANCH ON URGENT BASIS AS ITS MARKY BRANCH AND hni"
INC000004202580,61183,IDFC - DIBRUGARH THANA CHARIALI/ HH ROAD,Facilities - Electrical,Electrical -Power,3 - Medium,"Branch is facing power failure since morning, kindly do the needful on priority."
INC000004202710,42925,IDFC - AKLUJ BRANCH,Facilities - Electrical,Electrical -Fans,3 - Medium,ATM fan not working please do needful
INC000004202830,60991,IDFC - Jehanabad,Facilities  - Digital Signage,Electrical Issue,3 - Medium,Glow Sign board not working 
INC000004202916,42221,IDFC - SIKAR BRANCH,Facilities - Electrical,Electrical -Fans,3 - Medium,Dear team cash counter fan does not work from 18/05/2024 kindly arrange now fan for cash counter.
INC000004202929,40151,IDFC - MUMBAI - GOREGAON WEST BRANCH,Facilities - Carpentry,Carpentry-Doors,3 - Medium,GLASS DOOR IS NOT WORKING 40151 
INC000004203154,40324,IDFC - SANAND BRANCH,Facilities - Electrical,Electrical -Power,3 - Medium,"electrical issue , power supply poor at front desk area "
INC000004203692,60115,IDFC - KOLKATA-NEW ALIPORE BRANCH,Facilities - Carpentry,Carpentry-Doors,3 - Medium,"Ladies' washroom door spring not working, facing problem while visiting washroom."
INC000004203711,60115,IDFC - KOLKATA-NEW ALIPORE BRANCH,Facilities - Carpentry,Carpentry-Workstation,3 - Medium,"Cabinet doors inside the pantry is broken, falling off while opening the cabinet. Kindly look into this in an urgent basis."
INC000004204177,40421,IDFC - PALANPUR BRANCH,Facilities - Furniture,Furniture-Chair,3 - Medium,one side ARMREST OF CHAIR IS BROKEN AT OUR BRANCH .
INC000004204497,42505,IDFC - MBL - NAGPUR,Facilities - Plumbing,Plumbing-Sanitary Equipments,3 - Medium,Pantry wash basin tap repairing
INC000004204560,40196,IDFC - Ulhasnagar,Facilities - Plumbing,Plumbing,3 - Medium,WASHROOM WATER LEAKAGE
INC000004204569,21634,IDFC - THANESAR BRANCH,Facilities - Lockers,Lockers,3 - Medium,DROR LOCKER DAMAGED
INC000004204983,60135,IDFC - PRINCE ANWAR SHAH,Facilities - Dormitory,Dormitory-Maintanance,3 - Medium,woods are coming out of the wooden wall in wealth cabin at ground floor.
INC000004205142,40375,IDFC - KHERALU BRANCH,Facilities - Electrical,Electrical -Lights,3 - Medium,TUBE LIGHT NOT WORKING IN GOLD LOAN DESK
INC000004205173,61081,IDFC - SURAJPUR BRANCH,Facilities - Electrical,Electrical -Wiring,3 - Medium,AC switch is not working due to main board power failure in server room.
INC000004205185,60261,IDFC - GUWAHATI BRANCH,Facilities - Plumbing,Plumbing-Sanitary Equipments,3 - Medium,"Leakage in Pantry Basin, Pending since long time"
INC000004205201,42642,IDFC - JAMNAGAR BRANCH,Facilities - Carpentry,Carpentry-Lock / Key,3 - Medium,NOT ABLE TO OPEN CABINET 
INC000004205464,40309,IDFC - VATVA BRANCH,Facilities - Carpentry,Carpentry-Lock / Key,3 - Medium,PLS SEND FOR CUPBOARD LOCK REPAIR
INC000004205484,60423,IDFC - ASANSOL,Facilities - Lockers,Lockers,3 - Medium,re embossing of locker keys for Asansol
INC000004205534,42421,IDFC - RAJKOT BRANCH,Facilities - Electrical,Electrical -Fans,3 - Medium,fan required 
INC000004205643,10209,IDFC - CLEARING HUB - MUMBAI,Facilities - Electrical,Electrical -Lights,3 - Medium,issue in UV machine - light / company name - Methodex
INC000004205966,43612,IDFC - KATNI BRANCH,Facilities - Electrical,Electrical -Inverter,3 - Medium,power backup is very less
INC000004206311,42186,IDFC - AJMER VAISHALI NAGAR BRANCH,Facilities - Electrical,Electrical -Power,3 - Medium,power failure branch called the electrician
INC000004206370,42429,IDFC - SHAPAR VERAVAL BRANCH,Facilities - Electrical,Electrical -Panel / Boards,3 - Medium,MCB NOT WORKING PROPERLY IN SERVER ROOM 
INC000004206459,42267,IDFC - KAMREJ BRANCH,Facilities - Carpentry,Carpentry-Lock / Key,3 - Medium,Unable to lock Drawer. 
INC000004206745,43661,IDFC - BOTAD BRANCH,Facilities - Plumbing,Plumbing-Sanitary Equipments,3 - Medium,OVER BRANCH IN NOT WATER IS NOT YET PLEASE THIS PROBLAM WAS 15 DAYS PLEASE SLOW THISH PROBLAM 
INC000004207281,43183,IDFC - NAVASARI,Facilities - Electrical,Electrical -Lights,3 - Medium,"STRONG ROOM LIGHT NEEDS TO CHANGE, PLZ ASSIST"
INC000004207472,20158,IDFC - NOIDA-16 BRANCH,Facilities - Carpentry,Carpentry-shutter,3 - Medium,ITS 7 DAYS ABOVE BUT THERE IS NO RESPONSE FOR BRANCH SHUITTER REPARING 
INC000004207489,43291,IDFC - RAJPIPLA BRANCH,Facilities - Electrical,Electrical -Power,3 - Medium,some of lights and electrical instrument not working in branch
INC000004207509,43161,IDFC - SEHORE BRANCH,Facilities - Carpentry,Carpentry-Lock / Key,3 - Medium,please change the lock of front desk drawer. the lock is damage
INC000004207631,42443,IDFC - KILLA-PARDI BRANCH,Facilities - Electrical,Electrical -Fans,3 - Medium,Fans are running slow in branch.
INC000004207686,41204,IDFC - KHIRKIAN BRANCH,Facilities - Electrical,Electrical -Panel / Boards,3 - Medium,"•	Khirkian Branch Front Logo Board get breaks & disconnected with power cable due to wind /rainfall & also welding need to affix the same ,please help us immedi"
INC000004207742,60221,IDFC - AGARTALA BRANCH,Facilities - Electrical,Electrical -Panel / Boards,3 - Medium,NEW PLUG POINT REQUIRED FOR COFFEE MACHINE
INC000004207751,60221,IDFC - AGARTALA BRANCH,Facilities - Carpentry,Carpentry-Workstation,3 - Medium,CARPENTER REQUIRED FOR SETTING COFFEE MACHINE IN PANTRY
INC000004207800,21061,IDFC - MANDI DABWALI BRANCH,Facilities - Electrical,Electrical -Stabilizer,3 - Medium,branch ac not working due to low voltage . please check 
INC000004207915,60108,"IDFC - SALT LAKE, SEC- 1, WEST BENGAL",Facilities - Civil,Civil-work,3 - Medium,Main door lock is broken.
INC000004207939,21256,IDFC - GREATER NOIDA - BETA PLAZA BRANCH,Facilities - Carpentry,Carpentry-Doors,3 - Medium,ATM Glass door not closed 
INC000004211022,60743,IDFC - Berhampur,Facilities - Civil,Civil-work,3 - Medium,"STICKER REQUIRED FOR WASH ROOM ,PANTRY, SUGGESTION BOX AND ROOF HANGING FOR SR.CITIZEN DESK"
INC000004211033,43183,IDFC - NAVASARI,Facilities - Electrical,Electrical -Lights,3 - Medium,light is not working in vault 
INC000004211038,40343,IDFC - Shela Ahmedabad,Facilities - Carpentry,Carpentry-Lock / Key,3 - Medium,Main glass door lock repair required on urgent basis at Shela Branch
INC000004211159,21473,IDFC - GHARAUNDA BRANCH,Facilities - Furniture,Furniture-Chair,3 - Medium,cash counter drawer is broken
INC000004211174,42421,IDFC - RAJKOT BRANCH,Facilities - Electrical,Electrical -Lights,3 - Medium,UNABLE TO WORK LIGHTS SO KINDLY URGENT BASIS ISSUES SOLVE
INC000004211230,21634,IDFC - THANESAR BRANCH,Facilities - Carpentry,Carpentry-Lock / Key,3 - Medium,cash drawer wooden  panel is broken 
INC000004211350,40331,IDFC - MBL - AHMEDABAD-SHAHIBAUG,Facilities - Plumbing,Plumbing-Sanitary Equipments,3 - Medium,Jet spray is not working 
INC000004211521,42541,IDFC - KOTA-GUMANPURA-NEW COLONY,Facilities - Carpentry,Carpentry-Doors,3 - Medium,multiple door door handles are broken
INC000004211661,40339,IDFC - MBL - AHMEDABAD,Facilities - Electrical,Electrical -Fans,3 - Medium,wash room in exhaust fan not work.
INC000004211691,42181,IDFC - AJMER BRANCH,Facilities - Carpentry,Carpentry-Workstation,3 - Medium,key board tray dislodged 
INC000004211786,40302,IDFC - PRAHLAD NAGAR BRANCH,Facilities - Electrical,Electrical -Lights,3 - Medium,LIGHTS IS NOT WORKING IN PROPER MANNER. IN FRONT PART OF THE BRANCH.
INC000004211893,21451,IDFC - PATIALA-PREM HEIGHTS,Facilities - Carpentry,Carpentry-Lock / Key,3 - Medium,Lock and key required for drawer near about 15 locks and key not working 
INC000004212601,42483,IDFC - NANDRI BRANCH,Facilities - Electrical,Electrical -Power,3 - Medium,Electricity issue UPS Battery not working 
INC000004213013,43844,IDFC - Ved Road,Facilities - Carpentry,Carpentry-Lock / Key,3 - Medium,Cash Counter Door Lock Not Working
INC000004213704,21352,IDFC - PANCHKULA SECTOR 20 BRANCH,Facilities - Electrical,Electrical -Power,3 - Medium,kindly allign engineer on urgent basis 
INC000004213846,42481,IDFC - JODHPUR BRANCH,Facilities - Electrical,Electrical -Panel / Boards,3 - Medium,auto switch not working when power failure at branch . DG mode not change in auto mode . panel not Woking . Earlier engineer visited the branch and said will co
INC000004214095,40324,IDFC - SANAND BRANCH,Facilities - Lockers,Lockers,3 - Medium,Need installation key- lick in ladies toilet 
INC000004214196,43291,IDFC - RAJPIPLA BRANCH,Facilities - Carpentry,Carpentry-Lock / Key,3 - Medium,10 drawer lock not working and 4 drawer is broken condition
INC000004214257,43001,IDFC - SUJANGARH BRANCH,Facilities - Carpentry,Carpentry-Doors,3 - Medium,gate spring are damaged so request you to kindly do the needful on top priority. gate not open and close
INC000004217324,41372,IDFC - BIBWEWADI BRANCH,Facilities - Electrical,Electrical -Power,3 - Medium,branch electric power off .
INC000004217484,41359,IDFC - KARVE NAGAR BRANCH,Facilities - Civil,Civil-work,3 - Medium,GREECING TO BE DONE 
INC000004217522,42264,IDFC - SURAT- INTERNATIONAL BUSINESS CENTRE,Facilities - Plumbing,Plumbing,3 - Medium,leakage issue at surat IBC 201 office in washroom 
INC000004217535,42127,IDFC - JAIPUR C- SCHEME BRANCH,Facilities - Carpentry,Carpentry-Lock / Key,3 - Medium,"LOCK NOT WORKING OF DRAWER OF WORK STATION, PLEASE RESOLVED SAME"
INC000004217537,42264,IDFC - SURAT- INTERNATIONAL BUSINESS CENTRE,Facilities - Carpentry,Carpentry-Lock / Key,3 - Medium,8 to 10 lock required at surat IBC 201 pantry as no lock available  there and material issue for this 
INC000004217547,42261,IDFC - SURAT BRANCH,Facilities - Carpentry,Carpentry-shutter,3 - Medium,shutter is not functioning properly
INC000004217629,42624,IDFC - MAHUVA BRANCH,Facilities - Plumbing,Plumbing,3 - Medium,Urgent Leakage Check - Daily 3000 Ltr Tank empty because of this liakage
INC000004217713,60145,"IDFC - BT Road, Dunlop, Kolkata Landmark Dunlop",Facilities - GSB,GSB-Branding,3 - Medium, 
INC000004217744,42821,IDFC - CHITTORGARH BRANCH,Facilities - Electrical,Electrical -Fans,3 - Medium,vault fan not working please resolve this issue on urgent basis
INC000004217747,21351,IDFC - PANCHKULA BRANCH,Facilities - Electrical,Electrical -Lights,3 - Medium,Emergency rechargeable lights require for CPC Panchkula  of pigeon or branded company
INC000004217790,21271,IDFC - KANPUR BRANCH,Facilities - Carpentry,Carpentry-Lock / Key,3 - Medium,"cabinet lock not working and damaged , need to change the cabinet lock."
INC000004217919,43392,IDFC - Virar,Facilities - Lockers,Lockers,3 - Medium,Kindly arrange for Locker Keys sealing for Virar west Branch. -43392
INC000004217986,20143,IDFC - NEW DELHI PRASHANT VIHAR BRANCH,Facilities - Electrical,Electrical -Power,3 - Medium,Partly power failure at the prashant vihar branch.
INC000004218209,60119,IDFC - KOLKATA-KASBA BRANCH BRANCH,Facilities - Electrical,Electrical -Lights,3 - Medium,TELLER COUNTER UV MACHINE NOT WORKING
INC000004218411,42404,IDFC - Siolim,Facilities - Carpentry,Carpentry-Doors,3 - Medium,TELLER DOOR AND LADIES WASHROOM
INC000004218524,61291,IDFC - MBL - BURDWAN CITY,Facilities - Carpentry,Carpentry-Lock / Key,3 - Medium,GOLD VAULT ROOM DOOR KEY NOT WORKING
INC000004218634,42202,IDFC - MBL - RATLAM,Facilities - Carpentry,Carpentry-Doors,3 - Medium,Door closer is broken.
INC000004218753,21171,IDFC - LUDHIANA BRANCH,Facilities - Electrical,Electrical -Lights,3 - Medium,SOME LOBBY LIGHTS DAMAGED  AND TELLER COUNTER IDFC BOARD NOT WORKING
INC000004218846,21029,IDFC - SOHNA ROAD,Facilities - Electrical,Electrical -Panel / Boards,3 - Medium,electric connection issue for AC. 
INC000004218911,21214,IDFC - CHANDIGARH SECTOR 22 B BRANCH,Facilities  - Digital Signage,Electrical Issue,3 - Medium,not digital signage  issue but issue in normal signage board needs to be changed it has been broken please call at 9816938988 for any query
INC000004218914,42388,IDFC - MBL- WAGHODIA ROAD,Facilities - Electrical,Electrical -Wiring,3 - Medium,As per AC service man there is Supply issue in AC of Server room. Kindly Arrange Electrician for checking Supply issue.   
INC000004218980,21218,"IDFC - CHANDIGARH - SECTOR 9D, BRANCH",Facilities - Electrical,Electrical -Lights,3 - Medium,gold loan signange not glowing
INC000004219225,20253,IDFC - MBL - DELHI KASHMERI GATE,Facilities - Electrical,Electrical -Lights,3 - Medium,Light not working
INC000004219353,60661,IDFC - CHANDANPUR BRANCH,Facilities - Carpentry,Carpentry-Lock / Key,3 - Medium,Drawer key not working
INC000004219356,20157,IDFC - BOC- SECTOR-132- NOIDA,Facilities - Plumbing,Plumbing,3 - Medium,Tap not working in Noida BOC part 2
INC000004219386,20157,IDFC - BOC- SECTOR-132- NOIDA,Facilities - Plumbing,Plumbing-Sanitary Equipments,3 - Medium,Soap dispeser not available in noida BOC part 2
INC000004219396,42185,IDFC - BEAWAR BRANCH,Facilities - Carpentry,Carpentry-Lock / Key,3 - Medium,CASH COUNTER CABIN GATE LOCK NOT LOCKING PROPERLY
INC000004219425,40172,IDFC - Belapur-CPC,Facilities - Electrical,Electrical -Fans,3 - Medium,Air Ventilation issue installation of Exhaust Fan
INC000004219504,20102,IDFC - NEW FRIENDS COLONY BRANCH,Facilities - Electrical,Electrical -Lights,3 - Medium,UV LAMP NOT WORKING AT TELLER COUNTER 
INC000004219539,21692,IDFC - SAHARANPUR BRANCH,Facilities - Electrical,Electrical -Inverter,3 - Medium,QMS MACHINE SHOULD BE ON UPS BACKUP
INC000004219544,20253,IDFC - MBL - DELHI KASHMERI GATE,Facilities - Plumbing,Plumbing,3 - Medium,Drinking water issue
INC000004219975,43312,IDFC - KUCHAMAN CITY BRANCH,Facilities - Electrical,Electrical -Power,3 - Medium,Power Issue at Kuchaman City
INC000004220047,60132,IDFC - KOLKATA- VIP ROAD BRANCH,Facilities - Carpentry,Carpentry-Doors,3 - Medium,Glass door LOCK not working
INC000004220571,21603,IDFC - HANSI BRANCH,Facilities - Carpentry,Carpentry-Lock / Key,3 - Medium,Drawers Lock is not in working conditions
INC000004220996,42343,IDFC - GANDHINAGAR BRANCH,Facilities - Carpentry,Carpentry-Doors,3 - Medium,Pantry Drawer and Electric Room Door issue_Gandhinagar_42343
INC000004221125,42122,IDFC - HARSOLI BRANCH,Facilities - Electrical,Electrical -Fans,3 - Medium,please provide New ceiling fan 3
INC000004221196,43312,IDFC - KUCHAMAN CITY BRANCH,Facilities - Carpentry,Carpentry-Lock / Key,3 - Medium,Washroom Lock Breakage
INC000004221280,60144,IDFC - Burrabazar,Facilities - Lockers,Lockers,3 - Medium,LOCKER KEY EMBOSSING WRONGLY DONE
INC000004221495,60304,IDFC - RAIPUR-G. E ROAD BRANCH,Facilities - Carpentry,Carpentry-Workstation,3 - Medium,due to water leakage from AC wooden ply is damaged. Need urgent help for replacement and drilling 
INC000004221525,60304,IDFC - RAIPUR-G. E ROAD BRANCH,Facilities - Carpentry,Carpentry-Doors,3 - Medium,door is dislodged and making loud sound while closing
INC000004221606,20143,IDFC - NEW DELHI PRASHANT VIHAR BRANCH,Facilities - Electrical,Electrical -Panel / Boards,3 - Medium,short circuit in board 
INC000004221921,43001,IDFC - SUJANGARH BRANCH,Facilities - Carpentry,Carpentry-Doors,3 - Medium,Branch glass door damaged 
INC000004222099,40372,IDFC - IDAR BRANCH,Facilities - Electrical,Electrical -Panel / Boards,3 - Medium,In meeting Plug Bord issue
INC000004222199,40102,IDFC - PRABHADEVI BRANCH,Facilities - Lockers,Lockers,3 - Medium, Locker lever to be swapped and locker need to be locked which is opened.
INC000004222244,42343,IDFC - GANDHINAGAR BRANCH,Facilities  - Digital Signage,Electrical Issue,3 - Medium,Branch signage IDFC logo is broken_ Gandhinagar_42343
INC000004222274,20158,IDFC - NOIDA-16 BRANCH,Facilities - Lockers,Lockers,3 - Medium,defender handel crack
INC000004222368,41264,IDFC - INDORE BRANCH,Facilities - Carpentry,Carpentry-Lock / Key,3 - Medium,CASH COUNTER GATE LOCK KEY DAMAGED UNABLE TO LOCK
INC000004222371,61121,IDFC - KENDRAPARA BRANCH,Facilities - Carpentry,Carpentry-shutter,3 - Medium,Not functioning 
INC000004225966,20141,IDFC - NOIDA SECTOR 137 BRANCH,Facilities - Electrical,Electrical -Wiring,3 - Medium,"AC wiring need repairing, AC are not working at our branch. AC technician confirmed AC is ok but wiring issue is there"
INC000004226283,42282,IDFC - NASIK-SAHAYADREE BUSINESS PARK,Facilities - Carpentry,Carpentry-Lock / Key,3 - Medium,female washroom door locked inside
INC000004233075,43711,IDFC - OSMANABAD BRANCH,Facilities - Electrical,Electrical -Power,3 - Medium,"Total electricity down at branch, UPS backup not available. CCTV are not Functional due to UPS back-up "
INC000004233095,42344,IDFC - DAHEGAM BRANCH,Facilities - Carpentry,Carpentry-Workstation,3 - Medium,CASH COUNTER DRAWER BROKEN
INC000004233177,41321,IDFC - LADVI BRANCH,Facilities - Electrical,Electrical -Power,3 - Medium,power not supply
INC000004233181,60117,IDFC - KOLKATA-SARAT BOSE ROAD BRANCH,Facilities - Electrical,Electrical -Power,3 - Medium,UNABLE TO DO CASH BUY DUE TO POWER FAILURE
INC000004233239,42262,IDFC - RING ROAD BRANCH,Facilities - Electrical,Electrical -Panel / Boards,3 - Medium,1. sales room panels  bord broken 2. locker room portable wire plug broken  
INC000004233471,21431,IDFC - YAMUNA NAGAR- SCO 184-185,Facilities - Electrical,Electrical -Fans,3 - Medium,FANS REQUIRED IN YAMUNA NAGAR LOAN CENTER BRANCH
INC000004233511,40514,IDFC - Mahim,Facilities - Electrical,Electrical -Panel / Boards,3 - Medium,REMOVAL OF DAMAGED GOLD LOAN LOLLYPOP AT MAHIM WEST BRANCH
INC000004233547,60384,IDFC - SILIGURI,Facilities - Electrical,Electrical -Power,3 - Medium,No Electricity Supply in Branch 
INC000004233579,40401,IDFC - MEHSANA BRANCH,Facilities - Plumbing,Plumbing,3 - Medium,in water leakages in pentry 
INC000004233636,40423,IDFC - MBL-Patan,Facilities - Electrical,Electrical -Panel / Boards,3 - Medium,loose power socket  burlglar alarm 
INC000004233732,42344,IDFC - DAHEGAM BRANCH,Facilities - Electrical,Electrical -Power,3 - Medium,power trip issue
INC000004234409,21433,IDFC - JAGADHRI BRANCH,Facilities - Electrical,Electrical -Panel / Boards,3 - Medium,AS SWITCHES NOT WORKING KINDLY VISIT THE BRANCH TO RESOLVE THE ISSUE
INC000004234508,42269,IDFC - SURAT ADAJAN BRANCH,Facilities - Electrical,Electrical -Panel / Boards,3 - Medium,ELECTRIC WORK REQUIRE
INC000004234570,21433,IDFC - JAGADHRI BRANCH,Facilities - Carpentry,Carpentry-Lock / Key,3 - Medium,need lock replacement of drawer
INC000004234683,21006,IDFC - GURGAON SECTOR 23 PALAM VIHARBRANCH,Facilities - Furniture,Furniture-Chair,3 - Medium,"Available chairs are not sufficient for the branch, kindly provide more chairs."
INC000004234728,21433,IDFC - JAGADHRI BRANCH,Facilities - Furniture,Furniture-Chair,3 - Medium,armrest broken
INC000004234729,21173,IDFC - LUDHIANA TRADE TOWER -2ND FLOOR,Facilities - Electrical,Electrical -Panel / Boards,3 - Medium,Switch boards and LAN ports not working on 2nd floor on other side
INC000004234746,21173,IDFC - LUDHIANA TRADE TOWER -2ND FLOOR,Facilities - Carpentry,Carpentry-Workstation,3 - Medium,Work station damage at 2nd floor other side
INC000004234920,42927,IDFC - MBL Solapaur,Facilities - Carpentry,Carpentry-Doors,3 - Medium,"Dear Team, Male washroom door handle lock broken & not functioning."
INC000004235018,60363,IDFC - CUTTACK - CUTTACK MAIN BRANCH,Facilities - Carpentry,Carpentry-Workstation,3 - Medium,WALL IN BM CABIN DAMAGED
INC000004235108,60113,IDFC - KOLKATA-SALT LAKE SECTOR 2 BRANCH,Facilities - Electrical,Electrical -Lights,3 - Medium,2 lights not working at branch lobby
INC000004235155,43844,IDFC - Ved Road,Facilities - Carpentry,Carpentry-Doors,3 - Medium,CASH VAULT WOODER DOOR HANDLE BROKEN
INC000004235419,21634,IDFC - THANESAR BRANCH,Facilities - Carpentry,Carpentry-Doors,3 - Medium,MAIN ENTRANCE DOOR IS BROKEN 
INC000004235705,42624,IDFC - MAHUVA BRANCH,Facilities - Electrical,Electrical -Fans,3 - Medium,ATM Fan not working
INC000004236143,60563,IDFC - MBL - BHILAI,Facilities - Electrical,Electrical -Lights,3 - Medium,Men and Female Washroom Electricity Issue
INC000004236170,42276,IDFC - SACHIN BRANCH,Facilities - Civil,Civil-work,3 - Medium,Please find the attachment which was broken. 
INC000004236184,21027,IDFC - AMRITSAR RANJIT AVENUE,Facilities - Carpentry,Carpentry-Lock / Key,3 - Medium,Kindly arrange to fix the Main Glass Door Entry Lock as it is totally dis-mantled leading to risk.
INC000004236623,42421,IDFC - RAJKOT BRANCH,Facilities - Electrical,Electrical -Panel / Boards,3 - Medium,Unable working Panels Boards Kindly Urgent Basis Resolved this problems
INC000004236679,42136,IDFC - JAIPUR -MALVIYA NAGAR BRANCH,Facilities - Plumbing,Plumbing-Sanitary Equipments,3 - Medium,PLUMBING RELATED ISSUES AS FLUSH IS NOT WORKING AND ALSO WHOLE WASHROOM RELATED ISSUES 
INC000004236712,21634,IDFC - THANESAR BRANCH,Facilities - Plumbing,Plumbing,3 - Medium,Pantry main hole issue
INC000004236714,41221,IDFC - DHAR BRANCH,Facilities - Furniture,Furniture-Chair,3 - Medium,Chairs are Broken Kindly Replace
INC000004236733,21634,IDFC - THANESAR BRANCH,Facilities - Carpentry,Carpentry-Doors,3 - Medium,ATM and main door not working properly 
INC000004236746,21634,IDFC - THANESAR BRANCH,Facilities - Carpentry,Carpentry-Workstation,3 - Medium,Kitchen wood store 
INC000004236848,43505,IDFC - GANDHIDHAM BRANCH,Facilities - Carpentry,Carpentry-shutter,3 - Medium,"Main door shutter jam issue, need greasing and oiling "
INC000004236884,43505,IDFC - GANDHIDHAM BRANCH,Facilities - Carpentry,Carpentry-Lock / Key,3 - Medium,Keys of some lockers are not available and some doors are not working properly
INC000004237300,21013,IDFC - GURGAON SEC 82 BRANCH,Facilities - Lockers,Lockers,3 - Medium,Godrej Elmira locker need to be change  
INC000004237510,20127,IDFC - ROHINI BRANCH,Facilities - Electrical,Electrical -Panel / Boards,3 - Medium,"Post New Board is installed ACs have stopped working, as it is affecting the outdoors"
INC000004237591,20127,IDFC - ROHINI BRANCH,Facilities - Carpentry,Carpentry-Doors,3 - Medium,"Drawers located in lobby are not broken, kindly get it fixed"
INC000004237681,20127,IDFC - ROHINI BRANCH,Facilities - Civil,Civil-work,3 - Medium,White Board required and two new UC Machines required
INC000004237732,60122,IDFC - MBL - MADHYAMGRAM,Facilities - Carpentry,Carpentry-Lock / Key,3 - Medium,CABINET LOCK IS DAMAGED
INC000004238258,60364,IDFC - PENDRA ROAD BRANCH,Facilities - Electrical,Electrical -Stabilizer,3 - Medium,Stabilizer not working in our branch. Kindly resolve the issue on urgent basis.
INC000004238303,21009,IDFC - GURGAON SECTOR 10A BRANCH,Facilities - Carpentry,Carpentry-Workstation,3 - Medium,BM cabin and customer meeting room required in branch
INC000004238367,20231,IDFC - NEW DELHI- DWARKA SECTOR 23A BRANCH,Facilities - Furniture,Furniture-Chair,3 - Medium,ARMREST BROKEN AND REPAIRING REQUIRED 
INC000004238380,41356,IDFC - PIMPRI BRANCH,Facilities - Plumbing,Plumbing,3 - Medium,PANTRY BASIN CHOCKUP 
INC000004238388,20231,IDFC - NEW DELHI- DWARKA SECTOR 23A BRANCH,Facilities - Furniture,Furniture-Chair,3 - Medium,DRY CLEANING REQUIRED 
INC000004238415,41356,IDFC - PIMPRI BRANCH,Facilities - Plumbing,Plumbing,3 - Medium,WASHROOM WATERTANK IS LEAKAGE 
INC000004238436,20231,IDFC - NEW DELHI- DWARKA SECTOR 23A BRANCH,Facilities - Carpentry,Carpentry-Lock / Key,3 - Medium,LOCKS NOT WORKING PROPERLY 
INC000004238749,60741,IDFC - HINJILICUT BRANCH,Facilities - Carpentry,Carpentry-Lock / Key,3 - Medium,"Dear Team,  Two lock is fully broken at Gold loan desk ,Kindly change the lock on prioirty basis .Cash counter lock is not working ,KIndlly replace "
INC000004238815,60363,IDFC - CUTTACK - CUTTACK MAIN BRANCH,Facilities - Carpentry,Carpentry-Doors,3 - Medium,store room door is damaged
INC000004239213,41354,IDFC - WAKAD BRANCH,Facilities - Carpentry,Carpentry-Doors,3 - Medium,CASH CABIN DOOR ISSUE
INC000004239217,41354,IDFC - WAKAD BRANCH,Facilities - Electrical,Electrical -Lights,3 - Medium,LIGHTS TO BE CHANGED ON PRIORITY
INC000004242221,43291,IDFC - RAJPIPLA BRANCH,Facilities - Carpentry,Carpentry-Workstation,3 - Medium,in the branch 9 key board drawer not working
INC000004242266,42225,IDFC - FATEHPUR BRANCH,Facilities - Carpentry,Carpentry-Lock / Key,3 - Medium,main door lock is nit working properly
INC000004242273,20254,IDFC - AZADPUR BRANCH,Facilities - Carpentry,Carpentry-Workstation,3 - Medium,IDFC NAME BOARD ON WORKSTATION GOT BROKEN
INC000004242285,42383,IDFC - MAKARPURA BRANCH,Facilities - Carpentry,Carpentry-Lock / Key,3 - Medium,Work station furnituire lock and key required and also required to repair doors and workstation
INC000004242293,42383,IDFC - MAKARPURA BRANCH,Facilities - Plumbing,Plumbing-Sanitary Equipments,3 - Medium,Washbasin cock found to be broken or loose
INC000004242386,20107,IDFC - OKHLA BRANCH,Facilities - Electrical,Electrical -Lights,3 - Medium,UV lamp switch break 
INC000004242437,40353,IDFC - MBL-PURUSHOTTAM NAGAR,Facilities - Carpentry,Carpentry-shutter,3 - Medium,Office Back door Shutter Broken in the middle
INC000004242526,43161,IDFC - SEHORE BRANCH,Facilities - Electrical,Electrical -Power,3 - Medium,No electricity in branch also power back up is also down
INC000004242534,21433,IDFC - JAGADHRI BRANCH,Facilities - Plumbing,Plumbing,3 - Medium,WATER BOLKAGE IN WASHROOM
INC000004242631,21019,IDFC - GURGAON - SECTOR 31 BRANCH,Facilities - Carpentry,Carpentry-Doors,3 - Medium,TELLER DOOR NOT CLOSING PROPERLY. CRITICAL SO KINDLY ARRANGE VENDOR ASAP
INC000004242815,43162,IDFC - NASRULLAGANJ BRANCH,Facilities - Electrical,Electrical -Lights,3 - Medium,"Dear Team request you to please check and resolve the electricity issue, since 17th may branch AC power not working, also taller cabin UPC MCV not working. kind"
INC000004242934,40158,IDFC - SEAWOODS BRANCH,Facilities - Lockers,Lockers,3 - Medium,"7 to 8 lockers keys need to be sealed properly, 1 surrender locker needs to be exchanged with other locker key"
INC000004243050,20194,IDFC - NEW DELHI - ASHOK VIHAR BRANCH,Facilities - Carpentry,Carpentry-Doors,3 - Medium,Door stopper broken
INC000004243208,42643,IDFC - MBL - JAMNAGAR,Facilities - Furniture,Furniture-Chair,3 - Medium,Wooden chair base nut ball is loose and not able to sit on it.
INC000004243337,42124,IDFC - DURGAPURA BRANCH,Facilities - Plumbing,Plumbing-Sanitary Equipments,3 - Medium,washroom flas is not working 
INC000004243705,40316,IDFC - JODHPUR ROAD - SATELLITEBRANCH,Facilities - Electrical,Electrical -Lights,3 - Medium,As per SOP requirement we require Emergency lights to kept in Teller counter
INC000004243743,40316,IDFC - JODHPUR ROAD - SATELLITEBRANCH,Facilities - Carpentry,Carpentry-Lock / Key,3 - Medium,Require Key Hive with lock for CPC Ahmedabad as new branches are mapped to CPC and CPC does not have enough space to keep the Branch lock in Key Hives
INC000004243769,21072,IDFC - FATEHABAD BRANCH,Facilities - Electrical,Electrical -Wiring,3 - Medium,water motor is not working fatehabad branch
INC000004244407,60563,IDFC - MBL - BHILAI,Facilities - Furniture,Furniture-Chair,3 - Medium,Need to Check the all chair and Furniture ( Pedaestel Dislocked )
INC000004244555,20127,IDFC - ROHINI BRANCH,Facilities - Electrical,Electrical -Lights,3 - Medium,"Refrigerator not working, kindly assist"
INC000004244614,20214,IDFC - VASANT KUNJ,Facilities - Electrical,Electrical -Fans,3 - Medium,Required 2 fans one for pantry and one for Cash vault
INC000004244781,42124,IDFC - DURGAPURA BRANCH,Facilities - Furniture,Furniture-Chair,3 - Medium,"NEED 25 CHAIRS AT JAIPUR HUB AS DISCUSS SAURABH MITTAL SIR, ALL CHAIRS ARE IN DAMAGE CONDITION."
INC000004244791,42124,IDFC - DURGAPURA BRANCH,Facilities - Plumbing,Plumbing,3 - Medium,FLUSH BUTTON NOT WORKING IN MALE AND FEMALE TOILETS
INC000004245009,21634,IDFC - THANESAR BRANCH,Facilities - Carpentry,Carpentry-Doors,3 - Medium,mAIN GLASS DOOR HANDLE BREAK
INC000004245067,21603,IDFC - HANSI BRANCH,Facilities - Furniture,Furniture-Chair,3 - Medium,"Hi Team,Armrest broken of 2 chair"
INC000004245099,21416,IDFC - GHAZIABAD INDIRAPURAM BRANCH,Facilities - Carpentry,Carpentry-Lock / Key,3 - Medium,CLEARING BOX REPAIR 
INC000004245172,42124,IDFC - DURGAPURA BRANCH,Facilities - Carpentry,Carpentry-Workstation,3 - Medium,workstation glass are damaged need to repair 
INC000004245185,40502,IDFC - Sion Trombay Road,Facilities - Plumbing,Plumbing-Sanitary Equipments,3 - Medium,WASHROOM LEKAGE
INC000004245195,40502,IDFC - Sion Trombay Road,Facilities - Carpentry,Carpentry-Doors,3 - Medium,GLASS DOOR LOCK BROKEN
INC000004245213,40502,IDFC - Sion Trombay Road,Facilities - Carpentry,Carpentry-Workstation,3 - Medium,teller counter keyboard tray broken 
INC000004245434,60133,IDFC - KOLKATA - BEHALA BRANCH,Facilities - Electrical,Electrical -Panel / Boards,3 - Medium,alarm panel board problem
INC000004245534,60442,"IDFC - Paschim Bardhaman, Durgapur, West Bengal",Facilities - Lockers,Lockers,3 - Medium,Re-Embossing on keys
INC000004245726,21471,IDFC - KARNAL-URBAN ESTATE,Facilities - Electrical,Electrical -Fans,3 - Medium,Wall fans required due to ac not working since long time 
INC000004245921,42124,IDFC - DURGAPURA BRANCH,Facilities - Electrical,Electrical -Stabilizer,3 - Medium,Power Cut Issue
INC000004246160,42392,IDFC - Gotri - Sewasi,Facilities - Lockers,Lockers,3 - Medium,need to seal loacker keys as we have recevied audit point  total number of keys needs to be seal is 40
INC000004246233,20134,IDFC - DWARKA SECTOR 12 A BRANCH,Facilities - Electrical,Electrical -Stabilizer,3 - Medium,stabliser is not working Dwarka sec 12 A branch
INC000004246481,40317,IDFC - RAKHIAL BRANCH,Facilities - Plumbing,Plumbing-Sanitary Equipments,3 - Medium,Washroom saniatary problem
INC000004246943,42326,IDFC - Bhilwara,Facilities - Carpentry,Carpentry-Doors,3 - Medium,washroom door not closing automatically
INC000004246950,42326,IDFC - Bhilwara,Facilities  - Digital Signage,Electrical Issue,3 - Medium,Digital signage not working
INC000004246957,42326,IDFC - Bhilwara,Facilities - Plumbing,Plumbing,3 - Medium,leakage and jet spray issue
INC000004247012,60501,IDFC - RAIGARH BRANCH,Facilities - Carpentry,Carpentry-Doors,3 - Medium,teller counter auto door closure not working
INC000004247105,43104,IDFC - PALI BRANCH,Facilities - Electrical,Electrical -Panel / Boards,3 - Medium,Kindly change in MCB server room due to AC issue.
INC000004247329,40107,IDFC - ANDHERI EAST BRANCH,Facilities - Lockers,Lockers,3 - Medium,Kindly log a call for Sealed the vacant locker Keys
INC000004250713,21414,IDFC - VASUNDHARA GHAZIABAD BRANCH,Facilities - Electrical,Electrical -Power,3 - Medium,Electricity issue...
INC000004250733,43392,IDFC - Virar,Facilities - Plumbing,Plumbing-Sanitary Equipments,3 - Medium,jet spray not working
INC000004250810,20109,IDFC - KAROL BAGH BRANCH,Facilities - Carpentry,Carpentry-Doors,3 - Medium,Side Laminates of teller door removed
INC000004250825,42429,IDFC - SHAPAR VERAVAL BRANCH,Facilities - Electrical,Electrical -Power,3 - Medium,electricity not available at shapar branch-42429
INC000004250828,20109,IDFC - KAROL BAGH BRANCH,Facilities - Carpentry,Carpentry-Workstation,3 - Medium,Pedestal damaged in locker room
INC000004250842,20109,IDFC - KAROL BAGH BRANCH,Facilities - Plumbing,Plumbing-Sanitary Equipments,3 - Medium,Toilet sheet fitting damaged in Men's washroom
INC000004250888,42261,IDFC - SURAT BRANCH,Facilities - Carpentry,Carpentry-Workstation,3 - Medium,KEYBOARD TRAY BROKEN
INC000004250906,20151,IDFC - NOIDA- SECTOR 18 BRANCH,Facilities - Electrical,Electrical -Panel / Boards,3 - Medium,"4 TV IN BRANCH IS NOT WORKING, KINDLY RESOLVE"
INC000004250971,42405,IDFC - GOA-PORVORIM BRANCH,Facilities - Electrical,Electrical -Panel / Boards,3 - Medium,A Ssudden short circuit occured in Goa - Porvorim Branch.
INC000004251021,42184,IDFC - KEKRI BRANCH,Facilities - Plumbing,Plumbing,3 - Medium,Washroom pipe leakage and pantry waist pipe damage 
INC000004251128,42682,IDFC - GWALIOR BRANCH - MP,Facilities - Plumbing,Plumbing-Sanitary Equipments,3 - Medium,unable to work proper jet spray
INC000004251319,42581,IDFC - MUMBAI-PANVEL,Facilities - Electrical,Electrical -Lights,3 - Medium,Ceiling Light not working from last 2 days in Loan center 
INC000004251561,21072,IDFC - FATEHABAD BRANCH,Facilities - Civil,Civil-work,3 - Medium,"outside wall plai  is destroyed we have need to change it or set it in proper way, also plai of some furniture area is destroyed"
INC000004251730,20195,IDFC - NEW DELHI-KIRTI NAGAR BRANCH,Facilities - Electrical,Electrical -Panel / Boards,3 - Medium,CURRENT NOT IN SOCKETS
INC000004251759,22021,IDFC - NARNAUL BRANCH,Facilities - Electrical,Electrical -Fans,3 - Medium,fan's are not working.
INC000004251810,22021,IDFC - NARNAUL BRANCH,Facilities - Carpentry,Carpentry-Doors,3 - Medium,cash counter doors not functioning.
INC000004251832,22021,IDFC - NARNAUL BRANCH,Facilities - Carpentry,Carpentry-Workstation,3 - Medium,cash counter mirror breakage 
INC000004251853,22041,IDFC - CHARKHI DADRI BRANCH,Facilities - Plumbing,Plumbing,3 - Medium,There is leakage in Flush Tap
INC000004252181,42101,IDFC - MANDIDEEP BRANCH,Facilities - Electrical,Electrical -Fans,3 - Medium,atm fan not working 
INC000004252491,22251,IDFC - Sirhind,Facilities - Furniture,Furniture-Chair,3 - Medium,WOODEN DOOR MAINTENENCE 
INC000004252682,21295,IDFC - MBL - AGRA 2,Facilities - Carpentry,Carpentry-Doors,3 - Medium,Door Clousing issue 
INC000004252724,21333,IDFC - NOIDA SECTOR 51,Facilities - Electrical,Electrical -Lights,3 - Medium,UV LIGHT IS NOT WORKING PROPERLY.
INC000004252756,20258,IDFC - YAMUNA VIHAR,Facilities - Lockers,Lockers,3 - Medium,2 lock change required in safe deposit locker 
INC000004252779,41363,IDFC - PUNE -CHINCHWAD,Facilities - Electrical,Electrical -Power,3 - Medium,Power Failure at Pune Chinchwad
INC000004252864,42502,IDFC - NAGPUR-CHHATRPATI SQUARE,Facilities - Electrical,Electrical -Power,3 - Medium,Again same issue fessing of Power failure please resolve 
INC000004253370,40511,IDFC - Mulund East,Facilities - Carpentry,Carpentry-Doors,3 - Medium,Need carpenter urgently
INC000004253501,40146,IDFC - BHANDUP BRANCH,Facilities - Electrical,Electrical -Panel / Boards,3 - Medium,Sparks and fumes started coming from socket the desk
INC000004253603,43642,IDFC - Akola,Facilities - Electrical,Electrical -Power,3 - Medium,power supply issue
INC000004253625,41325,IDFC - KHARGONE BRANCH,Facilities - Electrical,Electrical -Power,3 - Medium,MCB falure
INC000004253745,21634,IDFC - THANESAR BRANCH,Facilities - Sanitization,Sanitization,3 - Medium,PANTRY NOT SANITIZED
INC000004253918,21091,IDFC - KAITHAL BRANCH,Facilities - Furniture,Furniture-Chair,3 - Medium,25 chairs armrest broken
INC000004253927,41171,IDFC - KHATEGAON BRANCH,Facilities - Carpentry,Carpentry-Lock / Key,3 - Medium,Required new Lock for drawers due to his key missing.
INC000004253948,43411,IDFC - JAIPUR TONK ROAD BRANCH,Facilities - Carpentry,Carpentry-Doors,3 - Medium,branch have lot of issue of infra 
INC000004253964,21091,IDFC - KAITHAL BRANCH,Facilities - Carpentry,Carpentry-Lock / Key,3 - Medium,drawer locks need to replace
INC000004254050,42128,IDFC - VAISHALI NAGAR BRANCH,Facilities - Electrical,Electrical -Lights,3 - Medium,BRANCH 2 UV LAMPS UV LIGHTS NOT WORKING
INC000004254195,21005,IDFC - GURGAON SECTOR 15 BRANCH,Facilities - Sanitization,Sanitization,3 - Medium,Washroom does not have water every alternate day. Because of low pressure water supply tank is not getting filled.
INC000004254344,43103,IDFC - SUMERPUR BRANCH,Facilities - Carpentry,Carpentry-Lock / Key,3 - Medium,Lock damaged for some drawers 
INC000004254383,43103,IDFC - SUMERPUR BRANCH,Facilities - Carpentry,Carpentry-Workstation,3 - Medium,Breakage of keyboards
INC000004254405,43103,IDFC - SUMERPUR BRANCH,Facilities - Lockers,Lockers,3 - Medium,Vault shutter not working properly 
INC000004254455,42401,IDFC - PANJIM BRANCH,Facilities - Electrical,Electrical -Lights,3 - Medium,teller counter light not working
INC000004254518,60761,IDFC - PATHALGAON BRANCH,Facilities - Carpentry,Carpentry-Lock / Key,3 - Medium,Dear Team kindly Change Lock for Server Room
INC000004254582,40173,IDFC - MUMBAI-DOMBIVLI BRANCH,Facilities - Plumbing,Plumbing,3 - Medium,pantry drain chockup 
INC000004254605,40173,IDFC - MUMBAI-DOMBIVLI BRANCH,Facilities - Plumbing,Plumbing,3 - Medium,WC tab changing req 
INC000004254774,42121,IDFC - UGARIYAWAS BRANCH,Facilities - Carpentry,Carpentry-Lock / Key,3 - Medium,issue in cash cabin door lock at branch ugariyawas 42121 please resolve the issue on urgent basis
INC000004254782,42926,IDFC - PANDHARPUR BRANCH,Facilities - Carpentry,Carpentry-Doors,3 - Medium,DOORE LOCKS HAS BEEN BREAKAGE
INC000004254864,40301,IDFC - AHMEDABAD C.G. ROAD BRANCH,Facilities - Electrical,Electrical -Fans,3 - Medium,Wall fan and Pedestal fan require@02nd Floor
INC000004255049,40317,IDFC - RAKHIAL BRANCH,Facilities - Electrical,Electrical -Fans,3 - Medium,Pedestal and Wall fan require due to AC Not working
INC000004255090,40311,IDFC - PALDI BRANCH,Facilities - Electrical,Electrical -Fans,3 - Medium,Wall fan/Pedestal fan issue
INC000004255134,40327,IDFC - AHMEDABAD - BAPUNAGAR BRANCH,Facilities - Electrical,Electrical -Fans,3 - Medium,Wall fan require due to AC not working
INC000004255487,40301,IDFC - AHMEDABAD C.G. ROAD BRANCH,Facilities - Carpentry,Carpentry-Doors,3 - Medium,"Glass door is not opening or closing properly at 1st Floor, C G Road Branch."
INC000004255545,43621,IDFC - MBL - SATNA,Facilities - Electrical,Electrical -Panel / Boards,3 - Medium,switch board are not working
INC000004255675,60902,IDFC - SEEPAT ROAD BRANCH,Facilities - Electrical,Electrical -Panel / Boards,3 - Medium,water pump not working. Kindly resolve urgently. No power at panel
INC000004255697,20231,IDFC - NEW DELHI- DWARKA SECTOR 23A BRANCH,Facilities - Plumbing,Plumbing-Sanitary Equipments,3 - Medium,Water chocking is wash basin 
INC000004255761,20231,IDFC - NEW DELHI- DWARKA SECTOR 23A BRANCH,Facilities - Plumbing,Plumbing-Sanitary Equipments,3 - Medium,MALE WASHROOM WASH BHASIN LEAKEAGE IS THERE PLEASE RESOVLE THE ISSUE ASAP
INC000004255764,20253,IDFC - MBL - DELHI KASHMERI GATE,Facilities - Plumbing,Plumbing-Sanitary Equipments,3 - Medium,Sanitary issue
INC000004255845,42283,IDFC - NASHIK - GANGAPUR ROAD,Facilities - Plumbing,Plumbing-Sanitary Equipments,3 - Medium,Water motor is not working since 2 days due to which we don't have water at branch
INC000004255865,60108,"IDFC - SALT LAKE, SEC- 1, WEST BENGAL",Facilities - Electrical,Electrical -Power,3 - Medium,BACK SIDE AC NOT WORKING
INC000004259596,20128,IDFC - JANAKPURI BRANCH,Facilities - Electrical,Electrical -Panel / Boards,3 - Medium,gold loan area board has come out so its need to be repaired
INC000004259708,41454,IDFC - PUNE - KOTHRUD BRANCH,Facilities - Plumbing,Plumbing-Sanitary Equipments,3 - Medium,JET SPRAY BROKEN IN MENS WASHROOM
INC000004259710,40143,IDFC - KALAMBOLI BRANCH,Facilities - Carpentry,Carpentry-Doors,3 - Medium,carpentary work required -door lock not functioning
INC000004259853,42521,IDFC - KOLHAPUR-GEMSTONE COMPLEX,Facilities - Carpentry,Carpentry-Lock / Key,3 - Medium,Need to change Lock for Drawer
INC000004260261,60641,IDFC - NAYAGARH BRANCH,Facilities - Electrical,Electrical -Lights,3 - Medium,5 lights are getting fused need urgent reapir.
INC000004260309,41224,IDFC - DEHRIYA SARAI BRANCH,Facilities - Electrical,Electrical -Stabilizer,3 - Medium,Servo stabilizer not working : Dehriya Sarai  
INC000004260318,22143,IDFC - MUKHERJEE NAGAR,Facilities - Electrical,Electrical -Panel / Boards,3 - Medium,ATM BOARD ELECTRIC ISSUE NOT WORKING
INC000004260383,60641,IDFC - NAYAGARH BRANCH,Facilities - Carpentry,Carpentry-Workstation,3 - Medium,"MANY TIMES, WE HAD COMPLIENT BUT YET TO RESOLVE "
INC000004260424,60641,IDFC - NAYAGARH BRANCH,Facilities - GSB,GSB-Light,3 - Medium,EVERTHINGS ARE BROKEN SINCE LONG TIME 
INC000004260449,60641,IDFC - NAYAGARH BRANCH,Facilities - Carpentry,Carpentry-shutter,3 - Medium,NEED URGENT REPAIR
INC000004260494,60101,IDFC - PARK STREET BRANCH,Facilities - Carpentry,Carpentry-Doors,3 - Medium,CASH COUNDER DOOR ISSUE
INC000004260538,60641,IDFC - NAYAGARH BRANCH,Facilities - Electrical,Electrical -Fans,3 - Medium,"NOT WORKING SINCE1 YEAR, MANY TIMES WE HAD COMPLAIN BUT YET TO REPLACE OR REPAIR "
INC000004260715,60641,IDFC - NAYAGARH BRANCH,Facilities - Electrical,Electrical -Wiring,3 - Medium,NEED MORE PLUGS 
INC000004260757,21412,IDFC - RAJ NAGAR GHAZIABAD BRANCH,Facilities - Electrical,Electrical -Lights,3 - Medium,uv lamp is not working urgently required 
INC000004260780,20146,IDFC - KAUSHAMBI BRANCH,Facilities - Carpentry,Carpentry-shutter,3 - Medium,SHUTTER HANDLE STOLEN NEED NEW HANDLE
INC000004260796,21232,IDFC - DEHRADUN-KRISHNA TOWER,Facilities - Civil,Civil-work,3 - Medium,Main Entrance Glass Door is not working fine and the Glass can be broken 
INC000004261152,20146,IDFC - KAUSHAMBI BRANCH,Facilities - Carpentry,Carpentry-Workstation,3 - Medium,Branch display board broken need new digital display
INC000004261278,20157,IDFC - BOC- SECTOR-132- NOIDA,Facilities - Plumbing,Plumbing,3 - Medium,The urinal in the Gent's Washroom in not functional and its leaking in part 2 BOC Sec 132 Noida . Kindly check and get this fixed immediately 
INC000004261706,29203,IDFC - FATEHABAD CLUSTER OFFICE,Facilities - Carpentry,Carpentry-Lock / Key,3 - Medium,pantry door handle damage
INC000004262094,43241,IDFC - BALOTRA BRANCH,Facilities - Electrical,Electrical -Stabilizer,3 - Medium,new stabilizer require 
INC000004262172,21473,IDFC - GHARAUNDA BRANCH,Facilities  - Digital Signage,Electrical Issue,3 - Medium,SIGNAGE BOARD ELECTRICAL ISSUE
INC000004262208,21473,IDFC - GHARAUNDA BRANCH,Facilities - Carpentry,Carpentry-Lock / Key,3 - Medium,BREAKAGE OF CABINATS LOCKS AND DRAWER
INC000004262246,21473,IDFC - GHARAUNDA BRANCH,Facilities - Furniture,Furniture-Chair,3 - Medium,CHAIR ARMREST BROKEN
INC000004262282,21473,IDFC - GHARAUNDA BRANCH,Facilities - GSB,GSB-Light,3 - Medium,GSB LIGHT NOT FUNCTIONING
INC000004262935,41264,IDFC - INDORE BRANCH,Facilities - Plumbing,Plumbing-Sanitary Equipments,3 - Medium,ISSUE IN WASHROOM TAB DUE TO THIS WATER WASTAGE KINDLY RESOLVE 
INC000004262969,41264,IDFC - INDORE BRANCH,Facilities - Carpentry,Carpentry-Workstation,3 - Medium,WORKSTATION DRAWER GET SEPRATED FORM WORKSTATION 
INC000004262981,21473,IDFC - GHARAUNDA BRANCH,Facilities - Carpentry,Carpentry-Doors,3 - Medium,wooden door handles/ hings /laminates/ stoper broken 
INC000004263008,41264,IDFC - INDORE BRANCH,Facilities - Carpentry,Carpentry-Lock / Key,3 - Medium,UNABLE TO LOCK SERVER ROOM 
INC000004263106,42821,IDFC - CHITTORGARH BRANCH,Facilities - Electrical,Electrical -Panel / Boards,3 - Medium,"BCM Tesk Panel board not working , due to short please do the needfull"
INC000004263509,60541,IDFC - RAJNANDGAON BRANCH,Facilities - Electrical,Electrical -Power,3 - Medium,Kindly check AC is Tripping Again and Again from last 1 week
INC000004263763,21258,IDFC - MBL - LUCKNOW-INDIRA NAGAR,Facilities - Carpentry,Carpentry-Doors,3 - Medium,dear team door stopper not working
INC000004263799,21624,IDFC - SAMALAKHA BRANCH,Facilities - Carpentry,Carpentry-Doors,3 - Medium, wooden door lock repairing. and godrej almirah handle 
INC000004264446,21019,IDFC - GURGAON - SECTOR 31 BRANCH,Facilities - Electrical,Electrical -Wiring,3 - Medium," as per below trail mail PFA SNAP TATA ISP they need electrician in Gurgaon Sec 31 .   Kindly confirm electrician availability in the branch , accordingly Tata "
INC000004264482,20151,IDFC - NOIDA- SECTOR 18 BRANCH,Facilities - Carpentry,Carpentry-Lock / Key,3 - Medium,droor not open 
INC000004264776,22111,IDFC - LAKHIMPUR BRANCH,Facilities - Carpentry,Carpentry-shutter,3 - Medium,Main IDFC board broken due to heavy wind and thunderstorm
INC000004267586,40134,IDFC - KHARGHAR BRANCH,Facilities - Electrical,Electrical -Fans,3 - Medium,Wash room exhaust fan problem 
INC000004267587,40134,IDFC - KHARGHAR BRANCH,Facilities - Electrical,Electrical -Panel / Boards,3 - Medium,Kindly arrange Engineer 
INC000004267876,21634,IDFC - THANESAR BRANCH,Facilities - Electrical,Electrical -Fans,3 - Medium,fan holder require. fan in lobby area. fan is available but it is not hanged. nuts require
INC000004267902,42135,IDFC - JAIPUR - VIDHYADHAR NAGAR BRANCH,Facilities - Carpentry,Carpentry-Lock / Key,3 - Medium,Washroom lock is completly broken need urgent assistance here
INC000004268076,21232,IDFC - DEHRADUN-KRISHNA TOWER,Facilities - Electrical,Electrical -Fans,3 - Medium,Request for 4 Ceiling Fans at Dehradun Krishna Tower Branch for Customer Service Area
INC000004268196,42861,IDFC - CHHINDWARA BRANCH,Facilities - Carpentry,Carpentry-Lock / Key,3 - Medium,Drawer locks are not working
INC000004268291,61421,IDFC - Newada,Facilities - Carpentry,Carpentry-Lock / Key,3 - Medium,Vault door not able to lock
INC000004268331,40135,IDFC - KALYAN BRANCH,Facilities - Electrical,Electrical -Lights,3 - Medium,Light not working in ATM and water purifier issue
INC000004268433,42273,IDFC - MBL- ADAJAN,Facilities - Electrical,Electrical -Lights,3 - Medium,tube light not working-1 Nos.
INC000004268436,21072,IDFC - FATEHABAD BRANCH,Facilities - Carpentry,Carpentry-Lock / Key,3 - Medium,12 DRAWER KEY NEED TO CHANGE IN FATEHABAD BRANCH
INC000004268594,40135,IDFC - KALYAN BRANCH,Facilities - Electrical,Electrical -Lights,3 - Medium,UV light not working
INC000004268622,41271,IDFC - INDORE-ANNAPURNA,Facilities - Plumbing,Plumbing-Sanitary Equipments,3 - Medium,toilet pot damaged 
INC000004268625,42625,IDFC - MBL - BHAVNAGAR,Facilities - Carpentry,Carpentry-Lock / Key,3 - Medium,door lock of washroom
INC000004268753,22142,IDFC - MANSAROVAR GARDEN,Facilities - Electrical,Electrical -Lights,3 - Medium,Washroom lights are not working
INC000004268795,22142,IDFC - MANSAROVAR GARDEN,Facilities - Plumbing,Plumbing,3 - Medium,"There is leakage in taps in washrooms and pantry, water flow is also very slow in taps"
INC000004268877,20102,IDFC - NEW FRIENDS COLONY BRANCH,Facilities - Electrical,Electrical -Power,3 - Medium,no power supply in ATM
INC000004269070,42137,IDFC - MBL - JAIPUR-SANGANER,Facilities - Electrical,Electrical -Power,3 - Medium,power is off from 29/05/2024
INC000004269109,42132,IDFC - JAIPUR - MANUPASANA-5TH FLOOR-OFFICE NO. 501,Facilities - Plumbing,Plumbing-Sanitary Equipments,3 - Medium,All urinals are choked need to repair urgently on the 7th floor
INC000004269113,60781,IDFC - BHADRAK BRANCH,Facilities - Electrical,Electrical -Fans,3 - Medium,Due to AC not working properly new wall mount fan required 
INC000004269555,42137,IDFC - MBL - JAIPUR-SANGANER,Facilities - Electrical,Electrical -Power,3 - Medium,NO power in branch
INC000004269575,40158,IDFC - SEAWOODS BRANCH,Facilities - Electrical,Electrical -Lights,3 - Medium,REQUIRE UV LAMP 
INC000004269948,21943,IDFC - DHARUHERA BRANCH,Facilities - Carpentry,Carpentry-Doors,3 - Medium,dear team pantry wooden door  not working properly looks breakage
INC000004269979,21621,IDFC - PANIPAT BRANCH,Facilities - Electrical,Electrical -Fans,3 - Medium,Wall Mount not working in pentry 
INC000004269984,21314,"IDFC - FARIDABAD SECTOR -21 C, BRANCH",Facilities - Carpentry,Carpentry-Workstation,3 - Medium,WORK STATION 
INC000004270035,21621,IDFC - PANIPAT BRANCH,Facilities - Plumbing,Plumbing,3 - Medium,plumbing issue in wash rooms both ladies & gents
INC000004270131,43471,IDFC - BUNDI BRANCH,Facilities - Carpentry,Carpentry-Doors,3 - Medium,Dear team main door lock is not working properly  please arrange the vendor for this on urgent basis
INC000004270196,21872,IDFC - SONIPAT,Facilities - Lockers,Lockers,3 - Medium,PLS ARRANGE VENDORE FOR SEAL THE LOAKER KEYS WITH PROPER PACKET 
INC000004270310,42276,IDFC - SACHIN BRANCH,Facilities - Carpentry,Carpentry-Workstation,3 - Medium,FLOOR PLAT DEMAG
INC000004270347,22032,IDFC - MBL - BAHADURGARH,Facilities - Electrical,Electrical -Stabilizer,3 - Medium,NO POWER SUPPLY 
INC000004270348,42662,IDFC - SANGLI BRANCH,Facilities - Electrical,Electrical -Lights,3 - Medium,UV LAMP not working
INC000004270519,40148,IDFC - Bhiwandi,Facilities - Electrical,Electrical -Lights,3 - Medium,"Dear Team, Bhiwandi's ATM Light is not working so please arrange electrician on basis "
INC000004271064,43621,IDFC - MBL - SATNA,Facilities - Plumbing,Plumbing,3 - Medium,Washroom leakage issue
INC000004271426,20142,IDFC - NEW DELHI SAKET BRANCH,Facilities - Electrical,Electrical -Stabilizer,3 - Medium,electrical stabilizer not working in branch
INC000004271427,41321,IDFC - LADVI BRANCH,Facilities - Lockers,Lockers,3 - Medium,Driver Looker broken 
INC000004271507,60124,IDFC - MBL-HOWRAH,Facilities - GSB,GSB-Branding,3 - Medium,GSB replacement require and light not operation properly
INC000004271592,43451,IDFC - JHALRAPATAN BRANCH,Facilities - Carpentry,Carpentry-Lock / Key,3 - Medium,Required  change Door lock 
INC000004272099,41441,IDFC - VIMAN ANGAR PUNE,Facilities - Carpentry,Carpentry-Workstation,3 - Medium,Cabinet need to be cut for CCD machine installation 
INC000004272131,42663,IDFC - MBL - SANGLI,Facilities - Electrical,Electrical -Panel / Boards,3 - Medium,New socket required for CCD installation 
INC000004272219,40517,IDFC - Kopar Khairne,Facilities - Dormitory,Dormitory-Equipment,3 - Medium,maintainece required urgent basis. bad quality water supply
INC000004272290,60134,IDFC - KOLKATA-R N MUKHERJEE ROAD BRANCH,Facilities - Furniture,Furniture-Chair,3 - Medium,require trolley suit case for cash
INC000004272291,60134,IDFC - KOLKATA-R N MUKHERJEE ROAD BRANCH,Facilities - Carpentry,Carpentry-shutter,3 - Medium,ENTRANCE SHUTTER IS JAM
INC000004272325,20148,IDFC - VIKAS MARG BRANCH,Facilities - Lockers,Lockers,3 - Medium,key packing required for 50 keys.vikas marg branch
INC000004272445,42503,IDFC - NAGPUR-ZADE BHAVAN BRANCH,Facilities - GSB,GSB-Light,3 - Medium,GSB half board lights not functioning__branch id 42503
INC000004275942,42425,IDFC - RAJKOT BHAKTI NAGAR BRANCH,Facilities - Electrical,Electrical -Stabilizer,3 - Medium,STABILIZER NOT WORKING IN RAJKOT BHAKTINAGAR BRANCH - 42425
INC000004275950,42425,IDFC - RAJKOT BHAKTI NAGAR BRANCH,Facilities - Carpentry,Carpentry-shutter,3 - Medium,OFFICE SHUTTER NOT FUNCTIONING RAJKOT BHAKTINAGAR BRANCH - 42425
INC000004275954,60442,"IDFC - Paschim Bardhaman, Durgapur, West Bengal",Facilities - Carpentry,Carpentry-Doors,3 - Medium,Main glass door of Durgapur Asset branch is not functioning. Door spring is not working.
INC000004276030,21473,IDFC - GHARAUNDA BRANCH,Facilities - Lockers,Lockers,3 - Medium,"Hi team lost key for short Dror, which is used to keep documents. key number E40, please contact me 9350431387"
INC000004276232,42881,IDFC - MAHASAMUND BRANCH,Facilities - Carpentry,Carpentry-Lock / Key,3 - Medium,Automatic lock required in cash counter door
INC000004276424,40172,IDFC - Belapur-CPC,Facilities - Electrical,Electrical -Inverter,3 - Medium,CONNECTION LOST TO ELECTRICAL POINTS
INC000004276541,42241,IDFC - GODHRA BRANCH,Facilities - Electrical,Electrical -Fans,3 - Medium,EXHAUST OF PANTRY NOT WORKING
INC000004276685,21271,IDFC - KANPUR BRANCH,Facilities - Electrical,Electrical -Wiring,3 - Medium,"Due to issue in electrical line, light is continuously blinking in teller area"
INC000004276704,42226,IDFC - MBL - SIKAR,Facilities - Plumbing,Plumbing,3 - Medium,Bathroom water switch not working 
INC000004276710,42282,IDFC - NASIK-SAHAYADREE BUSINESS PARK,Facilities - Carpentry,Carpentry-Lock / Key,3 - Medium,Drawer lock need to replace 
INC000004277199,20106,IDFC - DWARKA BRANCH,Facilities - Electrical,Electrical -Panel / Boards,3 - Medium,Board electric lines are not working since last 3 days.
INC000004277431,40155,IDFC - VILE PARLE EASTBRANCH,Facilities - Electrical,Electrical -Lights,3 - Medium,new point require
INC000004277444,40155,IDFC - VILE PARLE EASTBRANCH,Facilities - Carpentry,Carpentry-Workstation,3 - Medium,new work station require
INC000004278198,41111,IDFC - TIMURNI BRANCH,Facilities - Carpentry,Carpentry-Doors,3 - Medium,Dear team in timurni branch Main wooden door not working properly door spring not working properly kindly resolve this issue on urgent basis
INC000004278277,42624,IDFC - MAHUVA BRANCH,Facilities - Electrical,Electrical -Fans,3 - Medium,5 Exhaust Fan not working in the branch@due to short ckt
INC000004278330,43221,IDFC - JALORE BRANCH,Facilities - Electrical,Electrical -Stabilizer,3 - Medium,replace of stabilizer 
INC000004278335,41171,IDFC - KHATEGAON BRANCH,Facilities - Carpentry,Carpentry-Lock / Key,3 - Medium,Key Broken for Drawer
INC000004278364,43221,IDFC - JALORE BRANCH,Facilities - Electrical,Electrical -Lights,3 - Medium,electrician wages 
INC000004278616,40138,IDFC - OSHIWARA BRANCH,Facilities - Carpentry,Carpentry-Lock / Key,3 - Medium,IN TELELR COUNTER 2 CASH DRAWER NEW LOCK AND KEY REQUIRED AS THERE IS NO OPTION TO CLOSE THE DRAWER ONLY UPPER CABINET HAS THE OPTION OF LOCK AND KEY
INC000004278815,21943,IDFC - DHARUHERA BRANCH,Facilities - Carpentry,Carpentry-Lock / Key,3 - Medium,"dear team, vault main door locks not working or locks not closed propely kindly resolve urgently "
INC000004278849,21431,IDFC - YAMUNA NAGAR- SCO 184-185,Facilities - Electrical,Electrical -Panel / Boards,3 - Medium,4 Gangbox  Required for fans 
INC000004278861,21431,IDFC - YAMUNA NAGAR- SCO 184-185,Facilities - Carpentry,Carpentry-Doors,3 - Medium,Floor Machine for Entry / Main Door 
INC000004278933,21752,IDFC - MATHURA BRANCH,Facilities - Carpentry,Carpentry-Doors,3 - Medium,Toilet door not working
INC000004285689,60861,IDFC - DIMAPUR-CHURCH ROAD BRANCH,Facilities - Electrical,Electrical -Power,3 - Medium,No power in the branch hence no network and even DG not working 
INC000004285701,42128,IDFC - VAISHALI NAGAR BRANCH,Facilities - Carpentry,Carpentry-shutter,3 - Medium,ELECTRICAL REMOTE OF SHUTTER IS NOT WORKING
INC000004285756,42161,IDFC - NADIAD BRANCH,Facilities - Electrical,Electrical -Power,3 - Medium,"Dear Team,"
INC000004285835,42343,IDFC - GANDHINAGAR BRANCH,Facilities - Carpentry,Carpentry-Workstation,3 - Medium,"CASH COUNTER DRAWER CHANNEL IS BROKEN, PLEASE SENT PERSON ON PRIORITY"
INC000004285848,40143,IDFC - KALAMBOLI BRANCH,Facilities - Carpentry,Carpentry-Lock / Key,3 - Medium,cabinet drawer keys broken as welll as glass door shteer keys lock not working 
INC000004285858,60562,IDFC - BHILAI BRANCH,Facilities - Carpentry,Carpentry-Doors,3 - Medium,GLASS DOOR LOCK 
INC000004285872,40177,IDFC - Kandivali West,Facilities - Electrical,Electrical -Power,3 - Medium,No power at kandivali west branch 
INC000004285928,20194,IDFC - NEW DELHI - ASHOK VIHAR BRANCH,Facilities - Electrical,Electrical -Lights,3 - Medium,"Lobby light not working, fix the issue asap."
INC000004286050,21394,IDFC - AMBALA SADAR BRANCH,Facilities - Carpentry,Carpentry-Lock / Key,3 - Medium,BRANCH MAIN DOOR  LOCK AND DRAWER LOACK IS DAMAGED
INC000004286144,41264,IDFC - INDORE BRANCH,Facilities - Carpentry,Carpentry-Lock / Key,3 - Medium,please arrange engineer for lock keys 
INC000004286288,60109,IDFC - KOLKATA-GARIA BRANCH,Facilities - Plumbing,Plumbing,3 - Medium,flust not working for ladies washroom
INC000004286376,60761,IDFC - PATHALGAON BRANCH,Facilities - Electrical,Electrical -Lights,3 - Medium,"Dear Team 3 Light is not working in Teller  Area And  3 Lights Not working in loby Area Kindly Resolved Issue, on Argent,"
INC000004286649,43161,IDFC - SEHORE BRANCH,Facilities - Plumbing,Plumbing-Sanitary Equipments,3 - Medium,The tap in the washroom is not working. Requesting support in resolving issue
INC000004286762,69401,IDFC - RAIPUR REGIONAL OFFICE,Facilities - Plumbing,Plumbing-Sanitary Equipments,3 - Medium,Jet Spray replacement request
INC000004286901,41375,IDFC - BANER BRANCH,Facilities - Plumbing,Plumbing,3 - Medium,bathroom water flush not working properly
INC000004286906,40302,IDFC - PRAHLAD NAGAR BRANCH,Facilities - Carpentry,Carpentry-Lock / Key,3 - Medium,DRAWER LOCK AND KEY IN CASH CABIN THREE DRAWERS
INC000004287012,40112,IDFC - THANE BRANCH,Facilities - Electrical,Electrical -Panel / Boards,3 - Medium,branch shutter button is not working
INC000004287072,40112,IDFC - THANE BRANCH,Facilities - Lockers,Lockers,3 - Medium,"branch does not need the lockers available in the branch which are just lying in the branch , we need to get those lockers picked up so than we can have space t"
INC000004287276,60302,IDFC - RAIPUR-DB CITY,Facilities - Carpentry,Carpentry-Lock / Key,3 - Medium,washroom lock and handel broken 
INC000004287795,42481,IDFC - JODHPUR BRANCH,Facilities - Electrical,Electrical -Lights,3 - Medium,POWER SUPPLY AUTO CUT SWITCH AND POWER SUPPLY ISSUE IN ATM AC
INC000004288337,21601,IDFC - HISAR BRANCH,Facilities - Plumbing,Plumbing,3 - Medium,no water in washroom
INC000004288415,40501,IDFC - Borivali East,Facilities - Carpentry,Carpentry-Workstation,3 - Medium,Drawers are not getting locked and is critical as need to keep office stuffs in the drawer 
INC000004288486,21233,IDFC - DEHRADUN - GMS ROAD BRANCH,Facilities - Carpentry,Carpentry-Workstation,3 - Medium,Electrical and carpentry work
INC000004288583,42186,IDFC - AJMER VAISHALI NAGAR BRANCH,Facilities - Carpentry,Carpentry-Doors,3 - Medium,Kindly replace the complain/ suggestion box from atm to branch lobby and also provide the sticker of compliant/ suggestion box
INC000004288641,60261,IDFC - GUWAHATI BRANCH,Facilities - Plumbing,Plumbing-Sanitary Equipments,3 - Medium,Washroom and Pantry water leakage 
INC000004288935,42429,IDFC - SHAPAR VERAVAL BRANCH,Facilities - Carpentry,Carpentry-Doors,3 - Medium,Wooden door 
INC000004289023,21852,IDFC - Bhatinda,Facilities - Plumbing,Plumbing,3 - Medium,NEED REPAIR OF WASHROOM LEAKAGE OF GIRLS
INC000004289102,20145,IDFC - NOIDA SECTOR 50 BRANCH,Facilities - Electrical,Electrical -Lights,3 - Medium,Emergency Light Required 
INC000004289210,43762,IDFC - GUNA,Facilities - Electrical,Electrical -Fans,3 - Medium,ATM fan is not working 
INC000004289222,20234,IDFC - TILAK NAGAR,Facilities - Plumbing,Plumbing-Sanitary Equipments,3 - Medium,UNABLE TO STORE WATER IN TANK 
INC000004289249,20234,IDFC - TILAK NAGAR,Facilities  - Digital Signage,Electrical Issue,3 - Medium,SIGN BOARD DAMAGED AND NOT WORKING
INC000004289817,40138,IDFC - OSHIWARA BRANCH,Facilities - Civil,Civil-work,3 - Medium,ATM DROPBOX REQUIREMENT IN OSHIWARA BRANCH - WALL THROUGH CHEQUE DROP BOX
INC000004289830,42393,IDFC - Nizampura,Facilities - Carpentry,Carpentry-Doors,3 - Medium,Glass door of entrance not working as it dislodged and not working properly
INC000004290311,21892,IDFC - Baddi,Facilities - Carpentry,Carpentry-Doors,3 - Medium,glass door not opened properly 
INC000004290535,42361,IDFC - PATAN BRANCH,Facilities - Plumbing,Plumbing,3 - Medium,ladies and jens washroom repair   
INC000004290621,60372,IDFC - Cuttack-CDA,Facilities - Plumbing,Plumbing-Sanitary Equipments,3 - Medium,tap regarding issue
INC000004290757,42286,IDFC - PIMPALGAON NASHIK,Facilities - Carpentry,Carpentry-Lock / Key,3 - Medium,Gold Loan Cabin Lock+Both Wash room Locks+Pantry Lock new required
INC000004290812,40153,IDFC - PAREL BRANCH,Facilities - Sanitization,Sanitization,3 - Medium,Dear Team - We are facing massive water looging issues in the washroom as the floor of tehh washroom is filled with filty water due to overflow of the same from
INC000004290822,49105,IDFC - AHMEDABAD RO- RATNAKAR NINE SQUARE,Facilities - Plumbing,Plumbing-Sanitary Equipments,3 - Medium,"Two Urinals are not working, multiple jet sprays are not working etc.  "
INC000004290824,49105,IDFC - AHMEDABAD RO- RATNAKAR NINE SQUARE,Facilities - Carpentry,Carpentry-Doors,3 - Medium,Door Handle not there on 3rd Floor Gate
INC000004293942,21014,IDFC - GURGAON - UDYOG VIHAR BRANCH,Facilities - Furniture,Furniture-Chair,3 - Medium,All the chairs of this branch are too dirty and torn. The chairs are not replaced from last 5 years since the time of branch opening
INC000004293996,40316,IDFC - JODHPUR ROAD - SATELLITEBRANCH,Facilities - Carpentry,Carpentry-Lock / Key,3 - Medium,Branch Main Door Lock Broken and door not in Alignment Proper of Jodhpur Road Satellite Branch
INC000004294009,21414,IDFC - VASUNDHARA GHAZIABAD BRANCH,Facilities - Carpentry,Carpentry-Lock / Key,3 - Medium,"NEED TO CHANGE DRAWER LOCKS, LOCKES BROKEN"
INC000004294058,21315,IDFC - FARIDABAD SEC -37,Facilities - Carpentry,Carpentry-Doors,3 - Medium,washroom door issue
INC000004294088,20224,IDFC - NEW DELHI CHANDNI CHOWK BRANCH,Facilities - Electrical,Electrical -Lights,3 - Medium,Both the UV lights not working kindly arrange the vendor on urgent basis.
INC000004294121,40302,IDFC - PRAHLAD NAGAR BRANCH,Facilities - Electrical,Electrical -Lights,3 - Medium,lobby area lights are not working from past 10 days please arrange the vendor on urgent.
INC000004294143,61183,IDFC - DIBRUGARH THANA CHARIALI/ HH ROAD,Facilities  - Digital Signage,Electrical Issue,3 - Medium,Glow signboard not working properly for Dibrugarh Branch(61183)
INC000004294251,40304,IDFC - AHMEDABAD- RATNAAKAR SQUARE,Facilities - Electrical,Electrical -Panel / Boards,3 - Medium,Plugs are not in work
INC000004294420,41226,IDFC - PITHAMPURA-SECTOR 1,Facilities - Electrical,Electrical -Inverter,3 - Medium,UPS POWER BACKUP ISSUE
INC000004294484,20102,IDFC - NEW FRIENDS COLONY BRANCH,Facilities - Plumbing,Plumbing-Sanitary Equipments,3 - Medium,Plumbing work required for leakage
INC000004294498,42301,IDFC - JHUNJHUNU BRANCH,Facilities - Carpentry,Carpentry-Lock / Key,3 - Medium,lock is not working or proper closing average 7-10 lock drawers are not working
INC000004294522,20155,IDFC - SECTOR-110 NOIDA BRANCH,Facilities - Plumbing,Plumbing,3 - Medium,Water Tank burst leaking water
INC000004294814,20121,IDFC - DELHI - OPS OFFICE-KAROL BAGH,Facilities - Carpentry,Carpentry-Lock / Key,3 - Medium,"Trolleys used for carrying/ferrying Caret/Boxes, whose wheels has been damaged "
INC000004294834,43552,IDFC - MBL - SAGAR,Facilities - Civil,Civil-work,3 - Medium,Dear team please check Smoke Detector not working 
INC000004294836,40304,IDFC - AHMEDABAD- RATNAAKAR SQUARE,Facilities - Carpentry,Carpentry-Doors,3 - Medium,Door handles is Brocken 
INC000004294892,20249,IDFC - MBL Badarpur,Facilities - Plumbing,Plumbing,3 - Medium,Water leakage in washroom
INC000004295205,42261,IDFC - SURAT BRANCH,Facilities - Carpentry,Carpentry-Lock / Key,3 - Medium,Cash Drawer is not getting lock 
INC000004295213,20151,IDFC - NOIDA- SECTOR 18 BRANCH,Facilities - Electrical,Electrical -Panel / Boards,3 - Medium,UPS IS NOT WORKING PROPERLY KINDLY RESOLVE
INC000004295461,20127,IDFC - ROHINI BRANCH,Facilities - Plumbing,Plumbing-Sanitary Equipments,3 - Medium,Tap of washroom is not working and two drainage lids to be changed
INC000004295899,41357,IDFC - WANOWRIE BRANCH,Facilities - Plumbing,Plumbing,3 - Medium,"AC outlet Leakage at wanowrie Branch-41357, "
INC000004295900,60662,IDFC - PURI/ GRAND ROAD,Facilities - Electrical,Electrical -Power,3 - Medium,ATM EARTHING VOLTAGE IS HIGH MACHINE SHUTDOWN BY ENGINEER
INC000004296538,42361,IDFC - PATAN BRANCH,Facilities - Carpentry,Carpentry-Lock / Key,3 - Medium,MAIN DOOR HANDLE IS BROKEN NEED REPLECE THE NEW PROPERLY HANDLE  
INC000004296548,42361,IDFC - PATAN BRANCH,Facilities - Carpentry,Carpentry-Doors,3 - Medium,"o	Ladies’ washroom adjustment fen and door lock damage (door open closed is broken)"
INC000004296560,42361,IDFC - PATAN BRANCH,Facilities - Carpentry,Carpentry-Lock / Key,3 - Medium,"o	Meeting room door not locked. "
INC000004296595,42801,IDFC - LUNAWADA BRANCH,Facilities - Electrical,Electrical -Fans,3 - Medium,dear team kindly help ATM fan not working 
INC000004296684,20126,IDFC - PUNJABI BAGH BRANCH,Facilities - Plumbing,Plumbing-Sanitary Equipments,3 - Medium,washroom plumbing work pending 
INC000004296685,40172,IDFC - Belapur-CPC,Facilities - Carpentry,Carpentry-Lock / Key,3 - Medium,Locks issue 
INC000004296713,42643,IDFC - MBL - JAMNAGAR,Facilities - Furniture,Furniture-Chair,3 - Medium,Total 12 seat backrest bare bended not able to sit properly
INC000004296923,40315,IDFC - BOPAL BRANCH,Facilities - Carpentry,Carpentry-Doors,3 - Medium,Kindly arrange the engineers of repairs Door Handles
INC000004297036,60363,IDFC - CUTTACK - CUTTACK MAIN BRANCH,Facilities - Electrical,Electrical -Panel / Boards,3 - Medium,Electrical Panel issue -No network in Branch
INC000004297051,60363,IDFC - CUTTACK - CUTTACK MAIN BRANCH,Facilities - Electrical,Electrical -Panel / Boards,3 - Medium,Electrical panel issue at Cuttack branch
INC000004297357,21019,IDFC - GURGAON - SECTOR 31 BRANCH,Facilities - Electrical,Electrical -Wiring,3 - Medium," Please align the electrician at our Sector 31, Gurgaon branch.   Kindly confirm the below details so that IT team can be aligned accordingly.  Name : Mobile No"
INC000004297736,42861,IDFC - CHHINDWARA BRANCH,Facilities - Electrical,Electrical -Fans,3 - Medium,ceilling fan issue
INC000004297866,40107,IDFC - ANDHERI EAST BRANCH,Facilities - Electrical,Electrical -Lights,3 - Medium,Lights are not working due civil seepage inside.
INC000004297897,40156,IDFC - POWAI BRANCH,Facilities - Electrical,Electrical -Lights,3 - Medium,while putting laptop plug into socket its spark always.
INC000004298109,42279,IDFC - Katagram,Facilities - GSB,GSB-Light,3 - Medium,Branch Signboard lights not working
INC000004301402,43661,IDFC - BOTAD BRANCH,Facilities - Electrical,Electrical -Wiring,3 - Medium,Dear team automatic shutter open and close not working since last 2-3 days request to please send electrician for resolve the issue in urgent basis.
INC000004301427,61302,IDFC - Muzaffarpur,Facilities - Electrical,Electrical -Power,3 - Medium,Total power cut and fail
INC000004301476,22031,IDFC - JHAJJAR BRANCH,Facilities - Plumbing,Plumbing,3 - Medium,washroom drain chock up
INC000004301482,40195,IDFC - Thane Anand Nagar,Facilities - Carpentry,Carpentry-Lock / Key,3 - Medium,need to replacement of some locks of  drawers 
INC000004301573,42279,IDFC - Katagram,Facilities - Carpentry,Carpentry-Lock / Key,3 - Medium,both draweer not working in teller counter
INC000004301623,20231,IDFC - NEW DELHI- DWARKA SECTOR 23A BRANCH,Facilities - Lockers,Lockers,3 - Medium,Installation of Exhaust Fan in Locker Room Pending /Installation of wall mounted shelf in wrong Place . Customer is facing Issue while operating Locker (161 Loc
INC000004301720,40141,IDFC - THAKUR VILLAGE KANDIVALI E BRANCH,Facilities - Electrical,Electrical -Lights,3 - Medium,pantry switch board button not working
INC000004301760,40302,IDFC - PRAHLAD NAGAR BRANCH,Facilities - Carpentry,Carpentry-shutter,3 - Medium,"dear team, in our shutter side there is rat dead body and it smelll very bad in our branch so kindly do the needful on the urgent basis."
INC000004301966,20216,IDFC - Lajpat Nagar- New Delhi,Facilities - Civil,Civil-work,3 - Medium,Kindly get resolved asap.
INC000004301993,60132,IDFC - KOLKATA- VIP ROAD BRANCH,Facilities - Carpentry,Carpentry-Lock / Key,3 - Medium,Glass door lock is not working
INC000004302323,40301,IDFC - AHMEDABAD C.G. ROAD BRANCH,Facilities - Carpentry,Carpentry-Lock / Key,3 - Medium,Require lock in network RACK which was break previously due to some emergency. Branch Details: C.G.Road-40301 
INC000004302343,40328,IDFC - MBL- BAPUNAGAR,Facilities - Carpentry,Carpentry-Lock / Key,3 - Medium,Server room Network rake lock key not working 
INC000004302352,21009,IDFC - GURGAON SECTOR 10A BRANCH,Facilities - Plumbing,Plumbing,3 - Medium,urinal blockage in branch 
INC000004302523,20121,IDFC - DELHI - OPS OFFICE-KAROL BAGH,Facilities - Plumbing,Plumbing,3 - Medium,Wahsroom Door and one jet spray not working in female washroom
INC000004302872,61371,IDFC - RASULGARH BRANCH,Facilities - Electrical,Electrical -Panel / Boards,3 - Medium,AC PLUG NOT WORKING
INC000004302935,61451,IDFC - KHARAGPUR BRANCH,Facilities - Electrical,Electrical -Power,3 - Medium,Complete phase is down including LAN and other electrical components. 
INC000004303012,60132,IDFC - KOLKATA- VIP ROAD BRANCH,Facilities - Electrical,Electrical -Lights,3 - Medium,UV light is not working
INC000004303019,40372,IDFC - IDAR BRANCH,Facilities - Lockers,Lockers,3 - Medium,GOLD LOAN DRAWER KEY LOST SO PLEASE SENT VENDOR ON URGENT BASIS
INC000004303245,42136,IDFC - JAIPUR -MALVIYA NAGAR BRANCH,Facilities - Electrical,Electrical -Wiring,3 - Medium,Please resolve the earthing issue and share the rectified earthing snaps for Jaipur - Malviya Nagar branch.   Standard parameter reading E-N = 0.1V to 3V P-N = 
INC000004303368,20106,IDFC - DWARKA BRANCH,Facilities - Plumbing,Plumbing-Sanitary Equipments,3 - Medium,broken basin pipe
INC000004303475,40181,IDFC - Bhayandar West,Facilities - Plumbing,Plumbing,3 - Medium,THERE IS WATER ISSUE IN BHAYANDAR WEST BRANCH AND THIS EVERY SECOND DAY ISSUE KINDLY PROVIDE THE PARMANENT SOLUTION FOR THIS
INC000004303977,42282,IDFC - NASIK-SAHAYADREE BUSINESS PARK,Facilities - Carpentry,Carpentry-Lock / Key,3 - Medium,Replacement of Wash room Door Lock - 5 Nos. & hand faucet - 01 No & Cabinet Lock - 2 Nos. & 1 tower bolt 
INC000004304210,42562,IDFC - FATEHNAGAR BRANCH,Facilities - Furniture,Furniture-Chair,3 - Medium,"dear team ,please shortly provide chair all most chair damaged new chair arrange"
INC000004304405,60115,IDFC - KOLKATA-NEW ALIPORE BRANCH,Facilities - Sanitization,Sanitization,3 - Medium,"LADIES WASHROOM HAND BIDET IS BROKEN, SEND TECHNICIAN FAST."
INC000004304607,21791,IDFC - HARIDWAR BRANCH,Facilities - Carpentry,Carpentry-Doors,3 - Medium,glass door lodged.
INC000004305009,20101,IDFC - BARAKHAMBA ROAD BRANCH,Facilities - Plumbing,Plumbing,3 - Medium,sealing leackage
INC000004305195,42821,IDFC - CHITTORGARH BRANCH,Facilities - Plumbing,Plumbing,3 - Medium,There is no water in the girl washroom and jet spray not working .
INC000004305239,20135,IDFC - MODEL TOWN BRANCH,Facilities - Carpentry,Carpentry-Doors,3 - Medium,Kindly assign someone for making the section in drawer as we are not able to segarate the files
INC000004305386,60371,IDFC - Naya Bazar,Facilities - Carpentry,Carpentry-Doors,3 - Medium,Branch opening wooden door is not working. kindly arrange to fix the issue on priority.
INC000004305826,41301,IDFC - CHHANERA BRANCH,Facilities - Electrical,Electrical -Lights,3 - Medium,ELECTRICITY ISSUE IN CHHANERA BRANCH LAST 2 MONTH
INC000004305969,20225,IDFC - ROHINI SEC 18,Facilities - Electrical,Electrical -Panel / Boards,3 - Medium,light not working
INC000004306009,42277,IDFC - Magob,Facilities - Electrical,Electrical -Lights,3 - Medium,vault room lights not working
INC000004309353,60384,IDFC - SILIGURI,Facilities - Carpentry,Carpentry-Lock / Key,3 - Medium,Main Glass Door lock broken
INC000004309372,60501,IDFC - RAIGARH BRANCH,Facilities - Electrical,Electrical -Power,3 - Medium,Power Failure at Branch 
INC000004309389,60241,IDFC - BHUBANESWAR BRANCH,Facilities - Electrical,Electrical -Lights,3 - Medium,bar light is not working
INC000004309437,20131,IDFC - GURGAON GALLERIA BRANCH,Facilities - Electrical,Electrical -Lights,3 - Medium,ELECTRICITY NOT AVAILABLE IN LOCKER AND VAULT ROOM
INC000004309447,42561,IDFC - UDAIPUR-APEX CHAMBER,Facilities - Electrical,Electrical -Power,3 - Medium,Power not received in switch board
INC000004309542,40133,IDFC - BORIVALI-IC COLONY BRANCH,Facilities - Electrical,Electrical -Lights,3 - Medium,PANTRY AND BM CABIN LIGHTS NOT THERE ...TUBELITE FUSE GONE
INC000004309581,40327,IDFC - AHMEDABAD - BAPUNAGAR BRANCH,Facilities - Carpentry,Carpentry-Doors,3 - Medium,sales cabin drawer door not repairing word required
INC000004309609,40327,IDFC - AHMEDABAD - BAPUNAGAR BRANCH,Facilities - Plumbing,Plumbing-Sanitary Equipments,3 - Medium,wash basing repairing work and jet spay not worikng
INC000004309692,42145,IDFC - UJJAIN FREEGANJ BRANCH,Facilities - Electrical,Electrical -Power,3 - Medium,U V LIGHT IS NOT WORKING KINDLY SEND THE VENDOR AND RESOLVE
INC000004310340,20182,IDFC - MBL- LAXMI NAGAR,Facilities - Furniture,Furniture-Chair,3 - Medium,Dear Team Kindly arrange person for repairs chairs due to many Charis damaged
INC000004310756,22124,IDFC - Krishna Nagar,Facilities - Electrical,Electrical -Wiring,3 - Medium,"	UV LAMP WIRE NOT WORKING "
INC000004310778,20257,IDFC - KAMLA NAGAR BRANCH,Facilities - Lockers,Lockers,3 - Medium,3 locker keys to be sealed and embossing on master key to be done.
INC000004310851,42381,IDFC - VADODARA BRANCH,Facilities - Plumbing,Plumbing,3 - Medium,Washbasin in WC is not working
INC000004310865,20142,IDFC - NEW DELHI SAKET BRANCH,Facilities - Electrical,Electrical -Stabilizer,3 - Medium,Stabilizer  and UPS not working in saket branch
INC000004311227,20225,IDFC - ROHINI SEC 18,Facilities - Electrical,Electrical -Lights,3 - Medium,UV Lamp Light not working- 
INC000004311257,20155,IDFC - SECTOR-110 NOIDA BRANCH,Facilities - Furniture,Furniture-Chair,3 - Medium,4 chairs armrest broken
INC000004311437,20249,IDFC - MBL Badarpur,Facilities - Carpentry,Carpentry-Workstation,3 - Medium,dear team please check key box damage
INC000004311855,21004,IDFC - GURUGRAM-SECTOR14,Facilities - Plumbing,Plumbing-Sanitary Equipments,3 - Medium,WC SHEET COVER IS DAMAGED PLEASE CHANGE
INC000004312066,40137,IDFC - JVPD BRANCH,Facilities - Electrical,Electrical -Lights,3 - Medium,PREMISES LED LIGHTS NOT WORKING 
INC000004312100,40137,IDFC - JVPD BRANCH,Facilities - Plumbing,Plumbing-Sanitary Equipments,3 - Medium,The sink has to changed as it is broken and there is leakage
INC000004312225,60344,IDFC - RANCHI- LALPUR BRANCH,Facilities - Furniture,Furniture-Chair,3 - Medium,"15 chairs are damaged totally,please change all chairs on urgent basis"
INC000004313144,20215,IDFC - NEW DELHI KALKAJI BRANCH,Facilities - Plumbing,Plumbing-Sanitary Equipments,3 - Medium,WATER ISSUE .PLEASE LOOK INTO THIS MATTER
INC000004313336,40172,IDFC - Belapur-CPC,Facilities - Electrical,Electrical -Power,3 - Medium,Power Failure 
INC000004313564,22132,IDFC - Kashmeeri Gate Delhi,Facilities - Carpentry,Carpentry-Doors,3 - Medium,Dorset not functioning
INC000004314012,41273,IDFC - MBL - INDORE-JAWAHAR MARG,Facilities - Sanitization,Sanitization,3 - Medium,"Dear Team , Please Repair Female washroom flush as Not working properly ."
INC000004314285,42604,IDFC - Bikaner,Facilities - Electrical,Electrical -Lights,3 - Medium,UV lamp required for Branch
INC000004314343,42129,IDFC - RAJA PARK JAIPUR BRANCH,Facilities - Electrical,Electrical -Lights,3 - Medium,2 NEW UV LAMP REQUIRED IN BRANCH
INC000004314490,43502,IDFC - MBL - GANDHIDHAM,Facilities - Plumbing,Plumbing-Sanitary Equipments,3 - Medium,Wash basin pipe leakage 
INC000004314494,43502,IDFC - MBL - GANDHIDHAM,Facilities - Plumbing,Plumbing-Sanitary Equipments,3 - Medium,Flush is not working in wash room
INC000004314499,43502,IDFC - MBL - GANDHIDHAM,Facilities - Electrical,Electrical -Lights,3 - Medium,Light is not working in pantry
INC000004314560,43843,IDFC - VIP Road Surat CPC,Facilities - Carpentry,Carpentry-shutter,3 - Medium,Branch one side shutter is jam kindly arrange person to resolve the same on priority.
INC000004314575,41301,IDFC - CHHANERA BRANCH,Facilities - Lockers,Lockers,3 - Medium,VAULT MAIN GATE LOCK CHANGE
INC000004317717,20128,IDFC - JANAKPURI BRANCH,Facilities - Lockers,Lockers,3 - Medium,LOCKER NEWLY IN THE BRANCH SO KEYS GIVEN ARE NOT CORRECT KINLDY ARRANGE FOR THE GODREJ TECHNICIAN VISIT 
INC000004317849,43433,IDFC - CHHABRA BRANCH,Facilities - GSB,GSB-Light,3 - Medium,signage board light not working
INC000004317875,40106,IDFC - MUMBAI - NARIMAN POINT BRANCH,Facilities - Electrical,Electrical -Panel / Boards,3 - Medium,branch's main signage board is not functioning during the night.
INC000004317914,60133,IDFC - KOLKATA - BEHALA BRANCH,Facilities - Electrical,Electrical -Panel / Boards,3 - Medium,electricity of ac voltage issue MCP Should be changed instructed by electrician
INC000004317964,60241,IDFC - BHUBANESWAR BRANCH,Facilities - Plumbing,Plumbing,3 - Medium,"washroom drainage is connected to gutter, unbearable smell and higher chances of infection"
INC000004317996,21193,IDFC - JALANDHAR - PUDA COMPLEX- GR FLOOR,Facilities - Electrical,Electrical -Fans,3 - Medium,"Exhaust FAN required at SCO 18 Puda Complex 1st Floor, ( Branch Code-21192)"
INC000004318012,21193,IDFC - JALANDHAR - PUDA COMPLEX- GR FLOOR,Facilities - Carpentry,Carpentry-Workstation,3 - Medium,Work Station repair / locks required at SCO 18 Fist Floor Branch Code- 21192
INC000004318151,60145,"IDFC - BT Road, Dunlop, Kolkata Landmark Dunlop",Facilities - Lockers,Lockers,3 - Medium,resealing of around 100 locker key packets
INC000004318175,41273,IDFC - MBL - INDORE-JAWAHAR MARG,Facilities - Plumbing,Plumbing-Sanitary Equipments,3 - Medium,"Dear Team , Please change pantry tap. "
INC000004318255,21193,IDFC - JALANDHAR - PUDA COMPLEX- GR FLOOR,Facilities - Plumbing,Plumbing,3 - Medium,Blockage in urinal pot and sinks
INC000004318256,42264,IDFC - SURAT- INTERNATIONAL BUSINESS CENTRE,Facilities - Electrical,Electrical -Lights,3 - Medium,Four Of Ceiling Lights Above Ops Cpa DeskTripped From Yesterday Evening Kindly Help to Repair Asap we Are Uncomfortable to Work Smoothly
INC000004318316,21193,IDFC - JALANDHAR - PUDA COMPLEX- GR FLOOR,Facilities - Electrical,Electrical -Fans,3 - Medium,Exhaust fans not working
INC000004318328,40141,IDFC - THAKUR VILLAGE KANDIVALI E BRANCH,Facilities - Plumbing,Plumbing-Sanitary Equipments,3 - Medium,WASHROOM TAPS 
INC000004318549,60781,IDFC - BHADRAK BRANCH,Facilities - Carpentry,Carpentry-Workstation,3 - Medium,WALL CUPBOARD STORAGE DOOR DAMAGED.
INC000004318612,42125,IDFC - SHAHPURA BRANCH,Facilities - Civil,Civil-work,3 - Medium,Branch Sign board damaged in storm please change sign board fell into in storme. 
INC000004318665,20111,IDFC - GREATER KAILASH II BRANCH,Facilities - Electrical,Electrical -Fans,3 - Medium,wall mounted fan is not working in pantry // GK II branch //20111
INC000004318782,20111,IDFC - GREATER KAILASH II BRANCH,Facilities - Electrical,Electrical -Lights,3 - Medium,ATM and outside branch light notworking // 20111// GK II
INC000004318872,42986,IDFC - ALWAR BRANCH,Facilities - Electrical,Electrical -Lights,3 - Medium,2 UV required
INC000004319219,21873,IDFC - Gohana Branch,Facilities - Lockers,Lockers,3 - Medium,"DEAR Team, BRANCH VAULT ROOM WOODEN GATE LOCKS NOT WORKING KINLDY DO ON URGENT BASIS."
INC000004319254,43621,IDFC - MBL - SATNA,Facilities - Electrical,Electrical -Fans,3 - Medium,wall mount fan are not working well pl check and repair 
INC000004319918,40401,IDFC - MEHSANA BRANCH,Facilities - Plumbing,Plumbing,3 - Medium,water leakage 
INC000004319950,42946,IDFC - KARMETA BRANCH,Facilities - Carpentry,Carpentry-Doors,3 - Medium,dear team kindly help gold loan door lock issue 
INC000004320370,42162,IDFC - KATHWADA BRANCH,Facilities - Furniture,Furniture-Chair,3 - Medium,chair change required BOSM DESK 
INC000004321333,21015,IDFC - GURGAON MANESAR BRANCH,Facilities - Electrical,Electrical -Wiring,3 - Medium,Our field engineer visited the site today and observed abnormal power parameters due to which link might malfunction device may go faulty.  Please find the stan
INC000004321354,40191,IDFC - ZAVERI BAZAAR BRANCH.,Facilities - Plumbing,Plumbing,3 - Medium,Leakage
INC000004321428,43492,IDFC - MBL - AURANGABAD,Facilities - Carpentry,Carpentry-Lock / Key,3 - Medium,one lock damage 
INC000004321494,41325,IDFC - KHARGONE BRANCH,Facilities - Electrical,Electrical -Power,3 - Medium,Due to High voltage AC not working 
INC000004321506,41323,IDFC - SIRLAI BRANCH,Facilities - Electrical,Electrical -Stabilizer,3 - Medium,Due to High voltage AC not working request to you please change stabilizer with high voltage or change the phase. one phase is flow high voltage.
INC000004321773,42963,IDFC - AHMEDNAGAR BRANCH,Facilities - Carpentry,Carpentry-Lock / Key,3 - Medium,Gents Washroom Door Lock issue Ahmednagar branch 
INC000004321985,40516,IDFC - Ghansoli,Facilities - Carpentry,Carpentry-Workstation,3 - Medium,pantry dining table break down
INC000004322004,43021,IDFC - BETUL BRANCH,Facilities - Carpentry,Carpentry-Lock / Key,3 - Medium,unable to work key drawer 
INC000004322034,42405,IDFC - GOA-PORVORIM BRANCH,Facilities - Electrical,Electrical -Power,3 - Medium,Short of MCCB 
INC000004322077,42382,IDFC - PADRA BRANCH,Facilities - Electrical,Electrical -Fans,3 - Medium,branch ground floor bathroom Exhaust system fan not working.
INC000004322089,42382,IDFC - PADRA BRANCH,Facilities - Electrical,Electrical -Fans,3 - Medium,branch first floor bathroom man and women both side Exhaust system fan not working. 
INC000004322185,41277,"IDFC - Itwariya Bazar,Indore",Facilities - Carpentry,Carpentry-Lock / Key,3 - Medium,server room lock is not working it is jam please fix it ASAP.
INC000004322331,60321,IDFC - VARANASI BRANCH,Facilities - Electrical,Electrical -Panel / Boards,3 - Medium,Signage light not work
INC000004332846,60861,IDFC - DIMAPUR-CHURCH ROAD BRANCH,Facilities - Electrical,Electrical -Power,3 - Medium,No electricity at branch 
INC000004332848,43161,IDFC - SEHORE BRANCH,Facilities - Civil,Civil-work,3 - Medium,The ATM sign board has bend. Also light in branch signage board is not working
INC000004332854,40103,"IDFC - VASHI,SECTOR-17 BRANCH",Facilities - Electrical,Electrical -Power,3 - Medium,"power is very low and some are power is not working , lights not open , kindly check on priority."
INC000004332864,60371,IDFC - Naya Bazar,Facilities - Carpentry,Carpentry-Lock / Key,3 - Medium,Entire Branch drawer keys to replaced. Most of drawer's locks are not working. keys to be replaced.
INC000004332880,40108,IDFC - GHODBUNDER ROAD - THANE BRANCH,Facilities - Electrical,Electrical -Lights,3 - Medium,Ladies washroom light issue
INC000004332915,40517,IDFC - Kopar Khairne,Facilities - GSB,GSB-Light,3 - Medium,light not functional
INC000004332951,40517,IDFC - Kopar Khairne,Facilities - Lockers,Lockers,3 - Medium,vault metal sheet breakage related
INC000004332963,21011,IDFC - GURGAON SADAR BAZAAR BRANCH,Facilities - Plumbing,Plumbing-Sanitary Equipments,3 - Medium,bathroom  flush not working properly 
INC000004332966,60561,IDFC - UTAI BRANCH,Facilities - Electrical,Electrical -Power,3 - Medium,Power issue at Utai Branch
INC000004332985,43621,IDFC - MBL - SATNA,Facilities - Electrical,Electrical -Power,3 - Medium,Power supply off in the branch resolve immediate
INC000004332996,21313,IDFC - NIT-FARIDABAD BRANCH,Facilities - Plumbing,Plumbing-Sanitary Equipments,3 - Medium,"Too much smell in water tank, water is not usable "
INC000004333029,42481,IDFC - JODHPUR BRANCH,Facilities - Electrical,Electrical -Panel / Boards,3 - Medium,panel board and auto switch on off not working
INC000004333164,42184,IDFC - KEKRI BRANCH,Facilities - Civil,Civil-work,3 - Medium,Earthing issue
INC000004333224,40106,IDFC - MUMBAI - NARIMAN POINT BRANCH,Facilities - Civil,Civil-work,3 - Medium,dorrmats required
INC000004333471,43415,IDFC - JAIPUR - JOHARI BAZAR BRANCH,Facilities - Electrical,Electrical -Lights,3 - Medium,uv lamp light not working
INC000004333487,43415,IDFC - JAIPUR - JOHARI BAZAR BRANCH,Facilities - Plumbing,Plumbing,3 - Medium,WASHROOM FLUSH LEAKAGE
INC000004333546,60101,IDFC - PARK STREET BRANCH,Facilities - Electrical,Electrical -Lights,3 - Medium,Lights not working
INC000004333608,43415,IDFC - JAIPUR - JOHARI BAZAR BRANCH,Facilities - Electrical,Electrical -Wiring,3 - Medium,UV lamp issues 
INC000004333674,42125,IDFC - SHAHPURA BRANCH,Facilities - Lockers,Lockers,3 - Medium,gold laon cabin door loack not working resolve issue on top priorty.
INC000004333941,20193,IDFC - NOIDA SECTOR 18 - SALES HUB,Facilities - Plumbing,Plumbing,3 - Medium,There is an inadequate water supply in the wash basin.
INC000004333965,40153,IDFC - PAREL BRANCH,Facilities - Lockers,Lockers,3 - Medium,Keys And Locks To be replaced of vault
INC000004334017,40304,IDFC - AHMEDABAD- RATNAAKAR SQUARE,Facilities - Carpentry,Carpentry-Workstation,3 - Medium,"Work station alignment issues at 2nd floor assets, washing facing area "
INC000004334022,60305,IDFC - RAIPUR-TAGORE NAGAR BRANCH,Facilities - GSB,GSB-Branding,3 - Medium,Branch GSB has been broken kindly arrange new GSB on urgent basis.
INC000004334028,40153,IDFC - PAREL BRANCH,Facilities - Lockers,Lockers,3 - Medium,Keys And Locks To be changed fro the branch drawers 
INC000004334049,42483,IDFC - NANDRI BRANCH,Facilities - Carpentry,Carpentry-Doors,3 - Medium,Door Stoper not working
INC000004334117,42226,IDFC - MBL - SIKAR,Facilities - Lockers,Lockers,3 - Medium,IN SANMIKA IS BROKEN PLEASE SEND CARPENTER
INC000004334145,40371,IDFC - HIMMATNAGAR BRANCH,Facilities - Carpentry,Carpentry-Workstation,3 - Medium,removal of gold loan cabin as cabin fully damaged so removal of work station
INC000004334220,42226,IDFC - MBL - SIKAR,Facilities - Plumbing,Plumbing-Sanitary Equipments,3 - Medium,TOYLET WATER BUTTON NOT WORKING WATER IS RUNNING OUT
INC000004334658,20257,IDFC - KAMLA NAGAR BRANCH,Facilities - Plumbing,Plumbing-Sanitary Equipments,3 - Medium,water leakage in washroom
INC000004334934,40328,IDFC - MBL- BAPUNAGAR,Facilities - Electrical,Electrical -Wiring,3 - Medium,In server Room Ac is working but Electrical TImer Issue.in Both Ac 
INC000004335006,21413,IDFC - CROSSING REPUBLIC - GHAZIABAD BRANCH,Facilities - Lockers,Lockers,3 - Medium,Strong room main door stucked  -21413-Ghaziabad Crossing Republic
INC000004335054,21252,IDFC - GOMTI NAGAR BRANCH,Facilities - Electrical,Electrical -Inverter,3 - Medium,inverter battery is fluctuating and dipping in regular interval of time and after a long beep its again came to normal 
INC000004335442,42162,IDFC - KATHWADA BRANCH,Facilities - Electrical,Electrical -Fans,3 - Medium,ATM  cabin Fan not working 
INC000004335727,60132,IDFC - KOLKATA- VIP ROAD BRANCH,Facilities - Lockers,Lockers,3 - Medium,!!!! URGENT LOCKER CABINETG NOT OPENING !!! LOCKER NO:- 6013200025  _LOCKER KEY NO:- 6013200036 
INC000004336413,22321,IDFC - JHANSI,Facilities - Lockers,Lockers,3 - Medium,"Dear team,Please arrange vendor visit for key embossing at Jhansi branch 22321."
INC000004336530,40114,IDFC - MALAD BRANCH,Facilities - Plumbing,Plumbing,3 - Medium,flush is not working in boys washroom
INC000004336640,42183,IDFC - AJMER - 90 DEGREES,Facilities - Plumbing,Plumbing-Sanitary Equipments,3 - Medium,WC FLUSH NOT WORKING IN GENTS WASHROOM
INC000004336666,42222,IDFC - SRIMADHOPUR BRANCH,Facilities - Lockers,Lockers,3 - Medium,table lock key is broken in lock
INC000004336675,42132,IDFC - JAIPUR - MANUPASANA-5TH FLOOR-OFFICE NO. 501,Facilities - Electrical,Electrical -Fans,3 - Medium,4 Pedestal fan
INC000004336773,42183,IDFC - AJMER - 90 DEGREES,Facilities - Furniture,Furniture-Chair,3 - Medium,keyboard tray bolt lost and tray is hanging need to rebolt it.
INC000004337113,21016,IDFC - Gurgaon Sec 46,Facilities - Electrical,Electrical -Lights,3 - Medium,WASHROOM LIGHT IS NOT FUNCTIONING PLEASE RESOLVE THE SAME ON URGENT BASIS
INC000004337282,41269,IDFC - INDORE - VIJAY NAGAR BRANCH,Facilities - Plumbing,Plumbing-Sanitary Equipments,3 - Medium,Ladies Toilet Tap is not working properly and water is draining from Tap. Kindly provide engineer urgently.
INC000004337657,41273,IDFC - MBL - INDORE-JAWAHAR MARG,Facilities - Dormitory,Dormitory-Maintanance,3 - Medium,"Dear Team , Please Repair branch repair shutter on urgent basis "
INC000004341167,21417,IDFC - MODI NAGAR,Facilities - Electrical,Electrical -Panel / Boards,3 - Medium,"vault wire switch broken , request to change switch"
INC000004341207,60201,IDFC - SHILLONG BRANCH,Facilities - Carpentry,Carpentry-Lock / Key,3 - Medium,Vault wooden door key not working. Kindly arrange for a carpenter on priority.
INC000004341320,43241,IDFC - BALOTRA BRANCH,Facilities - Carpentry,Carpentry-Doors,3 - Medium,Main wooden door lock key broken 
INC000004341405,21004,IDFC - GURUGRAM-SECTOR14,Facilities - Electrical,Electrical -Power,3 - Medium,Short circuit happened at Gurgaon loan center
INC000004341462,20256,IDFC - SHALIMAR BAGH BRANCH,Facilities - Plumbing,Plumbing,3 - Medium,pot flush not working
INC000004341537,21004,IDFC - GURUGRAM-SECTOR14,Facilities - Electrical,Electrical -Stabilizer,3 - Medium,Dear team electrical stabilizer non opertional due to shot circuit in stabilizer. please resolve on priority basis
INC000004341687,43821,IDFC - AMBAJOGAI BRANCH,Facilities - Electrical,Electrical -Power,3 - Medium,There is a issue of electricity due to rain  in branch area .due to that network connectivity is down . 
INC000004341848,41222,IDFC - RAJGARH DHAR BRANCH,Facilities - Electrical,Electrical -Wiring,3 - Medium,dear team power issue at rajgarhd branch
INC000004341966,41271,IDFC - INDORE-ANNAPURNA,Facilities - Electrical,Electrical -Stabilizer,3 - Medium,stabilizer not working properly
INC000004342023,41271,IDFC - INDORE-ANNAPURNA,Facilities - Plumbing,Plumbing-Sanitary Equipments,3 - Medium,male toilet need carpentry work
INC000004342205,42343,IDFC - GANDHINAGAR BRANCH,Facilities - Electrical,Electrical -Power,3 - Medium,Electricity down at gandhinagar branch also UPS is not working 
INC000004342247,49105,IDFC - AHMEDABAD RO- RATNAKAR NINE SQUARE,Facilities - Plumbing,Plumbing,3 - Medium,Gents WC flush not working
INC000004342255,42424,IDFC - MBL - RAJKOT - GONDAL ROAD,Facilities - Electrical,Electrical -Fans,3 - Medium,exhaust fan not working
INC000004342277,42424,IDFC - MBL - RAJKOT - GONDAL ROAD,Facilities - Plumbing,Plumbing-Sanitary Equipments,3 - Medium,toilet seat cover broken replacement needed
INC000004342294,42424,IDFC - MBL - RAJKOT - GONDAL ROAD,Facilities - Carpentry,Carpentry-Doors,3 - Medium,door stoper need to replace broken
INC000004342312,60124,IDFC - MBL-HOWRAH,Facilities  - Digital Signage,Electrical Issue,3 - Medium,GSB need to change 
INC000004342339,43161,IDFC - SEHORE BRANCH,Facilities - Electrical,Electrical -Fans,3 - Medium,WALL MOUNT FAN IS NOT WORKING 
INC000004342457,40104,IDFC - CHEMBUR BRANCH,Facilities - Lockers,Lockers,3 - Medium,Gunnebo lockers are jammed and are unable to open.
INC000004342617,60761,IDFC - PATHALGAON BRANCH,Facilities - Electrical,Electrical -Lights,3 - Medium,UV MACHINE NOT WORKING
INC000004342936,60881,IDFC - REMUNA BRANCH,Facilities - Carpentry,Carpentry-Doors,3 - Medium,Door Handle broken for Remuna Branch
INC000004343008,43521,IDFC - MBL - REWA,Facilities - Electrical,Electrical -Panel / Boards,3 - Medium,Branch electricity board panel not working last 3 month. 
INC000004343093,43521,IDFC - MBL - REWA,Facilities - Carpentry,Carpentry-Doors,3 - Medium,office furniture daimez
INC000004343199,60423,IDFC - ASANSOL,Facilities - Carpentry,Carpentry-Lock / Key,3 - Medium,ENTRANCE GLASS DOOR IS NOT LOCKED
INC000004343238,60423,IDFC - ASANSOL,Facilities  - Digital Signage,Electrical Issue,3 - Medium,PROPERLY NOT SET.WIRES ARE SEEN AND COMING OUTSIDE FROM THE BOARD AND THE OVER LOOK OF THE BRANCH IS AFFECTED
INC000004343275,20106,IDFC - DWARKA BRANCH,Facilities - Plumbing,Plumbing-Sanitary Equipments,3 - Medium,exhaust fan not working
INC000004343677,61251,IDFC - BALANGIR BRANCH,Facilities - Electrical,Electrical -Power,3 - Medium,PROVIDE UPS CONNECTION TO DESKTOP 
INC000004343861,49103,IDFC - JAIPUR REGIONAL OFFICE,Facilities - Plumbing,Plumbing-Sanitary Equipments,3 - Medium,wash basin and 1 urinal  in Gents wash room leak 
INC000004343882,42127,IDFC - JAIPUR C- SCHEME BRANCH,Facilities - Carpentry,Carpentry-Doors,3 - Medium,DOOR CLOSURE NOT WORKING @JAIPUR C SCHEME BRANCH
INC000004343930,42127,IDFC - JAIPUR C- SCHEME BRANCH,Facilities - Electrical,Electrical -Lights,3 - Medium,UV LAMP REUIRED LIGHT OT WORKING UV PLEASE HELP TO GET RESOLVED SAME
INC000004343978,21522,IDFC - MEERUT - DELHI ROAD BRANCH,Facilities - Plumbing,Plumbing-Sanitary Equipments,3 - Medium,BREAKAGE OF POT SEAT
INC000004344117,42403,IDFC - GOA-MAPUSA BRANCH,Facilities - Carpentry,Carpentry-Workstation,3 - Medium,keyboard tray broken 
INC000004344192,39201,"IDFC - EXPRESS TOWERS,ITO SALES HUB",Facilities - Electrical,Electrical -Power,3 - Medium,UPS issue in Delhi- ITO office.
INC000004344459,42342,IDFC - KALOL BRANCH,Facilities - Electrical,Electrical -Stabilizer,3 - Medium,STABILIZER  AUTOMATICALLY TURN OFF 
INC000004344516,20108,IDFC - RAJOURI GARDEN BRANCH,Facilities - Electrical,Electrical -Panel / Boards,3 - Medium,"no power in basement vault room due to main plug not working ,henc e facing issue while keeping cash in vault /locker room "
INC000004344596,41111,IDFC - TIMURNI BRANCH,Facilities - Carpentry,Carpentry-Doors,3 - Medium,Dear team branch has facing isse due to main door not closed automatically due to door closer not functioning that's why main door not closed kindly resolve iss
INC000004344743,21232,IDFC - DEHRADUN-KRISHNA TOWER,Facilities - Carpentry,Carpentry-Doors,3 - Medium,Kindly arrange carpenter at Dehradun Krishna tower loan centre branch code 21232 as front glass door repair required
INC000004345222,40501,IDFC - Borivali East,Facilities - Carpentry,Carpentry-Doors,3 - Medium,GLASS DOOR ISSUE
INC000004345237,41358,IDFC - KALYANI NAGAR BRANCH,Facilities - Electrical,Electrical -Lights,3 - Medium,UV lamp lights not working 
INC000004345320,20123,IDFC - DARYAGANJ BRANCH,Facilities - Lockers,Lockers,3 - Medium,WOODEN DOOR OF VAULT IS BROKEN
INC000004345535,21731,IDFC - SHIMLA BRANCH,Facilities - Carpentry,Carpentry-Doors,3 - Medium,DOOR IS NOT OPENING PROPERLY  TOUCHING WITH FLOOR WHILE OPENING AND CLOSING
INC000004349290,41281,IDFC - MANDSAUR BRANCH,Facilities - Carpentry,Carpentry-Workstation,3 - Medium,In teller counter cash drawer is damaged so please arrange for repairing 
INC000004349327,41357,IDFC - WANOWRIE BRANCH,Facilities - GSB,GSB-Light,3 - Medium,"Gold Loan Lollypop broken 2 days back due to heavy rain, need to reinstall again."
INC000004349381,21219,IDFC - CHANDIGARH SALES HUB,Facilities - Carpentry,Carpentry-Doors,3 - Medium,Door Handle for Chandigarh Sales HUB is broken
INC000004349576,22143,IDFC - MUKHERJEE NAGAR,Facilities - Carpentry,Carpentry-Doors,3 - Medium,"Mukherjee Nagar Branch - Pantry wooden board is broken, please arrange someone to fix the same on priority. "
INC000004349806,40505,IDFC - DN Road Fort,Facilities - Electrical,Electrical -Lights,3 - Medium,urgent electrician required for fixing tube light
INC000004349864,40108,IDFC - GHODBUNDER ROAD - THANE BRANCH,Facilities - Electrical,Electrical -Power,3 - Medium,CCTV power failure at branch due to fluctuations. Ghodbunder Road 40108
INC000004350487,60701,IDFC - DHENKENAL BRANCH,Facilities - Carpentry,Carpentry-Lock / Key,3 - Medium,Drawer key misplaced. kindly change the dwawer lock
INC000004350529,40146,IDFC - BHANDUP BRANCH,Facilities - Carpentry,Carpentry-shutter,3 - Medium,MAIN SHUTTER OF BRANCH IS NOT EASILY FUNCTIONING- 40146 BHANDUP BRANCH
INC000004350671,41241,IDFC - SANWER BRANCH,Facilities - Carpentry,Carpentry-Lock / Key,3 - Medium,NEED PANTRY WROK FOR DRAWERS AND LOCK 
INC000004350944,21002,IDFC - GURGAON M.G. ROAD BRANCH,Facilities - Carpentry,Carpentry-shutter,3 - Medium,office shutter not working properly 
INC000004351036,20239,IDFC - MBL - DELHI NARELA,Facilities - Plumbing,Plumbing,3 - Medium,Water is coming very slow in all water place's
INC000004351081,22211,IDFC - PATHANKOT,Facilities - Carpentry,Carpentry-Doors,3 - Medium,glass door lock break
INC000004351348,43021,IDFC - BETUL BRANCH,Facilities - Plumbing,Plumbing-Sanitary Equipments,3 - Medium,branch washroom water is stuck and also seat is break 
INC000004351428,40163,"IDFC - MUMBAI -KANDIVALI, MAHAVIR NAGAR BRANCH",Facilities - Lockers,Lockers,3 - Medium,washroom door has broken 
INC000004351474,43241,IDFC - BALOTRA BRANCH,Facilities  - Digital Signage,Electrical Issue,3 - Medium,sign board light not working
INC000004351850,21257,IDFC - Aliganj,Facilities - Furniture,Furniture-Chair,3 - Medium,Armrest are broken of few chairs
INC000004351865,20137,IDFC - NEHRU PLACE BRANCH,Facilities - Carpentry,Carpentry-Doors,3 - Medium,Glass door at ATM dislodged
INC000004351866,22211,IDFC - PATHANKOT,Facilities - Carpentry,Carpentry-Doors,3 - Medium,door spring not functioning
INC000004351885,20137,IDFC - NEHRU PLACE BRANCH,Facilities - Electrical,Electrical -Lights,3 - Medium,UV LAMP BLUE LIGHT NOT WORKING
INC000004352287,40322,IDFC - DHOLKA BRANCH,Facilities - Electrical,Electrical -Power,3 - Medium,Main switch is automatically getting off
INC000004352359,42137,IDFC - MBL - JAIPUR-SANGANER,Facilities - Electrical,Electrical -Lights,3 - Medium,Kindly check and resolve washroom light close
INC000004352555,41241,IDFC - SANWER BRANCH,Facilities - Furniture,Furniture-Chair,3 - Medium,Rolling Chair Arm Rest Broken
INC000004352708,61121,IDFC - KENDRAPARA BRANCH,Facilities - Carpentry,Carpentry-Lock / Key,3 - Medium,Cash counter drawer luck not working
INC000004353056,40108,IDFC - GHODBUNDER ROAD - THANE BRANCH,Facilities - Electrical,Electrical -Lights,3 - Medium,UV machine not working at GB Road...only white light is working
INC000004353124,20222,IDFC - Hauz Khas Delhi,Facilities - Electrical,Electrical -Lights,3 - Medium,UV LIGHT NOT WORKINFG 
INC000004353953,40172,IDFC - Belapur-CPC,Facilities - Electrical,Electrical -Wiring,3 - Medium,Cash counting machine short circuit issue
INC000004353993,40177,IDFC - Kandivali West,Facilities - Electrical,Electrical -Wiring,3 - Medium,Supply of 40 A RCCB Polycab
INC000004354031,40138,IDFC - OSHIWARA BRANCH,Facilities - Plumbing,Plumbing,3 - Medium,Plumber charges
INC000004354056,42261,IDFC - SURAT BRANCH,Facilities - Electrical,Electrical -Lights,3 - Medium,ELECTCRICAL ISSUE IN BRANCH 
INC000004354096,40146,IDFC - BHANDUP BRANCH,Facilities - Plumbing,Plumbing,3 - Medium,wc  seat in ladies washroom is broken
INC000004354192,40146,IDFC - BHANDUP BRANCH,Facilities - Civil,Civil-work,3 - Medium,floor tiles are broken in pantry area and area outside washroom
INC000004354273,40119,IDFC - THANE-RAM MARUTI ROAD BRANCH,Facilities - Electrical,Electrical -Wiring,3 - Medium,Core cable
INC000004354905,41302,IDFC - KHANDWA BRANCH,Facilities - Lockers,Lockers,3 - Medium,Gold loan cabin drawer lock damage kindly replace 
INC000004354965,60761,IDFC - PATHALGAON BRANCH,Facilities - Electrical,Electrical -Lights,3 - Medium,UV LAMP IS NOT WORKING FOR PATHALGAON(60761) BRANCH
INC000004355044,40146,IDFC - BHANDUP BRANCH,Facilities - Carpentry,Carpentry-Doors,3 - Medium,"GLASS DOOR OF BRANCH IS NOT SMOOOTHLY CLOSING WHEN WE LOCK , SEND ENGINEER FOR CHECKING"
INC000004358297,21423,IDFC - AMBEDKAR ROAD GHAZIABAD,Facilities - Electrical,Electrical -Power,3 - Medium,power failure in branch  
INC000004358356,61371,IDFC - RASULGARH BRANCH,Facilities - Electrical,Electrical -Power,3 - Medium,electricity failure at branch due to which no system is working and BOD not done yet
INC000004358406,22011,IDFC - AYODHYA BRANCH,Facilities - Civil,Civil-work,3 - Medium,"dear team, kitchen water tap not working request you to please attend on urgent basis."
INC000004358489,41204,IDFC - KHIRKIAN BRANCH,Facilities - Electrical,Electrical -Lights,3 - Medium,"Dear Team , Need Power backup at Cash Counter while power supply off there is too darkness at branch front Lobby & Teller is Facing issue in Counting Notes "
INC000004358532,22011,IDFC - AYODHYA BRANCH,Facilities - Plumbing,Plumbing-Sanitary Equipments,3 - Medium,female wash room tap not working please attend on priorty
INC000004358547,42541,IDFC - KOTA-GUMANPURA-NEW COLONY,Facilities - Carpentry,Carpentry-Workstation,3 - Medium,Mount Keyboard And Mouse Tray On Wall 
INC000004358710,42279,IDFC - Katagram,Facilities - GSB,GSB-Branding,3 - Medium,ATM Lollipop Signage Brocken
INC000004358894,20194,IDFC - NEW DELHI - ASHOK VIHAR BRANCH,Facilities - Lockers,Lockers,3 - Medium,"CUSTOMER LOCKER IS STUCK, CUSTOMER IS UNABLE TO OPERATE THE LOACKER....KINDLY GET THIS FIXED AS SOON AS POSSIBLE AS CUSTOMER IS FACING PROBLEM"
INC000004359116,21091,IDFC - KAITHAL BRANCH,Facilities - Carpentry,Carpentry-Lock / Key,3 - Medium,lock not working of server room and pantry wall almirah broked
INC000004359146,21091,IDFC - KAITHAL BRANCH,Facilities  - Digital Signage,Electrical Issue,3 - Medium,Kaithal branch digital signange not working 
INC000004359181,20127,IDFC - ROHINI BRANCH,Facilities - Carpentry,Carpentry-Lock / Key,3 - Medium,Cash drawer lock is not working. Please resolve on priority.
INC000004359335,20123,IDFC - DARYAGANJ BRANCH,Facilities - Electrical,Electrical -Panel / Boards,3 - Medium,required panel board for desktop in lobby at daryaganj branch
INC000004359562,20133,IDFC - GURGAON ARJUN MARG DLF PHASE 1 BRANCH,Facilities - Electrical,Electrical -Panel / Boards,3 - Medium,changer not working.
INC000004359597,20204,IDFC - MBL-HAPUR,Facilities - Carpentry,Carpentry-Workstation,3 - Medium,work station storage drawer are banding. 
INC000004359825,42262,IDFC - RING ROAD BRANCH,Facilities - Electrical,Electrical -Lights,3 - Medium,LOBBY LED LIGHT fluctuation
INC000004359842,40139,IDFC - KALBADEVI BRANCH,Facilities - Electrical,Electrical -Lights,3 - Medium,2 uv lamp machine is not working
INC000004360055,40352,IDFC - ANAND BRANCH,Facilities - GSB,GSB-Light,3 - Medium,LOLIPOP BREAK KINDLY DO THE NEEDFUL.
INC000004360067,42343,IDFC - GANDHINAGAR BRANCH,Facilities - Plumbing,Plumbing-Sanitary Equipments,3 - Medium,Male toilet Pipe is broken- Urgent Plumbing Repair Needed
INC000004360283,41411,IDFC - KURAWAR BRANCH,Facilities - Carpentry,Carpentry-shutter,3 - Medium,shutter is not moving -atm shutter
INC000004360531,22124,IDFC - Krishna Nagar,Facilities - Carpentry,Carpentry-Doors,3 - Medium,Main Glass Door not working properly 
INC000004360553,21634,IDFC - THANESAR BRANCH,Facilities - Carpentry,Carpentry-Workstation,3 - Medium,Shifting of FRFC on First Floor.
INC000004360587,42943,IDFC - MBL - JABALPUR,Facilities - Carpentry,Carpentry-Doors,3 - Medium,wooden door is uprooted.
INC000004360790,21257,IDFC - Aliganj,Facilities - Electrical,Electrical -Panel / Boards,3 - Medium,charging point is damage kindly repair please
INC000004360847,42967,IDFC - MBL - AHMEDNAGAR,Facilities - Plumbing,Plumbing,3 - Medium,Drain chockup in toilet request to provide plumber for repairing
INC000004361356,60641,IDFC - NAYAGARH BRANCH,Facilities - Electrical,Electrical -Panel / Boards,3 - Medium,There is no elcetricity connection available and branch is running with back-up only
INC000004361474,42138,IDFC - MBL - JAIPUR-JHOTWARA,Facilities - Plumbing,Plumbing,3 - Medium,toilet flash not working 
INC000004361746,42643,IDFC - MBL - JAMNAGAR,Facilities - Electrical,Electrical -Lights,3 - Medium,"Server room light is not working, new light to be installed in server room and washroom light is also not wroking properly having low vision in washroom."
INC000004362021,21273,IDFC - KANPUR - GOVIND NAGAR BRANCH,Facilities - Electrical,Electrical -Panel / Boards,3 - Medium,switch board of lobby table is not working 
INC000004362065,21273,IDFC - KANPUR - GOVIND NAGAR BRANCH,Facilities - Carpentry,Carpentry-Lock / Key,3 - Medium,main door and BM door glass door locks not working
INC000004362217,43681,IDFC - SHIRPUR BRANCH,Facilities - Carpentry,Carpentry-Doors,3 - Medium,4 DOOR CLOSURE NOT FUNCTIONIG.
INC000004362478,42926,IDFC - PANDHARPUR BRANCH,Facilities - Plumbing,Plumbing,3 - Medium,Water leakage in washroom
INC000004362559,42162,IDFC - KATHWADA BRANCH,Facilities - Plumbing,Plumbing,3 - Medium,WASHROOM AND PENTRY WATER NOT SUPLIE
INC000004362569,40328,IDFC - MBL- BAPUNAGAR,Facilities - Furniture,Furniture-Chair,3 - Medium,One chair Brokan please arrenge 
INC000004362704,42925,IDFC - AKLUJ BRANCH,Facilities - Electrical,Electrical -Lights,3 - Medium,UV lamp blue light not working
INC000004362850,43501,IDFC - MBL - BHUJ,Facilities - Furniture,Furniture-Chair,4 - Low,Two chairs Armest Broken at Bhuj Branch
INC000004362883,40332,IDFC - AHMEDABAD NIKOL BRANCH,Facilities - Furniture,Furniture-Chair,3 - Medium,required chair at nikol 40332
INC000004363235,42542,IDFC - KOTA BRANCH,Facilities - Plumbing,Plumbing-Sanitary Equipments,3 - Medium,WATER TANK PIPE ISSUE ARRANGE SOLUTION 
INC000004363297,60108,"IDFC - SALT LAKE, SEC- 1, WEST BENGAL",Facilities - Civil,Civil-work,3 - Medium,BRANCH GLASS DOOR NOT WORKING
INC000004363307,60134,IDFC - KOLKATA-R N MUKHERJEE ROAD BRANCH,Facilities - Furniture,Furniture-Chair,3 - Medium,HYDRAULIC ISSUE IN 15 CHAIRS/ 8 CHAIR HANDLES BROKEN/KEYBOARD TRAY BROKEN 1
INC000004363345,60134,IDFC - KOLKATA-R N MUKHERJEE ROAD BRANCH,Facilities - Lockers,Lockers,3 - Medium,One key for staff locker needs to be made
INC000004363392,40445,IDFC - MORBI BRANCH,Facilities - Electrical,Electrical -Lights,3 - Medium,EMERGENCY LIGHT NOT WORKING AT MORBI BRANCH IN LOCKER AREA
INC000004366665,20154,IDFC - GREATER NOIDA BRANCH,Facilities - Carpentry,Carpentry-Doors,3 - Medium,glass door lock 
INC000004366667,20154,IDFC - GREATER NOIDA BRANCH,Facilities - Carpentry,Carpentry-shutter,3 - Medium,shutter jam 
INC000004366681,20154,IDFC - GREATER NOIDA BRANCH,Facilities - Electrical,Electrical -Stabilizer,3 - Medium,server stabilizer not working
INC000004366732,42269,IDFC - SURAT ADAJAN BRANCH,Facilities - Furniture,Furniture-Chair,3 - Medium,DOOR LOCK FULT
INC000004366740,42432,IDFC - MBL - JETPUR,Facilities - Electrical,Electrical -Lights,3 - Medium,in our branch gold loan cabin one light not working and washroom light not working also gallry light not working
INC000004366758,40336,IDFC - AMBAWADI BRANCH,Facilities  - Digital Signage,Electrical Issue,3 - Medium,SIGNAGE IS NOT GLOWING 
INC000004366783,40329,IDFC - MBL - AHMEDAHAD-MANINAGAR,Facilities - Carpentry,Carpentry-Workstation,3 - Medium,3-4 Key Board Tray are Brockage
INC000004366792,40104,IDFC - CHEMBUR BRANCH,Facilities - Electrical,Electrical -Lights,3 - Medium,tube light issue in teller counter need to replace the same on priority 
INC000004366834,40107,IDFC - ANDHERI EAST BRANCH,Facilities - Carpentry,Carpentry-Doors,3 - Medium,Door lock not working properly.
INC000004366856,41321,IDFC - LADVI BRANCH,Facilities - Electrical,Electrical -Panel / Boards,3 - Medium,Dear team Electric Panel and switch short kindly resolve the issue also AC eclectic point not issue kindly arrange vendor  form Ladvi Branch (41321) 
INC000004366891,60367,IDFC - BILASPUR BRANCH,Facilities - Electrical,Electrical -Wiring,3 - Medium,UV wire is short and is broken .
INC000004366946,21293,IDFC - AGRA- FATEHABAD ROAD BRANCH,Facilities - Carpentry,Carpentry-Doors,3 - Medium,VAULT WOODEN DOOR LOCK LEVER IS STUCKING WITH GROOVE
INC000004366969,41381,IDFC - RAISEN ROAD BRANCH,Facilities - Carpentry,Carpentry-Doors,3 - Medium,WINDOW curtain slider Not working in RO Office (Sanjeev sir cabin) image attcahed 
INC000004367032,21872,IDFC - SONIPAT,Facilities - GSB,GSB-Light,3 - Medium,lollypop has been broken at Sonipat pls arrange new lollypop 
INC000004367498,21873,IDFC - Gohana Branch,Facilities - Electrical,Electrical -Power,3 - Medium,power change in/out issue at branch
INC000004367552,42262,IDFC - RING ROAD BRANCH,Facilities - Plumbing,Plumbing-Sanitary Equipments,3 - Medium,jet sprey problem
INC000004367644,61121,IDFC - KENDRAPARA BRANCH,Facilities - Electrical,Electrical -Power,3 - Medium,Earthing issue at branch
INC000004367878,41277,"IDFC - Itwariya Bazar,Indore",Facilities - Carpentry,Carpentry-Lock / Key,3 - Medium,server room lock is not working it is jam please fix it ASAP.
INC000004368120,42429,IDFC - SHAPAR VERAVAL BRANCH,Facilities - Carpentry,Carpentry-Doors,3 - Medium,door close not work not properly
INC000004368128,43418,IDFC - BASSI BRANCH,Facilities - Lockers,Lockers,3 - Medium,Gold Loan Digital locker manual key lock not working at Bassi_43418 branch
INC000004368172,22091,IDFC - BELA PRATAPGARH BRANCH,Facilities - Electrical,Electrical -Wiring,3 - Medium," As per Airtel Team, Customer end ODU LAN fluctuation from POE , ODU bench testing done ,no issue on ODU so getting issue on cable at site we are unable to chec"
INC000004368178,60881,IDFC - REMUNA BRANCH,Facilities - Carpentry,Carpentry-Doors,3 - Medium,MAIN DOOR HANDLE BROKEN.
INC000004368192,60365,IDFC - RATANPUR BRANCH,Facilities - Carpentry,Carpentry-Lock / Key,3 - Medium,server room door lock key broken
INC000004368204,42429,IDFC - SHAPAR VERAVAL BRANCH,Facilities - Electrical,Electrical -Fans,3 - Medium,ATM fan not working properly
INC000004368246,42429,IDFC - SHAPAR VERAVAL BRANCH,Facilities - Carpentry,Carpentry-Lock / Key,3 - Medium,Door look not working properly
INC000004368270,42127,IDFC - JAIPUR C- SCHEME BRANCH,Facilities - Plumbing,Plumbing-Sanitary Equipments,3 - Medium,Gents toilet is leaking please check
INC000004368429,20161,IDFC - NOIDA SEC 26,Facilities - Carpentry,Carpentry-Lock / Key,3 - Medium,Server room DVR lock not working for Noida sec 26- 20161
INC000004368471,60307,IDFC - Bhanpuri,Facilities - Electrical,Electrical -Fans,3 - Medium,Branch ATM does not have any fan kindly arrange to install the fan asap.
INC000004368648,60561,IDFC - UTAI BRANCH,Facilities - Plumbing,Plumbing-Sanitary Equipments,3 - Medium,TOILET FLUSH NOT WORKING PROPERLY
INC000004368657,60561,IDFC - UTAI BRANCH,Facilities - Electrical,Electrical -Fans,3 - Medium,EXHAUST FAN of PANTRY NOT WORKING
INC000004368684,60561,IDFC - UTAI BRANCH,Facilities - Carpentry,Carpentry-Doors,3 - Medium,3 UNIT OF DOOR CLOSER IN PNATRY NOT WORKING
INC000004368808,21173,IDFC - LUDHIANA TRADE TOWER -2ND FLOOR,Facilities - Furniture,Furniture-Chair,3 - Medium,Broken Chairs_Backrest+Base+Upholstry
INC000004368851,40113,IDFC - BANDRA WEST BRANCH,Facilities - Plumbing,Plumbing,3 - Medium,leakages 
INC000004368952,40144,IDFC - SANPADA BRANCH,Facilities - Furniture,Furniture-Chair,3 - Medium,maximus chair is damaged. need replacement
INC000004368955,20161,IDFC - NOIDA SEC 26,Facilities - Electrical,Electrical -Power,3 - Medium,POWER FAILER IN BRANCH - KINDLY SEND SOMEONE TO REPAIR ON PRIORITY 
INC000004368972,40144,IDFC - SANPADA BRANCH,Facilities  - Digital Signage,Electrical Issue,3 - Medium,ATM digital signage is not working 
INC000004368982,40144,IDFC - SANPADA BRANCH,Facilities - Civil,Civil-work,3 - Medium,ATM floor tiles is broken
INC000004369009,40144,IDFC - SANPADA BRANCH,Facilities - Dormitory,Dormitory-Maintanance,3 - Medium,doormat is old and dirty. rainy season has come hence please provide the new doormat
INC000004369026,40144,IDFC - SANPADA BRANCH,Facilities - Carpentry,Carpentry-shutter,3 - Medium,cabinet inside the cash cabin is broken .
INC000004369405,42264,IDFC - SURAT- INTERNATIONAL BUSINESS CENTRE,Facilities - Plumbing,Plumbing,3 - Medium,SURAT IBC 214 office both washroom cockup need to resolve this urgent for the same 
INC000004369705,20121,IDFC - DELHI - OPS OFFICE-KAROL BAGH,Facilities - Furniture,Furniture-Chair,3 - Medium,Chair Damage
INC000004370280,42101,IDFC - MANDIDEEP BRANCH,Facilities - Electrical,Electrical -Panel / Boards,3 - Medium,ATM lolipop board to be installed
INC000004370470,40105,IDFC - BHULABHAI DESAI ROAD BRANCH,Facilities - Lockers,Lockers,3 - Medium,Lock change of surrender lockers 
INC000004370608,10122,IDFC - THANE - CROSSVILLA,Facilities - Electrical,Electrical -Fans,3 - Medium,wall mount fan
INC000004370728,41363,IDFC - PUNE -CHINCHWAD,Facilities - Carpentry,Carpentry-Doors,3 - Medium,door stopers not working and ladies washroom door not loack proper way
INC000004370751,21852,IDFC - Bhatinda,Facilities - Furniture,Furniture-Chair,3 - Medium,NEED CHAIR BACKEREST BROKEN 
INC000004371207,42381,IDFC - VADODARA BRANCH,Facilities - Carpentry,Carpentry-Lock / Key,3 - Medium,CASH CABINE DRAWER LOCK NOT WORK
INC000004371238,40197,IDFC - Thane Waghle Estate,Facilities - Carpentry,Carpentry-Lock / Key,3 - Medium,Branch Main Door Lock Key Broken
INC000004371389,21502,IDFC - RESIDENCY ROAD-JAMMU BRANCH,Facilities - GSB,GSB-Branding,3 - Medium,internal branding is torn kindly replace
INC000004371394,42161,IDFC - NADIAD BRANCH,Facilities - Plumbing,Plumbing-Sanitary Equipments,3 - Medium,"Dear sir,with the above subject plumbing pipe leakage issue please solved the issue as soon as possible."
INC000004371408,42161,IDFC - NADIAD BRANCH,Facilities - Electrical,Electrical -Lights,3 - Medium,"dear sir,with the above subject our branch  sign bord light issue 1 st floor please solved the issue as soon as possible."
INC000004371638,42403,IDFC - GOA-MAPUSA BRANCH,Facilities  - Digital Signage,Electrical Issue,3 - Medium,Main sign board light not working 
INC000004371647,42966,IDFC - KOPARGAON BRANCH,Facilities - Carpentry,Carpentry-Lock / Key,3 - Medium,drawer looks required 
INC000004374743,20134,IDFC - DWARKA SECTOR 12 A BRANCH,Facilities - Electrical,Electrical -Wiring,3 - Medium,NETWORK CONNECTIVITY ISSUE
INC000004374761,20143,IDFC - NEW DELHI PRASHANT VIHAR BRANCH,Facilities - Carpentry,Carpentry-Lock / Key,3 - Medium,CASH COUNTER LOCK NOT WORKING
INC000004374781,40321,IDFC - NARANPURA BRANCH,Facilities - Electrical,Electrical -Lights,3 - Medium,2-3 lights not in working condition 
INC000004374784,40159,IDFC - GHATKOPAR EAST BRANCH,Facilities - Electrical,Electrical -Stabilizer,3 - Medium,Issue with UPS -- Ghatkopar Branch
INC000004374791,22341,IDFC - NAWANSHAR,Facilities - Carpentry,Carpentry-Lock / Key,3 - Medium,drawer not working 
INC000004374796,21019,IDFC - GURGAON - SECTOR 31 BRANCH,Facilities - Carpentry,Carpentry-Doors,3 - Medium,teller door lock broke down. kindly assign the vendor asap
INC000004374845,42391,IDFC - KANHA CAPITAL,Facilities - Carpentry,Carpentry-shutter,3 - Medium,office shutter service required 
INC000004375148,20232,IDFC - NEW DELHI- GANDHI NAGAR BRANCH,Facilities - Electrical,Electrical -Power,3 - Medium,master porwer switch not working key broken
INC000004375235,20229,IDFC - IP EXTENSION,Facilities  - Digital Signage,Electrical Issue,3 - Medium,LED not working at the branch
INC000004375251,21861,IDFC - MBL - FARIDKOT,Facilities - Plumbing,Plumbing,3 - Medium,The water tab is not working in pantry and Cleaning the water tank. Please resolve this issue
INC000004375256,20229,IDFC - IP EXTENSION,Facilities - Plumbing,Plumbing,3 - Medium,no water at the branch from 3 days required plumber 
INC000004375382,43731,IDFC - MBL - BIAORA,Facilities - Lockers,Lockers,3 - Medium,branch glass door exchange
INC000004375446,40136,IDFC - VARTAK NAGAR- THANE BRANCH,Facilities - Electrical,Electrical -Panel / Boards,3 - Medium,switch plug not working
INC000004375454,21412,IDFC - RAJ NAGAR GHAZIABAD BRANCH,Facilities - Plumbing,Plumbing-Sanitary Equipments,3 - Medium,lady's washroom taps are not working
INC000004375807,49105,IDFC - AHMEDABAD RO- RATNAKAR NINE SQUARE,Facilities - Lockers,Lockers,3 - Medium,"Dear team, in 71 number desk there is issue of vault lock "
INC000004375833,42125,IDFC - SHAHPURA BRANCH,Facilities - Furniture,Furniture-Chair,3 - Medium,2-3 chair damaged please resolve
INC000004375907,41102,IDFC - PIPARIYA BRANCH,Facilities - Electrical,Electrical -Fans,3 - Medium,Dear team as this branch is relocated but no wall mount fan installed kindly provide asap
INC000004376085,40106,IDFC - MUMBAI - NARIMAN POINT BRANCH,Facilities - Carpentry,Carpentry-Workstation,3 - Medium,closet & wooden panel required
INC000004376118,40148,IDFC - Bhiwandi,Facilities - Electrical,Electrical -Power,3 - Medium,"Dear Team, branch Electric supppy has gone, Please assist"
INC000004376194,40308,IDFC - CHANDKHEDA BRANCH,Facilities - Furniture,Furniture-Chair,3 - Medium,all chair upholstery torn chandkheda 
INC000004376215,40334,IDFC - AHMEDABAD SINDHUBHAVAN BRANCH,Facilities - Carpentry,Carpentry-Lock / Key,3 - Medium,Need to chnage the lock of the 10 backened drawer
INC000004376761,60132,IDFC - KOLKATA- VIP ROAD BRANCH,Facilities - Electrical,Electrical -Fans,3 - Medium,"Crompton wall fan not working, need a separate switch at CPC Kolkata"
INC000004377211,42948,IDFC - JABALPUR BRANCH,Facilities - Electrical,Electrical -Wiring,3 - Medium,UV lamp blue light not working due to wiring loose 
INC000004377453,60307,IDFC - Bhanpuri,Facilities - Plumbing,Plumbing-Sanitary Equipments,3 - Medium,Sensor of auto flush not working in washroom in bhanpuri 60307 branch
INC000004377600,21413,IDFC - CROSSING REPUBLIC - GHAZIABAD BRANCH,Facilities - Lockers,Lockers,3 - Medium,Godrej Vault Almirah installation pending-21413-Ghaziabad crossing Republic branch
INC000004378108,40443,IDFC - LALPAR BRANCH,Facilities - Electrical,Electrical -Fans,3 - Medium,Men's Toilet exhaust fan broken down - Lalpar Branch- 40443
INC000004378178,40443,IDFC - LALPAR BRANCH,Facilities - Carpentry,Carpentry-Lock / Key,3 - Medium,Godrej Pedestals Lock not working for Back office areas - Lalpar Branch-40443
INC000004378186,20234,IDFC - TILAK NAGAR,Facilities - Plumbing,Plumbing-Sanitary Equipments,3 - Medium,Water leakage in toilet
INC000004378194,42385,IDFC - KARELIBAUGH BRANCH,Facilities - Carpentry,Carpentry-shutter,3 - Medium,tempered glass unable to lock 
INC000004378314,42563,IDFC - UDAIPUR BRANCH,Facilities - Plumbing,Plumbing,3 - Medium,"leakageof water in washroom,  water wasted is happening do the needfull on priority basis"
INC000004378390,21431,IDFC - YAMUNA NAGAR- SCO 184-185,Facilities - Electrical,Electrical -Fans,3 - Medium,"1New Fan Not Working Properly, 1 Fan Creating too much noise "
INC000004378587,22111,IDFC - LAKHIMPUR BRANCH,Facilities - Civil,Civil-work,3 - Medium,please provide new tringual of BM and may i help you (3) and HR notice board
INC000004378626,42142,IDFC - SEJAWATA BRANCH,Facilities - Carpentry,Carpentry-Lock / Key,3 - Medium,unable to lock drawer
INC000004385551,20253,IDFC - MBL - DELHI KASHMERI GATE,Facilities - Electrical,Electrical -Fans,3 - Medium,Exhaust FAN not working in pantry
INC000004385882,10219,IDFC - Delhi - Rajendra Palace - CPC,Facilities - Electrical,Electrical -Power,3 - Medium,Water Motor burnt Need Replacement 
INC000004389081,21296,IDFC - Agra,Facilities - Electrical,Electrical -Power,3 - Medium,no electricity in branch accept generator is on but no electricity
INC000004389083,41375,IDFC - BANER BRANCH,Facilities - Electrical,Electrical -Power,3 - Medium,power issue at branch
INC000004389140,20125,IDFC - GREEN PARK BRANCH,Facilities - Carpentry,Carpentry-Doors,3 - Medium,ATM door handle broken
INC000004389174,20227,IDFC - East Of Kailash,Facilities  - Digital Signage,Electrical Issue,3 - Medium,branch board is not functional since sunday .there is only BLUE screen .
INC000004389190,20227,IDFC - East Of Kailash,Facilities - Electrical,Electrical -Panel / Boards,3 - Medium,branch server room panel lights are fluctuating and there by causing fluctuation in branch light . every 5 minute branch power supply is coming and going.
INC000004389463,60521,IDFC - CHAMPA BRANCH,Facilities - Furniture,Furniture-Chair,3 - Medium,please arrange to rep[air chair at branch on urgent basis.
INC000004389711,43261,IDFC - BODELI BRANCH,Facilities - Electrical,Electrical -Fans,3 - Medium,Gold Loan area Wall fan Not Working
INC000004389714,42342,IDFC - KALOL BRANCH,Facilities - Electrical,Electrical -Power,3 - Medium,Due to Power supply Issue AC Not working Properly 
INC000004389761,40323,IDFC - VIRAMGAM BRANCH,Facilities - Furniture,Furniture-Chair,3 - Medium,request you to please repair two chair in service area .
INC000004389768,42342,IDFC - KALOL BRANCH,Facilities - Furniture,Furniture-Chair,3 - Medium,Two chairs Arm rest Broken
INC000004389790,61232,IDFC - Gangtok,Facilities - Electrical,Electrical -Lights,3 - Medium,ATM LOLIPOP LIGNT IS NOT WORKING
INC000004389831,21252,IDFC - GOMTI NAGAR BRANCH,Facilities - Electrical,Electrical -Power,3 - Medium,one Phase Of the Branch is not working kindly do the needful at earliest 
INC000004389859,42342,IDFC - KALOL BRANCH,Facilities - Electrical,Electrical -Fans,3 - Medium,Need Exost Fan in Pantry Room
INC000004389994,21269,IDFC - SARSAWAN,Facilities - Carpentry,Carpentry-Lock / Key,3 - Medium,"Side drawer lock and sliding mechanism not working, Seat number 5 "
INC000004390099,60119,IDFC - KOLKATA-KASBA BRANCH BRANCH,Facilities - Carpentry,Carpentry-Lock / Key,3 - Medium,Desktop Cabinet Lock Broken
INC000004390120,40323,IDFC - VIRAMGAM BRANCH,Facilities - Civil,Civil-work,3 - Medium,In male wash room water droping issue in the branch
INC000004390131,21061,IDFC - MANDI DABWALI BRANCH,Facilities - Furniture,Furniture-Chair,3 - Medium,new chairs required  for branch lobby.
INC000004390219,42382,IDFC - PADRA BRANCH,Facilities - Electrical,Electrical -Fans,3 - Medium,Padra branch 42382 ATM fan not working request you to please check 
INC000004390233,21061,IDFC - MANDI DABWALI BRANCH,Facilities - Carpentry,Carpentry-Doors,3 - Medium,2 branch door door closure not working
INC000004390473,21603,IDFC - HANSI BRANCH,Facilities - Carpentry,Carpentry-Lock / Key,3 - Medium,Dear Team   Request you to please change the 5 locks at hansi branch  
INC000004390503,42282,IDFC - NASIK-SAHAYADREE BUSINESS PARK,Facilities - Electrical,Electrical -Power,3 - Medium,Power failure issue at Nashik Loan center - malpani arcade branch
INC000004390504,21603,IDFC - HANSI BRANCH,Facilities - Electrical,Electrical -Panel / Boards,3 - Medium,Dear Team  Please arrange an engineer  Branch signage is not in  working mode   
INC000004390543,21752,IDFC - MATHURA BRANCH,Facilities - Electrical,Electrical -Inverter,3 - Medium,Branch UPS not working 
INC000004390579,21603,IDFC - HANSI BRANCH,Facilities - Furniture,Furniture-Chair,3 - Medium,Dear Team  Please arrange 4 arm rest for chair .
INC000004390587,21061,IDFC - MANDI DABWALI BRANCH,Facilities - Carpentry,Carpentry-Workstation,3 - Medium,Branch front mirror wooden stand is not in good condition  whole wooden is damaged with termite. 
INC000004390589,42282,IDFC - NASIK-SAHAYADREE BUSINESS PARK,Facilities - Electrical,Electrical -Power,3 - Medium,Electricity issue at Nasik location kindly connect with yogesh dode for further assistance 9922552528
INC000004390637,60521,IDFC - CHAMPA BRANCH,Facilities - Plumbing,Plumbing-Sanitary Equipments,3 - Medium,BRANCH URINE TAB NOT WORKING 
INC000004390675,42341,IDFC - MANSA BRANCH,Facilities - Carpentry,Carpentry-Doors,3 - Medium,GOLD LOAN CABIN DROWER NOT CLOSE DAMAGE DROWER 
INC000004390718,41263,IDFC - BUDHI BARLAI BRANCH,Facilities - Electrical,Electrical -Power,3 - Medium,branch having earthing problem please arrange technican at budhi barlai branch 
INC000004390755,42341,IDFC - MANSA BRANCH,Facilities - Electrical,Electrical -Power,3 - Medium,BRANCH OPEN WHEN AC START AUTOMATICALLY POWER STRIPPING
INC000004390764,21946,IDFC - REWARI,Facilities - Electrical,Electrical -Power,3 - Medium,electricity is not working properly
INC000004390833,21603,IDFC - HANSI BRANCH,Facilities - Lockers,Lockers,3 - Medium,Dear Team Please arrange and engineer for  gogdrej locker was not in  working mode 
INC000004390838,21012,IDFC - GURGAON SUSHANT LOK-I BRANCH,Facilities - Plumbing,Plumbing,3 - Medium,The sink is getting flooded due to choke up
INC000004391219,21027,IDFC - AMRITSAR RANJIT AVENUE,Facilities - Electrical,Electrical -Stabilizer,3 - Medium,"there is earthing issue in the branch . due to this, branch ATMs are shut down."
INC000004391229,21314,"IDFC - FARIDABAD SECTOR -21 C, BRANCH",Facilities - Electrical,Electrical -Panel / Boards,3 - Medium,branch water motor is fused and not working kindly arrange visit of the engineer to resolve this issue urgently as we don't have water in our tank to use
INC000004391355,22132,IDFC - Kashmeeri Gate Delhi,Facilities - Lockers,Lockers,3 - Medium,locker Keys un-sealed now required person for sealing process.
INC000004391472,43491,IDFC - AURANGABAD BRANCH,Facilities - Carpentry,Carpentry-Lock / Key,3 - Medium,drawer lock issue in lobby for 2 drawer set
INC000004391548,42966,IDFC - KOPARGAON BRANCH,Facilities - Electrical,Electrical -Lights,3 - Medium,UV Machines Not working 
INC000004391612,40342,"IDFC - Ahmedabad, Thaltej",Facilities - Carpentry,Carpentry-Doors,3 - Medium,BRANCH LADIES WASHROOM DOOR SPRING DAMAGE
INC000004391716,40342,"IDFC - Ahmedabad, Thaltej",Facilities - Furniture,Furniture-Chair,3 - Medium,ARMEST BROKEN OF CHAIRS AT BRANCH
INC000004391769,60121,IDFC - MBL - GARIA,Facilities - Plumbing,Plumbing-Sanitary Equipments,3 - Medium,Urinal basin water tap not working.
INC000004391884,42761,IDFC - MODASA BRANCH,Facilities - Carpentry,Carpentry-Doors,3 - Medium,ATM DOOR NOT WORKING PROPER 
INC000004391886,20214,IDFC - VASANT KUNJ,Facilities - Plumbing,Plumbing-Sanitary Equipments,3 - Medium,Jet spray issue girls washroom
INC000004392447,21314,"IDFC - FARIDABAD SECTOR -21 C, BRANCH",Facilities - Plumbing,Plumbing,3 - Medium,MOTOR NOT WORKING DUE TO THIS BRANCH IS RUNNING WITHOUT WATER SO REQUEST YOU PLEASE ARRANGE THE PLUMBER TO FIX THE ISSUE 
INC000004393500,40195,IDFC - Thane Anand Nagar,Facilities - Lockers,Lockers,3 - Medium,Change for the SLD key sealing.
INC000004393848,22011,IDFC - AYODHYA BRANCH,Facilities - Carpentry,Carpentry-Doors,3 - Medium,"Dear team, three door stopers not working please resolve "
INC000004393878,22011,IDFC - AYODHYA BRANCH,Facilities - Carpentry,Carpentry-Lock / Key,3 - Medium,"Dear team, some drawer lock not working please resolve"
INC000004394155,22321,IDFC - JHANSI,Facilities  - Digital Signage,Electrical Issue,3 - Medium,"Dear team, Signage is not in working condition as its not lightning due to electricity connection."
INC000004394215,22101,IDFC - BHADOHI BRANCH,Facilities - Furniture,Furniture-Chair,3 - Medium,Sitting Chair damage
INC000004394294,40137,IDFC - JVPD BRANCH,Facilities - Electrical,Electrical -Wiring,3 - Medium,PANTRY FAN  NOT WORKING 
INC000004394318,40137,IDFC - JVPD BRANCH,Facilities - Carpentry,Carpentry-Workstation,3 - Medium,BREAKAGE OF PANTRY TABLE 
INC000004394925,60504,IDFC - SARANGARH BRANCH,Facilities - Electrical,Electrical -Power,3 - Medium,"Dear Team, Powerfailure at ssarang garh branch "
INC000004398004,21269,IDFC - SARSAWAN,Facilities - Carpentry,Carpentry-shutter,3 - Medium,Office main Shutter Jam not working properly
INC000004398051,21423,IDFC - AMBEDKAR ROAD GHAZIABAD,Facilities - Electrical,Electrical -Power,3 - Medium,Not having electricity in whole branch
INC000004398077,22291,IDFC - RUDRAPUR,Facilities - Carpentry,Carpentry-Lock / Key,3 - Medium,MAIN GLASS DOOR LOCK NOT WORKING 
INC000004398104,42222,IDFC - SRIMADHOPUR BRANCH,Facilities - Lockers,Lockers,3 - Medium,"Dear Team,  Main wooden Door key Not Working In Lock system"
INC000004398109,42946,IDFC - KARMETA BRANCH,Facilities - Carpentry,Carpentry-Lock / Key,3 - Medium,dear team kindly help facing issue in locking gold loan cabinets wooden door kindly do the need fixing it 
INC000004398124,22011,IDFC - AYODHYA BRANCH,Facilities - Plumbing,Plumbing,3 - Medium,water supply issue in female washroom 
INC000004398130,21672,IDFC - Bareilly,Facilities - Plumbing,Plumbing-Sanitary Equipments,3 - Medium,PLUMBING WORK TO BE DONE IN WASHROOMS AND PANTRY.
INC000004398149,21423,IDFC - AMBEDKAR ROAD GHAZIABAD,Facilities - Electrical,Electrical -Power,3 - Medium,power cut in in ambedkar road branch
INC000004398244,42421,IDFC - RAJKOT BRANCH,Facilities - Carpentry,Carpentry-Doors,3 - Medium,CABOT DOOR BROKEN
INC000004398253,40332,IDFC - AHMEDABAD NIKOL BRANCH,Facilities - Electrical,Electrical -Lights,3 - Medium,two hanging lamp lights in lobby area not working
INC000004398278,21672,IDFC - Bareilly,Facilities - Civil,Civil-work,3 - Medium,MIRROR REQD IN LOCKER ROOM AND RACK REQD IN SERVER ROOM FOR KEEPING CCTV MONITOR.
INC000004398406,43314,IDFC - Nagaur Branch,Facilities - Electrical,Electrical -Power,3 - Medium,Dear Team Charging Point Not Work
INC000004398419,40308,IDFC - CHANDKHEDA BRANCH,Facilities - Furniture,Furniture-Chair,3 - Medium,teller cabin drawer is broken 
INC000004398437,40314,IDFC - NARODA BRANCH,Facilities - Electrical,Electrical -Lights,3 - Medium,vault lights are not start
INC000004398504,20109,IDFC - KAROL BAGH BRANCH,Facilities - Electrical,Electrical -Fans,3 - Medium,Exhaust system not working for both the rest room
INC000004398535,42361,IDFC - PATAN BRANCH,Facilities - Plumbing,Plumbing-Sanitary Equipments,3 - Medium,"At Second floor Men's women both toilet urine pipe has blocked since long time, so It smells very bad at around branch. need to replacement on priority."
INC000004398731,41323,IDFC - SIRLAI BRANCH,Facilities - Civil,Civil-work,3 - Medium,sink pipe chouk 
INC000004398885,40301,IDFC - AHMEDABAD C.G. ROAD BRANCH,Facilities - Plumbing,Plumbing-Sanitary Equipments,3 - Medium,02nd Floor Wash room@Toilet seat cover and jet Spray issue and Tap issue 
INC000004399002,41323,IDFC - SIRLAI BRANCH,Facilities - Electrical,Electrical -Panel / Boards,3 - Medium,switch not working  
INC000004399019,41323,IDFC - SIRLAI BRANCH,Facilities - Furniture,Furniture-Chair,3 - Medium,6 new chair req 
INC000004399093,42262,IDFC - RING ROAD BRANCH,Facilities - GSB,GSB-Light,3 - Medium,due to heavy rain and speedy wind ATM LOLLYPOP BROKEN
INC000004399117,41357,IDFC - WANOWRIE BRANCH,Facilities - Carpentry,Carpentry-shutter,3 - Medium,"Branch has facing shutter jam issue during branch closing, please check and resolve"
INC000004399168,42141,IDFC - UJJAIN BRANCH,Facilities - Electrical,Electrical -Power,3 - Medium,Request for Need to Align Urgent for Electrician for Form Dorm Meter
INC000004399246,20124,IDFC - NOIDA SECTOR 12 BRANCH,Facilities - Carpentry,Carpentry-Doors,3 - Medium,Kindly arrange carpenter in the branch as teller area inside door is broken where registers are kept.
INC000004399258,21333,IDFC - NOIDA SECTOR 51,Facilities - Electrical,Electrical -Lights,3 - Medium,UV LIGHT IS NOT WOKING 
INC000004399271,20195,IDFC - NEW DELHI-KIRTI NAGAR BRANCH,Facilities - Carpentry,Carpentry-shutter,3 - Medium,shutter repair 
INC000004399343,21177,IDFC - LUDHIANA - SALES HUB,Facilities - Electrical,Electrical -Wiring,3 - Medium,required ups power socket for wifi
INC000004399518,20125,IDFC - GREEN PARK BRANCH,Facilities - Plumbing,Plumbing-Sanitary Equipments,3 - Medium,water tap leakage
INC000004399524,42183,IDFC - AJMER - 90 DEGREES,Facilities - Plumbing,Plumbing-Sanitary Equipments,3 - Medium,Flash is not working from last 1 week in main washroom.
INC000004399577,43844,IDFC - Ved Road,Facilities - Civil,Civil-work,3 - Medium,Door mate required @ branch 
INC000004399600,40443,IDFC - LALPAR BRANCH,Facilities - Electrical,Electrical -Power,3 - Medium,earthing issue checking required at ATM as per ATM Team found earthing issue in ATM
INC000004399707,42101,IDFC - MANDIDEEP BRANCH,Facilities - Carpentry,Carpentry-Workstation,3 - Medium,2*2 ceiling of training room in Mandideep may fall anytim in training room .
INC000004399741,42101,IDFC - MANDIDEEP BRANCH,Facilities - Electrical,Electrical -Panel / Boards,3 - Medium,"	Require more sockets in Training Room mandideep 42101"
INC000004399957,42132,IDFC - JAIPUR - MANUPASANA-5TH FLOOR-OFFICE NO. 501,Facilities - Plumbing,Plumbing-Sanitary Equipments,3 - Medium,WC issue / water leakage and flush issue
INC000004399994,41241,IDFC - SANWER BRANCH,Facilities - Carpentry,Carpentry-Doors,3 - Medium,pls check door is not proper
INC000004400016,22241,IDFC - Malerkotla,Facilities - Electrical,Electrical -Fans,3 - Medium,"Dear Team,  Exhaust fans not working in branch washroom."
INC000004400030,43843,IDFC - VIP Road Surat CPC,Facilities - Electrical,Electrical -Wiring,3 - Medium,Branch ATM board/gold loan board (lollypop) wire removed from protector pipe. And this wire is outside of branch(parking area) during monsoon its harmful for cu
INC000004400152,20124,IDFC - NOIDA SECTOR 12 BRANCH,Facilities - Lockers,Lockers,3 - Medium,key embossing to be done for noida 12 branch.
INC000004400282,40112,IDFC - THANE BRANCH,Facilities - Carpentry,Carpentry-Lock / Key,3 - Medium,drawer broken at cash counter kindly send carpenter on urgent basis
INC000004400335,21831,IDFC - MUZAFFAR NAGAR,Facilities  - Digital Signage,Electrical Issue,3 - Medium,Electrical issue with front signage board
INC000004400370,42126,IDFC - CHOMU BRANCH,Facilities - Carpentry,Carpentry-Doors,3 - Medium,girls washroom  door not open . handle is break .
INC000004400508,60442,"IDFC - Paschim Bardhaman, Durgapur, West Bengal",Facilities - Electrical,Electrical -Panel / Boards,3 - Medium,LAN  pods are not working.
INC000004400576,43761,IDFC - MBL - GUNA,Facilities - Electrical,Electrical -Lights,3 - Medium,One of the celling Light of Gold Loan cabin is not working. 
INC000004400795,41322,IDFC - SANAWAD BRANCH,Facilities - Plumbing,Plumbing-Sanitary Equipments,3 - Medium,western toilet commode sheet  
INC000004400869,20158,IDFC - NOIDA-16 BRANCH,Facilities - Carpentry,Carpentry-Lock / Key,3 - Medium,WOODEN GLASS DOOR KEY LOCK DAMAGE
INC000004401147,42624,IDFC - MAHUVA BRANCH,Facilities - Carpentry,Carpentry-Workstation,3 - Medium,Urgent-Cheque Drop Box broken in Branch ATM
INC000004401233,40196,IDFC - Ulhasnagar,Facilities - Plumbing,Plumbing,3 - Medium,In pantry the Basin Sink is having a water leakage.
INC000004401263,42386,IDFC - VADODARA VASNA BHAYLIBRANCH,Facilities - Carpentry,Carpentry-Lock / Key,3 - Medium,DOOR LOCK BREAK AND CABINET DOOR TELLER COUNTER
INC000004401294,40196,IDFC - Ulhasnagar,Facilities - Plumbing,Plumbing-Sanitary Equipments,3 - Medium,WATER LEAKAGE FROM BASIN 
INC000004401402,42423,IDFC - RAJKOT-IMPERIAL HEIGHTS,Facilities - Plumbing,Plumbing-Sanitary Equipments,3 - Medium,Pipe leakage
INC000004401540,40351,IDFC - PETLAD BRANCH,Facilities - Electrical,Electrical -Panel / Boards,3 - Medium,two new panel board reqired one is cash counter and one is branch manager cabin
INC000004401617,40351,IDFC - PETLAD BRANCH,Facilities - Electrical,Electrical -Fans,3 - Medium,branch required 3 fan repairing 
INC000004401714,20194,IDFC - NEW DELHI - ASHOK VIHAR BRANCH,Facilities - Lockers,Lockers,3 - Medium,Customer is not able to open the locker urgent action required as he has to take his things out from locker urgently
INC000004402161,43851,IDFC - Amreli,Facilities  - Digital Signage,Electrical Issue,3 - Medium,Branch Signage Board Light issue 
INC000004402207,20221,IDFC - NEW DELHI- ANAND VIHAR BRANCH,Facilities - Electrical,Electrical -Lights,3 - Medium,locker room tube light not working
INC000004402214,42382,IDFC - PADRA BRANCH,Facilities - Electrical,Electrical -Panel / Boards,3 - Medium,"Dear Team, kindly reset branch entrance shutter board brack so kindly check and change."
INC000004402301,42381,IDFC - VADODARA BRANCH,Facilities - Carpentry,Carpentry-Workstation,3 - Medium,FRONT DESK WORK STATION TABLE BROKEN
INC000004402490,42429,IDFC - SHAPAR VERAVAL BRANCH,Facilities  - Digital Signage,Electrical Issue,3 - Medium,HALF OF LIGHTS NOT WORKING & BOARD IS DAMAGED
INC000004402789,42624,IDFC - MAHUVA BRANCH,Facilities - Carpentry,Carpentry-Doors,3 - Medium,5 doors of the branch closure not functioning
INC000004402967,21234,IDFC - DEHRADUN-NEHRU COLONY BRANCH,Facilities - Electrical,Electrical -Fans,3 - Medium,exhaust fan cover remove
INC000004402987,61312,IDFC - GAYA GANDHI MAIDAN,Facilities - Electrical,Electrical -Power,3 - Medium,There are electric issue completely power failure
INC000004403103,61501,IDFC - CHANDAN NAGAR,Facilities  - Digital Signage,Electrical Issue,3 - Medium,Digital display not working
INC000004403197,43821,IDFC - AMBAJOGAI BRANCH,Facilities - Electrical,Electrical -Power,3 - Medium,There is no electricity at branch area due to that network is also down .
INC000004403219,60502,IDFC - KHARSIA BRANCH,Facilities - Electrical,Electrical -Fans,3 - Medium,"Rest Room exhaust fan is not working, kindly do the needful on priority"
INC000004406350,41371,IDFC - PUNE NIGDI BRANCH,Facilities - Electrical,Electrical -Lights,3 - Medium,we have 2 Dmaange UV kindly arrange methodex employee for picking up from branch
INC000004406393,40138,IDFC - OSHIWARA BRANCH,Facilities - Electrical,Electrical -Power,3 - Medium,THERE IS ISSUE IN SERVER ROOM WHERE ELECTRIAL BOARD BUTTON DRIPPING VERY FREQUENTLY  
INC000004406451,42444,IDFC - MBL - VAPI - SILVASSA ROAD,Facilities - Electrical,Electrical -Lights,3 - Medium,1 Tubelight required 
INC000004406468,21191,IDFC - JALANDHAR BRANCH,Facilities  - Digital Signage,Electrical Issue,3 - Medium,signage board not working light issues
INC000004406501,60113,IDFC - KOLKATA-SALT LAKE SECTOR 2 BRANCH,Facilities - Carpentry,Carpentry-Lock / Key,3 - Medium,ATM CHEQUE DROP BOX NEED TO CHANGE FROM ATM TO BRANCH.
INC000004406530,40311,IDFC - PALDI BRANCH,Facilities - Electrical,Electrical -Power,3 - Medium,Main switch getting triped 
INC000004406575,41365,IDFC - PUNE-WAGHOLI,Facilities - Electrical,Electrical -Power,3 - Medium,Electricity not working at pune wagholi btranch due to load shading 
INC000004406606,42391,IDFC - KANHA CAPITAL,Facilities - Electrical,Electrical -Lights,3 - Medium,2 LIGHTS BLINKING IN BRANCH
INC000004406607,42984,IDFC - MBL-ALWAR,Facilities - Carpentry,Carpentry-Doors,3 - Medium,Door Stoppage of meeting room required 
INC000004406682,49105,IDFC - AHMEDABAD RO- RATNAKAR NINE SQUARE,Facilities - Plumbing,Plumbing-Sanitary Equipments,3 - Medium,none of the jet sprays are working nor tissue facility is kept for toilet usage on ratnakar 9 square location floor 3 
INC000004406818,20142,IDFC - NEW DELHI SAKET BRANCH,Facilities - Carpentry,Carpentry-Workstation,3 - Medium,Teller counter cash drawer is not working 
INC000004406904,40352,IDFC - ANAND BRANCH,Facilities - Carpentry,Carpentry-Workstation,3 - Medium,Requirement of new cheque drop box inside the branch and removal of existing cheque drop box from ATM as per new process
INC000004406911,61312,IDFC - GAYA GANDHI MAIDAN,Facilities - Electrical,Electrical -Stabilizer,3 - Medium,"Dear Team, Stabilizer is not working at Gaya Branch. "
INC000004406985,20142,IDFC - NEW DELHI SAKET BRANCH,Facilities - Carpentry,Carpentry-Doors,3 - Medium,branch main glass door not closed 
INC000004407544,42966,IDFC - KOPARGAON BRANCH,Facilities - Plumbing,Plumbing,3 - Medium,Drain Chockup
INC000004407609,20197,IDFC - NEW DELHI-JASOLA BRANCH,Facilities - Furniture,Furniture-Chair,3 - Medium,please do the needfull please repair complete jasola branch chairs
INC000004407951,60641,IDFC - NAYAGARH BRANCH,Facilities - Electrical,Electrical -Panel / Boards,3 - Medium,In branch no electricity is available 
INC000004408053,40352,IDFC - ANAND BRANCH,Facilities - Electrical,Electrical -Power,3 - Medium,electrical problem currently branch has working by pass load
INC000004408080,43181,IDFC - BILIMORA BRANCH,Facilities - Furniture,Furniture-Chair,3 - Medium,4 chair armestb broken 
INC000004408082,60461,IDFC - BHATAPARA BRANCH,Facilities - Carpentry,Carpentry-shutter,3 - Medium,branch shutter Jam please resolve
INC000004408200,60461,IDFC - BHATAPARA BRANCH,Facilities - Furniture,Furniture-Chair,3 - Medium,BRANCH ALL CHAIR DAMAGE NEED NEW CHAIRS FOR ENTIRE BRANCH
INC000004408309,60461,IDFC - BHATAPARA BRANCH,Facilities - Civil,Civil-work,3 - Medium,FEMALE BATHROOM IS DOES NOT EXIST IN BRANCH. PLEASE MAKE NEW FEMALE BATHROOM FOR BRANCH
INC000004408340,42602,IDFC - MBL-SADULGANJ,Facilities - Carpentry,Carpentry-Workstation,3 - Medium,pedestal not available at my workstation 
INC000004408351,42602,IDFC - MBL-SADULGANJ,Facilities - Carpentry,Carpentry-Workstation,3 - Medium,Pedestal required 
INC000004408379,60461,IDFC - BHATAPARA BRANCH,Facilities - Civil,Civil-work,3 - Medium,new ACSM desk required FOR BRANCH
INC000004408381,42268,IDFC - SURAT - VESU BRANCH,Facilities - Electrical,Electrical -Power,3 - Medium,"There is no electricity power since 3 working day, n adminn infra aslo not take strict action towrds this issuw "
INC000004408398,60367,IDFC - BILASPUR BRANCH,Facilities - Plumbing,Plumbing,3 - Medium,kindly process on urgent basis
INC000004408444,43844,IDFC - Ved Road,Facilities - Electrical,Electrical -Wiring,3 - Medium,Main Power MCB Striped due to short circuit
INC000004408577,40172,IDFC - Belapur-CPC,Facilities - Electrical,Electrical -Lights,3 - Medium,uv lamp not working
INC000004408588,61421,IDFC - Newada,Facilities - Carpentry,Carpentry-Lock / Key,3 - Medium,cheque drop box and suggestion box locker need to be repaired on urgent basis
INC000004408674,40191,IDFC - ZAVERI BAZAAR BRANCH.,Facilities - Plumbing,Plumbing-Sanitary Equipments,3 - Medium,Jet Spray needs to be replaced for Gents washroom 
INC000004408718,40119,IDFC - THANE-RAM MARUTI ROAD BRANCH,Facilities - Carpentry,Carpentry-Doors,3 - Medium,Pantry door not working .
INC000004408784,40119,IDFC - THANE-RAM MARUTI ROAD BRANCH,Facilities - Furniture,Furniture-Chair,3 - Medium,Chair are broken .
INC000004408800,61421,IDFC - Newada,Facilities - Plumbing,Plumbing-Sanitary Equipments,3 - Medium,Jet spray need to repaired and male washroom flush also
INC000004408816,61421,IDFC - Newada,Facilities - Electrical,Electrical -Fans,3 - Medium,meeting room wall mount fan need to be repaired
INC000004408828,60304,IDFC - RAIPUR-G. E ROAD BRANCH,Facilities - Electrical,Electrical -Power,3 - Medium,power cut in branch
INC000004408835,61421,IDFC - Newada,Facilities - Electrical,Electrical -Panel / Boards,3 - Medium,AC panel board need to be repaired
INC000004408851,40172,IDFC - Belapur-CPC,Facilities - Carpentry,Carpentry-Doors,3 - Medium,drawers door broken and  branch main door not functioning 
INC000004408892,40375,IDFC - KHERALU BRANCH,Facilities - Carpentry,Carpentry-Lock / Key,3 - Medium,DRAWER LOCK AND TABLE BROKEN
INC000004408982,40513,IDFC - Santacruz,Facilities - Electrical,Electrical -Lights,3 - Medium,WASHROOM ELECTRICITY NOT WORKING URGENT ELECTRICIAN REQUIRE
INC000004409035,21041,IDFC - JEWAR BRANCH,Facilities - Carpentry,Carpentry-Doors,3 - Medium,branch has breakage the washroom and lobby area lock pls do the needful on urgent Baisis 
INC000004409139,60261,IDFC - GUWAHATI BRANCH,Facilities - Plumbing,Plumbing,3 - Medium,Drain chockup in Ladies washroom
INC000004409191,49105,IDFC - AHMEDABAD RO- RATNAKAR NINE SQUARE,Facilities - Carpentry,Carpentry-Lock / Key,3 - Medium,Key misplaced 
INC000004409383,21502,IDFC - RESIDENCY ROAD-JAMMU BRANCH,Facilities - Electrical,Electrical -Lights,3 - Medium,Pantry lights and branch ATM and Branch front path way lights not working 
INC000004409423,40304,IDFC - AHMEDABAD- RATNAAKAR SQUARE,Facilities - Plumbing,Plumbing-Sanitary Equipments,3 - Medium,raising ticket against INC000004406682 
INC000004409678,21021,IDFC - AMRITSAR BRANCH,Facilities - Civil,Civil-work,3 - Medium,in branch drop box required
INC000004409948,60701,IDFC - DHENKENAL BRANCH,Facilities - Electrical,Electrical -Stabilizer,3 - Medium,Power issue at branch
INC000004410090,21831,IDFC - MUZAFFAR NAGAR,Facilities  - Digital Signage,Electrical Issue,3 - Medium,Branch Main Digital Signage is not working 
INC000004410171,43492,IDFC - MBL - AURANGABAD,Facilities - Carpentry,Carpentry-Lock / Key,3 - Medium,key board drawer damage 
INC000004410255,10209,IDFC - CLEARING HUB - MUMBAI,Facilities - Carpentry,Carpentry-Lock / Key,3 - Medium,15 Detailed items attached for your reference 
INC000004410306,22071,IDFC - MBL - SRIGANGANAGAR,Facilities - Plumbing,Plumbing,3 - Medium,facing issue due leakages at toilets and smell is so high all staff is suffering no any higyene at this branch. kindly arrange the plumber for fast  resolution 
INC000004410458,42966,IDFC - KOPARGAON BRANCH,Facilities - Electrical,Electrical -Lights,3 - Medium,elecricity lights not working 
INC000004410516,22071,IDFC - MBL - SRIGANGANAGAR,Facilities - Plumbing,Plumbing,3 - Medium,we are facing leakages  and smell issue at sri ganganagar branch. 
INC000004410536,21672,IDFC - Bareilly,Facilities - Civil,Civil-work,3 - Medium,SHUTTER SLIDING HANDLE NOT WORKING.
INC000004410608,20157,IDFC - BOC- SECTOR-132- NOIDA,Facilities - Carpentry,Carpentry-Workstation,3 - Medium,In Part 1 @ BOC 132 Noida at the pantry area the storage doors are damaged which needs to be replaced 
INC000004411067,42125,IDFC - SHAHPURA BRANCH,Facilities - Carpentry,Carpentry-Lock / Key,3 - Medium,regarding to door lock change
INC000004411106,21312,IDFC - FARIDABAD-RAILWAY ROAD,Facilities - Electrical,Electrical -Panel / Boards,3 - Medium,IDFC FIRST BANK PANEL HAS BROKED WORK REQUIRED IN SAME 
INC000004411315,40137,IDFC - JVPD BRANCH,Facilities - Electrical,Electrical -Lights,3 - Medium,new LED LIGHT REQUIRE
INC000004411353,43491,IDFC - AURANGABAD BRANCH,Facilities - Lockers,Lockers,3 - Medium,changing of lock for cash vault drawer as key no 343-L is missing from duplicate key set held with AU bank 
INC000004411491,40112,IDFC - THANE BRANCH,Facilities - Plumbing,Plumbing,3 - Medium,JET SPRAY BROKEN AT MALE WASHROOM 
INC000004411526,40335,IDFC - AHMEDABAD SHYAMAL BRANCH,Facilities - Electrical,Electrical -Lights,3 - Medium,Branch main bank board light issue 
INC000004411641,60364,IDFC - PENDRA ROAD BRANCH,Facilities - Furniture,Furniture-Chair,3 - Medium,Repair and Cleaning of all the chairs and most of the chairs are broken. Kindly resolve the issue on urgent basis.
INC000004411656,60364,IDFC - PENDRA ROAD BRANCH,Facilities - Plumbing,Plumbing-Sanitary Equipments,3 - Medium,Men and women washroom drainage system get jammed and lickage with water. Kindly resolve the issue on urgent basis.
INC000004411663,60364,IDFC - PENDRA ROAD BRANCH,Facilities - Electrical,Electrical -Fans,3 - Medium,ATM SILING FAN NOT WORKING. Kindly resolve the issue on urgent basis.
INC000004411698,60364,IDFC - PENDRA ROAD BRANCH,Facilities - Carpentry,Carpentry-Workstation,3 - Medium,At teller counter front glasses are broken. Kindly resolve the issue on urgent basis.
INC000004414710,41433,IDFC - PUNE - BALEWADI BRANCH,Facilities - Electrical,Electrical -Power,3 - Medium,Power failure at balewadi branch 
INC000004414714,22041,IDFC - CHARKHI DADRI BRANCH,Facilities - Electrical,Electrical -Stabilizer,3 - Medium,Stabilizer not working at Charkhi Dadri-22041 
INC000004414734,41434,IDFC - PUNE - BHOSARI BRANCH,Facilities - Lockers,Lockers,3 - Medium,UNABLE TO ALLOACTE SOME LOCKERS AS ITS NOT OPENING 
INC000004414752,42504,IDFC - Byramji Tower - Nagpur,Facilities - Electrical,Electrical -Lights,3 - Medium,Washroom tube light not working got fused need replacement
INC000004414759,42504,IDFC - Byramji Tower - Nagpur,Facilities - Furniture,Furniture-Chair,3 - Medium,Chair armrest broken
INC000004414761,41438,IDFC - CHAKAN BRANCH,Facilities - Plumbing,Plumbing-Sanitary Equipments,3 - Medium,"there is leakage in washroom, please arrange to fix the same"
INC000004414767,42504,IDFC - Byramji Tower - Nagpur,Facilities - Carpentry,Carpentry-Lock / Key,3 - Medium,Drawer lock and key replacement
INC000004414771,60113,IDFC - KOLKATA-SALT LAKE SECTOR 2 BRANCH,Facilities - Electrical,Electrical -Lights,3 - Medium,"light is blinking in men's toilet, need to change same."
INC000004414773,42504,IDFC - Byramji Tower - Nagpur,Facilities - Electrical,Electrical -Panel / Boards,3 - Medium,IDFC FIRST BANK Signage Broad light not working
INC000004414818,60481,IDFC - DHAMTARI BRANCH,Facilities - Electrical,Electrical -Lights,3 - Medium,LIGHT IS NOT WORKING PROPERLY
INC000004414823,60481,IDFC - DHAMTARI BRANCH,Facilities - Furniture,Furniture-Chair,3 - Medium,CHAIR  BACKREST BROKEN
INC000004414906,20128,IDFC - JANAKPURI BRANCH,Facilities - Carpentry,Carpentry-Doors,3 - Medium,WOODEN CABINET SLAB IS NOT FIXED KINLDY CHECK AND RESOLVE THE SAME 
INC000004414922,42141,IDFC - UJJAIN BRANCH,Facilities - Electrical,Electrical -Fans,3 - Medium,DEAR TEAM ATM FAN NOT WORKING PLEASE RESOLVE ISSUE URGENT BASIS
INC000004414933,42141,IDFC - UJJAIN BRANCH,Facilities - Electrical,Electrical -Lights,3 - Medium,DEAR TEAM LIGHT NOT PROPER WORKING PLEASE RESOLVE ISSUE URGENT BASIS
INC000004414972,42141,IDFC - UJJAIN BRANCH,Facilities - Lockers,Lockers,3 - Medium,DEAR TEAM  LOCKER  BREAK PLEASE RESOLVE ISSUE URGENT BASIS
INC000004415012,40113,IDFC - BANDRA WEST BRANCH,Facilities - Plumbing,Plumbing,3 - Medium,lekages 
INC000004415142,60423,IDFC - ASANSOL,Facilities - Electrical,Electrical -Lights,3 - Medium,vault room electricity connection breaks down
INC000004415156,60242,IDFC - BHUBANESWAR-MODI BHAWAN,Facilities - Carpentry,Carpentry-Doors,3 - Medium,Door closer not working at Bhubaneswar Modi bhawan branch 
INC000004415215,42132,IDFC - JAIPUR - MANUPASANA-5TH FLOOR-OFFICE NO. 501,Facilities - Carpentry,Carpentry-Lock / Key,3 - Medium,Drawer Locks damaged 
INC000004415456,21431,IDFC - YAMUNA NAGAR- SCO 184-185,Facilities - Carpentry,Carpentry-Doors,3 - Medium,Door lock not working of server room
INC000004415540,42132,IDFC - JAIPUR - MANUPASANA-5TH FLOOR-OFFICE NO. 501,Facilities - Electrical,Electrical -Lights,3 - Medium,3 Tube lights to be fix in operation area
INC000004415647,42302,IDFC - SINGHANA BRANCH,Facilities - Electrical,Electrical -Inverter,3 - Medium,"Dear Team, Due to electricity fault, Inverter get fault, now systems are working directly from electricity and whenever light goes complete branch shut down hap"
INC000004415719,42284,IDFC - NIPHAD BRANCH,Facilities - Plumbing,Plumbing-Sanitary Equipments,3 - Medium,tap broken in toilet
INC000004415750,20254,IDFC - AZADPUR BRANCH,Facilities - Carpentry,Carpentry-Doors,3 - Medium,CUPBOARD DOORS BROKEN AT CASH COUNTER
INC000004415877,21693,IDFC - AMBALA ROAD,Facilities - Electrical,Electrical -Stabilizer,3 - Medium,not working properly
INC000004415914,40173,IDFC - MUMBAI-DOMBIVLI BRANCH,Facilities - Plumbing,Plumbing,3 - Medium,basin drainage pipe broken
INC000004415928,21019,IDFC - GURGAON - SECTOR 31 BRANCH,Facilities - Carpentry,Carpentry-Workstation,3 - Medium,Required table for CCD machine - Sec 31 Gurgaon
INC000004415984,22341,IDFC - NAWANSHAR,Facilities - Plumbing,Plumbing-Sanitary Equipments,3 - Medium,water pump not working local plumber checked and after investigation he said motor is damaged need to replace the same with new water pump
INC000004416154,20121,IDFC - DELHI - OPS OFFICE-KAROL BAGH,Facilities - Electrical,Electrical -Wiring,3 - Medium,Kindly do not close this call without resolution. Loose wires need to be fixed
INC000004416376,22341,IDFC - NAWANSHAR,Facilities - Carpentry,Carpentry-Doors,3 - Medium,bathroom door closer not working damaged please do the needful on priority
INC000004417051,39201,"IDFC - EXPRESS TOWERS,ITO SALES HUB",Facilities - Carpentry,Carpentry-Lock / Key,3 - Medium,"Key is not working, unable to lock the drawer."
INC000004417195,41359,IDFC - KARVE NAGAR BRANCH,Facilities - Electrical,Electrical -Wiring,3 - Medium,welding work for entrance and shutter greecing to be done 
INC000004417223,41359,IDFC - KARVE NAGAR BRANCH,Facilities - Carpentry,Carpentry-shutter,3 - Medium,SHUTTER GREECING TO BE DONE 
INC000004417500,60221,IDFC - AGARTALA BRANCH,Facilities - Carpentry,Carpentry-Doors,3 - Medium,Automatic door closer not working
INC000004418215,21257,IDFC - Aliganj,Facilities - Lockers,Lockers,3 - Medium,"dear Team, One locker key got unselaed and need to replace the same on urgent basis"
INC000004418258,43821,IDFC - AMBAJOGAI BRANCH,Facilities - Electrical,Electrical -Power,3 - Medium,Electricity power Failure at ambajogai branch due to network down in branch area.
INC000004418360,60105,IDFC - KOLKATA-BEHALA CHOWRST,Facilities - Plumbing,Plumbing,3 - Medium,"FLUSH PIPE IS LEAKING, NEED TO REPAIR - 1"
INC000004418756,21218,"IDFC - CHANDIGARH - SECTOR 9D, BRANCH",Facilities - Lockers,Lockers,3 - Medium,KINDLY SWAP TWO LOCKER AND ONE LIVER CHANGE OF GUNNEBO LOCKER
INC000004418771,42642,IDFC - JAMNAGAR BRANCH,Facilities - Plumbing,Plumbing,3 - Medium,THERE IS DRAINAGE CHOCK UP IN MALE WASHROOM URGENTLY NEED TO WORK
INC000004419046,42346,IDFC - Kudasan,Facilities - Electrical,Electrical -Fans,3 - Medium,Ceiling fan
INC000004419080,60461,IDFC - BHATAPARA BRANCH,Facilities - Electrical,Electrical -Power,3 - Medium,Due to electricity issue
INC000004419147,42881,IDFC - MAHASAMUND BRANCH,Facilities - Furniture,Furniture-Chair,3 - Medium,Chairs damaged
INC000004419186,42946,IDFC - KARMETA BRANCH,Facilities - Electrical,Electrical -Power,3 - Medium,dear team kindly help facing power issue at branch 
INC000004419286,20138,IDFC - MAYUR VIHAR BRANCH,Facilities  - Digital Signage,Electrical Issue,3 - Medium,digital signage not working. also one of the part of board is broken
INC000004419312,10209,IDFC - CLEARING HUB - MUMBAI,Facilities - Electrical,Electrical -Power,3 - Medium,"In case of power failure, USB installed works only for 2 hours. There are not even emergency lights "
INC000004419324,21412,IDFC - RAJ NAGAR GHAZIABAD BRANCH,Facilities - Electrical,Electrical -Power,3 - Medium,power failure in branch urgent action required
INC000004419332,22051,IDFC - BARABANKI BRANCH,Facilities - Electrical,Electrical -Lights,3 - Medium,DEAR TEAM UV LAMP NOT WORKING 
INC000004419372,43491,IDFC - AURANGABAD BRANCH,Facilities - Lockers,Lockers,3 - Medium,key swapping for surrender Locker no.123 for Aurangabad branch 43491
INC000004419426,60261,IDFC - GUWAHATI BRANCH,Facilities - Carpentry,Carpentry-Lock / Key,3 - Medium,Drawer's key is not available
INC000004423317,21004,IDFC - GURUGRAM-SECTOR14,Facilities - Electrical,Electrical -Lights,3 - Medium,Dear team there is no power supply in the branch
INC000004430051,60462,IDFC - BALODA BAZAR BRANCH,Facilities - Electrical,Electrical -Power,3 - Medium,No electricity in branch 
INC000004430052,41433,IDFC - PUNE - BALEWADI BRANCH,Facilities - Electrical,Electrical -Power,3 - Medium,Power failure at balewadi branch 
INC000004430059,21421,IDFC - Rajendra Nagar Ghaziabad,Facilities - Electrical,Electrical -Power,3 - Medium,Power issue in Branch.
INC000004430065,21412,IDFC - RAJ NAGAR GHAZIABAD BRANCH,Facilities - Electrical,Electrical -Power,3 - Medium,electricity cut off
INC000004430101,42405,IDFC - GOA-PORVORIM BRANCH,Facilities - Electrical,Electrical -Panel / Boards,3 - Medium,lan port 
INC000004430102,41221,IDFC - DHAR BRANCH,Facilities - Electrical,Electrical -Panel / Boards,3 - Medium,UV Lamp Not Working
INC000004430167,42391,IDFC - KANHA CAPITAL,Facilities - Furniture,Furniture-Chair,3 - Medium,CHAIR NOISE ISSUE
INC000004430170,43391,IDFC - Vasai,Facilities - Carpentry,Carpentry-Lock / Key,3 - Medium,"The lock of the teller drawer is broken and there is a problem in keeping the cash. apart from this, two other drawers have problems in locking also require 3*3"
INC000004430196,42395,IDFC - Vadodara Manjalpur,Facilities - Plumbing,Plumbing,3 - Medium,Water leakage at ATM and main gate celling 
INC000004430203,43418,IDFC - BASSI BRANCH,Facilities - Electrical,Electrical -Power,3 - Medium,"Dear Team, Electricity supply not available in branch . kindly check and do the needful urgently."
INC000004430320,60262,IDFC - GUWAHATI- ITAG PLAZA,Facilities - Electrical,Electrical -Power,3 - Medium,"desktop not working, power not connected to the desktop"
INC000004430452,43413,IDFC - Pratap Nagar Jaipur,Facilities - Electrical,Electrical -Panel / Boards,3 - Medium,DISPLAY NOT WORKING AS THERE IS NO POWER IN THE ELECTRIC BOARD 
INC000004430460,21423,IDFC - AMBEDKAR ROAD GHAZIABAD,Facilities - Electrical,Electrical -Panel / Boards,3 - Medium,Electrical panel board not working
INC000004430525,21544,IDFC - Naini,Facilities - Lockers,Lockers,3 - Medium,"Dear Team, Locker required in Gold Loan safe custody, at the area of Gold loan happen on priority basis."
INC000004430636,42242,IDFC - HALOL BRANCH,Facilities - Carpentry,Carpentry-Lock / Key,3 - Medium,Key missing of Drawer of Cabinet
INC000004430841,40371,IDFC - HIMMATNAGAR BRANCH,Facilities - Carpentry,Carpentry-Doors,3 - Medium,DOor lock damaged in wash room
INC000004430863,40371,IDFC - HIMMATNAGAR BRANCH,Facilities - Plumbing,Plumbing-Sanitary Equipments,3 - Medium,in pantry plumbing work require
INC000004431161,60365,IDFC - RATANPUR BRANCH,Facilities - Plumbing,Plumbing-Sanitary Equipments,3 - Medium,KINDLY ARRANGE FOR FLUSH BUTTON  choke up issue in ground floor male WASHROOM
INC000004431467,60109,IDFC - KOLKATA-GARIA BRANCH,Facilities - Carpentry,Carpentry-shutter,3 - Medium,urgent requirement for mending wooden cupboards and doors
INC000004431503,42395,IDFC - Vadodara Manjalpur,Facilities - Carpentry,Carpentry-Doors,3 - Medium,Main entrance gate handle loose 
INC000004431609,60743,IDFC - Berhampur,Facilities - Lockers,Lockers,3 - Medium,Sealing of Locker Keys-damage due to embossing
INC000004431742,22211,IDFC - PATHANKOT,Facilities - Lockers,Lockers,3 - Medium,"locker embossing needs to be done as not done properly on some keys locker no -7,127,116,87,129,112 and on master key. also after embossing all keys should be s"
INC000004431866,43681,IDFC - SHIRPUR BRANCH,Facilities - Electrical,Electrical -Lights,3 - Medium,4 round LED bulb are not working 
INC000004431897,43681,IDFC - SHIRPUR BRANCH,Facilities - Electrical,Electrical -Panel / Boards,3 - Medium,Panal Board is damage in ATM 
INC000004431918,43681,IDFC - SHIRPUR BRANCH,Facilities - Carpentry,Carpentry-Lock / Key,3 - Medium,1 Drawer lock is damaged in Lobby Area
INC000004431933,43681,IDFC - SHIRPUR BRANCH,Facilities  - Digital Signage,Electrical Issue,3 - Medium,Signage light is not working and Timer is also not working
INC000004432185,20186,IDFC - MBL - NCR-NEHRU PLACE,Facilities - Plumbing,Plumbing-Sanitary Equipments,3 - Medium,DEAR TEAM PLEASE WASHROOM TAP WATER SLOWNESS ISSUE CLEARN PIPE OF TAPS IN WASHROOM
INC000004432260,40443,IDFC - LALPAR BRANCH,Facilities - Electrical,Electrical -Power,3 - Medium,Electrician Visit required Power check required as 3 A.C not getting power supply - Lalpar Branch - 40443
INC000004432315,41381,IDFC - RAISEN ROAD BRANCH,Facilities - Lockers,Lockers,3 - Medium,Notice Board Lock Change Request
INC000004432320,20106,IDFC - DWARKA BRANCH,Facilities - Electrical,Electrical -Lights,3 - Medium,Lobby hanging light is blinking 
INC000004432345,20106,IDFC - DWARKA BRANCH,Facilities - Electrical,Electrical -Panel / Boards,3 - Medium,panel of signage board is broken
INC000004432369,60283,IDFC - PATNA-EXHIBITION ROAD BRANCH,Facilities - Furniture,Furniture-Chair,3 - Medium,Seat is torn & Dirty Need Deep Cleaning
INC000004432377,21394,IDFC - AMBALA SADAR BRANCH,Facilities - Electrical,Electrical -Wiring,3 - Medium,WATER MOTORNOT WORKING GET DAMAGED
INC000004432397,21352,IDFC - PANCHKULA SECTOR 20 BRANCH,Facilities - Electrical,Electrical -Power,3 - Medium,please check it on priority there is a electricity issue in the Branch.
INC000004432425,21417,IDFC - MODI NAGAR,Facilities  - Digital Signage,Electrical Issue,3 - Medium,BLACK DOT SHOWING IN DIGITAL SIGNAGE 
INC000004432460,21417,IDFC - MODI NAGAR,Facilities - Plumbing,Plumbing-Sanitary Equipments,3 - Medium,toilet waste pipe block 
INC000004432528,21025,IDFC - AMRITSAR CROSS MALL - SALES HUB,Facilities - Carpentry,Carpentry-Workstation,3 - Medium,required carpantry work @ pentry @ sales hub
INC000004432557,40104,IDFC - CHEMBUR BRANCH,Facilities - Carpentry,Carpentry-Workstation,3 - Medium,"pls send carpenter 1.	Carpentry work needs to be done in gents washroom."
INC000004432580,22401,IDFC - Firozpur Branch,Facilities - Lockers,Lockers,3 - Medium,"key embossing required in locker master key "" IDFC MISSING "" "
INC000004432607,40324,IDFC - SANAND BRANCH,Facilities - Electrical,Electrical -Wiring,3 - Medium,Local electrician Require For Airtel cable Routing at Dholka branch.
INC000004432625,20186,IDFC - MBL - NCR-NEHRU PLACE,Facilities - Electrical,Electrical -Lights,3 - Medium,TEAM PLEASE CHECK ONE ROOF LIGHTS NOT WORKING
INC000004432677,42923,IDFC - SOLAPUR BRANCH,Facilities - Carpentry,Carpentry-Workstation,3 - Medium,Request to provide Land Lind stand -Corner Shell/table top to Solapur Branch for Hotline Phone
INC000004432722,42402,IDFC - GOA-MARGAO BRANCH,Facilities - Electrical,Electrical -Lights,3 - Medium,Tube Light Replacement
INC000004433276,21452,IDFC - PATIALA - LEELA BHAWAN BRANCH,Facilities - Carpentry,Carpentry-Lock / Key,3 - Medium,Required Duplicate key of Branch Main Shutter
INC000004433298,60821,IDFC - BALOD BRANCH,Facilities - Carpentry,Carpentry-Doors,3 - Medium,"WOODEN DOOR ISSUE AT BRANCH DOOR IS NOT GETTING LOCKED ATM DOOR, MAIN DOOR BRANCH, BACK LOBBY DOOR BRANCH, VAULT DOOR BRANCH"
INC000004433688,20157,IDFC - BOC- SECTOR-132- NOIDA,Facilities - Plumbing,Plumbing-Sanitary Equipments,3 - Medium,6 Taps are not functional in Sec 132 BOC Noida. 3 Taps in Ladies washroom @ Part A and 3 Taps in Gents Washroom @ Part B. Kindly fix this immediately 
INC000004433857,42125,IDFC - SHAHPURA BRANCH,Facilities - Plumbing,Plumbing,3 - Medium,Water tanki leakage many times  please replace tanki.
INC000004433896,42125,IDFC - SHAHPURA BRANCH,Facilities - Electrical,Electrical -Lights,3 - Medium,"one light requires in GOLD LOAN CABIN,"
INC000004433934,60303,IDFC - LALPUR BRANCH,Facilities - Furniture,Furniture-Chair,3 - Medium,Few chairs armrest and back  broken
INC000004434030,41276,IDFC - Benchmark,Facilities - Electrical,Electrical -Panel / Boards,3 - Medium,Pannel is not working properly
INC000004434509,20219,IDFC - NEW DELHI DEER PARK BRANCH,Facilities - Electrical,Electrical -Panel / Boards,3 - Medium,POWER SUPPLY ISSUE AT ATM MACHINE
INC000004434756,61471,IDFC - SOHSARIA BRANCH,Facilities - Carpentry,Carpentry-Lock / Key,3 - Medium,Regarding Vault wooden Door Lock 2 is not working of Sohsarai 61471
INC000004434998,21009,IDFC - GURGAON SECTOR 10A BRANCH,Facilities - Carpentry,Carpentry-Workstation,3 - Medium,cheque drop box to be installed inside branch 
INC000004435050,40154,IDFC - PRABHADEVI-CNERGY BRANCH,Facilities - Electrical,Electrical -Lights,3 - Medium,CEILING LIGHTS BLINKING AND SOME ARE NOT WORKING CNERGY 40154
INC000004435074,40154,IDFC - PRABHADEVI-CNERGY BRANCH,Facilities - Furniture,Furniture-Chair,3 - Medium,CHAIRS ARE BROKEN REQUEST TO SEND NEW 5 CHAIRS IN CNERGY BRANCH 40154
INC000004435218,41271,IDFC - INDORE-ANNAPURNA,Facilities - Electrical,Electrical -Stabilizer,3 - Medium,STABILIZER NOT WORKING
INC000004435225,60322,IDFC - VARANASI - LANKA BRANCH,Facilities - Carpentry,Carpentry-Workstation,3 - Medium,"Dear Team, Please arrange  a carpenter as lunch counter of pantry has been broken down."
INC000004435263,40146,IDFC - BHANDUP BRANCH,Facilities - Dormitory,Dormitory-Maintanance,3 - Medium,"LIGHTS ARE NOT WORKING IN PANTRY AREA AND WALKING AREA , SEND ENGINEER FOR SAME TO BRANCH"
INC000004435264,41204,IDFC - KHIRKIAN BRANCH,Facilities - Plumbing,Plumbing,3 - Medium,"Dear Team, please resolve the Toilet Chockup issue pertain at Khirkian branch due to this branch area suffer with very Bad Smell continuously "
INC000004435290,41352,IDFC - PUNE LAW COLLEGE ROAD BRANCH,Facilities - Electrical,Electrical -Lights,3 - Medium,LOBBY AREA ONE LIGHT OFF 
INC000004435296,40502,IDFC - Sion Trombay Road,Facilities - Lockers,Lockers,3 - Medium,locker key packets sealing required
INC000004438614,20256,IDFC - SHALIMAR BAGH BRANCH,Facilities - Plumbing,Plumbing-Sanitary Equipments,3 - Medium,ladies toilet flush not working 
INC000004438648,42272,IDFC - VARACHHA BRANCH,Facilities - Dormitory,Dormitory-Maintanance,3 - Medium,shutter not working
INC000004438674,43162,IDFC - NASRULLAGANJ BRANCH,Facilities - Carpentry,Carpentry-Lock / Key,3 - Medium,Kindly change or repair branch Drawer lock
INC000004438688,42121,IDFC - UGARIYAWAS BRANCH,Facilities - Electrical,Electrical -Lights,3 - Medium,Vault Cabin Light not working. Resolve the issue on prority basis. 
INC000004438690,21291,IDFC - AGRA BRANCH,Facilities - Electrical,Electrical -Power,3 - Medium,Power failure
INC000004438719,42272,IDFC - VARACHHA BRANCH,Facilities - Carpentry,Carpentry-shutter,3 - Medium,office shutter not functioning
INC000004438858,21622,IDFC - MBL - PANIPAT,Facilities - Carpentry,Carpentry-Lock / Key,3 - Medium,drawer lock not working
INC000004438927,61302,IDFC - Muzaffarpur,Facilities - Plumbing,Plumbing-Sanitary Equipments,3 - Medium,water leakage from wall of server room/ flush not working of washroom
INC000004438964,61302,IDFC - Muzaffarpur,Facilities - Carpentry,Carpentry-Doors,3 - Medium,Door lock issue of washroom and pantry area
INC000004438983,43581,IDFC - MBL - VERAVAL,Facilities - Carpentry,Carpentry-Workstation,3 - Medium,Leader Required
INC000004439133,22121,IDFC - Mbl - Dilshad Colony,Facilities - Dormitory,Dormitory-Maintanance,3 - Medium,Need carpentry repairing service in branch kindly arrange 
INC000004439791,43121,IDFC - NEEMUCH BRANCH,Facilities - Plumbing,Plumbing-Sanitary Equipments,3 - Medium,pipe jam flash not working properly
INC000004439912,10228,IDFC - CASH PROCESSING CENTRE- INDORE,Facilities - Electrical,Electrical -Lights,3 - Medium,Lobby area Led Light fluctuation issue at CPC Indore please arrange the technician.
INC000004439920,21851,IDFC - MBL - BHATINDA,Facilities - Electrical,Electrical -Panel / Boards,3 - Medium,REQUIRED ELECTRICAL WORK FOR FITTING OF WATER DISPENSER
INC000004440177,43241,IDFC - BALOTRA BRANCH,Facilities - Electrical,Electrical -Wiring,3 - Medium,Kindly resolve the earthing issue of Balotra branch-43241 and share the below parameter snap.P-N= 220V to 235V P-E= 220V to 235V N-E= <2V
INC000004440351,20143,IDFC - NEW DELHI PRASHANT VIHAR BRANCH,Facilities - Plumbing,Plumbing-Sanitary Equipments,3 - Medium,SEEPAGE ISSUE IN LOBBY
INC000004440449,40317,IDFC - RAKHIAL BRANCH,Facilities - Electrical,Electrical -Lights,3 - Medium,UV MACHINE IS NOT WORKING 
INC000004440450,20186,IDFC - MBL - NCR-NEHRU PLACE,Facilities - Sanitization,Sanitization,3 - Medium,IN W C WATER NOT COMING
INC000004440467,41269,IDFC - INDORE - VIJAY NAGAR BRANCH,Facilities - Plumbing,Plumbing-Sanitary Equipments,3 - Medium,URINAL JAM AND TAPS ALSO
INC000004440582,21812,IDFC - MBL - HALDWANI,Facilities - Electrical,Electrical -Lights,3 - Medium,Fan and light not connected with inverter.
INC000004440742,40352,IDFC - ANAND BRANCH,Facilities - Lockers,Lockers,3 - Medium,Key embossing and 1 surrender locker key swap require
INC000004441165,60115,IDFC - KOLKATA-NEW ALIPORE BRANCH,Facilities - Plumbing,Plumbing-Sanitary Equipments,3 - Medium,"at new alipore branch our ladies wash room jet spray was not working form last 15 day, request you to kindly visit branch & replace it as urgent basis for higen"
INC000004441309,20131,IDFC - GURGAON GALLERIA BRANCH,Facilities - Electrical,Electrical -Lights,3 - Medium,Cash vault their is no light since 15 days
INC000004441376,40517,IDFC - Kopar Khairne,Facilities - Electrical,Electrical -Panel / Boards,3 - Medium,CCTV camera not working outside ATM
INC000004442026,20123,IDFC - DARYAGANJ BRANCH,Facilities - Plumbing,Plumbing,3 - Medium,DRAIN CHOCKUP 
INC000004442221,21624,IDFC - SAMALAKHA BRANCH,Facilities - Electrical,Electrical -Wiring,3 - Medium,fire in water motor
INC000004442491,61183,IDFC - DIBRUGARH THANA CHARIALI/ HH ROAD,Facilities - Electrical,Electrical -Panel / Boards,3 - Medium,Branch pantry Switch board is not working
INC000004442543,22091,IDFC - BELA PRATAPGARH BRANCH,Facilities - Electrical,Electrical -Power,3 - Medium,Electrician required for AC power supply
INC000004442739,21173,IDFC - LUDHIANA TRADE TOWER -2ND FLOOR,Facilities - Plumbing,Plumbing-Sanitary Equipments,3 - Medium,Leakage in Multiple Tabs & Water Tank of Toilet Please Arrange to Repair 
INC000004443043,61421,IDFC - Newada,Facilities - Electrical,Electrical -Power,3 - Medium,Power failure issue at Nawada Branch need urgent action
INC000004443203,21252,IDFC - GOMTI NAGAR BRANCH,Facilities  - Digital Signage,Electrical Issue,3 - Medium,DIGITAL SIGNAGE IS NOT WORKING AS ITS NOT LIGHTEN UP AND WITH  NO DISPLAY 
INC000004443303,20111,IDFC - GREATER KAILASH II BRANCH,Facilities - Electrical,Electrical -Fans,3 - Medium,required wall mounted fan in branch // GKII // 20111
INC000004443304,41282,IDFC - MBL - MANDSAUR,Facilities - Carpentry,Carpentry-Workstation,3 - Medium,workstation storage damage
INC000004443380,22051,IDFC - BARABANKI BRANCH,Facilities - Electrical,Electrical -Wiring,3 - Medium,DEAR TEAM SERVER SOMKY SMELL KINDLY ARRANGE THE ELECTRICIATION
INC000004443430,60133,IDFC - KOLKATA - BEHALA BRANCH,Facilities - Electrical,Electrical -Fans,3 - Medium,Exhaust fans of pantry and ladies toilet not working
INC000004443813,42225,IDFC - FATEHPUR BRANCH,Facilities - Carpentry,Carpentry-Lock / Key,3 - Medium,drawer lock need to replace 
INC000004444027,60372,IDFC - Cuttack-CDA,Facilities - Carpentry,Carpentry-Workstation,3 - Medium,tiles are damage science branch opening
INC000004444068,42882,IDFC - BASNA BRANCH,Facilities - Electrical,Electrical -Panel / Boards,3 - Medium,"Dear Team, Two electricity board is in broken condition"
INC000004444087,42882,IDFC - BASNA BRANCH,Facilities - Carpentry,Carpentry-Doors,3 - Medium,Dear Team. cash counter and lobby door doorclosure not functioning.
INC000004444116,42882,IDFC - BASNA BRANCH,Facilities - Electrical,Electrical -Lights,3 - Medium,"Dear Team, Branch Lobby  Lights changes Requirement."
INC000004444258,41203,IDFC - HARDA BRANCH,Facilities - Electrical,Electrical -Panel / Boards,3 - Medium,Power board not working properly.
INC000004444361,40309,IDFC - VATVA BRANCH,Facilities - Carpentry,Carpentry-Doors,3 - Medium,wash room frame brack pls arrange carpenter
INC000004444397,43491,IDFC - AURANGABAD BRANCH,Facilities - Carpentry,Carpentry-Workstation,3 - Medium,"Cheque drop box slit placed in ATM area was little more wider than the required gap, the steel plate based slit was not affixed on it. Branch to get it fixed th"
INC000004444417,20123,IDFC - DARYAGANJ BRANCH,Facilities - Electrical,Electrical -Lights,3 - Medium,lobby lamp light is not working
INC000004444419,20123,IDFC - DARYAGANJ BRANCH,Facilities - Electrical,Electrical -Panel / Boards,3 - Medium,panel board issue in lobby
INC000004444481,21234,IDFC - DEHRADUN-NEHRU COLONY BRANCH,Facilities - Carpentry,Carpentry-Workstation,3 - Medium,DROPBOX HOLE NEED TO FIX 
INC000004444516,42142,IDFC - SEJAWATA BRANCH,Facilities - Plumbing,Plumbing,3 - Medium,Dameg in pipe
INC000004444544,42142,IDFC - SEJAWATA BRANCH,Facilities - Sanitization,Sanitization,3 - Medium,Kindly proces
INC000004444550,42142,IDFC - SEJAWATA BRANCH,Facilities - Carpentry,Carpentry-Doors,3 - Medium,Dear team wooden vault door and door lock damege
INC000004444560,42142,IDFC - SEJAWATA BRANCH,Facilities - Furniture,Furniture-Chair,3 - Medium,"Dear team, as per seting chair damage"
INC000004447667,42881,IDFC - MAHASAMUND BRANCH,Facilities - Electrical,Electrical -Power,3 - Medium,Power failure 
INC000004447753,21374,IDFC - ZIRAKPUR BRANCH,Facilities - Carpentry,Carpentry-Doors,3 - Medium,drawers broken . handles broken . multiple issues
INC000004447796,40134,IDFC - KHARGHAR BRANCH,Facilities - Carpentry,Carpentry-Lock / Key,3 - Medium,DRAWER CANNOT BE LOCKED 
INC000004447832,21333,IDFC - NOIDA SECTOR 51,Facilities - Electrical,Electrical -Power,3 - Medium,"Dear team, kindly provide the 50litres diesel in Noida sector 51//21333."
INC000004447849,22021,IDFC - NARNAUL BRANCH,Facilities - Civil,Civil-work,3 - Medium,issue in branch shutter lock enable to open the same 
INC000004447853,42126,IDFC - CHOMU BRANCH,Facilities  - Digital Signage,Electrical Issue,3 - Medium,uv lamp is not working
INC000004447885,42501,IDFC - NAGPUR BRANCH,Facilities - Electrical,Electrical -Lights,3 - Medium,2 outdoor light  not working
INC000004447973,20158,IDFC - NOIDA-16 BRANCH,Facilities - Plumbing,Plumbing-Sanitary Equipments,3 - Medium,female washroom plumbing issue
INC000004448027,21291,IDFC - AGRA BRANCH,Facilities - Electrical,Electrical -Power,3 - Medium,MCB GOES TRIP EVERYTIME. PLEASE ARRANGE ELECTRICIAN
INC000004448192,40312,IDFC - SHAHIBAUG BRANCH,Facilities - Civil,Civil-work,3 - Medium,"dear ankit, please sent some engineer on most priority basis as our washroom's wall tile is broken and looks very shabby. image was already shared on email few "
INC000004448206,42321,IDFC - BHILWARA BRANCH,Facilities - Carpentry,Carpentry-Lock / Key,3 - Medium,Cash counter door's lock is not working proper.
INC000004448220,20195,IDFC - NEW DELHI-KIRTI NAGAR BRANCH,Facilities - Electrical,Electrical -Stabilizer,3 - Medium,SERVER ROOM STABILIZER SOUNDS TOO MUCH
INC000004448255,42401,IDFC - PANJIM BRANCH,Facilities - Plumbing,Plumbing,3 - Medium,there is chockup in gents toilet and wash room. kindly arrange plumber on priority 
INC000004448334,21412,IDFC - RAJ NAGAR GHAZIABAD BRANCH,Facilities - Carpentry,Carpentry-Doors,3 - Medium,door not close properly 
INC000004448339,42284,IDFC - NIPHAD BRANCH,Facilities - Electrical,Electrical -Fans,3 - Medium,ATM loby one fan not working
INC000004448400,40517,IDFC - Kopar Khairne,Facilities - Electrical,Electrical -Lights,3 - Medium,UV MACHINE NOT WORKING
INC000004448437,42269,IDFC - SURAT ADAJAN BRANCH,Facilities - Electrical,Electrical -Power,3 - Medium, SHOR CIRCUIT ISSUE
INC000004448470,20253,IDFC - MBL - DELHI KASHMERI GATE,Facilities - Plumbing,Plumbing,3 - Medium,leakage in basin and toilet space fill with water 
INC000004448560,21232,IDFC - DEHRADUN-KRISHNA TOWER,Facilities - Plumbing,Plumbing-Sanitary Equipments,3 - Medium,Toilet sheet flush is not working
INC000004448571,42135,IDFC - JAIPUR - VIDHYADHAR NAGAR BRANCH,Facilities - Carpentry,Carpentry-Lock / Key,3 - Medium,"washroom lock is broken , Cabinet locks are damaged, drawers locks are damaged"
INC000004448577,21232,IDFC - DEHRADUN-KRISHNA TOWER,Facilities - Carpentry,Carpentry-Doors,3 - Medium,MAIN GLASS DOOR IS NOT WORKING PROPERTY
INC000004448698,60881,IDFC - REMUNA BRANCH,Facilities - Electrical,Electrical -Power,3 - Medium,Electricity power issue with AC - Asset Branch 
INC000004448761,60881,IDFC - REMUNA BRANCH,Facilities - Electrical,Electrical -Fans,3 - Medium,FAN not working at Remuna branch - Meeting room
INC000004448799,60881,IDFC - REMUNA BRANCH,Facilities - Plumbing,Plumbing-Sanitary Equipments,3 - Medium,Urinal tap not working - Remuna Branch
INC000004448822,60881,IDFC - REMUNA BRANCH,Facilities - Carpentry,Carpentry-Doors,3 - Medium,ATM DOOR NOT WORKING- Remuna Branch
INC000004448832,21268,IDFC - Maunath,Facilities - Electrical,Electrical -Lights,3 - Medium,MENS TOILET LIGHT IS NOT WORKING
INC000004448840,60881,IDFC - REMUNA BRANCH,Facilities - Electrical,Electrical -Fans,3 - Medium,ATM Fan not working- Remuna Branch
INC000004448855,41382,IDFC - BHOPAL ARERA COLONY BRANCH,Facilities - Civil,Civil-work,3 - Medium,LADIES WASHROOM ISSUE
INC000004449275,41361,IDFC - KONCORD TOWERS - PUNE BUND GARDEN,Facilities - Carpentry,Carpentry-Lock / Key,3 - Medium,Desk No 30 Pedestal drawer lock is not working
INC000004449312,22051,IDFC - BARABANKI BRANCH,Facilities - Electrical,Electrical -Lights,3 - Medium,uv lamp not working 
INC000004449569,60115,IDFC - KOLKATA-NEW ALIPORE BRANCH,Facilities - Electrical,Electrical -Power,3 - Medium,There is a power failure in the area and the DG is not able to give power backup support.
INC000004449788,41173,IDFC - Dewas Urban,Facilities - Plumbing,Plumbing-Sanitary Equipments,3 - Medium,Please arrange to check gent's washroom wash basin water issue and flash not working 
INC000004449914,42282,IDFC - NASIK-SAHAYADREE BUSINESS PARK,Facilities - Electrical,Electrical -Fans,3 - Medium,Exhaust fan not working
INC000004450028,43792,IDFC - LATUR - D,Facilities  - Digital Signage,Electrical Issue,3 - Medium,Digital signage issue board is not working 
INC000004450296,21003,IDFC - GURGAON SECTOR 14 BRANCH,Facilities - Carpentry,Carpentry-Workstation,3 - Medium,Soft board required
INC000004450331,61371,IDFC - RASULGARH BRANCH,Facilities - Civil,Civil-work,3 - Medium,WATER LEAKAGE ON WALL NEAR AC
INC000004450343,22231,IDFC - Mughalsarai Chandauli UP,Facilities - Electrical,Electrical -Lights,3 - Medium,pantry tube list is not working
INC000004450407,61141,IDFC - DHANBAD,Facilities - Carpentry,Carpentry-Workstation,3 - Medium,Shelves required for keeping Coffee Machine in Pantry 
INC000004450423,43001,IDFC - SUJANGARH BRANCH,Facilities - Dormitory,Dormitory-Maintanance,3 - Medium,Dear Team pantry was Pasion pipe linkage request you to kindly do the needful on urgent basis.
INC000004450469,60402,IDFC - JAMSHEDPUR - JAMSHEDPUR MAIN BRANCH,Facilities - Electrical,Electrical -Lights,3 - Medium,LIGHT NOT WORKING IN CASH COUNTER
INC000004450509,40444,IDFC - MBL - MORBI,Facilities - Electrical,Electrical -Lights,3 - Medium,Light not working
INC000004450768,43502,IDFC - MBL - GANDHIDHAM,Facilities - Electrical,Electrical -Power,3 - Medium,There is power failure in branch 
INC000004451121,20149,IDFC - BHERA ENCLAVE PASCHIM VIHAR BRANCH,Facilities - Carpentry,Carpentry-Workstation,3 - Medium,as per notice we need to fix drop box inside of branch
INC000004451168,43001,IDFC - SUJANGARH BRANCH,Facilities - Carpentry,Carpentry-Doors,3 - Medium,Dear Team ATM door handle are damaged so request you to kindly do the needful on priority 
INC000004451222,20137,IDFC - NEHRU PLACE BRANCH,Facilities - Electrical,Electrical -Wiring,3 - Medium,ELECTRIC BOARD OF PANTRY NOT WORKING. WIRE LOOSE
INC000004451224,42321,IDFC - BHILWARA BRANCH,Facilities - Carpentry,Carpentry-Lock / Key,3 - Medium,GOLD LOAN WOODEN LOCK IS NOT PROPER LOCK
INC000004451238,20137,IDFC - NEHRU PLACE BRANCH,Facilities - Carpentry,Carpentry-Workstation,3 - Medium,CASH COUNTER BIDDING DAMAGED
INC000004451290,42161,IDFC - NADIAD BRANCH,Facilities - Electrical,Electrical -Panel / Boards,3 - Medium,Plugs not working beside printer desk.
INC000004451324,40342,"IDFC - Ahmedabad, Thaltej",Facilities - Electrical,Electrical -Wiring,3 - Medium,ELECTRICAL ENGINEER REQUIRED AT THALTEJ 40342 BRANCH 
INC000004451490,40312,IDFC - SHAHIBAUG BRANCH,Facilities - Electrical,Electrical -Panel / Boards,3 - Medium,Power plug needed for coffee machine
INC000004451622,42279,IDFC - Katagram,Facilities - Furniture,Furniture-Chair,3 - Medium,Some chairs are broken and so please sent carpenter for the same
INC000004451623,21621,IDFC - PANIPAT BRANCH,Facilities - Electrical,Electrical -Fans,3 - Medium,pantry fan not working
INC000004451654,20155,IDFC - SECTOR-110 NOIDA BRANCH,Facilities - Lockers,Lockers,3 - Medium,keys seal broken needs to be sealed
INC000004451663,42881,IDFC - MAHASAMUND BRANCH,Facilities - Electrical,Electrical -Power,3 - Medium,Power failure to mahasamund branch 
INC000004451860,42125,IDFC - SHAHPURA BRANCH,Facilities - Electrical,Electrical -Wiring,3 - Medium,ELECTRICAL WIRES EXPOSED IN SERVER ROOM ALSO HAVING SPARK AND SMOKE IN ELECTRICAL WIRES
INC000004451903,40321,IDFC - NARANPURA BRANCH,Facilities - Carpentry,Carpentry-Lock / Key,3 - Medium,TELLER DOOR LOCK IS NOT WORKING PROPERLY 
INC000004451954,42881,IDFC - MAHASAMUND BRANCH,Facilities - Civil,Civil-work,3 - Medium,Branch registration certificate expiring 
INC000004452334,61251,IDFC - BALANGIR BRANCH,Facilities - Electrical,Electrical -Fans,3 - Medium,CEILING FAN NOT WORKING IN PANTRY ROOM
INC000004452356,61251,IDFC - BALANGIR BRANCH,Facilities - Electrical,Electrical -Fans,3 - Medium,EXHAUST FAN NOT WORKING IN WASH ROOM
INC000004452419,60961,IDFC - BARGARH BRANCH,Facilities - Electrical,Electrical -Fans,3 - Medium,3 Fans are not functioning but issue is oscillation. 
INC000004452454,60961,IDFC - BARGARH BRANCH,Facilities - Furniture,Furniture-Chair,3 - Medium,5 chairs totally broken 
INC000004452468,60961,IDFC - BARGARH BRANCH,Facilities - Carpentry,Carpentry-Doors,3 - Medium,Issue is closure of door due to friction of door with the floor
INC000004452497,20141,IDFC - NOIDA SECTOR 137 BRANCH,Facilities - Plumbing,Plumbing-Sanitary Equipments,3 - Medium,"water overflow in washbasin, urgent attention required"
INC000004452675,42286,IDFC - PIMPALGAON NASHIK,Facilities - Carpentry,Carpentry-Lock / Key,3 - Medium,WASH ROOM HANDLE LOCK JAMMING PROBLEM + PANTRY HANDLE LOCK ISSUE
INC000004452680,60661,IDFC - CHANDANPUR BRANCH,Facilities - Carpentry,Carpentry-Lock / Key,3 - Medium,Branch main door lock key got broken key number 4112.
INC000004452689,43761,IDFC - MBL - GUNA,Facilities - Electrical,Electrical -Lights,3 - Medium,"Hi Team, Again Electricity issues Created in Branch, Kindly Resolved It on Priority Basis."
INC000004455951,21414,IDFC - VASUNDHARA GHAZIABAD BRANCH,Facilities - Electrical,Electrical -Lights,3 - Medium,Branch has electrical light and network issue
INC000004456012,43413,IDFC - Pratap Nagar Jaipur,Facilities  - Digital Signage,Electrical Issue,3 - Medium,Electric line connected TV is not working
INC000004456021,20143,IDFC - NEW DELHI PRASHANT VIHAR BRANCH,Facilities - Carpentry,Carpentry-Lock / Key,3 - Medium,cash drawer unlock issue
INC000004456120,21296,IDFC - Agra,Facilities - Electrical,Electrical -Stabilizer,3 - Medium,servo not working
INC000004456129,40195,IDFC - Thane Anand Nagar,Facilities - Carpentry,Carpentry-Workstation,3 - Medium,we need carpenter for  wall mount Fire Extinguishe
INC000004456161,61281,IDFC - MBL - CHAKDAH,Facilities - Electrical,Electrical -Lights,3 - Medium,BATHROOM LIGHT IS NOT WORKING FOR LAST 1 WEEK
INC000004456204,21503,IDFC - JAMMU BAHU PLAZA BRANCH,Facilities - Furniture,Furniture-Chair,3 - Medium,ALL CHAIRS IN BRANCH HAS BROKEN BACKREST
INC000004456235,42127,IDFC - JAIPUR C- SCHEME BRANCH,Facilities - Plumbing,Plumbing,3 - Medium,there is water issue in urinal please resolved on urgent basis
INC000004456260,21412,IDFC - RAJ NAGAR GHAZIABAD BRANCH,Facilities - Electrical,Electrical -Panel / Boards,3 - Medium,POWER FAILURE IN RAJ NAGAR BRANCH
INC000004456284,60742,IDFC - BHANJANAGAR BRANCH,Facilities - Carpentry,Carpentry-Workstation,3 - Medium,Carpentry work at branch premises 
INC000004456317,20155,IDFC - SECTOR-110 NOIDA BRANCH,Facilities - Electrical,Electrical -Wiring,3 - Medium,"earthing wire broken branch electricity is trip until repair, bubbles occurring as it rained, right in front  "
INC000004456340,60741,IDFC - HINJILICUT BRANCH,Facilities - Electrical,Electrical -Panel / Boards,3 - Medium,Signage board and lollipop not working properly 
INC000004456364,40308,IDFC - CHANDKHEDA BRANCH,Facilities - Carpentry,Carpentry-Doors,3 - Medium,wooden cabbat break
INC000004456396,60741,IDFC - HINJILICUT BRANCH,Facilities - Carpentry,Carpentry-Workstation,3 - Medium,"	The plywood work at the cash counter is damaged and The glass partition is unstable and can fall down anytime. Please see the attached pictures for reference.L"
INC000004456399,60221,IDFC - AGARTALA BRANCH,Facilities - Carpentry,Carpentry-Doors,3 - Medium,"DOOR SPRING IS NOT WORKING, IT REMAINS OPEN ALL THE TIME"
INC000004456475,60741,IDFC - HINJILICUT BRANCH,Facilities  - Digital Signage,Electrical Issue,3 - Medium,Electrical issue at hinjilicut branch
INC000004456489,40172,IDFC - Belapur-CPC,Facilities - Furniture,Furniture-Chair,3 - Medium,chairs needs to be repaired
INC000004456597,60621,IDFC - KHORDHA BRANCH,Facilities - Sanitization,Sanitization,3 - Medium,All equipments in Bathrooms need to be replaced
INC000004456623,60741,IDFC - HINJILICUT BRANCH,Facilities - Carpentry,Carpentry-Workstation,3 - Medium,Gold loan cabin requires repair and maintenance to ensure it is safe and operational.
INC000004456625,41173,IDFC - Dewas Urban,Facilities - Lockers,Lockers,3 - Medium,Please arrange locker vendor engineer to check Multiple locker keys were not properly embossed. Key no. was not vsisble on the keys. Few pouches of the keys wer
INC000004456637,20215,IDFC - NEW DELHI KALKAJI BRANCH,Facilities - Carpentry,Carpentry-Lock / Key,3 - Medium,lock of teller counter door is loose and not functioning properly
INC000004456672,60741,IDFC - HINJILICUT BRANCH,Facilities - Civil,Civil-work,3 - Medium,"Toilets: Many parts are in broken condition, and sanitation work is necessary to restore them to a usable condition.The dining case is in a precarious condition"
INC000004456842,60622,IDFC - SINGESWAR,Facilities - Electrical,Electrical -Lights,3 - Medium,Branch Pantry Tube light not working. Needs replacement.
INC000004456926,42123,IDFC - MANGARH KHOKHAWALA BRANCH,Facilities - Lockers,Lockers,3 - Medium,branch main wooden door key lock replacement 
INC000004456930,42123,IDFC - MANGARH KHOKHAWALA BRANCH,Facilities - Lockers,Lockers,3 - Medium,branch main wooden door key lock replacement 
INC000004456944,42301,IDFC - JHUNJHUNU BRANCH,Facilities - Carpentry,Carpentry-Lock / Key,3 - Medium,many drawer/Cabinet and door lock out of order
INC000004456969,42123,IDFC - MANGARH KHOKHAWALA BRANCH,Facilities - Electrical,Electrical -Fans,3 - Medium,rest room exhaust fan not working and cash counter ceiling fan not working
INC000004456989,42301,IDFC - JHUNJHUNU BRANCH,Facilities - Plumbing,Plumbing-Sanitary Equipments,3 - Medium,Washroom tap is nor working
INC000004457009,60681,IDFC - JAJPUR ROAD BRANCH,Facilities - Carpentry,Carpentry-Doors,3 - Medium,cash counter door closure not functioning properly
INC000004457012,42123,IDFC - MANGARH KHOKHAWALA BRANCH,Facilities - Electrical,Electrical -Panel / Boards,3 - Medium,electrical board button and switch change
INC000004457035,60381,IDFC - SILIGURI-M-SQUARE,Facilities - Electrical,Electrical -Lights,3 - Medium,CCTV 5 not working at siliguri branch 
INC000004457036,42301,IDFC - JHUNJHUNU BRANCH,Facilities - Electrical,Electrical -Lights,3 - Medium,3-4 lights and ATM fan is not working.
INC000004457075,20192,IDFC - OKHLA INDUSTRIAL AREA - SALES HUB,Facilities - Plumbing,Plumbing,3 - Medium,The ladies washroom commode is chockedup
INC000004457083,21002,IDFC - GURGAON M.G. ROAD BRANCH,Facilities - Carpentry,Carpentry-Doors,3 - Medium,"glass door is not working, there is some problem in the door's machine."
INC000004457195,60371,IDFC - Naya Bazar,Facilities - Electrical,Electrical -Wiring,3 - Medium,Earthing required in branch ATM
INC000004457297,60661,IDFC - CHANDANPUR BRANCH,Facilities - Carpentry,Carpentry-Workstation,3 - Medium,At branch lobby carpentry work done on wall are all damaged 
INC000004457424,42625,IDFC - MBL - BHAVNAGAR,Facilities - Plumbing,Plumbing,3 - Medium,leakages both washroom JET spray 
INC000004457450,42625,IDFC - MBL - BHAVNAGAR,Facilities - Carpentry,Carpentry-Lock / Key,3 - Medium,door lock stuck
INC000004457473,41102,IDFC - PIPARIYA BRANCH,Facilities - Electrical,Electrical -Lights,3 - Medium,ELECTRICITY NOT AVAILABLE IN BRANCH
INC000004457755,60881,IDFC - REMUNA BRANCH,Facilities - Carpentry,Carpentry-Workstation,3 - Medium,Key board tray brakege- Remuna
INC000004457788,60881,IDFC - REMUNA BRANCH,Facilities  - Digital Signage,Electrical Issue,3 - Medium,Glow sign board not working
INC000004457941,21653,IDFC - ALIGARH,Facilities - Electrical,Electrical -Fans,3 - Medium,WASHROOM EXHAUST FAN WRONG FITTING 
INC000004458100,40108,IDFC - GHODBUNDER ROAD - THANE BRANCH,Facilities - Carpentry,Carpentry-Lock / Key,3 - Medium,unable to lock drawer
INC000004458179,40506,IDFC - Vidya Vihar,Facilities - Carpentry,Carpentry-Doors,3 - Medium,Teller Door is not closing properly 
INC000004458206,43103,IDFC - SUMERPUR BRANCH,Facilities - Carpentry,Carpentry-Lock / Key,3 - Medium,DRWAERS LOCK BREAK
INC000004458214,41221,IDFC - DHAR BRANCH,Facilities - GSB,GSB-Light,3 - Medium,Brancding Lights not Working
INC000004458401,60145,"IDFC - BT Road, Dunlop, Kolkata Landmark Dunlop",Facilities - Carpentry,Carpentry-Doors,3 - Medium,TELLER CABINET HINGES BROKEN
INC000004458423,60365,IDFC - RATANPUR BRANCH,Facilities - Electrical,Electrical -Wiring,3 - Medium,"DEAR TEAM, DUE TO ROAD CONSTRUCTION BY GOVERNMENT ALL THE WIRE AND EARTHING OF BRANCH IS LYING ON THE ROAD ANYTIME IT CAN BE DAMAGE AND ALL THE BRANCH SERVER CA"
INC000004458548,21891,IDFC - SOLANBRANCH NAME YET TO BE FINALIZED,Facilities - Furniture,Furniture-Chair,3 - Medium,Kindly provide table for CCD machine
INC000004458669,42943,IDFC - MBL - JABALPUR,Facilities  - Digital Signage,Electrical Issue,3 - Medium,signage board are not working
INC000004458815,42361,IDFC - PATAN BRANCH,Facilities - Electrical,Electrical -Fans,3 - Medium,ATM Machine room fen not working last 15 days  
INC000004458881,42361,IDFC - PATAN BRANCH,Facilities - Electrical,Electrical -Fans,3 - Medium,Wall fen not working last long days at cashier cabin 
INC000004458902,42361,IDFC - PATAN BRANCH,Facilities - Electrical,Electrical -Fans,3 - Medium,BOSM DESK Wall fen not working last long days
INC000004458912,42381,IDFC - VADODARA BRANCH,Facilities  - Digital Signage,Electrical Issue,3 - Medium,BRANCH SIGNAGE NOT WORKING 
INC000004459404,20182,IDFC - MBL- LAXMI NAGAR,Facilities - Plumbing,Plumbing-Sanitary Equipments,3 - Medium,Team Kindly Check Toilet Pressure water pipe Supply Very Slow 
INC000004459510,41384,IDFC - BHOPAL-SHREERAM TOWERS,Facilities - Electrical,Electrical -Power,3 - Medium,No power supply in Lift meter
INC000004459905,21231,IDFC - DEHRADUN BRANCH,Facilities - Carpentry,Carpentry-Workstation,3 - Medium,kindly install cheque drop box in branch
INC000004460168,21413,IDFC - CROSSING REPUBLIC - GHAZIABAD BRANCH,Facilities - Civil,Civil-work,3 - Medium,"Vault Grill door not getting locked, alignment issue. Please do the needful."
INC000004460170,69402,IDFC - BHUBANESWAR REGIONAL OFFICE,Facilities - Electrical,Electrical -Lights,3 - Medium,One Round panel light fused at gents Washroom 
INC000004460297,42124,IDFC - DURGAPURA BRANCH,Facilities - Plumbing,Plumbing-Sanitary Equipments,3 - Medium,Dear Team Washroom Nall are Leakage please check and resolve this issue 
INC000004460362,42124,IDFC - DURGAPURA BRANCH,Facilities - Furniture,Furniture-Chair,3 - Medium,"Dear Team , many chair are damage in branch please chack and reslove this "
INC000004460469,20255,IDFC - Naraina,Facilities - Plumbing,Plumbing-Sanitary Equipments,3 - Medium,Kindly resolve on priority basis...
INC000004460477,20255,IDFC - Naraina,Facilities - Furniture,Furniture-Chair,3 - Medium,Kindly resolve.
INC000004460482,40136,IDFC - VARTAK NAGAR- THANE BRANCH,Facilities - Electrical,Electrical -Wiring,3 - Medium,dear rupesh uv machine is not working kindly help on priority.
INC000004460549,20102,IDFC - NEW FRIENDS COLONY BRANCH,Facilities - Electrical,Electrical -Lights,3 - Medium,UV lamp not working
INC000004460570,43104,IDFC - PALI BRANCH,Facilities - Furniture,Furniture-Chair,3 - Medium,need replacement of chairs
INC000004460594,41358,IDFC - KALYANI NAGAR BRANCH,Facilities - Carpentry,Carpentry-Lock / Key,3 - Medium,Salary HUB FRFC at Kalyani Nagar second drawer not getting locked.
INC000004460651,43471,IDFC - BUNDI BRANCH,Facilities - Carpentry,Carpentry-Doors,3 - Medium,wooden pannel dameged and also chair damaged
INC000004460683,60132,IDFC - KOLKATA- VIP ROAD BRANCH,Facilities - Electrical,Electrical -Lights,3 - Medium,Lights are mot working
INC000004460692,42381,IDFC - VADODARA BRANCH,Facilities - Carpentry,Carpentry-Workstation,3 - Medium,soft board required 
INC000004460738,43544,IDFC - CHALISGAON BRANCH,Facilities - Carpentry,Carpentry-Workstation,3 - Medium,CHQ DROP BOX FACILITY ISSUE 
INC000004460741,42185,IDFC - BEAWAR BRANCH,Facilities - Electrical,Electrical -Lights,3 - Medium,please check 4 tubelights are not working
INC000004460763,43722,IDFC - Newai Branch,Facilities - Furniture,Furniture-Chair,3 - Medium,2 TWO CHAIR WAS BROKEN
INC000004460779,21962,IDFC - Bahraich,Facilities - Electrical,Electrical -Lights,3 - Medium,"Dear Team, Brach teller counter UV lamp not working, kidly take the action and assign the engineer on urgant basis. "
INC000004460800,42185,IDFC - BEAWAR BRANCH,Facilities - Carpentry,Carpentry-Lock / Key,3 - Medium,locks and drawer are damage and new drawer require at cash counter
INC000004460823,43312,IDFC - KUCHAMAN CITY BRANCH,Facilities - Furniture,Furniture-Chair,3 - Medium,Chair Breakage  
INC000004460854,42223,IDFC - DIDWANA BRANCH,Facilities - Electrical,Electrical -Power,3 - Medium,electricity issue in ac
INC000004460870,42223,IDFC - DIDWANA BRANCH,Facilities - Plumbing,Plumbing,3 - Medium,water likge in bathroom
INC000004460886,42223,IDFC - DIDWANA BRANCH,Facilities - Plumbing,Plumbing,3 - Medium,toilet sheet broken
INC000004460898,42223,IDFC - DIDWANA BRANCH,Facilities - Carpentry,Carpentry-Lock / Key,3 - Medium,drwer lock broken
INC000004460899,43711,IDFC - OSMANABAD BRANCH,Facilities - Electrical,Electrical -Panel / Boards,3 - Medium,ATM Lollipop Board Issue
INC000004460908,42223,IDFC - DIDWANA BRANCH,Facilities - Carpentry,Carpentry-shutter,3 - Medium,branding issue
INC000004460940,43311,IDFC - MERTA CITY BRANCH,Facilities - Carpentry,Carpentry-Workstation,3 - Medium,Furniture Broken 
INC000004464375,20136,"IDFC - LOK VIHAR, PITAMPURA BRANCH",Facilities - Electrical,Electrical -Power,3 - Medium,no electricity at lok vihar branch
INC000004464456,42122,IDFC - HARSOLI BRANCH,Facilities - Electrical,Electrical -Fans,3 - Medium,"Dear Team, exact fan not working "
INC000004464511,41281,IDFC - MANDSAUR BRANCH,Facilities - Electrical,Electrical -Panel / Boards,3 - Medium,One LAn port not working in teller counter and electricity board is damaged 
INC000004464671,21006,IDFC - GURGAON SECTOR 23 PALAM VIHARBRANCH,Facilities - Electrical,Electrical -Power,3 - Medium,Electricity issue at branch
INC000004464675,22032,IDFC - MBL - BAHADURGARH,Facilities - Plumbing,Plumbing,3 - Medium,urinal choked in Bahadurgarh Branch
INC000004464703,42185,IDFC - BEAWAR BRANCH,Facilities - Carpentry,Carpentry-Workstation,3 - Medium,branding issue
INC000004464807,40331,IDFC - MBL - AHMEDABAD-SHAHIBAUG,Facilities - Electrical,Electrical -Lights,3 - Medium,ONE LED 4 INCH LIGHT REQUIRED
INC000004464821,43612,IDFC - KATNI BRANCH,Facilities  - Digital Signage,Electrical Issue,3 - Medium,Not Working digital signage board 
INC000004464845,22101,IDFC - BHADOHI BRANCH,Facilities - Carpentry,Carpentry-Lock / Key,3 - Medium,Cash counter door lock
INC000004464981,42682,IDFC - GWALIOR BRANCH - MP,Facilities - Plumbing,Plumbing-Sanitary Equipments,3 - Medium,its not done there is issue in toilet the fittings having leakage and Faucet is broken
INC000004465078,43183,IDFC - NAVASARI,Facilities - GSB,GSB-Light,3 - Medium,BRANCH MAIN SIGN BOARD LIGHT ISSUE
INC000004465161,21653,IDFC - ALIGARH,Facilities - Lockers,Lockers,3 - Medium,KINDLY ARRANGE KEY EMBOSSING VENDOR GODREJ ON URGENT BASES
INC000004465204,42268,IDFC - SURAT - VESU BRANCH,Facilities - Electrical,Electrical -Power,3 - Medium,MCB is tripped again and again due to that customer service is impacting.
INC000004465280,21006,IDFC - GURGAON SECTOR 23 PALAM VIHARBRANCH,Facilities - Electrical,Electrical -Power,3 - Medium,electricity issue at branch
INC000004465330,42404,IDFC - Siolim,Facilities - Plumbing,Plumbing,3 - Medium,LEAKAGE IN MALE WASHROOM
INC000004465334,21252,IDFC - GOMTI NAGAR BRANCH,Facilities - Plumbing,Plumbing,3 - Medium,water blockage is in washroom. kindly attend this on priority
INC000004465356,42404,IDFC - Siolim,Facilities - Carpentry,Carpentry-Lock / Key,3 - Medium,TELLER DOOR KEYS JAMMED
INC000004465414,42302,IDFC - SINGHANA BRANCH,Facilities - Electrical,Electrical -Wiring,3 - Medium,"Dear Team, Kindly arrange an electrician as there is line fault."
INC000004465486,21412,IDFC - RAJ NAGAR GHAZIABAD BRANCH,Facilities - Electrical,Electrical -Panel / Boards,3 - Medium,"short circuit in server room ,required help on urgent basis."
INC000004465562,40152,IDFC - NAVI MUMBAI-AIROLI BRANCH,Facilities - Carpentry,Carpentry-Doors,3 - Medium,Woodden door of cabinet to be fixed
INC000004465592,60242,IDFC - BHUBANESWAR-MODI BHAWAN,Facilities - Electrical,Electrical -Fans,3 - Medium,PEDESTAL FANS REQUIRED -- NO VENTILATION. AC NOT WORKING
INC000004465636,21268,IDFC - Maunath,Facilities - Electrical,Electrical -Power,3 - Medium,Due to paower issue ATM Is not working
INC000004465884,20124,IDFC - NOIDA SECTOR 12 BRANCH,Facilities - Electrical,Electrical -Stabilizer,3 - Medium,"SCVS Not connected , kindly check asap."
INC000004466029,20186,IDFC - MBL - NCR-NEHRU PLACE,Facilities - Electrical,Electrical -Stabilizer,3 - Medium,TEAM PLEASE CHECK STABILIZER NOT WORKING ON URGENT BASIS
INC000004466051,22021,IDFC - NARNAUL BRANCH,Facilities - Carpentry,Carpentry-Workstation,3 - Medium,PANTRY TABLE 
INC000004466066,20136,"IDFC - LOK VIHAR, PITAMPURA BRANCH",Facilities - Electrical,Electrical -Lights,3 - Medium,VOILET LIGHT IN UV IS NOT WORKING
INC000004466213,42272,IDFC - VARACHHA BRANCH,Facilities - Carpentry,Carpentry-Lock / Key,3 - Medium,Gents'Toilet lock is damaged 
INC000004466284,21851,IDFC - MBL - BHATINDA,Facilities - Electrical,Electrical -Wiring,3 - Medium,after installation of coffee machine there is issue of power occured as when we power on coffee machine main  power cut off and than after a minute it came back
INC000004466337,41365,IDFC - PUNE-WAGHOLI,Facilities - Electrical,Electrical -Power,3 - Medium,No Ligth at pune wagholi branch 
INC000004466370,21851,IDFC - MBL - BHATINDA,Facilities - Plumbing,Plumbing-Sanitary Equipments,3 - Medium,kindly install jet spray in washroom 
INC000004466670,42276,IDFC - SACHIN BRANCH,Facilities  - Digital Signage,Electrical Issue,3 - Medium,Digital Signage not working
INC000004466736,21177,IDFC - LUDHIANA - SALES HUB,Facilities - Electrical,Electrical -Panel / Boards,3 - Medium,New UPS Power Socket Required for Wi-Fi Device
INC000004466779,41272,IDFC - MBL- ANNAPURNA,Facilities - Furniture,Furniture-Chair,3 - Medium,branch cahir is damage please repair on urgent basis..
INC000004466803,42344,IDFC - DAHEGAM BRANCH,Facilities - Carpentry,Carpentry-Doors,3 - Medium,2 WOODEN DOOR BROKEGE AT PANTRY AREA 
INC000004466816,42344,IDFC - DAHEGAM BRANCH,Facilities - Plumbing,Plumbing,3 - Medium,JET SPRAY NOT WORKING IN MENS TOILET
INC000004466825,43844,IDFC - Ved Road,Facilities - Carpentry,Carpentry-Doors,3 - Medium,BRANCH MAIN GLASS DOOR NOT CLOSED PROPERLY
INC000004466954,21072,IDFC - FATEHABAD BRANCH,Facilities - Carpentry,Carpentry-Workstation,3 - Medium,We have need to create space in cheque drop box for put the cheque in drop box from inside the branch we have space only from ATM. 
INC000004467029,42427,IDFC - GONDAL BRANCH,Facilities - Carpentry,Carpentry-Workstation,3 - Medium,Key Board tray required at multiple desks
INC000004467035,42427,IDFC - GONDAL BRANCH,Facilities - Furniture,Furniture-Chair,3 - Medium,Repair of chairs required
INC000004467045,42427,IDFC - GONDAL BRANCH,Facilities - Lockers,Lockers,3 - Medium,Lock installation require at Gold loan Drawer
INC000004467197,43392,IDFC - Virar,Facilities - Carpentry,Carpentry-Lock / Key,3 - Medium,Kinldy send someone for new kyc of the drawaer
INC000004467286,40301,IDFC - AHMEDABAD C.G. ROAD BRANCH,Facilities - Plumbing,Plumbing-Sanitary Equipments,3 - Medium,"Water leakage from Jet Spray 1st Floor, C G Road Branch"
INC000004467378,60286,IDFC - MBL - PATNA,Facilities - Electrical,Electrical -Power,3 - Medium,No electricity  supply in the branch since yesterday evening . CCTV not working due this. Need to fix it ASAP.
INC000004468060,40122,IDFC - KALYAN-SARVODAY MALL,Facilities - Plumbing,Plumbing,3 - Medium,Unable to use washroom due drain chock up. Kalyan branch -40122. Mo No 0 9137741647
INC000004468132,21175,IDFC - LUDHIANA BRS NAGAR BRANCH,Facilities - Plumbing,Plumbing-Sanitary Equipments,3 - Medium,"gents washroom is blocked in ludhiana brs nagar branch sales hub, please do needful on priority"
INC000004468267,20219,IDFC - NEW DELHI DEER PARK BRANCH,Facilities - Electrical,Electrical -Panel / Boards,3 - Medium,vault room electricity panel not working
INC000004468300,21071,IDFC - TOHANA BRANCH,Facilities - Plumbing,Plumbing,3 - Medium,please help wash room pipes chockup
INC000004468323,21071,IDFC - TOHANA BRANCH,Facilities - Carpentry,Carpentry-Doors,3 - Medium,pantry wooden door not working
INC000004468400,21071,IDFC - TOHANA BRANCH,Facilities - Furniture,Furniture-Chair,3 - Medium,team please look into this 
INC000004468467,22132,IDFC - Kashmeeri Gate Delhi,Facilities - Electrical,Electrical -Fans,3 - Medium,issue with fan not working properly 
INC000004468895,41353,IDFC - CAMP BRANCH,Facilities - Plumbing,Plumbing-Sanitary Equipments,3 - Medium,senosr not working and tap leakage
INC000004468921,21007,IDFC - GURGAON SECTOR 47 SATYA ELEMENT ONE BRANCH,Facilities - Carpentry,Carpentry-Doors,3 - Medium,ATM AREA GLASS DOOR IS DISLODGED 
INC000004469062,40158,IDFC - SEAWOODS BRANCH,Facilities - Civil,Civil-work,3 - Medium,main glass door making noise after closing the door
INC000004469332,21193,IDFC - JALANDHAR - PUDA COMPLEX- GR FLOOR,Facilities - Carpentry,Carpentry-Doors,3 - Medium,GF meeting room floor spring machine issue need to replace 
