"id","Name","Address","Phonenumber"
"2","Dr. VIMAL KUMAR SHARMA","AMRAPALI GOLF HOMES","9873441130, 9835895400"
"3","LT.COL. RAMESH SINGH MAHAR","AMRAPALI GOLF HOMES","9719320099"
"4","Mr. SUDHIR VERMA","AMRAPALI GOLF HOMES","9891920767"
"5","Mr. RAJESH KUMAR SHARMA","AMRAPALI GOLF HOMES","9431259916"
"6","Mrs. ARCHANA","AMRAPALI GOLF HOMES","9818332047"
"7","Mrs. ANITA SHARMA","AMRAPALI GOLF HOMES","9899811157"
"8","Mr. VIVEK JASHORIYA","AMRAPALI GOLF HOMES","9999153111"
"9","MR. ROSHAN KISHORE","AMRAPALI GOLF HOMES","9560022232"
"10","Mr. VIBHAS CHANDRA JHA","AMRAPALI GOLF HOMES","9431291519"
"11","Mr. PREMCHAND KUMAR","AMRAPALI GOLF HOMES","9490493871"
"12","Mr. VISHAL SINGHAL","AMRAPALI GOLF HOMES","9999796119"
"13","Mr. YOGESH CHANDRA PANT","AMRAPALI GOLF HOMES","9818690572"
"14","Mr. GAURAV RAI","AMRAPALI GOLF HOMES","9560885509"
"15","Mr. GAURAV ARORA","AMRAPALI GOLF HOMES","9868225178"
"16","Mr. NIZAMUDDIN KHAN","AMRAPALI GOLF HOMES","9871054012"
"17","Mr. MANISH KUMAR","AMRAPALI GOLF HOMES","9312304267"
"18","Mr. UMESH GUPTA","AMRAPALI GOLF HOMES","9999169534, 9910262090"
"19","Mr. B. B. SINGH","AMRAPALI GOLF HOMES","9560509175"
"20","Mr. RAKESH KUMAR AGRAWAL","AMRAPALI GOLF HOMES","8273464259"
"21","Mrs. SUNITA SINGH","AMRAPALI GOLF HOMES","9632783447"
"22","Mr. PRASHANT KUMAR PADHI","AMRAPALI GOLF HOMES","9923297759, 9886297759"
"23","Mr. HARI SHANKAR DILVARIA","AMRAPALI GOLF HOMES","9414070281"
"24","Mr. MUJIBUL ISLAM AZMI","AMRAPALI GOLF HOMES","8.53E+19"
"25","Mr. SIDDHARTH ANAND","AMRAPALI GOLF HOMES","9953857147"
"26","Mrs. RITU SAXENA","AMRAPALI GOLF HOMES","9910368900"
"27","Mr. RAKESH KUMAR GUPTA","AMRAPALI GOLF HOMES","9431063308, 9431040111"
"28","MR. NISHANT SHEKHAR SHARMA","AMRAPALI GOLF HOMES","9765405410, 8390259540"
"29","Mr. UJJWAL DAS","AMRAPALI GOLF HOMES","9810911142"
"30","Mr. SARVESH BEHARI LAL MATHUR","AMRAPALI GOLF HOMES","9818069671"
"31","Mrs. SUSHMA PAYAL","AMRAPALI GOLF HOMES","9758860230 / 8449333077"
"32","Mr. PUNEET CHADDHA","AMRAPALI GOLF HOMES","9899179445"
"33","Mr. AMAN VASHIST","AMRAPALI GOLF HOMES","9999222316"
"34","Mr. RAJ KUMAR KAUL","AMRAPALI GOLF HOMES","9910172232"
"35","Mr. SHRAVAN KUMAR TRIPATHI","AMRAPALI GOLF HOMES","9450849696"
"36","Mr. SHERPAL SINGH","AMRAPALI GOLF HOMES","9873638236"
"37","Mr. PATI RAJ PATEL","AMRAPALI GOLF HOMES","9957575235"
"38","Mrs. ANNAMMA K JOSE","AMRAPALI GOLF HOMES","9911114159, 9911123114"
"39","Mrs. SAAKSHI GUPTA","AMRAPALI GOLF HOMES","9818166006"
"40","Mrs. CHANDAN DEVI","AMRAPALI GOLF HOMES","9430066200"
"41","MRS. UPASANA SINHA","AMRAPALI GOLF HOMES","7982039171"
"42","Mr. UMESH PRASAD SINGH","AMRAPALI GOLF HOMES","9431211189"
"43","Mr. PRAMOD KUMAR SINGH","AMRAPALI GOLF HOMES","9000236672"
"44","Mr. AMIT SHARMA","AMRAPALI GOLF HOMES","9811995005"
"45","Mr. HARI PAL SINGH","AMRAPALI GOLF HOMES","9411967489"
"46","Mrs. ABHA SINGH","AMRAPALI GOLF HOMES","9470631209"
"47","Mrs. RAJNI KUMARI","AMRAPALI GOLF HOMES","9709358429"
"48","Mrs. PUSHPA KAUL PESHIN","AMRAPALI GOLF HOMES","9899300694"
"49","MR. RAGHUBANSH SHARMA","AMRAPALI GOLF HOMES","9097016168"
"50","Mr. PRANSHU SINGHAL","AMRAPALI GOLF HOMES","9717792848"
"51","Mrs. POOJA GUPTA","AMRAPALI GOLF HOMES","9717235000"
"52","Mr. ASHOK KUMAR SINGH","AMRAPALI GOLF HOMES","9431282763"
"53","Ms. ABHILASHA KUMARI","AMRAPALI GOLF HOMES","9709641042"
"54","Mr. BHAI SHELLY","AMRAPALI GOLF HOMES","9005970011"
"55","Mrs. MAYA DEVI RUSTAGI","AMRAPALI GOLF HOMES","9810908563, 9810742997"
"56","Mr. PALLAB DUTTA","AMRAPALI GOLF HOMES","9717356532"
"57","Mrs. MINI JAIN","AMRAPALI GOLF HOMES","9560002763"
"58","Mr. PAWAN BANSAL","AMRAPALI GOLF HOMES","9435048703"
"59","Mr. SHANKAR PAL","AMRAPALI GOLF HOMES","9818024145"
"60","Mr. GAURAV KUMAR","AMRAPALI GOLF HOMES","7.43E+19"
"61","Mrs. SUDHA SENGAR","AMRAPALI GOLF HOMES","9211523994"
"62","Mr. DEEPAK RUHELA","AMRAPALI GOLF HOMES","08285360586, 09639420696"
"63","Mr. TRILOK CHAND PALIWAL","AMRAPALI GOLF HOMES","9811899441"
"64","MR. KARTHIKEYAN JAYARAMAN","AMRAPALI GOLF HOMES","9999971575, 9971136679"
"65","Mr. RISHI KANT","AMRAPALI GOLF HOMES","9999974924"
"66","Mrs. NITI KUMAR","AMRAPALI GOLF HOMES","9899429751, 9899994616"
"67","Mrs. KAMNA SINGH","AMRAPALI GOLF HOMES","9871947427"
"68","Mrs. SUSHMA SHARAN","AMRAPALI GOLF HOMES","9810568650"
"69","Mr. BERRENDER JARIAL","AMRAPALI GOLF HOMES","9810650499"
"70","Mr. PREM PRAKASH","AMRAPALI GOLF HOMES","9911110028"
"71","MR. PRAVEEN KUMAR PANDEY","AMRAPALI GOLF HOMES","8743049630"
"72","Dr. SARIKA RACHEL TIGGA","AMRAPALI GOLF HOMES","9891466140"
"73","Mr. RAVINDRA KUMAR","AMRAPALI GOLF HOMES","9968415998"
"74","Mr. ASHISH SHARMA","AMRAPALI GOLF HOMES","9910560881"
"75","Mr. ANKUR MAHENDRA","AMRAPALI GOLF HOMES","9792970309"
"76","Ms. RENU SHAHI","AMRAPALI GOLF HOMES","+91 775 703 5657"
"77","Mr. PAWAN SHARMA","AMRAPALI GOLF HOMES","98918 58143"
"78","Mr. VIKASH SHARMA","AMRAPALI GOLF HOMES","9871230210"
"79","Mr. ASHUTOSH PANDEY","AMRAPALI GOLF HOMES","9999443420"
"80","Mr. AMAN CHAWLA","AMRAPALI GOLF HOMES","9810386737"
"81","MR. EDWARD BARYAWAL","AMRAPALI GOLF HOMES","7838290329"
"82","Mr. SATISH KUMAR SINGH","AMRAPALI GOLF HOMES","9990166190"
"83","Mrs. ABHILASHA","AMRAPALI GOLF HOMES","9650713068, 7838587300"
"84","Mrs. NEELAM KUMARI AHUJA","AMRAPALI GOLF HOMES","9811600513"
"85","Mr. MAYANK DHIMAN","AMRAPALI GOLF HOMES","9810070627, 9212101282"
"86","Mrs. MAYA RATHI","AMRAPALI GOLF HOMES","8285457587"
"87","SHAILESH BIHARI SINGH","AMRAPALI GOLF HOMES",""
"88","Mr. AMRIK SINGH","AMRAPALI GOLF HOMES","8527220110"
"89","Mr. GAURAV TYAGI","AMRAPALI GOLF HOMES","9582220060"
"90","Mr. NEERAJ KUMAR","AMRAPALI GOLF HOMES","9234618887"
"91","Mr. RAJ VARDHAN PRASAD","AMRAPALI GOLF HOMES","9771406785"
"92","Mr. ANIL & ABHISHEK MURARKA HUF","AMRAPALI GOLF HOMES","9873429239"
"93","MR. GAJPAL SINGH GUSAIN","AMRAPALI GOLF HOMES","9968281957"
"94","MR. SUDHIR KUMAR","AMRAPALI GOLF HOMES","9650110625, 9650110629, 9650110628"
"95","MR. SANJAY KUMAR SRIVASTAVA","AMRAPALI GOLF HOMES","9891670966"
"96","Mr. VIKKY JAISWAL","AMRAPALI GOLF HOMES","9582265897"
"97","Mr. NIHARENDU MUKHERJEE","AMRAPALI GOLF HOMES","9910713649"
"98","Mr. CHETAN KOCHHAR","AMRAPALI GOLF HOMES","9999663631"
"99","M/S BENNETT, COLEMAN & CO. LTD","AMRAPALI GOLF HOMES",""
"100","MR. VARUN SACHDEVA","AMRAPALI GOLF HOMES","9650994212"
"101","MRS. PARNA SAHANA","AMRAPALI GOLF HOMES","9717347838"
"102","Mr. VIPIN KUMAR","AMRAPALI GOLF HOMES","9886212698"
"103","MR. VINAY KUMAR MAURYA","AMRAPALI GOLF HOMES","9167418736"
"104","MRS. KANCHAN RAI","AMRAPALI GOLF HOMES","9452351529"
"105","Mrs. NISHA RAJ","AMRAPALI GOLF HOMES",""
"106","M/S. BENNETT, COLEMAN & CO. LTD","AMRAPALI GOLF HOMES",""
"107","M/s ALPHA PECIFIC INFRASTRUCTURE & DEVELOPERS PVT.","AMRAPALI GOLF HOMES","9891770015"
"108","MR. GAURAV CHOPRA","AMRAPALI GOLF HOMES","9818063479"
"109","MR. PRAVEEN KUMAR VERMA","AMRAPALI GOLF HOMES","9953080156, 9899395799"
"110","M/S BENNETT, COLEMAN & CO. LTD","AMRAPALI GOLF HOMES",""
"111","MR. SANJEEV SETHI","AMRAPALI GOLF HOMES","9810029906"
"112","M/S BENNETT, COLEMAN & CO. LTD","AMRAPALI GOLF HOMES",""
"113","MRS. AARTI KATARIA","AMRAPALI GOLF HOMES","9350117578"
"114","MRS. MITHALESH BHADAURIYA","AMRAPALI GOLF HOMES","8527345104"
"115","MS. KANIKA CHAWLA","AMRAPALI GOLF HOMES","9811072406"
"116","MR. SHALLABH MITTAL","AMRAPALI GOLF HOMES","8904049064"
"117","Mr. SURENDER DAS","AMRAPALI GOLF HOMES","9525688083"
"118","MR. VIKAS JAIN","AMRAPALI GOLF HOMES","9837038608"
"119","Mr. ANUJ ARYA","AMRAPALI GOLF HOMES","7004949578"
"120","MR. BIKASH PATWARI","AMRAPALI GOLF HOMES","7631139955"
"121","MRS. PUSHPA SHARMA","AMRAPALI GOLF HOMES","9818303374"
"122","MS. NEELIMA","AMRAPALI GOLF HOMES","9650037257"
"123","MR. DEVENDRA SINGH BISHT","AMRAPALI GOLF HOMES","9560193567"
"124","MRS. AMAR JYOTI SHARMA","AMRAPALI GOLF HOMES","9888340474"
"125","Mrs. MEENU AHUJA","AMRAPALI GOLF HOMES","9891826520"
"126","Mr. RATHEESH KANDENKATTIL BHARATHAN","AMRAPALI GOLF HOMES","8008178919, 8008178959"
"127","Mrs. SUNEETA CHATURVEDI","AMRAPALI GOLF HOMES","9450760834"
"128","Mrs. REKHA JOSHI","AMRAPALI GOLF HOMES","9818513966"
"129","Mr. SUNIL KUMAR DHAR","AMRAPALI GOLF HOMES","9419282671"
"130","Mr. AWADHESH SINGH","AMRAPALI GOLF HOMES","9212416620"
"131","Mr. NAVEEN KUMAR SHARMA","AMRAPALI GOLF HOMES","7042727045"
"132","Mr. SUDESH DEEPAK SHUKLA","AMRAPALI GOLF HOMES","8308038100 / 9953218837"
"133","Mr. PRASHANT KUMAR","AMRAPALI GOLF HOMES","09412663991, 9690178805"
"134","Mr. GAURAV KUMAR PALIWAL","AMRAPALI GOLF HOMES","9967110434"
"135","Mr. HARSH KUMAR GOSAIN","AMRAPALI GOLF HOMES","9416546254"
"136","Mrs. DURGESH SHUKLA","AMRAPALI GOLF HOMES","9412068304"
"137","Mr. ABHINAY SINGH SACHAN","AMRAPALI GOLF HOMES","9873301081, 9650001492"
"138","Mr. PAWAN KUMAR ROHATGI","AMRAPALI GOLF HOMES","9910003680"
"139","Mrs. LATHA MAHESH","AMRAPALI GOLF HOMES","8130172772"
"140","Mr. SAURABH KUMAR","AMRAPALI GOLF HOMES","9511916700"
"141","Mr. RAJIV JOSHI","AMRAPALI GOLF HOMES","9999512734"
"142","Mr. VINEET MALASI","AMRAPALI GOLF HOMES","9891818930"
"143","Mr. PANKAJ KUMAR","AMRAPALI GOLF HOMES","9953215588"
"144","Mr. MUKESH KUMAR PAL","AMRAPALI GOLF HOMES","9650038638"
"145","Mr. SANJEEV TYAGI","AMRAPALI GOLF HOMES","9810164560"
"146","Mr. HIMANSHU TIWARI","AMRAPALI GOLF HOMES","9818557389"
"147","Mr. PRODYUMNA CHATTERJEE","AMRAPALI GOLF HOMES","9810155824"
"148","Mr. RAJESH KUMAR TRIPATHI","AMRAPALI GOLF HOMES","9619162554, 9873987153"
"149","Mrs. MANORAMA BHAN(KACHROO)","AMRAPALI GOLF HOMES","9419147374"
"150","Mr. VISHAL GAUR","AMRAPALI GOLF HOMES","9636146963"
"151","Mr. SHAILESH PANDEY","AMRAPALI GOLF HOMES","9999619968"
"152","Mr. MANOJ SHARMA","AMRAPALI GOLF HOMES","9811883185, 9896605899"
"153","Mr. MANISH MOHAN","AMRAPALI GOLF HOMES","9818651002"
"154","Mr. SANDEEP GANGWAR","AMRAPALI GOLF HOMES","9999639957, 9897979675"
"155","Mr. RAKESH PATHANIA","AMRAPALI GOLF HOMES","9810539397"
"156","Mr. PRAMOD KUMAR SAHU","AMRAPALI GOLF HOMES","9818886704"
"157","Mrs. SUTINDERJEET KAUR","AMRAPALI GOLF HOMES","9971824483"
"158","Mr. PRAKASH SIMWAL","AMRAPALI GOLF HOMES","9999100806, 9999025735"
"159","Mr. SATYENDRA KUMAR MAHENDRA","AMRAPALI GOLF HOMES","9911656644"
"160","Mr. MADHUP NARAIN BHARDWAJ","AMRAPALI GOLF HOMES","9811871727"
"161","Mr. PRADEEP KUMAR","AMRAPALI GOLF HOMES","9873047098, 9312123504"
"162","Mr. ANAND JAIN","AMRAPALI GOLF HOMES","9811392245"
"163","Mrs. PARVEEN PURI","AMRAPALI GOLF HOMES","9871309233"
"164","Ms. SHWETA SARIN","AMRAPALI GOLF HOMES","9654365642"
"165","Mr. NITIN AGARWAL","AMRAPALI GOLF HOMES","9654617889"
"166","Mrs. SUNRUTA RATH","AMRAPALI GOLF HOMES","9987080039"
"167","Mr. RAM PRAKASH TYAGI","AMRAPALI GOLF HOMES","9910701967"
"168","Mr. RAJIV RANJAN","AMRAPALI GOLF HOMES","9968337848, 9555040079"
"169","Mr. SANJAY BANGA","AMRAPALI GOLF HOMES","9999826326"
"170","Colonel R. K. ARORA","AMRAPALI GOLF HOMES","07696012372, 9646960041"
"171","Mr. ABDULLAH ANSARI","AMRAPALI GOLF HOMES","9158389331, 9873498331"
"172","Colonel R. K. ARORA","AMRAPALI GOLF HOMES","07696012372, 9646960041"
"173","Mr. RAVI SHANKAR KUMAR","AMRAPALI GOLF HOMES","9779586706"
"174","Mrs. POOJA KAPOOR","AMRAPALI GOLF HOMES","9.36E+19"
"175","Mr. BINAY PATHAK","AMRAPALI GOLF HOMES","9560886616, 9779500000"
"176","Mr. ANURAG KAPILA","AMRAPALI GOLF HOMES","9650016663"
"177","Mr. NILANJAN DATTA","AMRAPALI GOLF HOMES","9873185150"
"178","Mrs. DIPIKA JAIN","AMRAPALI GOLF HOMES","9811040015"
"179","Mr. MANOJ KUMAR","AMRAPALI GOLF HOMES","9560777188, 9999334390"
"180","Mr. RAJESH KUMAR SINGH","AMRAPALI GOLF HOMES","7840064416"
"181","Mr. AMIT","AMRAPALI GOLF HOMES","9891101115, 9968142061"
"182","Mrs. SAPNA MALHOTRA","AMRAPALI GOLF HOMES","9811077034"
"183","Mr. RAM SWARUP SALUJA","AMRAPALI GOLF HOMES","9911551089"
"184","Mrs. KRISHNA SALUJA","AMRAPALI GOLF HOMES","9911551089"
"185","Mrs. SWARA GAUTAM","AMRAPALI GOLF HOMES","9654616909"
"186","Mr. VINOD KUMAR GUPTA","AMRAPALI GOLF HOMES","9953683494"
"187","Mr. MADHAVENDRA SINGH","AMRAPALI GOLF HOMES","7557582478"
"188","MR. VIJAY KUMAR GUPTA","AMRAPALI GOLF HOMES","8130606673"
"189","Mr. JAGDEEP SINGH","AMRAPALI GOLF HOMES","8003423868, 9810810827"
"190","Mr. RAKESH KUMAR MADAN","AMRAPALI GOLF HOMES","9312501145"
"191","Mrs. SUMITA MADAN","AMRAPALI GOLF HOMES","9312501145"
"192","M/S BENNETT, COLEMAN & CO. LTD","AMRAPALI GOLF HOMES",""
"193","Mr. SUMIT CHHABRA","AMRAPALI GOLF HOMES","9873464418"
"194","MR. ABHISHEK TULSIAN","AMRAPALI GOLF HOMES","9818135222"
"195","Mr. PIYUSH GUPTA","AMRAPALI GOLF HOMES","9910683558"
"196","MR. ADITYA KUMAR SINGH","AMRAPALI GOLF HOMES","8447758076"
"197","Mr. MANOB ADITYA","AMRAPALI GOLF HOMES","9213648342"
"198","MRS. ANJU RANI","AMRAPALI GOLF HOMES","9760344238"
"199","Mrs. NISHA RAJ","AMRAPALI GOLF HOMES",""
"200","MR. SUBHASH KUMAR","AMRAPALI GOLF HOMES","7835886762"
"201","MR. NITIN GUPTA","AMRAPALI GOLF HOMES","8588897980"
"202","Mrs. NEHA GUPTA","AMRAPALI GOLF HOMES","9810929916"
"203","Mr. NEERAV KUMAR","AMRAPALI GOLF HOMES","9811132751"
"204","Captain AJAY KUMAR PANDEY","AMRAPALI GOLF HOMES","9320610420, 255-767101036"
"205","MRS. SWATI SINGH","AMRAPALI GOLF HOMES","9953043585"
"206","MR. ASHISH MITTAL","AMRAPALI GOLF HOMES","9971733827"
"207","Mr. SAILENDRA YADAV","AMRAPALI GOLF HOMES","9793199632, 255767565672"
"208","Mr. RAJ VARDHAN RASTOGI","AMRAPALI GOLF HOMES","95685626261"
"209","Mr. MEGH NATH SINGH","AMRAPALI GOLF HOMES","9582555335"
"210","Mr. ABHISHEK DIXIT","AMRAPALI GOLF HOMES","9650398447"
"211","Dr. DINESH KUMAR VERMA","AMRAPALI GOLF HOMES","9412454778"
"212","Mr. LALIT NARAYAN","AMRAPALI GOLF HOMES","9771436672"
"213","Mr. SUNIL KUMAR","AMRAPALI GOLF HOMES","9004138656"
"214","Mr. NAVEEN GUPTA","AMRAPALI GOLF HOMES","81716087069, 9958802579"
"215","Mr. ASHOK BHATT","AMRAPALI GOLF HOMES","9999991592"
"216","Mr. ABHISHEK SAXENA","AMRAPALI GOLF HOMES","9810358105"
"217","Ms. ANUBHA VAIDIK","AMRAPALI GOLF HOMES","8527257227"
"218","Mr. JEEWA NAND JOSHI","AMRAPALI GOLF HOMES","9810363932, 9958791801"
"219","Mr. KUMAR GAURAV UPADHYAY","AMRAPALI GOLF HOMES","9761836719"
"220","Mrs. SUNITA KANOJIA","AMRAPALI GOLF HOMES","9958799639, 9810468364"
"221","MRS. KALPANA","AMRAPALI GOLF HOMES","9431267923"
"222","Mrs. POOJA JAIN","AMRAPALI GOLF HOMES","9654999801, 9654998954"
"223","Mr. PEEYUSH KUMAR CHAUBEY","AMRAPALI GOLF HOMES","9818760957"
"224","Mr. KAILASH PATI SINGH","AMRAPALI GOLF HOMES","9818360457"
"225","Mr. VINOD SINGH ASWAL","AMRAPALI GOLF HOMES","9910385010"
"226","Mr. VINAY DUTT","AMRAPALI GOLF HOMES","9810718920"
"227","Mr. ANKUR BANSAL","AMRAPALI GOLF HOMES","9536844444"
"228","Mr. RAJ KUMAR SINGH RAGHUVANSHI","AMRAPALI GOLF HOMES","9456257663"
"229","Mrs. BALESH DEVI","AMRAPALI GOLF HOMES","9650199018"
"230","Mr. GAUTAM GUHA","AMRAPALI GOLF HOMES","9999061696"
"231","Mr. MUKESH CHANDRA GUPTA","AMRAPALI GOLF HOMES","9000911474, 9212004244"
"232","Mrs. DEEPIKA","AMRAPALI GOLF HOMES","9899115802"
"233","Mr. DEVAKINANDAN AWASTHI","AMRAPALI GOLF HOMES","8929656188"
"234","Mr. VINOD KUMAR SINGH","AMRAPALI GOLF HOMES","8806228536"
"235","Mr. SONU MATHPAL","AMRAPALI GOLF HOMES","9916276060, 9818758324"
"236","Mr. NAVEEN MAMGAIN","AMRAPALI GOLF HOMES","9910334278"
"237","Mr. PRAVIN KUMAR","AMRAPALI GOLF HOMES","8860482892"
"238","Mrs. SARITA JOSHI","AMRAPALI GOLF HOMES","9968255903"
"239","Mr. DINESH PANDEY","AMRAPALI GOLF HOMES","9990641987"
"240","Mr. SANJEEV KUMAR RANA","AMRAPALI GOLF HOMES","9811046533"
"241","Mr. SHAHID SHOWKAT SHEHRI","AMRAPALI GOLF HOMES","8860603333"
"242","Mr. TANVEERUL HAQUE","AMRAPALI GOLF HOMES","9415201529"
"243","Mr. VARISH YADAV","AMRAPALI GOLF HOMES","+91 7088777688"
"244","Mr. DEEPAK SEHGAL","AMRAPALI GOLF HOMES","9953288066"
"245","Mr. SUNIL KUMAR","AMRAPALI GOLF HOMES","9470155562"
"246","Mrs. AMRITA","AMRAPALI GOLF HOMES","8879406620"
"247","Mrs. SADHANA KUMARI","AMRAPALI GOLF HOMES","9930295877, 9167679015"
"248","Mr. NAVIN SINGH FARTIYAL","AMRAPALI GOLF HOMES","9810940645, 8608302531"
"249","Major PRITHI PAL SINGH GHAI","AMRAPALI GOLF HOMES","8437926884"
"250","Mr. BASANT KUMAR","AMRAPALI GOLF HOMES","9816618065"
"251","Mr. SANTOSH KUMAR SINGH","AMRAPALI GOLF HOMES","9971110853"
"252","Mr. SHEIKH FARUKH","AMRAPALI GOLF HOMES","9831049827, 8826661777"
"253","Mr. VIPENDRA KUMAR SINGH","AMRAPALI GOLF HOMES","9250916747, 9810828854"
"254","Mrs. RUBI GOGOI KAGTI","AMRAPALI GOLF HOMES","9864040029"
"255","Mrs. YASMIN VERMA","AMRAPALI GOLF HOMES","9435194492"
"256","Mrs. PRIYANKA SINGH","AMRAPALI GOLF HOMES","9801390564"
"257","Mr. UMESHWAR PRASAD SINGH","AMRAPALI GOLF HOMES","9971002409"
"258","Mr. VEDABIT NAG","AMRAPALI GOLF HOMES","9891169811"
"259","Mr. SAIKAT KUMAR NAG","AMRAPALI GOLF HOMES","9818505180"
"260","Mr. ARVIND KUMAR SINGH","AMRAPALI GOLF HOMES","9910984470"
"261","Mr. PRASUN GOSWAMI","AMRAPALI GOLF HOMES","9435047258"
"262","Mr. MANOJ KUMAR SINGH.","AMRAPALI GOLF HOMES","9864026365"
"263","Mr. KUNAL JAIPURIAR","AMRAPALI GOLF HOMES","9910806111"
"264","Mr. SIDDHARTH SHARMA","AMRAPALI GOLF HOMES","9763605199"
"265","Mr. MANASH KAMAL KAGTI","AMRAPALI GOLF HOMES","9864093408"
"266","Mr. RAKESH KUMAR CHOUDHARY","AMRAPALI GOLF HOMES","9779584789, 7023000527"
"267","Mr. DILSHAD MOHAMMAD","AMRAPALI GOLF HOMES","8573030228"
"268","Mr. ABHISHEK KUMAR SRIVASTAVA","AMRAPALI GOLF HOMES","9535501685"
"269","Mr. VINOD KUMAR TRIPATHI","AMRAPALI GOLF HOMES","9650994631"
"270","Mr. PRASHANT GOEL","AMRAPALI GOLF HOMES","8527802020, 9810309417"
"271","Mrs. KAMAL KHANNA","AMRAPALI GOLF HOMES","9650288191"
"272","Mrs. ANUBHUTI NAGPAL","AMRAPALI GOLF HOMES","9810813280"
"273","MR. KRISHNA CHANDRAN E","AMRAPALI GOLF HOMES","9910064691"
"274","MRS. ANAMIKA RAJ","AMRAPALI GOLF HOMES","8527850101"
"275","Mr. MANJEET KUMAR SAHU","AMRAPALI GOLF HOMES","9952769287"
"276","MR. SAMIRAN HUTAIT","AMRAPALI GOLF HOMES","8447434980"
"277","MR. ASHOK KUMAR SINGH","AMRAPALI GOLF HOMES","9810803099, 9310670033"
"278","MR. VIVEK KUMAR PANDEY","AMRAPALI GOLF HOMES","9555605095"
"279","MR. MUKESH KUMAR HANSA","AMRAPALI GOLF HOMES","7838333230"
"280","MR. SHAYOR DAS","AMRAPALI GOLF HOMES","8587974177"
"281","Mrs. NISHA RAJ","AMRAPALI GOLF HOMES",""
"282","Mr. ONKARMAL KEDIA","AMRAPALI GOLF HOMES","9868949110"
"283","MR. VARUN PRAKASH","AMRAPALI GOLF HOMES","9999500461"
"284","M/s. OM EARTH MOVERS","AMRAPALI GOLF HOMES","9910677225"
"285","M/s AMAR UJALA PUBLICATIONS LTD.","AMRAPALI GOLF HOMES","9654353193"
"286","Mr. NIRAJ AGARWAL","AMRAPALI GOLF HOMES",""
"287","MR. ASHWANI KUMAR","AMRAPALI GOLF HOMES","8130797634"
"288","MR. NAVNEET","AMRAPALI GOLF HOMES","9716971690, 9654681953"
"289","MRS. SHAILY SINHA","AMRAPALI GOLF HOMES","9717300547"
"290","MR. AMIT KUMAR SINGH.","AMRAPALI GOLF HOMES","8130797639, 9415262718"
"291","Mrs. RAKA AGRAWAL","AMRAPALI GOLF HOMES","9412201336"
"292","Mrs. GEETA AGGARWAL","AMRAPALI GOLF HOMES","9818284541"
"293","Mr. SURENDRA SINGH","AMRAPALI GOLF HOMES","9910168408"
"294","Ms. DEEPTI BALAKRISHNAN","AMRAPALI GOLF HOMES","9015864206"
"295","Mr. PANKAJ TIWARI","AMRAPALI GOLF HOMES","9868248932"
"296","Ms. GAURI SHARMA","AMRAPALI GOLF HOMES","9899675114"
"297","VANDANA SINGH","AMRAPALI GOLF HOMES","9899247719"
"298","Mr. HARENDRA SINGH MAHARA","AMRAPALI GOLF HOMES","9917469802"
"299","Mr. VIJAY KRISHAN MISHRA","AMRAPALI GOLF HOMES","9415996742"
"300","Mrs. RAKHI ANNIE VARGHESE","AMRAPALI GOLF HOMES","9810128464"
"301","Mr. AMIT KUMAR","AMRAPALI GOLF HOMES","8445176052"
"302","Mr. DEVESH SUYAL","AMRAPALI GOLF HOMES","9953495538"
"303","Mr. DORI LAL PAULI","AMRAPALI GOLF HOMES","9718935570, 9781972762, 9256636115"
"304","Mr. RAJEEV RANJAN","AMRAPALI GOLF HOMES","9910397896"
"305","Dr. S. N. YADAV","AMRAPALI GOLF HOMES","9350945840"
"306","Mr. VINOD KUMAR PARASHAR","AMRAPALI GOLF HOMES","9911400482, 9958240528"
"307","Mr. PRAVIN KUMAR MAHTO","AMRAPALI GOLF HOMES",""
"308","Mr. PRAVEEN RAJLANI","AMRAPALI GOLF HOMES","9958189344"
"309","Mr. SANJAY BHATNAGAR","AMRAPALI GOLF HOMES","9711420202"
"310","Ms. HIMANI SINGH","AMRAPALI GOLF HOMES","9818375123"
"311","Mrs. MARIYAM SIDDIQUI","AMRAPALI GOLF HOMES","9810333121, 9654942044"
"312","Mr. KUMAR SHUBASH","AMRAPALI GOLF HOMES","9973433250"
"313","Mr. SANTOSH KUMAR","AMRAPALI GOLF HOMES","9.19411E+11"
"314","Mr. JIT SINGH PANWAR","AMRAPALI GOLF HOMES","9958236917"
"315","Mr. CHARANJEET SINGH","AMRAPALI GOLF HOMES","9871011222"
"316","Mr. GIRIJESH AWASTHI","AMRAPALI GOLF HOMES","9999356567, 9311269956"
"317","Mrs. SUMAN PRAKASH","AMRAPALI GOLF HOMES","7024107907"
"318","Mr. AJAY KUMAR SRIVASTAVA","AMRAPALI GOLF HOMES","8430683009"
"319","Mr. KARTAR SINGH","AMRAPALI GOLF HOMES","9958743874"
"320","Mr. DEEPAK PAL","AMRAPALI GOLF HOMES","9910712772"
"321","Mr. AMAR KANT CHOUDHARY","AMRAPALI GOLF HOMES","9891755055"
"322","Mr. DHANANJAI SINGH","AMRAPALI GOLF HOMES","9873162474"
"323","Mrs. VIMLA KUMARI","AMRAPALI GOLF HOMES","8084940506"
"324","Mr. SUDHANSHU SHEKHAR","AMRAPALI GOLF HOMES","9742400032"
"325","Mr. LAXMI SHANKAR","AMRAPALI GOLF HOMES","9958532478"
"326","Mr. VISHAL GUPTA","AMRAPALI GOLF HOMES","15178330838"
"327","Mr. SANDEEP KUMAR SINGH","AMRAPALI GOLF HOMES","7703810567"
"328","Mr. NAVANIT KUMAR","AMRAPALI GOLF HOMES","9971393756"
"329","Mr. ALEEM AKHTAR","AMRAPALI GOLF HOMES","9958691612"
"330","Mr. MOHAMMAD ASIF","AMRAPALI GOLF HOMES","9958592312"
"331","Mr. AMIT SAXENA","AMRAPALI GOLF HOMES","9208044634, 7704088887."
"332","Mr. SAURABH SRIVASTAVA","AMRAPALI GOLF HOMES","9312031100"
"333","Mr. RAMA SHANKER DUBEY","AMRAPALI GOLF HOMES","9953225871"
"334","Mr. SIDDHARTH PATHAK","AMRAPALI GOLF HOMES","9811356185"
"335","Mr. AJAY KUMAR SHARMA","AMRAPALI GOLF HOMES","9899195324"
"336","Mr. NAYYAR ANIS","AMRAPALI GOLF HOMES","9.66508E+11"
"337","MRS. MEENU SHARMA","AMRAPALI GOLF HOMES","9811744736"
"338","Mr. SANJEET KUMAR BHAGAT","AMRAPALI GOLF HOMES","07804948194, 09179808956"
"339","Mr. PANKAJ SHARMA","AMRAPALI GOLF HOMES","9999428898"
"340","Mr. ARVIND KUMAR","AMRAPALI GOLF HOMES","9878945789, 9811356185"
"341","Mr. PARMANAND KUMAR","AMRAPALI GOLF HOMES","9473196052"
"342","Mr. ARVIND KUMAR","AMRAPALI GOLF HOMES","9431688186"
"343","Mrs. BHAVANA M","AMRAPALI GOLF HOMES","9892838303"
"344","Mr. KAMLESH KUMAR SINGH","AMRAPALI GOLF HOMES","9415451100"
"345","Mr. MOHIT SHARMA","AMRAPALI GOLF HOMES","9654592563, 9971807074"
"346","Mr. AJAY KUMAR DUBEDI","AMRAPALI GOLF HOMES","8800749199"
"347","Mr. GOVIND LAL BAHL","AMRAPALI GOLF HOMES","9650296856"
"348","Mr. CHANDRA PRAKASH SRIVASTAVA","AMRAPALI GOLF HOMES","9718178142"
"349","Mr. ABHISHEK YADAV","AMRAPALI GOLF HOMES","9999889300"
"350","Mr. VISHESH NARGOTRA","AMRAPALI GOLF HOMES","9810957299"
"351","Mr. MANISH SRIVASTAVA","AMRAPALI GOLF HOMES","9899477990"
"352","Mr. DEEPAK RANJAN MOHARANA","AMRAPALI GOLF HOMES","9911919555"
"353","Mr. VISHWAS SRIVASTAVA","AMRAPALI GOLF HOMES","8830997131"
"354","Mrs. JYOTI VERMA","AMRAPALI GOLF HOMES","9818436367"
"355","DR. ABIDA PARVEEN","AMRAPALI GOLF HOMES","9891478449, 9891962200"
"356","Mrs. SHIPRA SRIVASTAVA","AMRAPALI GOLF HOMES","7875492607"
"357","Mr. RAMAN KATHURIA","AMRAPALI GOLF HOMES","9811090696, 9731811922"
"358","MR. TARUN MUKHIJA","AMRAPALI GOLF HOMES","8860086019, 9910079132"
"359","Mr. MAYANK KUMAR TRIPATHI","AMRAPALI GOLF HOMES","9452439789"
"360","MR. AMIT VISHNU RAWAL","AMRAPALI GOLF HOMES","9403771101"
"361","Mr. ARUP KUMAR SINHA","AMRAPALI GOLF HOMES","9868393758, 0019495008229"
"362","Mr. SUMEET GUPTA","AMRAPALI GOLF HOMES","9711411969"
"363","Mr. CHANDAN KUMAR","AMRAPALI GOLF HOMES","7838001661"
"364","Mr. AVINASH KUMAR","AMRAPALI GOLF HOMES","9565568999"
"365","MRS. ZEENAT FIRDOUSH","AMRAPALI GOLF HOMES","8285570478"
"366","Mr. SANDIP SINGH","AMRAPALI GOLF HOMES","9540385131"
"367","MR. VIPIN KUMAR","AMRAPALI GOLF HOMES","9582764422"
"368","Mrs. PUSHPA VERMA","AMRAPALI GOLF HOMES","9810146302"
"369","Mr. VAIBHAV MAHESHWARI","AMRAPALI GOLF HOMES","9911726022"
"370","Mrs. ARPITA BANSAL","AMRAPALI GOLF HOMES","8800093702"
"371","MR. NAVEEN GUPTA","AMRAPALI GOLF HOMES","9899462384"
"372","MR. VIPIN KUMAR","AMRAPALI GOLF HOMES","8588096490"
"373","MR. NISHANT","AMRAPALI GOLF HOMES","9717118331"
"374","MR. ANIRBAN SAHA","AMRAPALI GOLF HOMES","7588609669"
"375","MR. ANKUR PRADHAN","AMRAPALI GOLF HOMES","9999737933"
"376","MRS. PRABHA SAXENA","AMRAPALI GOLF HOMES","9810495552"
"377","Mr. NARENDRA K SHARMA","AMRAPALI GOLF HOMES","9990398458"
"378","Mr. ANUPAM KUMAR","AMRAPALI GOLF HOMES","9.99E+19"
"379","MR. MANOJ KUMAR SINGH","AMRAPALI GOLF HOMES","9.71559E+11"
"380","MRS. DAMYANTI BISHT","AMRAPALI GOLF HOMES","9811291616"
"381","MR. PRABHAT MISHRA","AMRAPALI GOLF HOMES","8860570583, 8130744027"
"382","MR. PRASHANT KUMAR SHARMA","AMRAPALI GOLF HOMES","9911921347, 9911921348"
"383","Mr. RAJESH KUMAR","AMRAPALI GOLF HOMES","9490958086"
"384","Mr. SHIV ADHAR SHRIVASTAVA.","AMRAPALI GOLF HOMES","9868113309"
"385","MR. AJAY VERMA","AMRAPALI GOLF HOMES","7720037008, 9045009277"
"386","MR. SANTOSH KUMAR","AMRAPALI GOLF HOMES","8904541847"
"387","MR. MANISH RANJAN","AMRAPALI GOLF HOMES","8012450062, 9910071048, 9934084606"
"388","Ms. UMA RAWAT","AMRAPALI GOLF HOMES","9910307782"
"389","MR. AMIT KUMAR JHA","AMRAPALI GOLF HOMES","8512873556"
"390","MR. SAMIR KUMAR","AMRAPALI GOLF HOMES","9540462100"
"391","MR. DIVJOT SINGH","AMRAPALI GOLF HOMES","9769716706"
"392","MR. HARISH GARWAL","AMRAPALI GOLF HOMES","8860455954"
"393","MR. ADITYA PRAKASH","AMRAPALI GOLF HOMES","8197840120"
"394","Mr Sudhakar Mishra","AMRAPALI GOLF HOMES",""
"395","M/S. BENNETT, COLEMAN & CO. LTD","AMRAPALI GOLF HOMES",""
"396","M/S. BENNETT, COLEMAN & CO. LTD","AMRAPALI GOLF HOMES",""
"397","M/S UNIFIED CAPITAL SOLUTIONS PVT LTD","AMRAPALI GOLF HOMES",""
"398","M/S. BENNETT, COLEMAN & CO. LTD","AMRAPALI GOLF HOMES",""
"399","MRS. MANI LAMBA","AMRAPALI GOLF HOMES","9711306370"
"400","MR. SHALLABH MITTAL","AMRAPALI GOLF HOMES","8904049064"
"401","M/S BENNETT, COLEMAN & CO. LTD","AMRAPALI GOLF HOMES",""
"402","M/S. BENNETT, COLEMAN & CO. LTD","AMRAPALI GOLF HOMES",""
"403","MR. RAM KISHOR","AMRAPALI GOLF HOMES","9990210041"
"404","MR. NAVEEN MITTAL","AMRAPALI GOLF HOMES","9810887986"
"405","MRS. BHARATI RAJESH SANGHI","AMRAPALI GOLF HOMES","9810058436"
"406","Mrs. NIBHA","AMRAPALI GOLF HOMES","7011319082"
"407","M/s AMAR UJALA PUBLICATIONS LTD.","AMRAPALI GOLF HOMES","9654353193"
"408","MR. NARENDER SINGH","AMRAPALI GOLF HOMES","9911029137"
"409","MR. ABHISHEK MISHRA","AMRAPALI GOLF HOMES","9873383155"
"410","Mrs. RAJ BALA","AMRAPALI GOLF HOMES","9873312815"
"411","MRS. SUSHMA SRIVASTAVA","AMRAPALI GOLF HOMES","9455691555"
"412","MRS. SHIVANI CHAIL","AMRAPALI GOLF HOMES","9873666754"
"413","MRS. SONIA TAYAL","AMRAPALI GOLF HOMES","9971116086"
"414","Mr. NIKHIL PANDEY","AMRAPALI GOLF HOMES","9811322998"
"415","Mr. VIJAY SHANKAR YADAV","AMRAPALI GOLF HOMES","8800904760"
"416","Mrs. ALICE PAUL","AMRAPALI GOLF HOMES","9868858764"
"417","Mr. NIKHIL BHARGAVA","AMRAPALI GOLF HOMES","9910063200"
"418","Mr. MANI BHUSHAN","AMRAPALI GOLF HOMES","9999646235"
"419","Mr. RAM BINOD PRASAD GUPTA","AMRAPALI GOLF HOMES","9431493428"
"420","Mrs. MALA KUMARI","AMRAPALI GOLF HOMES","9999015385"
"421","Mr. AMIT KUMAR","AMRAPALI GOLF HOMES","8986873156"
"422","Ms. SHREYA JHA","AMRAPALI GOLF HOMES","9820980340, 9331152920"
"423","Mr. ANOOP KUMAR SHARMA","AMRAPALI GOLF HOMES","9412729123"
"424","Mr. PRADIP BARUA","AMRAPALI GOLF HOMES","9868637618"
"425","Mr. AMARENDRA NATH MONDAL","AMRAPALI GOLF HOMES","9810049918"
"426","Mr. G. RODRIGUES","AMRAPALI GOLF HOMES","9999507441"
"427","Mr. VILAS FUNDE","AMRAPALI GOLF HOMES","9999356364, 9811385920"
"428","Mr. GAURAV RISHI","AMRAPALI GOLF HOMES","9212101813, 9871698957"
"429","Mr. NITIN TRIPATHI","AMRAPALI GOLF HOMES","9560081976"
"430","Mrs. TULSI BAURA","AMRAPALI GOLF HOMES","9871241242, 9810915505"
"431","Mr. RAJIV KUMAR SRIVASTAVA","AMRAPALI GOLF HOMES","9717630765"
"432","Mr. AJEET KUMAR MAURYA","AMRAPALI GOLF HOMES","9953207162"
"433","Mr. RAHUL KUMAR","AMRAPALI GOLF HOMES","9868270277"
"434","Ms. MANJU AGARWAL","AMRAPALI GOLF HOMES","9837054553"
"435","Mr. ABHINANDAN DIXIT","AMRAPALI GOLF HOMES","+91-8518922587,+91-9650398447"
"436","Mr. DEVESH","AMRAPALI GOLF HOMES","9891081175"
"437","Mr. AJAY KUMAR AGARWAL.","AMRAPALI GOLF HOMES","9837054553"
"438","Mr. JASWINDER SINGH SETHI","AMRAPALI GOLF HOMES","9810150978"
"439","Mr. KAMTA SINGH","AMRAPALI GOLF HOMES","8586092450"
"440","Mr. VIVEK SHARMA","AMRAPALI GOLF HOMES","8800969036"
"441","Mr. ANKIT SAXENA","AMRAPALI GOLF HOMES","7770079112"
"442","Mr. BIKASH KUMAR SINHA","AMRAPALI GOLF HOMES","9958411805"
"443","Dr. ATUL MAHAJAN","AMRAPALI GOLF HOMES","9810678453"
"444","Mrs. SUNITA TIRKEY","AMRAPALI GOLF HOMES","9811976711, 9999009438"
"445","Mr. KARAN PURI","AMRAPALI GOLF HOMES","9811918729"
"446","Mr. SIVA KUMAR GUILA","AMRAPALI GOLF HOMES","8130797541"
"447","Mr. RAJKUMAR SATYARTHI","AMRAPALI GOLF HOMES","8130797642"
"448","Mrs. SEEMA KUMAR","AMRAPALI GOLF HOMES","8800601091"
"449","Mr. ANKUR KATHURIA","AMRAPALI GOLF HOMES","9811950671"
"450","Mr. SUDEEP SHARMA","AMRAPALI GOLF HOMES","9899127980"
"451","Mr. MANISH SARATHE","AMRAPALI GOLF HOMES","""7760686273, 9560960707"
"452","Mrs. LATIKA VARMA","AMRAPALI GOLF HOMES","9431027333"
"453","Mr. VIVEK KUMAR SETH","AMRAPALI GOLF HOMES","9811368475"
"454","Mr. ANIL BEELWAL","AMRAPALI GOLF HOMES","9911415837"
"455","Mr. SUJEET KUMAR SINGH","AMRAPALI GOLF HOMES","9873007098, 09450311870"
"456","Mr. BRAJESH GUPTA","AMRAPALI GOLF HOMES","9810494457"
"457","Mr. YOGESH KUMAR BEELWAL","AMRAPALI GOLF HOMES","9990008140"
"458","Mrs. MANISHA GUPTA","AMRAPALI GOLF HOMES","9419143773"
"459","Mr. SANDEEP KUMAR","AMRAPALI GOLF HOMES","9611134235"
"460","Mr. SAURABH SRIVASTAVA","AMRAPALI GOLF HOMES","8743067236"
"461","Mr. KULESH GOSWAMI","AMRAPALI GOLF HOMES","9864091338"
"462","Mr. NITIN GUPTA","AMRAPALI GOLF HOMES","9414788007"
"463","Mr. ASHISH KUMAR","AMRAPALI GOLF HOMES","8826326666"
"464","Mr. SHYAM LAL KUNHARIYA","AMRAPALI GOLF HOMES","9910286239"
"465","Mrs. SHASHI KIRAN KUJUR TIGGA","AMRAPALI GOLF HOMES","9910008956, 9868149204"
"466","Mr. VIVEK KUMAR SHUKLA","AMRAPALI GOLF HOMES","9.17906E+11"
"467","Mrs. MALA HANDIQUE","AMRAPALI GOLF HOMES","9435017043, 9864073606"
"468","Mr. ARUNABH DUTTA","AMRAPALI GOLF HOMES","9873006285"
"469","Mrs. MALA HANDIQUE","AMRAPALI GOLF HOMES","9864073606, 9435017043"
"470","Mr. ARVIND KUMAR DAS","AMRAPALI GOLF HOMES","9810330694"
"471","Mr. SAKET SAURAV","AMRAPALI GOLF HOMES","7838309425"
"472","Mr. BAMBAM SINGH","AMRAPALI GOLF HOMES","9430249478"
"473","Mr. DINESH KUMAR","AMRAPALI GOLF HOMES","9311166194, 9800892829"
"474","MR. AZHAR AIJAZ","AMRAPALI GOLF HOMES","9000009488"
"475","Mr. SANTANU SARMA","AMRAPALI GOLF HOMES","8285606661, 8607073500"
"476","Mr. KUMAR BINOD PRABHAT","AMRAPALI GOLF HOMES","9560487772"
"477","Mr. INDRANIL GHOSH","AMRAPALI GOLF HOMES","9711311954"
"478","Mr. AJIT GUPTA","AMRAPALI GOLF HOMES","9810825216"
"479","Mr. ANTRIKSH DHULIA","AMRAPALI GOLF HOMES","9953118875, 9818573871"
"480","Mrs. GARIMA SINGH","AMRAPALI GOLF HOMES","9911526761"
"481","Mr. M. RAMAMURTHY","AMRAPALI GOLF HOMES","9811241550"
"482","Mr. BHARTI SABHARWAL","AMRAPALI GOLF HOMES","9811142472"
"483","Mr. ANGAD KUMAR","AMRAPALI GOLF HOMES","9911044437"
"484","Mr. DEEPAK SHARMA.","AMRAPALI GOLF HOMES","9418468489"
"485","Mr. PRATIM PARTHO MODAK","AMRAPALI GOLF HOMES","8826009125"
"486","DR. SAURABH MITTAL","AMRAPALI GOLF HOMES","9811332151"
"487","MR. GAURAV KUMAR","AMRAPALI GOLF HOMES","9999500960"
"488","M/S BENNETT, COLEMAN & CO. LTD","AMRAPALI GOLF HOMES",""
"489","MR. PRAVIN ANAND","AMRAPALI GOLF HOMES","9560818943"
"490","Mrs. RICHA SHARMA","AMRAPALI GOLF HOMES","9910303918"
"491","Mrs. SWETA GAUR","AMRAPALI GOLF HOMES",""
"492","Mrs. SAROJ SINGH","AMRAPALI GOLF HOMES",""
"493","Mr. KARTIK DASS","AMRAPALI GOLF HOMES","9999624778"
"494","Mr. PARSHANT KUMAR","AMRAPALI GOLF HOMES","7838309425"
"495","MRS. SUMAN SHARMA.","AMRAPALI GOLF HOMES","9899703359"
"496","MRS. SONIA AGGARWAL","AMRAPALI GOLF HOMES","9810092731"
"497","MR. RAJESH KARGETI","AMRAPALI GOLF HOMES","9999574766"
"498","Mrs. SHAELY GARG","AMRAPALI GOLF HOMES","9971226730"
"499","Ms. PRADEEP KAUR","AMRAPALI GOLF HOMES","9811443738"
"500","Mr. PRATIK MATHUR","AMRAPALI GOLF HOMES","9873249675"
"501","Dr. SHILPI MOGA","AMRAPALI GOLF HOMES","9811060199"
"502","Mrs. JAYASHREE MANDAL","AMRAPALI GOLF HOMES","9899007123"
"503","Mr. RAHUL KUMAR RANA","AMRAPALI GOLF HOMES","9910657784"
"504","Mr. ISHWAR SINGH","AMRAPALI GOLF HOMES","9991460604"
"505","Mr. JEEVAN KUMAR JHA","AMRAPALI GOLF HOMES","9717255607, 9891354048"
"506","Mrs. GRACY THOMAS","AMRAPALI GOLF HOMES","9968039492"
"507","Mrs. GINIMOL BIJU","AMRAPALI GOLF HOMES","9891057203, 9868474224"
"508","Mr. BIJAY KUMAR","AMRAPALI GOLF HOMES","8809155660"
"509","Mr. KISHORE KUMAR SHARMA","AMRAPALI GOLF HOMES","7366256944 ,9893858181"
"510","Mr. MAHARAJ KRISHAN RAINA","AMRAPALI GOLF HOMES","9419182631"
"511","Mr. VIGYAAT VERMA","AMRAPALI GOLF HOMES","9582791067"
"512","Ms. ABHILASHA VARMA","AMRAPALI GOLF HOMES","9971574296, 9868325330, 9968500032"
"513","Mr. SHAILENDRA KUMAR SINGH","AMRAPALI GOLF HOMES","9910095505"
"514","Mr. RAJEET SRIVASTAVA","AMRAPALI GOLF HOMES","9326005918"
"515","Mr. SANJAY KUMAR","AMRAPALI GOLF HOMES","8987308286"
"516","Mr. VIKRAM JIT","AMRAPALI GOLF HOMES","9418270627"
"517","Mr. RAJEEV RANJAN","AMRAPALI GOLF HOMES","9971027005"
"518","Mr. JASPREET SINGH BHATIA","AMRAPALI GOLF HOMES","9910353736"
"519","Mr. ANUPAM ADITYA","AMRAPALI GOLF HOMES","9582229389"
"520","Mr. BHUVNESH KUMAR GOEL","AMRAPALI GOLF HOMES","9837161488"
"521","Mr. SHOBHIT GUPTA","AMRAPALI GOLF HOMES","8588816822"
"522","Mr. GOVIND MAHTOLIA","AMRAPALI GOLF HOMES","9654159500, 9043585016"
"523","Mr. MUKESH KUMAR","AMRAPALI GOLF HOMES","9792200678"
"524","Mrs. RAJNI MAHAJAN","AMRAPALI GOLF HOMES","8146349989, 9837559666"
"525","Mr. SAMPURNANAND SHARMA","AMRAPALI GOLF HOMES","8826920857"
"526","Mr. M. BALACHANDRAN","AMRAPALI GOLF HOMES","9911274221"
"527","Mr. AIMAD AHMAD","AMRAPALI GOLF HOMES","9810210453"
"528","Mr. SANJAY KUMAR","AMRAPALI GOLF HOMES","9334052195"
"529","Mr. SUSHILKUMAR RAMGOPAL KANSARA","AMRAPALI GOLF HOMES","9558267982"
"530","Mr. ANISH KUMAR","AMRAPALI GOLF HOMES","9717641086"
"531","Mr. HAITRAM","AMRAPALI GOLF HOMES","7060749346"
"532","Mr. VIPIN JAIN","AMRAPALI GOLF HOMES","9982531417 ,8989807282"
"533","Mrs. PREM LATA KUMARI","AMRAPALI GOLF HOMES","9934781500"
"534","Mr. VIBHAV SHUKLA","AMRAPALI GOLF HOMES","8826912661, 9415475225"
"535","Mrs. MUNNI SHARMA","AMRAPALI GOLF HOMES","9911980198, 9650930099, 9310512641"
"536","Mr. R. K. CHOPRA","AMRAPALI GOLF HOMES","9810380804"
"537","Mr. RAKESH KUMAR DAMATHIA","AMRAPALI GOLF HOMES","8130620909"
"538","Mr. PRAVEEN GUPTA","AMRAPALI GOLF HOMES","9811351280"
"539","Mrs. RENU AGARWAL","AMRAPALI GOLF HOMES","9266629503"
"540","Mrs. ANITA SAXENA","AMRAPALI GOLF HOMES","9871793334,+91 9811304075"
"541","Mr. PRASHANT KUMAR","AMRAPALI GOLF HOMES","9891742002"
"542","Mr. KAVINDER SINGH","AMRAPALI GOLF HOMES","9910777988 ,9810008657"
"543","Mr. ADARSH KUMAR SHARMA","AMRAPALI GOLF HOMES","9761860050, 9372747132"
"544","Mrs. HEMA GOYAL","AMRAPALI GOLF HOMES","9899455810"
"545","Mr. AMIT KUMAR","AMRAPALI GOLF HOMES","9650417342"
"546","Mr. DILIP SARKAR","AMRAPALI GOLF HOMES","9818358815"
"547","Mr. R. S. BISHT","AMRAPALI GOLF HOMES","8938808353"
"548","Mr. PRASAD K. KARANJGAONKAR","AMRAPALI GOLF HOMES","9811456449"
"549","Mrs. ANITHA AJAY","AMRAPALI GOLF HOMES","9711799008"
"550","Mr. ASHISH KUMAR VERMA","AMRAPALI GOLF HOMES","9818030994"
"551","Mr. AKHILESH GUPTA","AMRAPALI GOLF HOMES","9971426227"
"552","Dr. SOHAN LAL","AMRAPALI GOLF HOMES","9810439233"
"553","Mr. OM PRAKASH","AMRAPALI GOLF HOMES","9334654154"
"554","Ms. KRITI BELWAL","AMRAPALI GOLF HOMES","9818896274"
"555","Mr. NEELAISH SRIVASTAVA","AMRAPALI GOLF HOMES","08390918296, 09305090537"
"556","Mr. SUNIL CHANDRA BALUNI","AMRAPALI GOLF HOMES","9711588871"
"557","Dr. SOHAN LAL","AMRAPALI GOLF HOMES","9810439233"
"558","Mr. DEVENDER SINGH","AMRAPALI GOLF HOMES","""9971602208, 9210869804"
"559","Mr. CHANDRODAY","AMRAPALI GOLF HOMES","9454059709, 9582950088"
"560","Mr. KRISHAN KUMAR MANGLIK","AMRAPALI GOLF HOMES","9314328202"
"561","Mr. MRIGENDRA KUMAR MISHRA","AMRAPALI GOLF HOMES","9708035779"
"562","Mr. MANISH KUMAR SHARMA","AMRAPALI GOLF HOMES","9953001668"
"563","Mr. LOKESH VERMA","AMRAPALI GOLF HOMES","9711200605"
"564","Mr. CHANDAN SHARMA","AMRAPALI GOLF HOMES","7837905101"
"565","Mr. DEEPANKAR GUPTA","AMRAPALI GOLF HOMES","9935621087"
"566","Mrs. PRIYA SAHNI","AMRAPALI GOLF HOMES","9815394066"
"567","Mr. SWAYAM PRAKASH","AMRAPALI GOLF HOMES","9450632590"
"568","Mrs. ANKUR CHAKRAVARTI","AMRAPALI GOLF HOMES","9873712858, 9899819904"
"569","Mrs. ZAHIDA JAMEEL KHAN","AMRAPALI GOLF HOMES","9936317222, 9793136111, 9999075904"
"570","Mr. dinesh kumar sharma","AMRAPALI GOLF HOMES","9818703761"
"571","Mr. RAVINDRA NATH SRIVASTAVA","AMRAPALI GOLF HOMES","9968269237"
"572","Mr. AJAY PADMAKAR GADE","AMRAPALI GOLF HOMES","8421485025"
"573","Mrs. SONI RANJAN","AMRAPALI GOLF HOMES","9674713421"
"574","Mrs. SHOBHANA CHOUBEY","AMRAPALI GOLF HOMES","9916901517"
"575","Mr. MANDEEP MANDHAN","AMRAPALI GOLF HOMES","9582803577"
"576","Mr. GURCHARAN SINGH","AMRAPALI GOLF HOMES","9818332405"
"577","Ms. ANKITA MAKRARIA","AMRAPALI GOLF HOMES","9990812001"
"578","Mrs. GLORIA DUNGDUNG","AMRAPALI GOLF HOMES","9810386627"
"579","Mrs. NIRMALA DEVI","AMRAPALI GOLF HOMES","9810173635"
"580","Mr. RAJEEV RANJAN PRASAD SINHA","AMRAPALI GOLF HOMES","9893381881"
"581","Mr. VARUN BHARDWAJ","AMRAPALI GOLF HOMES","9650879222"
"582","Mrs. RESHMA ZAMIR","AMRAPALI GOLF HOMES","00971566121059, 9810483724"
"583","Mr. PRADEEP GROVER","AMRAPALI GOLF HOMES","9999360177"
"584","Mr. JAGAT SINGH PAL","AMRAPALI GOLF HOMES","9899061670"
"585","Mr. DEEPAK KACHRU","AMRAPALI GOLF HOMES",""
"586","Mrs. LALIT BALA BHARDWAJ","AMRAPALI GOLF HOMES","9899232881"
"587","Mr. RAJEEV JAIN","AMRAPALI GOLF HOMES","9718565445"
"588","MR. ANSHU KUMAR SINGH","AMRAPALI GOLF HOMES","9999053053"
"589","Dr. AJAY KUMAR","AMRAPALI GOLF HOMES","9312261272"
"590","Mr. PRAVEEN VERMA","AMRAPALI GOLF HOMES","9868399047"
"591","Mr. RAJEEV VERMA","AMRAPALI GOLF HOMES","9415041054"
"592","Mrs. HEMLATA ARYA","AMRAPALI GOLF HOMES","9.43E+19"
"593","M/s ALPHA PECIFIC INFRASTRUCTURE & DEVELOPERS PVT.","AMRAPALI GOLF HOMES","9891770015"
"594","MRS. JYOTSNA","AMRAPALI GOLF HOMES","9873038477"
"595","Mr. SUSHIL KUMAR","AMRAPALI GOLF HOMES","8789637034"
"596","Mrs. LEENA JAIBOY PHILLIPS","AMRAPALI GOLF HOMES","9867045294, 9867353294"
"597","Mr. NEELENDRA SARAN","AMRAPALI GOLF HOMES","9899749754"
"598","Mr. PREM KUMAR BADAL","AMRAPALI GOLF HOMES","8980577005"
"599","Mr. RANDHEER KUMAR MISHRA","AMRAPALI GOLF HOMES","9810085389"
"600","MR. NARENDRA RAWAT","AMRAPALI GOLF HOMES","7838696994"
"601","MRS. NANDITA DUTTA","AMRAPALI GOLF HOMES","9971277818"
"602","Mr. SHUBHANG NANDAN","AMRAPALI GOLF HOMES","8102699777"
"603","MR. RAVI RAMAN RAINA","AMRAPALI GOLF HOMES","9419280317"
"604","Mr. KULDEEP KUMAR SANDHU","AMRAPALI GOLF HOMES","9210212120"
"605","M/s. ALPHA PECIFIC INFRASTRUCTURE & DEVELOPERS PVT","AMRAPALI GOLF HOMES","9891770015"
"606","M/S. BENNETT, COLEMAN & CO. LTD","AMRAPALI GOLF HOMES",""
"607","Mrs. NISHA RAJ","AMRAPALI GOLF HOMES",""
"608","MRS. DEEPA SINGH","AMRAPALI GOLF HOMES","8765980180, 9818288501, 9717133603"
"609","MR. ATUL BANSAL","AMRAPALI GOLF HOMES","9873235555"
"610","MRS.PARUL","AMRAPALI GOLF HOMES","9711700197"
"611","MR. SANJEEV SETHI","AMRAPALI GOLF HOMES","9810029906"
"612","MR. SANJEEV SETHI","AMRAPALI GOLF HOMES","9810029906"
"613","Mr. AMIT SINHA","AMRAPALI GOLF HOMES","981156077"
"614","Mr. RAJESH KHOSLA","AMRAPALI GOLF HOMES",""
"615","Mr. VINOD KUMAR GUPTA (HUF)","AMRAPALI GOLF HOMES",""
"616","MR. YOGESH KUMAR","AMRAPALI GOLF HOMES","8799720550"
"617","MR. DIWAKAR SARASWAT","AMRAPALI GOLF HOMES","9910280654"
"618","MR. PRABHU NARAYAN","AMRAPALI GOLF HOMES","9810867731"
"619","MRS. PRIYANKA TOMAR","AMRAPALI GOLF HOMES","9911566466, 9971990202"
"620","MR. RISHI TRIPATHI","AMRAPALI GOLF HOMES","7838236440"
"621","MR. UTTAM KUMAR MAURYA","AMRAPALI GOLF HOMES","9899226898"
"622","Mr. AMIT AGRAWAL","AMRAPALI GOLF HOMES","9873021688"
"623","Mr. RAHUL GUPTA","AMRAPALI GOLF HOMES","9871114185"
"624","Major PRASHANT TYAGI","AMRAPALI GOLF HOMES","9871041833"
"625","Dr. R. L. MOGA","AMRAPALI GOLF HOMES","9891123733"
"626","Mrs. POONAM BHARDWAJ","AMRAPALI GOLF HOMES","9868834168, 9990368084"
"627","Mr. SHIBU PILLAI","AMRAPALI GOLF HOMES","9811818894"
"628","Mr. RAVI KUMAR","AMRAPALI GOLF HOMES","9560887753"
"629","Mr. ABHAY KUMAR SINGH","AMRAPALI GOLF HOMES","9818903056"
"630","Mrs. ASHA NAWANI","AMRAPALI GOLF HOMES","9899444828"
"631","Mr. HIMANSHU SAWANT","AMRAPALI GOLF HOMES","9450087448 / 9462876792"
"632","Mrs. USHA KOUL","AMRAPALI GOLF HOMES","9818317185"
"633","Mr. HEMANT SINGH BAGHEL","AMRAPALI GOLF HOMES","9899456754"
"634","Dr. SUSHMA BAHADUR","AMRAPALI GOLF HOMES","8447318835"
"635","Mr. ASHISH BAHADUR","AMRAPALI GOLF HOMES","9312778292, 9716474931"
"636","Mr. RAKESH KUMAR","AMRAPALI GOLF HOMES","9910758222"
"637","Mrs. REENA KUMARI","AMRAPALI GOLF HOMES","09973717001, 09431240085"
"638","Mr. ANIL KUMAR","AMRAPALI GOLF HOMES","9431215301"
"639","Mr. SANDEEP KUMAR","AMRAPALI GOLF HOMES","7542030136"
"640","Mrs. NEERAJ BALIYAN","AMRAPALI GOLF HOMES","8800622077"
"641","Ms. VEENA SHARMA","AMRAPALI GOLF HOMES","9810346872"
"642","Mrs. NERUPAMA DHAR SHARMA","AMRAPALI GOLF HOMES","9910704733"
"643","Mr. AJAY KUMAR MISHRA","AMRAPALI GOLF HOMES","9418163991"
"644","Mrs. USHA BINDAL","AMRAPALI GOLF HOMES","9837322438"
"645","Mr. ANAND PRIYA KUSHWAHA","AMRAPALI GOLF HOMES","9411059372"
"646","Mr. RANJEET PANDEY","AMRAPALI GOLF HOMES","9810558049"
"647","Mrs. NEETI","AMRAPALI GOLF HOMES","9810241218"
"648","Mr. RAKESH KUMAR CHAUDHARY","AMRAPALI GOLF HOMES","9415001413"
"649","Mr. ANURAG PANDEY","AMRAPALI GOLF HOMES","9810830436"
"650","Mr. GAURAV AGRAWAL","AMRAPALI GOLF HOMES","9891457455"
"651","Mr. BIKRAM SEN RANA","AMRAPALI GOLF HOMES","9312484555"
"652","Mrs. SUDESH KUMARI SAREEN","AMRAPALI GOLF HOMES","9810481122"
"653","Mrs. USHA JAISWAL","AMRAPALI GOLF HOMES","+91 95998 30587"
"654","Mrs. PRACHI DHILLON","AMRAPALI GOLF HOMES","9810086849, 9911264576"
"655","Mrs. RATNA KUNDU","AMRAPALI GOLF HOMES","9811815789"
"656","Dr. DIWAKER SINGH","AMRAPALI GOLF HOMES","9415620827"
"657","Mrs. REKHA AGRAWAL","AMRAPALI GOLF HOMES","8450955539"
"658","Mr. SANJAY KUMAR PANDIT","AMRAPALI GOLF HOMES","9899632222"
"659","Mr. CHANDRA SHEKHAR SHARMA","AMRAPALI GOLF HOMES","9654592725"
"660","M/S. SHUBHANG INFRATECH PRIVATE LIMITED","AMRAPALI GOLF HOMES","9910624482"
"661","Mrs. SHILPA CHANDRAVANSHI","AMRAPALI GOLF HOMES","-9953289875"
"662","Mrs. VEENA MANGLIK","AMRAPALI GOLF HOMES","9.93E+19"
"663","Mr. AJAY KUMAR MISHRA","AMRAPALI GOLF HOMES","9630003123"
"664","Mr. ABHAY SINHA","AMRAPALI GOLF HOMES","9971681444, 8860603822"
"665","Mr. MUNEESH KUMAR SHARMA","AMRAPALI GOLF HOMES","9560199996, 9872095016"
"666","Mr. RAJENDRA KUMAR MISHRA","AMRAPALI GOLF HOMES","9911914614"
"667","Mr. RAJESH KUMAR SRIVASTAV","AMRAPALI GOLF HOMES","9.95E+20"
"668","Mr. ANIL KUMAR VYAS","AMRAPALI GOLF HOMES","9899919470"
"669","Mr. NAVEEN CHANDRA TRIPATHI","AMRAPALI GOLF HOMES","9650256669"
"670","Mrs. USHA JHA","AMRAPALI GOLF HOMES","9611944600"
"671","MR. SANJAY KUMAR","AMRAPALI GOLF HOMES","9.67E+22"
"672","Mr. PRADEEP SINGH SAGAR","AMRAPALI GOLF HOMES","9899321421"
"673","Mr. RAJIV KUMAR SHISHODIA","AMRAPALI GOLF HOMES","9998215542"
"674","Mr. AKHILESH KUMAR SHARMA","AMRAPALI GOLF HOMES","+971 569174469."
"675","Mrs. SUDHA PRASAD","AMRAPALI GOLF HOMES","9999166884"
"676","Mrs. SHYNI GEORGE","AMRAPALI GOLF HOMES","9819210568"
"677","Mrs. KUMUD GUPTA","AMRAPALI GOLF HOMES","9811414668"
"678","Mr. MUNISH SOOD","AMRAPALI GOLF HOMES","9096262822"
"679","Major NISHA KULHARI","AMRAPALI GOLF HOMES","9819449410"
"680","Mr. MAYURESH TRIPATHI","AMRAPALI GOLF HOMES","91-7715800997"
"681","Mr. KARNADHWAJ PRAKASH UPADHYAYA","AMRAPALI GOLF HOMES","7654086592, 9431060949"
"682","Mr. SUNIL KUMAR DAYAL","AMRAPALI GOLF HOMES","9873600848"
"683","Mr. INDRESH CHANDRA","AMRAPALI GOLF HOMES","8860076730, 7838594970"
"684","Mr. RADHARAMAN CHATTERJEE","AMRAPALI GOLF HOMES","9810968032"
"685","Mr. SATYVIR KUMAR","AMRAPALI GOLF HOMES","9205195211"
"686","Mr. RAJA RAM PRASAD.","AMRAPALI GOLF HOMES","7838531121"
"687","Mr. ANKUR SENGUPTA","AMRAPALI GOLF HOMES","9871750292, 9999433178"
"688","Mr. DURGA SHANKER PANDEY","AMRAPALI GOLF HOMES","9619170991, 9594100611"
"689","Mr. VINOD CHOUBEY","AMRAPALI GOLF HOMES","9891518897"
"690","Mr. MAHESH KUMAR SHARMA","AMRAPALI GOLF HOMES","9013625985"
"691","Mr. NITIN RANJAN","AMRAPALI GOLF HOMES","9771402710"
"692","Mr. MUKESH MANGHNANI","AMRAPALI GOLF HOMES","9414005815, 9560501919"
"693","Mr. RAM KISHOR THAKUR","AMRAPALI GOLF HOMES","9771735216"
"694","Mr. ABHISHEK KUMAR","AMRAPALI GOLF HOMES","9334654154, 09871420613"
"695","Mr. NIRMAL KUMAR MISHRA","AMRAPALI GOLF HOMES","9886119898, 9752522760"
"696","Mrs. ANITA SINGH","AMRAPALI GOLF HOMES","8917399618"
"697","Mr. APURBA KUMAR BORAH","AMRAPALI GOLF HOMES","9.18811E+11"
"698","Mr. SATINDAR PAL SINGH","AMRAPALI GOLF HOMES","9919880055"
"699","Mr. SHAILESH KUMAR","AMRAPALI GOLF HOMES","-9168936509"
"700","Mr. SUMIT KUMAR","AMRAPALI GOLF HOMES","9811332626"
"701","Ms. MONIKA MITTAL","AMRAPALI GOLF HOMES","8427850267"
"702","Mr. LALIT JAIN","AMRAPALI GOLF HOMES","9873140015"
"703","Mr. VIVEK KUMAR","AMRAPALI GOLF HOMES","9873919049"
"704","Mr. JASWINDER SINGH SOMAL","AMRAPALI GOLF HOMES","9818020190"
"705","Mr. ASHISH KUMAR DWIVEDI","AMRAPALI GOLF HOMES","9911208860, 9911870300"
"706","Mr. HARWANT SINGH ARORA","AMRAPALI GOLF HOMES","9312236753"
"707","Mr. SURAJ KUMAR VISHWAKARMA","AMRAPALI GOLF HOMES","9.19415E+11"
"708","Mr. HARI GOVIND SINGH PARIHAR","AMRAPALI GOLF HOMES","9415028923"
"709","Mr. SATISH KUMAR","AMRAPALI GOLF HOMES","9999190468"
"710","Mr. PANKAJ KUMAR SRIVASTAVA","AMRAPALI GOLF HOMES","8861544115"
"711","Mr. PRATAP SARDANA","AMRAPALI GOLF HOMES","9818433139"
"712","Mr. VIKRAM SHARMA","AMRAPALI GOLF HOMES","9312261272"
"713","Mr. PRADIP KUMAR SUR","AMRAPALI GOLF HOMES","9899066599"
"714","Mr. BHUPENDER TOMER","AMRAPALI GOLF HOMES","9310903721"
"715","Mrs. ANJALI SHARMA","AMRAPALI GOLF HOMES","9999354831, 9927267498"
"716","Mr. PUNEET AGARWAL","AMRAPALI GOLF HOMES","9008985476"
"717","Mr. BIMAL","AMRAPALI GOLF HOMES","9899294919"
"718","Mrs. NEELAM CHANDNANI","AMRAPALI GOLF HOMES","9411297111"
"719","MRS. MADHVI SAXENA","AMRAPALI GOLF HOMES","9818092717"
"720","Mr. BALVINDER SINGH","AMRAPALI GOLF HOMES","9818720668"
"721","Mr. NILAY VERMA","AMRAPALI GOLF HOMES","9890109000"
"722","Mrs. SHEILJA BAJAJ","AMRAPALI GOLF HOMES","9871097654"
"723","Mr. TUSHAR KANT GUPTA","AMRAPALI GOLF HOMES","9650913702"
"724","MR. YASHENDRA KUMAR VERMA","AMRAPALI GOLF HOMES","9415731685"
"725","Mr. AJEET KUMAR SINGH","AMRAPALI GOLF HOMES","9436700855"
"726","Mr. RAVINDRA KUMAR SINGH","AMRAPALI GOLF HOMES","9431239911, 9955999989"
"727","MR. NARENDER KUMAR","AMRAPALI GOLF HOMES","9999656499"
"728","Mr. VIPIN SARAWAT","AMRAPALI GOLF HOMES","9335231196"
"729","M/S. WAVE FACILITY MANAGEMENT & SECURITY SERVICES","AMRAPALI GOLF HOMES",""
"730","M/S ALLCHECKDEALS INDIA PVT. LTD.","AMRAPALI GOLF HOMES","9850584888"
"731","MRS. SUPRITI GAYEN","AMRAPALI GOLF HOMES","9811932251"
"732","MR. SHALABH VATSYAYAN","AMRAPALI GOLF HOMES","9968602088"
"733","MRS. HINA DHAMIJA","AMRAPALI GOLF HOMES","9873932184"
"734","MR. SHAMBHU SHARMA","AMRAPALI GOLF HOMES","7290944680"
"735","M/S. CARPEDIEM INVESTMENT CONSULTANTS PVT LTD","AMRAPALI GOLF HOMES","9871233447"
"736","SONIKA","AMRAPALI GOLF HOMES",""
"737","MR. RAKESH ROSHAN","AMRAPALI GOLF HOMES","9350228637"
"738","M/S CARPEDIEM INVESTMENT CONSULTANTS PRIVATE LIMIT","AMRAPALI GOLF HOMES",""
"739","MRS. BHARATI RAJESH SANGHI","AMRAPALI GOLF HOMES",""
"740","MR. SUNIL SAHNI","AMRAPALI GOLF HOMES","9811042053"
"741","MR. KISHORE KUMAR GOYAL","AMRAPALI GOLF HOMES","9999616396, 9910999364"
"742","MR. KUNDAN KUMAR YADAV","AMRAPALI GOLF HOMES","9650043175"
"743","MR. DHERENDRA KUMAR PANDAY","AMRAPALI GOLF HOMES","9428333915, 9450849713"
"744","MR. SHYORATI LAL","AMRAPALI GOLF HOMES","9560411227"
"745","MR. ASHUTOSH PANDEY","AMRAPALI GOLF HOMES","8447032244"
"746","Mr. AMIT CHADDHA","AMRAPALI GOLF HOMES","9810204650"
"747","MRS. RAKESH RANI","AMRAPALI GOLF HOMES","9560176338"
"748","Mrs. REKHA CHAUHAN","AMRAPALI GOLF HOMES","9358204966"
"749","Mr. VISHAL KANT","AMRAPALI GOLF HOMES","9897620577"
"750","Mr. AVINASH KUMAR","AMRAPALI GOLF HOMES","9560788050"
"751","Mrs. USHA NARRASIMHAM","AMRAPALI GOLF HOMES","9873464129"
"752","Mr. ABID IQBAL","AMRAPALI GOLF HOMES","009745502574, 9718901465"
"753","Mr. O. P. SINGH","AMRAPALI GOLF HOMES","8556008441"
"754","Mr. ASHISH MANGAL","AMRAPALI GOLF HOMES","9958886738"
"755","Mr. RAMESH KUMAR","AMRAPALI GOLF HOMES","9999771382"
"756","Mr. RITESH SACHAN","AMRAPALI GOLF HOMES","9599215367"
"757","Mr. RITESH SRIVASTAVA","AMRAPALI GOLF HOMES","9410395024"
"758","Mr. MOHAMMAD ZAFRUL ISLAM","AMRAPALI GOLF HOMES","8294014605"
"759","Mr. SANTOSH KUMAR","AMRAPALI GOLF HOMES","9818912011"
"760","Mrs. RAJNI GUPTA","AMRAPALI GOLF HOMES","9811860665"
"761","Mr. MANISH SHARMA","AMRAPALI GOLF HOMES","7055488883"
"762","Mr. SUDHIR KUMAR MAHESHWARI","AMRAPALI GOLF HOMES","9891475564"
"763","Mr. SANJAY KUMAR SETH","AMRAPALI GOLF HOMES","9759694600"
"764","Mr. ABHIMANYU KUKREJA","AMRAPALI GOLF HOMES","9891238145"
"765","Mrs. RITA CHAURASIA","AMRAPALI GOLF HOMES","9431383197"
"766","Mrs. MAMTA SINGH","AMRAPALI GOLF HOMES","9910897580"
"767","Mr. TRIDIB KANTI DATTA","AMRAPALI GOLF HOMES","9811702880, 8800646215"
"768","Mr. UMA SHANKAR YADAV","AMRAPALI GOLF HOMES","9226479537"
"769","Mr. ADITYA PRATAP SINGH","AMRAPALI GOLF HOMES","9910041799"
"770","Mrs. MEENA PARIHAR","AMRAPALI GOLF HOMES","9811425398"
"771","Mr. VIVEK KUMAR MISHRA","AMRAPALI GOLF HOMES","8588811454"
"772","Mr. BHUSHAN KUMAR","AMRAPALI GOLF HOMES","9334991999"
"773","Mrs. VIJAY LAXMI SHARMA","AMRAPALI GOLF HOMES","9810885598"
"774","Mr. AMAN GUPTA","AMRAPALI GOLF HOMES","9.72E+19"
"775","Mr. GAGAN GUPTA","AMRAPALI GOLF HOMES","9897180365, 9811243637"
"776","Mr. ROHIT SAWHNEY","AMRAPALI GOLF HOMES","9871304777"
"777","Mr. AMIT RATHEE","AMRAPALI GOLF HOMES","9971158727"
"778","Mr. SAKET SHUBHAM","AMRAPALI GOLF HOMES","9818961145"
"779","Mr. ANIL KUMAR KAUL","AMRAPALI GOLF HOMES","9313820092"
"780","Mr. ABHISHEK DHIMAN","AMRAPALI GOLF HOMES","9911332700"
"781","Mr. PRAVEEN CHAUHAN","AMRAPALI GOLF HOMES","9891376013, 9312151713"
"782","Dr. ARIF IQUBAL","AMRAPALI GOLF HOMES","7290979707"
"783","Mr. CHETAN ABROL","AMRAPALI GOLF HOMES","8527631122"
"784","Mr. DURGESH SHARMA","AMRAPALI GOLF HOMES","9818755638"
"785","Mr. SUNIL KUMAR","AMRAPALI GOLF HOMES","9891352430"
"786","Mr. NARENDRA KUMAR AGNIHOTRA","AMRAPALI GOLF HOMES","7738153550"
"787","Mr. SHIV PRASAD VIJAY","AMRAPALI GOLF HOMES","9891112695"
"788","Mrs. NIDHI MALHOTRA","AMRAPALI GOLF HOMES","9818369279"
"789","Mr. MANOJ KUMAR BARANWAL","AMRAPALI GOLF HOMES","9899274091"
"790","Mr. ROHIL JAIN","AMRAPALI GOLF HOMES","8826477666, 9013477666"
"791","Mr. ARJUN DEV ARORA","AMRAPALI GOLF HOMES","9910880403"
"792","Mr. HARI KISHAN MEHRA","AMRAPALI GOLF HOMES","9818896667"
"793","Mrs. RITU GULATI","AMRAPALI GOLF HOMES","9971219787"
"794","Mr. MOHAMMAD RAFIQUL HAQUE","AMRAPALI GOLF HOMES","9897516358, 9358030536, 07488081663"
"795","PREM SINGH PANWAR","AMRAPALI GOLF HOMES","8375950912"
"796","Mr. TARANG MITTAL","AMRAPALI GOLF HOMES","9873786975"
"797","Mrs. SABITA RAINA","AMRAPALI GOLF HOMES","9810516018"
"798","Mrs. RICHA SAINI","AMRAPALI GOLF HOMES","9891659878"
"799","Mr. KULDEEP SHARMA.","AMRAPALI GOLF HOMES","09988999178, 9990482555"
"800","Mr. VIMAL KUMAR","AMRAPALI GOLF HOMES","9711216982"
"801","Mrs. CHANDRA KANTI","AMRAPALI GOLF HOMES","9958505276"
"802","Mr. PRAVEEN KUMAR GUPTA","AMRAPALI GOLF HOMES","9897831825"
"803","Mr. PARITOSH CHAKRABORTY","AMRAPALI GOLF HOMES","9901363537"
"804","Mr. AKHIL KAPOOR","AMRAPALI GOLF HOMES","9818271939"
"805","Mr. GAURAV BHARADWAJ","AMRAPALI GOLF HOMES","9818558585"
"806","Mr. ANURUDH KHANNA","AMRAPALI GOLF HOMES","9545215511"
"807","Mrs. KAJAL BHAT","AMRAPALI GOLF HOMES","9873320343"
"808","Mr. SAKET ANAND","AMRAPALI GOLF HOMES","9958007256, 9958007231"
"809","Mr. AMIT KUMAR","AMRAPALI GOLF HOMES","9873181717"
"810","Mr. ABHISHEK RAI","AMRAPALI GOLF HOMES","8884628666"
"811","Dr. SASHI KANT PRASAD","AMRAPALI GOLF HOMES","9879943300"
"812","Mr. VINEET KUMAR MISHRA","AMRAPALI GOLF HOMES","9711390560, 9811457879"
"813","Mr. SANDIP DUBE","AMRAPALI GOLF HOMES","9810298674"
"814","Mr. KAUSHIK ROY CHOUDHURY","AMRAPALI GOLF HOMES","9810365324"
"815","Mrs. SARITA MISHRA","AMRAPALI GOLF HOMES","9560888988"
"816","Mr. AADHAR SHARMA","AMRAPALI GOLF HOMES","9833613579"
"817","Mrs. KAMLA RANI GUPTA","AMRAPALI GOLF HOMES","9810112313"
"818","Mr. MANISH KUMAR SINGH","AMRAPALI GOLF HOMES","9312749806"
"819","Mr. SUNIL SHARMA","AMRAPALI GOLF HOMES","9810314128"
"820","Mr. ABHISHEK WADHERA","AMRAPALI GOLF HOMES","9818074419, 9213137885"
"821","MR. SURYA DEO SINGH","AMRAPALI GOLF HOMES","7838656789, 7838258535"
"822","Mr. DINESH SINGH SAJWAN","AMRAPALI GOLF HOMES","9811265485"
"823","Mrs. VANDANA JAIN","AMRAPALI GOLF HOMES","9334352584, 9835386068"
"824","Mr. SANJAY RAINA","AMRAPALI GOLF HOMES","9313820092"
"825","Mr. VIVEK JAIN","AMRAPALI GOLF HOMES","9310346888"
"826","Mr. PARIKSHIT CHOUDHURY","AMRAPALI GOLF HOMES","9999219160"
"827","Mr. VIKAS KUMAR SINGH","AMRAPALI GOLF HOMES","9431854538"
"828","Mr. ANSHUL PANDEY","AMRAPALI GOLF HOMES","9811722637"
"829","Ms. MAMTA RAUTELA","AMRAPALI GOLF HOMES","9971780668"
"830","Ms. SHRADHA TRIVEDI","AMRAPALI GOLF HOMES","9870284505"
"831","Mr. ROHIT TIWARI","AMRAPALI GOLF HOMES","96500 55525 ,99711 44557"
"832","Mr. POONISH SREEN","AMRAPALI GOLF HOMES","8332936304"
"833","Mr. MUKESH SINGH","AMRAPALI GOLF HOMES","7217761953"
"834","Mr. SUNNY H. GULABANI","AMRAPALI GOLF HOMES","9910333264"
"835","Mrs. SHWETA VASHISHTH","AMRAPALI GOLF HOMES","9999638697"
"836","Mr. ANKUR KARANWAL","AMRAPALI GOLF HOMES","9910105579"
"837","Mr. ANKUR GUPTA","AMRAPALI GOLF HOMES","9899656437"
"838","Mr. MANISH SHARMA","AMRAPALI GOLF HOMES","7673950781"
"839","Mr. VISHAL NALWA","AMRAPALI GOLF HOMES","61412527732"
"840","Mr. RAVI VERMA","AMRAPALI GOLF HOMES","9818393052"
"841","Mr. SUSHIL KUMAR JHAMB","AMRAPALI GOLF HOMES","9911202231"
"842","Mrs. PREETI SRIVASTAVA","AMRAPALI GOLF HOMES","9873084122"
"843","Mr. ALOK MUKHERJEE","AMRAPALI GOLF HOMES","8860432971, 9717249478"
"844","Mr. PAWAN KUMAR","AMRAPALI GOLF HOMES","8378979150"
"845","Mr. BHOLA NATH SHARMA","AMRAPALI GOLF HOMES","9958591688, 9910476866"
"846","Mr. HARSHIT GARG","AMRAPALI GOLF HOMES","9990069444"
"847","Mrs. Preeti Garg","AMRAPALI GOLF HOMES","9810408277"
"848","Mr. PRABIR KUMAR CHAUDHURI","AMRAPALI GOLF HOMES","9818600990"
"849","Mrs. PRIYANKA PAL MEHROTRA","AMRAPALI GOLF HOMES","9811358212"
"850","Mr. CHANDRASHEKHAR","AMRAPALI GOLF HOMES","9608805177, 9304807307"
"851","Mrs. ANITA KUTHAR","AMRAPALI GOLF HOMES","9450032720"
"852","Mrs. VEENA KOCHHAR","AMRAPALI GOLF HOMES","9999882697"
"853","MR. ROHIN KUMAR","AMRAPALI GOLF HOMES","9999746810, 9412993449"
"854","MR. SHAILESH KANT JHA","AMRAPALI GOLF HOMES","9915797133"
"855","MR. ADITYA ZUTSHI","AMRAPALI GOLF HOMES","7030344000, 9971070880"
"856","MR. RAJNISH GUPTA","AMRAPALI GOLF HOMES","9871827044, 9451157949, 9311203006"
"857","MR. HEMAN MANCHANDA","AMRAPALI GOLF HOMES","9717737975, 8588004377"
"858","MRS PRABHAVTI DEVI","AMRAPALI GOLF HOMES",""
"859","MR. SHAILENDRA SINGH","AMRAPALI GOLF HOMES","971529095842, 7408304306"
"860","M/s.APN INFRA PVT.LTD.","AMRAPALI GOLF HOMES","9650586523"
"861","MR. SUVRAT RAJWANSHI","AMRAPALI GOLF HOMES","9717787837"
"862","Mrs. PUSHPA SHARMA","AMRAPALI GOLF HOMES",""
"863","Mrs. PUSHPA SHARMA","AMRAPALI GOLF HOMES",""
"864","Mr. PRAFUL CHANDRA PANDEY","AMRAPALI GOLF HOMES","9140309008"
"865","M/S CARPEDIEM INVESTMENT CONSULTANTS PVT LTD","AMRAPALI GOLF HOMES","9871233447"
"866","Dr. ARUN KUMAR","AMRAPALI GOLF HOMES","9999551100"
"867","Mr. RAHUL CHATURVEDI","AMRAPALI GOLF HOMES","9250932880"
"868","WING COMMANDER SANTOSH KUMAR DHYANI","AMRAPALI GOLF HOMES","9958887984"
"869","MR. MRITUNJAY PRASAD SINGH","AMRAPALI GOLF HOMES","9910234184"
"870","MRS. SHAKUNTLA DEVI","AMRAPALI GOLF HOMES","7838490000"
"871","MR. PARVINDER SINGH.","AMRAPALI GOLF HOMES","9650952559"
"872","Mr. ASHISH KUMAR","AMRAPALI GOLF HOMES","9910209984"
"873","MR. KAUSIK SANGUPTA","AMRAPALI GOLF HOMES","9971599474"
"874","Mr. SACHIN KHANNA","AMRAPALI GOLF HOMES","9711209694"
"875","Mrs. MANJU GUPTA","AMRAPALI GOLF HOMES","7599468066"
"876","Mr. PRATUL KUMAR","AMRAPALI GOLF HOMES","9911575099"
"877","Mr. D. SAMPATH","AMRAPALI GOLF HOMES","9871691410"
"878","Mr. TOMMY P J","AMRAPALI GOLF HOMES","9871691408"
"879","Mr. RAGHUBANSH SINGH","AMRAPALI GOLF HOMES","9213230769"
"880","Mr. RAJESH KUMAR BANSI","AMRAPALI GOLF HOMES","9412749902"
"881","Mr. PRATIK NAGORI","AMRAPALI GOLF HOMES","9911715429"
"882","Mrs. RUCHINA GUPTA","AMRAPALI GOLF HOMES","9711059830"
"883","Mrs. ETTEE SINGH","AMRAPALI GOLF HOMES","9810930891, 9293009289"
"884","Mr. A. SHUNMUGA RAJ","AMRAPALI GOLF HOMES","9650102170"
"885","Mr. R. SUNDAR RAJAN","AMRAPALI GOLF HOMES","9910265293"
"886","Ms. MEGHA GARG","AMRAPALI GOLF HOMES","9811598921"
"887","Mrs. INDU SHARMA","AMRAPALI GOLF HOMES","9431820084, 94318240022"
"888","Mr. R. BALA KRISHNAN","AMRAPALI GOLF HOMES","9899390711"
"889","Mr. NITESH MEHROTRA","AMRAPALI GOLF HOMES","9839114755"
"890","Mr. PRADYUMNA KUMAR","AMRAPALI GOLF HOMES","9764003034, 9899273034"
"891","Mr. ROHIT KUMAR.","AMRAPALI GOLF HOMES","9018334515"
"892","Mr. JAIKRIT SINGH RANA","AMRAPALI GOLF HOMES","97125022406, 971506718343"
"893","Mrs. KRISHNA BIST","AMRAPALI GOLF HOMES","9968277574, 9968347127"
"894","Mrs. HARSHITA JOHRI","AMRAPALI GOLF HOMES","9756601294"
"895","Mr. JAIDEEP JINDAL","AMRAPALI GOLF HOMES","9811526912"
"896","Mr. DEVESH KUMAR MISHRA","AMRAPALI GOLF HOMES","9680888432"
"897","Mr. PRANAY KUMAR MISHRA","AMRAPALI GOLF HOMES","9680888432"
"898","Mr.ABHIJEET PATHAK","AMRAPALI GOLF HOMES","9911545106"
"899","Mr. VIKAS CHAWLA","AMRAPALI GOLF HOMES","8283052968"
"900","Mr. SAURABH MISHRA","AMRAPALI GOLF HOMES","16123451143"
"901","Mr. ARVIND KUMAR SRIVASTAVA","AMRAPALI GOLF HOMES","9958637733"
"902","Mrs. SWETA SRIVASTAVA","AMRAPALI GOLF HOMES","9.87E+30"
"903","Mrs. DROPATI","AMRAPALI GOLF HOMES","9997569897"
"904","Dr. SHIBAN KISHEN MADAN","AMRAPALI GOLF HOMES","8527402693, 9810920385"
"905","Mr. AMIT PORWAL","AMRAPALI GOLF HOMES","9886634713"
"906","Mr. AJAY KUMAR","AMRAPALI GOLF HOMES","9386850025"
"907","Mr. ABHAY KUMAR NIDAR","AMRAPALI GOLF HOMES","8447209477"
"908","Mr. SHREYANSH PANDYA","AMRAPALI GOLF HOMES","8010320708"
"909","Mr. YASWANTH ANBALAHAN","AMRAPALI GOLF HOMES","9910265291"
"910","Mr. ANSUYA PRASAD POKHRIYAL","AMRAPALI GOLF HOMES","9968317975, 9968503060"
"911","Mr. ASHUTOSH KUMAR","AMRAPALI GOLF HOMES","9911887941"
"912","MRS. SHANTI DEVI","AMRAPALI GOLF HOMES","8750999200"
"913","Mrs. NEETA DHAWAN","AMRAPALI GOLF HOMES","9811027026"
"914","Mr. VIBHOR ATREY","AMRAPALI GOLF HOMES","9793288333"
"915","Mr. JOGA SINGH","AMRAPALI GOLF HOMES","9211524881"
"916","Mr. DEEPAK CHAWLA","AMRAPALI GOLF HOMES","9742091556"
"917","Mr. UMESH CHANDRA","AMRAPALI GOLF HOMES","9811179292"
"918","Mr. U S GANGWAR","AMRAPALI GOLF HOMES","9910014725"
"919","Ms. RAJNI RAWAT","AMRAPALI GOLF HOMES","9650885704"
"920","Mrs. MAMTA GUPTA.","AMRAPALI GOLF HOMES","8527315254 ,8527316369"
"921","Mr. DIVAY PRANAV","AMRAPALI GOLF HOMES","9971230425"
"922","Mr. GAURAV GARG","AMRAPALI GOLF HOMES","9899001603"
"923","Dr. RAJENDRA SINGH","AMRAPALI GOLF HOMES","9456067357"
"924","Mr. INDAL SINGH","AMRAPALI GOLF HOMES","""7781043988, 9954049682"
"925","Mr. ARUN NAUTIYAL","AMRAPALI GOLF HOMES","9810533617, 9810168914"
"926","Mr. SAURAV BHARADWAJ","AMRAPALI GOLF HOMES","9971098060"
"927","Mr. G PANDIAN","AMRAPALI GOLF HOMES","9871196055"
"928","Mr. BIJAYA NAND PRASAD","AMRAPALI GOLF HOMES","7570048111"
"929","Mr. DARSHAN SINGH","AMRAPALI GOLF HOMES","9818447588"
"930","Mr. ABHIJIT KUMAR SINGH","AMRAPALI GOLF HOMES","9996545172"
"931","Mr. VINAY BHATIA","AMRAPALI GOLF HOMES","9711287307"
"932","Dr. PRASUN CHATTERJEE","AMRAPALI GOLF HOMES","9899396652"
"933","Mr. A MUTHUVEL","AMRAPALI GOLF HOMES","9910265292"
"934","Mrs. SHALINI SINGH","AMRAPALI GOLF HOMES","9654572895"
"935","Mr. TUSHAR GUPTA","AMRAPALI GOLF HOMES","9871766551"
"936","Mr. I B KUMARESAN","AMRAPALI GOLF HOMES","9868590210"
"937","Dr. CHHAGAN JANGID","AMRAPALI GOLF HOMES","9868801205"
"938","Mr. SUMIT GHOSH","AMRAPALI GOLF HOMES","9650393828"
"939","Mr. ASHWANI BHAT","AMRAPALI GOLF HOMES","9811735784"
"940","Mrs. BHARTI PANDEY","AMRAPALI GOLF HOMES","9873573936"
"941","Mr. VIKASH KUMAR","AMRAPALI GOLF HOMES","9650010252"
"942","Mr. CHANDAN DEEP SINGH","AMRAPALI GOLF HOMES","9958091022"
"943","Mr. S. S. GUPTA","AMRAPALI GOLF HOMES","9468159899"
"944","Mr. AMIT GOEL","AMRAPALI GOLF HOMES","9810350568"
"945","Mr. AMIT GUPTA","AMRAPALI GOLF HOMES","9712986611"
"946","Mr. RAMDEO PRASAD YADAV","AMRAPALI GOLF HOMES","8800183242"
"947","Mrs. NANDINI MATHUR","AMRAPALI GOLF HOMES","9810416024"
"948","Mr. VIRENDRA SINGH D. GHUNAWAT","AMRAPALI GOLF HOMES","9833886854"
"949","MR. RAVI DIGAMBAR JONDHALE","AMRAPALI GOLF HOMES","9422940635"
"950","Mr. GURDARSHAN SINGH","AMRAPALI GOLF HOMES","9810665471"
"951","Mr. RAJESH MENDIRATTA","AMRAPALI GOLF HOMES","9818120965"
"952","Mr. MANISH KAUSHIK","AMRAPALI GOLF HOMES","9871059063"
"953","Mr. NISHANT SRIVASTAVA","AMRAPALI GOLF HOMES","971 527425517, 971566833"
"954","Mr. HEEMANSHU VARMA","AMRAPALI GOLF HOMES","9540011225, 9540066244, 9540011225"
"955","Mr. SHOBIT SHARMA","AMRAPALI GOLF HOMES","9259023398, 8826531311"
"956","MR. UDAY SHANKER","AMRAPALI GOLF HOMES","9818725266"
"957","Mr. PRASHANT GUPTA","AMRAPALI GOLF HOMES","9793378266"
"958","Mr. MANOJ M. KHATRI","AMRAPALI GOLF HOMES","9920520960"
"959","Mr. DEEPAK GOEL","AMRAPALI GOLF HOMES","9873640414"
"960","Mr. TARUN SINHA","AMRAPALI GOLF HOMES","9650411228, 9716534441"
"961","MR. DEBOJIT BORAH","AMRAPALI GOLF HOMES","9990052614"
"962","Mr. FAIZ UR RAHMAN","AMRAPALI GOLF HOMES","9632958958"
"963","M/S. MARGLIFE CARE AND FINANCIAL PRODUCTS PVT LTD","AMRAPALI GOLF HOMES","9811217475, 9312221002"
"964","Mr. INDERJEET YADAV","AMRAPALI GOLF HOMES","8010123907"
"965","Mr. VIJAY KUMAR BISWAL","AMRAPALI GOLF HOMES","8800098706, 9818850199"
"966","MR. AMIT KUMAR TRIVEDI","AMRAPALI GOLF HOMES","9899374197"
"967","Mr. RATANVEER SINGH","AMRAPALI GOLF HOMES","9899850785"
"968","Ms. SUHANI TANDON","AMRAPALI GOLF HOMES","9810563775"
"969","Mr. KETAN SHANDILYA","AMRAPALI GOLF HOMES","9650609446"
"970","Mr. DILEEP KUMAR","AMRAPALI GOLF HOMES","9999288689"
"971","Mrs. ASHA SACHDEVA","AMRAPALI GOLF HOMES","9811597520, 9910411229"
"972","Mrs. SHAMA MAHAJAN","AMRAPALI GOLF HOMES","9417222645"
"973","MRS. INDU KALRA","AMRAPALI GOLF HOMES","9990008623"
"974","Mr. VIKANT GUPTA","AMRAPALI GOLF HOMES","7838585613"
"975","MR. PRASHANT RAWAT","AMRAPALI GOLF HOMES","8879994934"
"976","Mr. GAURAV YADAV","AMRAPALI GOLF HOMES","9810514449"
"977","Mr. ANKIT YADAV","AMRAPALI GOLF HOMES","981054449"
"978","Mr. AJAI PRATAP BHAMBI","AMRAPALI GOLF HOMES","9810303357"
"979","Mr. PRAKASH CHANDRA THAKUR","AMRAPALI GOLF HOMES","9971425758"
"980","MRS. ARCHANA PANT","AMRAPALI GOLF HOMES","96597793959, 7838587889"
"981","MRS. ARCHANA PANT","AMRAPALI GOLF HOMES","7838587889, 96597793959"
"982","M/S SHANTINATH COLONISERS PVT. LTD.","AMRAPALI GOLF HOMES",""
"983","MR. RAKESH KUMAR","AMRAPALI GOLF HOMES","8588811618"
"984","MR. PRAKASH SHAILEY","AMRAPALI GOLF HOMES","9818285449"
"985","Mrs. SAVITA BHUNESHWAR RAI","AMRAPALI GOLF HOMES","7838594812"
"986","M/S APN INFRA PVT.LTD.","AMRAPALI GOLF HOMES","9650586523"
"987","MR. SANJEEV SETHI","AMRAPALI GOLF HOMES","9810029906"
"988","M/S JAGRAN PRAKASHAN LTD","AMRAPALI GOLF HOMES",""
"989","MS. KANIKA CHAWLA","AMRAPALI GOLF HOMES","9811072406"
"990","MR. HARSHDEEP SINGH TANEJA","AMRAPALI GOLF HOMES","8585995264"
"991","MR. SUNNY CHAWLA","AMRAPALI GOLF HOMES","8800676669"
"992","MR. DHARMENDRA KUMAR","AMRAPALI GOLF HOMES","9312549988"
"993","MRS. SEEMA GUPTA","AMRAPALI GOLF HOMES","9416261105, 9466346505"
"994","MR. SAMEER AHMAD","AMRAPALI GOLF HOMES","9410496919"
"995","MR. MANU PANDEY","AMRAPALI GOLF HOMES","9643800190"
"996","MRS. SURBHHI ARORA","AMRAPALI GOLF HOMES","9971558176"
"997","Mrs. JYOTI JAISWAL","AMRAPALI GOLF HOMES","9871335518"
"998","Mr. MAHESH AGGARWAL","AMRAPALI GOLF HOMES","9811601445"
"999","Mrs. SUMAN RAWAT","AMRAPALI GOLF HOMES","9412547422"
"1000","Mrs. ANJALI VERMA","AMRAPALI GOLF HOMES","9219535851"
"1001","Mr. SHARMA VINOD KUMAR SHYAMKESH","AMRAPALI GOLF HOMES","8779952167"
"1002","Mr. BRHAMJEET SINGH PANWAR","AMRAPALI GOLF HOMES","7042190975"
"1003","Mr. PARAS NATH GUPTA","AMRAPALI GOLF HOMES","9473031848"
"1004","Mr. AVINASH KUMAR","AMRAPALI GOLF HOMES",""
"1005","Mr. MOHD. ZISHAN KHAN","AMRAPALI GOLF HOMES","8527307420 , 9810467978"
"1006","Mr. RAJIV RANJAN RAVI","AMRAPALI GOLF HOMES","958283334/8468941703"
"1007","Mr. PRAVIN KUMAR SONI","AMRAPALI GOLF HOMES","9431293305"
"1008","Mr. SUSHIL KUMAR MISHRA","AMRAPALI GOLF HOMES","9810425092"
"1009","Mr. AJEET SINGH","AMRAPALI GOLF HOMES","8130797575"
"1010","Mr. RANJAN KUMAR","AMRAPALI GOLF HOMES","8170060702"
"1011","Mrs. SEEMA NAGPAL","AMRAPALI GOLF HOMES","9599424005"
"1012","Mr. DHAWAL DWIVEDI","AMRAPALI GOLF HOMES","9654111986"
"1013","Mrs. SANJEETA","AMRAPALI GOLF HOMES","9891640299 ,9711006475."
"1014","Mr. MRITYUNJAY PRASAD","AMRAPALI GOLF HOMES","9430147256"
"1015","Mrs. RICHA MANI","AMRAPALI GOLF HOMES","9002309835"
"1016","Mr. MUKESH KUMAR","AMRAPALI GOLF HOMES","9968320974"
"1017","Mrs. NIVEDITA SHARMA","AMRAPALI GOLF HOMES","9455147646, 9405582930"
"1018","Mr. PRADEEP KUMAR","AMRAPALI GOLF HOMES","9818068554"
"1019","Mrs. ASHESH TOMAR","AMRAPALI GOLF HOMES","9733147893"
"1020","Ms. SHIPRA GOYAL","AMRAPALI GOLF HOMES","9897406263,98683 93268"
"1021","Mr. ANIL KUMAR BHAT","AMRAPALI GOLF HOMES","9560002939"
"1022","Mr. RAJEEV KUMAR JAIN","AMRAPALI GOLF HOMES","9810646832"
"1023","Mrs. VIVEKA GHAI","AMRAPALI GOLF HOMES","9811996433, 9312034015"
"1024","Mr. SANJAY KUMAR BHAT","AMRAPALI GOLF HOMES","9310365666"
"1025","Mr. KUMAR GAURAV","AMRAPALI GOLF HOMES","9350514064, 9795245580"
"1026","Mrs. NAMITA GARG","AMRAPALI GOLF HOMES","9163603888, 9662523810"
"1027","Mrs. REKHA AGARWAL","AMRAPALI GOLF HOMES","9837054553"
"1028","Mr. SANDEEP PATEL","AMRAPALI GOLF HOMES","9313249291"
"1029","Mr. PANKAJ KUMAR","AMRAPALI GOLF HOMES","9830306868"
"1030","Mr. PRIYA RANJAN KUMAR","AMRAPALI GOLF HOMES","9783801355"
"1031","Mr. SARABJEET SINGH SEHGAL","AMRAPALI GOLF HOMES","9871695906, 9313280919"
"1032","Mr. VIVEK SHARMA","AMRAPALI GOLF HOMES","9810246186"
"1033","Mr. ASHOK K RAJPUT","AMRAPALI GOLF HOMES","9822000416"
"1034","Mr. ASHISH PAWAR","AMRAPALI GOLF HOMES","9718991204"
"1035","Mr. DEVENDRA SWARUP","AMRAPALI GOLF HOMES","9453012816"
"1036","Mr. PRAVIN KUMAR JHA","AMRAPALI GOLF HOMES","9971736475"
"1037","Mr. JIVITESH KUMAR CHOUDHARY","AMRAPALI GOLF HOMES","9810992877"
"1038","Mr. RAZA JAMIL","AMRAPALI GOLF HOMES","8412001222"
"1039","Mr. MOHIT AGARWAL","AMRAPALI GOLF HOMES","9990282336"
"1040","Mr. DEBASIS SINGH","AMRAPALI GOLF HOMES",""
"1041","Mrs. GEETIKA DHAWAN","AMRAPALI GOLF HOMES","9810388900, 9818512233"
"1042","Mr. DINESH CHANDER PANDEY","AMRAPALI GOLF HOMES","9412090551"
"1043","Mr. NEELABH SHARMA","AMRAPALI GOLF HOMES","9213134733"
"1044","Mr. O. P. YADAV","AMRAPALI GOLF HOMES",""
"1045","Mr. AMAR NATH GUPTA","AMRAPALI GOLF HOMES","9889929729"
"1046","Mr. GURMUKH SINGH","AMRAPALI GOLF HOMES","9958234610"
"1047","Mr. ADHIDEV MAJUMDER","AMRAPALI GOLF HOMES","9654471977, 09051140055"
"1048","Mr. MARVIN NOEL SWING","AMRAPALI GOLF HOMES","9918128132"
"1049","Major RAVI SHANKAR RAJAN","AMRAPALI GOLF HOMES","8717072207"
"1050","Mr. DIN DAYAL KASHYAP","AMRAPALI GOLF HOMES","9971820775"
"1051","Mr. MADHAB SHARAN SINGH","AMRAPALI GOLF HOMES","9434128297 ,8145606362"
"1052","Mr. RAHUL KHAJURIA","AMRAPALI GOLF HOMES","9599389073"
"1053","Mrs. ARCHANA GURJAR","AMRAPALI GOLF HOMES","9881241462"
"1054","Mr. AKHILESH KUMAR SAH","AMRAPALI GOLF HOMES","9711922218"
"1055","Mr. BIPIN KUMAR GUPTA","AMRAPALI GOLF HOMES","9818513218"
"1056","Mr. ASHISH BHATTACHARYA","AMRAPALI GOLF HOMES","9650047592"
"1057","MR. MANISH KUMAR SINHA","AMRAPALI GOLF HOMES","8882527394"
"1058","Mr. RAJDEEP SINGH ARORA","AMRAPALI GOLF HOMES","9015151051"
"1059","Mrs. SONAL CHHODA","AMRAPALI GOLF HOMES","9560193294"
"1060","Mr. ANKIT KARNWAL","AMRAPALI GOLF HOMES","9999977458, 9871175785"
"1061","Mrs. PUSHPA SINHA","AMRAPALI GOLF HOMES","9540016494"
"1062","Mr. ANUPAM GARG","AMRAPALI GOLF HOMES","9810112987"
"1063","Mrs. MANJU MISHRA","AMRAPALI GOLF HOMES","9818766656"
"1064","Mr. SANJAY BAJPAI","AMRAPALI GOLF HOMES","9971490374, 9839196788"
"1065","M/s. SARAN ENTERPRISES PVT. LTD","AMRAPALI GOLF HOMES","9810043244"
"1066","Mr. VIKAS VATS","AMRAPALI GOLF HOMES","8750512070"
"1067","Mr. SYED WASEEM ANSAR","AMRAPALI GOLF HOMES","8826425786, 00971502853561"
"1068","Mrs. GEETIKA GOYAL","AMRAPALI GOLF HOMES","9810433633"
"1069","MR. AMIT SHUKLA.","AMRAPALI GOLF HOMES","9992010414"
"1070","MR. RATNA SHANKER MISHRA","AMRAPALI GOLF HOMES","9650370423"
"1071","M/s. SARAN ENTERPRISES PVT. LTD","AMRAPALI GOLF HOMES","9810043244"
"1072","MR. ALOK SHARMA","AMRAPALI GOLF HOMES","9717452867"
"1073","M/s. LOHIA CONSTWELL (P) LTD","AMRAPALI GOLF HOMES","9811443276"
"1074","MR. NILESH KUMAR TRIPATHI","AMRAPALI GOLF HOMES","7607607442, 8800116447"
"1075","Mr. PRAFUL CHANDRA PANDEY","AMRAPALI GOLF HOMES","9140309008"
"1076","Mrs. PRIYANKA TIKOO","AMRAPALI GOLF HOMES","07718833432, 09860402432"
"1077","DR. SADHNA AGRAWAL","AMRAPALI GOLF HOMES","9891349058"
"1078","MR. DEEPAK CHAUHAN","AMRAPALI GOLF HOMES","7763803399"
"1079","MRS. AMITA TIWARI","AMRAPALI GOLF HOMES","9007705406, 9051166331"
"1080","Mrs. SANGEETA","AMRAPALI GOLF HOMES","9313477734"
"1081","Mr. SUMIT GOEL","AMRAPALI GOLF HOMES","9.71502E+11"
"1082","Mr. S S BAGHEL","AMRAPALI GOLF HOMES","9990005901"
"1083","Mrs. INDU VIJAYAKUMAR","AMRAPALI GOLF HOMES","7982828305"
"1084","Mr. BALVINDER SINGH","AMRAPALI GOLF HOMES","9560113202"
"1085","Mr. ALOK GUPTA","AMRAPALI GOLF HOMES","9350214991"
"1086","Mr. DILEEP KUMAR PRABHAKAR","AMRAPALI GOLF HOMES","9999291638"
"1087","Mrs. BIBHA BHARTI","AMRAPALI GOLF HOMES","9971580607"
"1088","Mrs. N. JAYALAKSHMI","AMRAPALI GOLF HOMES","9717647235"
"1089","Mr. PAWAN KUMAR DHYANI","AMRAPALI GOLF HOMES","9899892699"
"1090","Mr. KRISHNA KUMAR YADAV","AMRAPALI GOLF HOMES","9968767948"
"1091","Mr. MRADUL KUMAR MAHESHWARI","AMRAPALI GOLF HOMES","9720004587"
"1092","Mr. SATENDRA SHARMA","AMRAPALI GOLF HOMES","9173956472"
"1093","Mrs. SUNITA MAHAJAN","AMRAPALI GOLF HOMES","8860894607"
"1094","Mrs. LAJJA WATI","AMRAPALI GOLF HOMES","9911514986"
"1095","Mr. ASHISH ANAND","AMRAPALI GOLF HOMES","9431092974"
"1096","Mr. MOHAMMAD MUBASHSHIR","AMRAPALI GOLF HOMES","8527873750, 9373757073"
"1097","Dr. NIDHI GUPTA","AMRAPALI GOLF HOMES","9350214951"
"1098","Mr. ROHITASH KATHURIA","AMRAPALI GOLF HOMES","9971713298"
"1099","Mr. BRAHMPAL SINGH","AMRAPALI GOLF HOMES","9013344359, 9426891770"
"1100","Mr. ANKUR SRIVASTAVA","AMRAPALI GOLF HOMES","9560319430, 9335201297"
"1101","Mr. MRINAL BHUSHAN","AMRAPALI GOLF HOMES","9818000516"
"1102","Mr. VIVEK MISHRA","AMRAPALI GOLF HOMES","9718588100"
"1103","Mr. ADITYA KAMRA","AMRAPALI GOLF HOMES","9953257549"
"1104","Mr. NITISH KUMAR","AMRAPALI GOLF HOMES","9999375839"
"1105","Major AMIT KUMAR ROY","AMRAPALI GOLF HOMES","9445514635"
"1106","Mr. ASHESH SRIVASTAVA","AMRAPALI GOLF HOMES","9871441147"
"1107","Mr. RITESH KUMAR","AMRAPALI GOLF HOMES","9650010556, 9412662939"
"1108","Mr. KUSH SHARMA","AMRAPALI GOLF HOMES","9412203550, 9958428444"
"1109","Mr. LALIT BISHT","AMRAPALI GOLF HOMES","9810788594"
"1110","Mr. ARVIND KUMAR","AMRAPALI GOLF HOMES","9431472674"
"1111","Mr. GANESH PRASAD","AMRAPALI GOLF HOMES","9911383612"
"1112","Mrs. SHIKHA RANJAN","AMRAPALI GOLF HOMES","9315318566"
"1113","Mr. HARSH KUMAR KATIYAR","AMRAPALI GOLF HOMES","9886634272"
"1114","Mr. BIJOY KRISHNA KARMAKAR","AMRAPALI GOLF HOMES","9818612942"
"1115","Mr. MOHD. SUHAIB","AMRAPALI GOLF HOMES","8726367777"
"1116","Mr. ATUL KUMAR SRIVASTAVA","AMRAPALI GOLF HOMES","9312284257, 9989500385"
"1117","Mrs. KAVITA KUMAR","AMRAPALI GOLF HOMES","9431038715"
"1118","Mr. RAHUL SHARMA","AMRAPALI GOLF HOMES","9910802007"
"1119","Mr. MANVIR SINGH","AMRAPALI GOLF HOMES","9313924532"
"1120","Mr. NALIN KUMAR SINGH","AMRAPALI GOLF HOMES","9418104112, 9430453645"
"1121","Mr. ASHISH PRABHAKAR","AMRAPALI GOLF HOMES","9212559410"
"1122","Mrs. VANDANA GOYAL","AMRAPALI GOLF HOMES","9415567217"
"1123","Mr. MAYANK KUMAR","AMRAPALI GOLF HOMES","9654262676, 8800773767"
"1124","Mrs. SUMI GOEL","AMRAPALI GOLF HOMES","9818076734, 7838866734"
"1125","Mrs. BHAVNA VIJ","AMRAPALI GOLF HOMES","9910894502"
"1126","Mrs. KUMKUM AGARWAL","AMRAPALI GOLF HOMES","9818374438"
"1127","Mr. HEM CHANDRA PAL","AMRAPALI GOLF HOMES","9958002104"
"1128","MR. PRASHANT SACHAN","AMRAPALI GOLF HOMES","9958889530"
"1129","Mr. GOURAV BEOND","AMRAPALI GOLF HOMES","9814002866"
"1130","Mr. SANJAY KUMAR","AMRAPALI GOLF HOMES","9560001363 ,9310058672"
"1131","Mrs. MAMTA SAXENA","AMRAPALI GOLF HOMES","9899066919"
"1132","Mr. LAXMAN SINGH","AMRAPALI GOLF HOMES",""
"1133","MR. SANJAY KUMAR SINGH","AMRAPALI GOLF HOMES","9654592575"
"1134","Mr. SATYENDU CHANDRANARAYAN MOHAPATRA","AMRAPALI GOLF HOMES","9871740047"
"1135","Mr. ANUJ VERMA","AMRAPALI GOLF HOMES","7011711207"
"1136","Mr. ANKUR SINGHAL","AMRAPALI GOLF HOMES","9810407213"
"1137","Mrs. ANURADHA MAHAJAN","AMRAPALI GOLF HOMES","9810724070"
"1138","Mr. SANJEEV SHARMA","AMRAPALI GOLF HOMES","8585934848, 9958305831"
"1139","Mr. ANIL KUMAR JUYAL","AMRAPALI GOLF HOMES","9971163277"
"1140","Mr. NAVNEET DHIMAN","AMRAPALI GOLF HOMES","9958297108,99112-88803"
"1141","Mrs. ALKA KALRA","AMRAPALI GOLF HOMES","9910908689"
"1142","Mr. SANATAN MOHANTY","AMRAPALI GOLF HOMES","9810920010"
"1143","Mr. ANIL KUMAR POTNURU","AMRAPALI GOLF HOMES","9891994849"
"1144","Mrs. PRATIMA PANDEY","AMRAPALI GOLF HOMES","9311122201"
"1145","Mr. AJAY KUMAR GUPTA","AMRAPALI GOLF HOMES","9871241345"
"1146","Mr. MUNESH KUMAR SHARMA","AMRAPALI GOLF HOMES","9811985729"
"1147","Mrs. PUNITA ARYA","AMRAPALI GOLF HOMES","9910959199"
"1148","Mr. BINIT KUMAR BAKSHI","AMRAPALI GOLF HOMES","9430768762, 9931146522"
"1149","Mr. DHEERAJ KUMAR","AMRAPALI GOLF HOMES","9911288803"
"1150","Mr. SURENDRA PRATAP SINGH","AMRAPALI GOLF HOMES","9810476653, 9811716847"
"1151","Mr. PRAVEEN GUPTA","AMRAPALI GOLF HOMES","9313373281"
"1152","Mrs. HARJINDER KAUR","AMRAPALI GOLF HOMES","9810980960, 09871001950"
"1153","Mrs. RASHMI SHARMA","AMRAPALI GOLF HOMES","9899130054"
"1154","Mrs. MOUSUMI PAUL","AMRAPALI GOLF HOMES",""
"1155","Mr. PANKAJ SINGH RAWAT","AMRAPALI GOLF HOMES","9654854504, 8587887101"
"1156","Mr. AMIT SINGH","AMRAPALI GOLF HOMES","9811060604"
"1157","Mrs. SURINDER KAUR BEDI","AMRAPALI GOLF HOMES","9878244409"
"1158","Mr. BHOOPENDRA KUMAR NAROLIYA","AMRAPALI GOLF HOMES","9752401011"
"1159","Mr. DINESH KUMAR","AMRAPALI GOLF HOMES","9971457201"
"1160","Mr. SUNIL KUMAR","AMRAPALI GOLF HOMES","9427504349"
"1161","Mr. PRITISH RANJAN DASH","AMRAPALI GOLF HOMES","9437100856, 9811333799"
"1162","Mr. PRADEEP GOYAL","AMRAPALI GOLF HOMES","9823087819"
"1163","Mr. SHOBHIT TIWARI","AMRAPALI GOLF HOMES","9891384315"
"1164","Mr. PANKAJ DALAL","AMRAPALI GOLF HOMES","9215525106, 9254314777"
"1165","Mr. KAILASH CHANDRA KHANDELWAL","AMRAPALI GOLF HOMES","9997397016"
"1166","Mr. ARVIND KUMAR GUPTA","AMRAPALI GOLF HOMES","9911307002"
"1167","Mr. ASHOK KUMAR SINGH","AMRAPALI GOLF HOMES","9450530760"
"1168","Mrs. MANISHA MISHRA","AMRAPALI GOLF HOMES","9990812001"
"1169","Mr. ASHUTOSH MISHRA","AMRAPALI GOLF HOMES","9958293578"
"1170","Mrs. SHEELA DEVI","AMRAPALI GOLF HOMES","9334012340"
"1171","Mrs. MALTI DEVI","AMRAPALI GOLF HOMES","9334998030"
"1172","Mrs. REBIKA SINGH","AMRAPALI GOLF HOMES","9999401187"
"1173","Dr. PRIYANKA RANI","AMRAPALI GOLF HOMES","9582135797"
"1174","Mr. ATUL SAHNI","AMRAPALI GOLF HOMES","9815394066"
"1175","Mr. ABHISHEK KUMAR","AMRAPALI GOLF HOMES","9560814111"
"1176","Mrs. SUNITA DEVI","AMRAPALI GOLF HOMES","9958540758"
"1177","MR. SAURABH SINHA","AMRAPALI GOLF HOMES","9868345054"
"1178","Mr. MUKESH TANEJA","AMRAPALI GOLF HOMES","9739460001"
"1179","Mrs. KANTA DEVI","AMRAPALI GOLF HOMES","9811221706"
"1180","Mr. SHANKAR AGARWAL","AMRAPALI GOLF HOMES","9910909680, 9835173228"
"1181","Mr. RAJEEV KUMAR PATHRIA","AMRAPALI GOLF HOMES","9910037368, 9810698636"
"1182","Mr. AKSHAY KUMAR SINGH","AMRAPALI GOLF HOMES","9358095828"
"1183","Ms. NEHA SHIVANI","AMRAPALI GOLF HOMES",""
"1184","Mr. JITENDRA YADAV","AMRAPALI GOLF HOMES","9910699788"
"1185","Mr. RAHUL TRIPATHI","AMRAPALI GOLF HOMES","9650934369, 8588977365"
"1186","Mr. ASHISH BEHARI LAL MATHUR","AMRAPALI GOLF HOMES","9899224107"
"1187","Captain SURESH CHANDRA","AMRAPALI GOLF HOMES","7694017559"
"1188","MR. ANKUR SHUKLA","AMRAPALI GOLF HOMES","9350015152"
"1189","MR. TARUN KANTI ROY","AMRAPALI GOLF HOMES","9818682406"
"1190","MS. KANIKA CHAWLA","AMRAPALI GOLF HOMES","9811072406"
"1191","MR. NIKHIL CHAWLA","AMRAPALI GOLF HOMES","9811072406"
"1192","MR. SANJEEV SETHI","AMRAPALI GOLF HOMES","9810029906"
"1193","MR. JAY NATH TRIPATHI","AMRAPALI GOLF HOMES","9871341932"
"1194","MS. KANIKA CHAWLA","AMRAPALI GOLF HOMES","9811072406"
"1195","MRS. PADMA BARNWAL","AMRAPALI GOLF HOMES","9717620245"
"1196","Mr. VISHAL RANJAN","AMRAPALI GOLF HOMES","9699733445"
"1197","M/S CARPEDIEM INVESTMENT CONSULTANTS PVT LTD","AMRAPALI GOLF HOMES",""
"1198","MR. SANJEEV SETHI","AMRAPALI GOLF HOMES","9810029906"
"1199","MR. MUKESH KUMAR","AMRAPALI GOLF HOMES","9718892636"
"1200","MRS. SHIVANI CHAUDHARY","AMRAPALI GOLF HOMES","9871011277"
"1201","MR. B. BANDYO PADHYAY","AMRAPALI GOLF HOMES","9210269451"
"1202","Mr. AKSHAYE VAID","AMRAPALI GOLF HOMES","9419129705, 7799338484"
"1203","MRS. KEYA CHATTERJEE","AMRAPALI GOLF HOMES","9910858811"
"1204","Mrs. URMILA RANI","AMRAPALI GOLF HOMES","9560288077"
"1205","MR. KUNAL KUMAR","AMRAPALI GOLF HOMES","9990896047"
"1206","Mr. AKHILESH MONGA","AMRAPALI GOLF HOMES","9871790189"
"1207","Mr. RAMIT GIRDHAR","AMRAPALI GOLF HOMES","9254100361"
"1208","Mr. PRADEEP SINGH SAGAR","AMRAPALI GOLF HOMES","9899321421, 9899075037"
"1209","Mr. YOGENDRA JHA","AMRAPALI GOLF HOMES","9406261791"
"1210","Mr. RAM PRAKASH PATHAK","AMRAPALI GOLF HOMES","9910415924"
"1211","Mr. RAJESH SHARMA","AMRAPALI GOLF HOMES","9811227328"
"1212","Mr. VIMAL KUMAR GOYAL","AMRAPALI GOLF HOMES","9971236305"
"1213","Mr. PANKAJ LAL SINHA","AMRAPALI GOLF HOMES","9891152427"
"1214","Mrs. PAYAL SHRIVASTAVA","AMRAPALI GOLF HOMES","9013962867"
"1215","Mrs. MANISHA SINGH","AMRAPALI GOLF HOMES","9958285008"
"1216","Mr. AMIT RAJ","AMRAPALI GOLF HOMES","7827866415"
"1217","Mr. SANJAY KUMAR","AMRAPALI GOLF HOMES","9015998801"
"1218","Mr. SHRI BHAGWAN KUMAR","AMRAPALI GOLF HOMES","9871721266"
"1219","Mr. PAWAN KUMAR MISHRA","AMRAPALI GOLF HOMES","9634536406"
"1220","Mrs. DAMYANTI DEVI","AMRAPALI GOLF HOMES","9811815789"
"1221","Mrs. RENU SHARMA","AMRAPALI GOLF HOMES","9971265151"
"1222","Mr. SANJEEV KUMAR SINGH","AMRAPALI GOLF HOMES","9604954104, 9412564956, 9013517285"
"1223","Mr. SANJEEV KUMAR","AMRAPALI GOLF HOMES","7070890860"
"1224","Mr. SUKANT BANERJEE","AMRAPALI GOLF HOMES","9839138205 ,9450783479"
"1225","Mr. MANJIT SINGH","AMRAPALI GOLF HOMES","9711992743"
"1226","Mrs. DIPA PRASAD","AMRAPALI GOLF HOMES","9955709734"
"1227","Mr. ASHISH ANAND BHARTI","AMRAPALI GOLF HOMES","9871424674"
"1228","Mr. BHASKAR ROY","AMRAPALI GOLF HOMES","9818286455"
"1229","Mrs. AMRITA SONAL HAFIZ","AMRAPALI GOLF HOMES",""
"1230","Mr. ZAIN A AWAN","AMRAPALI GOLF HOMES","9711989336"
"1231","Mr. PURNENDU KUMAR","AMRAPALI GOLF HOMES","9304079900,"
"1232","Mr. RAKESH PRASAD","AMRAPALI GOLF HOMES","9334881566"
"1233","Mr. SUNIL KUMAR SHARMA","AMRAPALI GOLF HOMES","9969226128"
"1234","Mr. RAJ KUMAR SINGH KUSHWAHA","AMRAPALI GOLF HOMES","9313789977"
"1235","Mrs. GEETIKA MEHRA","AMRAPALI GOLF HOMES","9716276775"
"1236","Mrs. SIMI BHAT","AMRAPALI GOLF HOMES","9871893375"
"1237","Mr. SUNIL KUMAR SINGH","AMRAPALI GOLF HOMES","9911666384, 9990179177"
"1238","Mr. MANISH KUMAR RANA","AMRAPALI GOLF HOMES","7838200585"
"1239","Mrs. SMITA SHAIL","AMRAPALI GOLF HOMES","8171997972"
"1240","Mr. MOHD ANUS FAROOQUI","AMRAPALI GOLF HOMES","9999331132, 9654440042"
"1241","Mr. CHANDAN RAJ","AMRAPALI GOLF HOMES","9810602581"
"1242","Mr. RAJIV RANJAN GIRI","AMRAPALI GOLF HOMES","-767532565"
"1243","Mr. KUMAR PRASHANT","AMRAPALI GOLF HOMES","8095308007"
"1244","Mr. DHIRAJ AKHOURI","AMRAPALI GOLF HOMES","9650011550"
"1245","Mr. SUKHAVIR SINGH","AMRAPALI GOLF HOMES","9858422114, 8803085610"
"1246","Mr. NIRAJ KUMAR UPADHYAY","AMRAPALI GOLF HOMES","9958446471"
"1247","Mr. VIJAY SINGH RAJPUT","AMRAPALI GOLF HOMES","9560646797"
"1248","Mr. ROHIT RANJAN","AMRAPALI GOLF HOMES","9953921478"
"1249","Mr. DEEPAK KUMAR VERMA","AMRAPALI GOLF HOMES","9837010781, 9088008312"
"1250","Mrs. SUDIPTA DATTA CHOUDHURY","AMRAPALI GOLF HOMES","9886018404"
"1251","Mr. PARMOD RATHI","AMRAPALI GOLF HOMES","9719244299"
"1252","MR. SANJEEV KUMAR BARANWAL","AMRAPALI GOLF HOMES","9654616655"
"1253","Ms. SAI KIRAN SAH","AMRAPALI GOLF HOMES","9811308090"
"1254","Mr. MANOJ SINGH","AMRAPALI GOLF HOMES","9818849935"
"1255","Mr. AAMIR SIDDIQUI","AMRAPALI GOLF HOMES","8860075774, 8527888449"
"1256","Mrs. INDRA SARASWAT","AMRAPALI GOLF HOMES","7290008896"
"1257","Mr. PRAKASH PANDEY","AMRAPALI GOLF HOMES","8979029967"
"1258","MR. ROHIT AHOOJA","AMRAPALI GOLF HOMES","9810099228"
"1259","Mrs. LEELA BISHT","AMRAPALI GOLF HOMES","8800716669"
"1260","Mr. VINOD K. CHAUDHARY","AMRAPALI GOLF HOMES","718870509"
"1261","Mrs. SADHANA KHANDELWAL","AMRAPALI GOLF HOMES","9873437928"
"1262","Mrs. SITA GUPTA","AMRAPALI GOLF HOMES","9560911878"
"1263","Mr. CHHATTER PAL SINGH","AMRAPALI GOLF HOMES","9320571371"
"1264","Mr. VIKRAM MAHAJAN","AMRAPALI GOLF HOMES","9717596625, 9930602953"
"1265","Mrs. MAYA SURESH","AMRAPALI GOLF HOMES","9810155764"
"1266","Mr. REHAN SIDDIQUI","AMRAPALI GOLF HOMES","9335088230"
"1267","Mr. MOHAMMAD ARIF KHAN","AMRAPALI GOLF HOMES","4.47873E+11"
"1268","Mr. UMESH KUMAR SARASWAT","AMRAPALI GOLF HOMES","9312412004"
"1269","Mr. SANJAY KUMAR JAGGI","AMRAPALI GOLF HOMES","9958799877, 9891380818, 61290065334"
"1270","Mr. RAJENDRA KUMAR","AMRAPALI GOLF HOMES","9810185257"
"1271","Mrs. SHAHNAZ AKHTAR","AMRAPALI GOLF HOMES","9811047597"
"1272","Mr. NEERAJ TAYAL","AMRAPALI GOLF HOMES","9212384559"
"1273","Mr. PAAWAN VERMA","AMRAPALI GOLF HOMES","9999685944, 7838000137"
"1274","Mr. VED PRAKASH MEHER","AMRAPALI GOLF HOMES","099047 09274"
"1275","Mrs. SHIVANI SAXENA","AMRAPALI GOLF HOMES","8285016006"
"1276","Mr. PARAM SUNDER WAHI","AMRAPALI GOLF HOMES","9971978865"
"1277","Mr. PIYUSH PATHAK","AMRAPALI GOLF HOMES","9717692220, 9450427988, 60102176683"
"1278","MR. SIDDHARTHA GHOSH","AMRAPALI GOLF HOMES","8130468282"
"1279","Mrs. POONAM","AMRAPALI GOLF HOMES","9939946673"
"1280","Mr. MOHAMMAD ALI AIYUBI","AMRAPALI GOLF HOMES","09334157390,00971 50 4821360"
"1281","Mr. BINAY KUMAR","AMRAPALI GOLF HOMES","9779585484"
"1282","Mr. RAMAN KHANNA","AMRAPALI GOLF HOMES","9167719664"
"1283","Mr. JAI PRAKASH VISHWAKARMA","AMRAPALI GOLF HOMES","9716299671, 9716079388"
"1284","Mrs. KANCHAN KAWATRA","AMRAPALI GOLF HOMES","9818143334"
"1285","Mr. YOGESH KUMAR TYAGI.","AMRAPALI GOLF HOMES","9911454547"
"1286","Mrs. SUNITA VARSHNEY","AMRAPALI GOLF HOMES","9718305332"
"1287","Mr. DEEPANSHU MEHTA","AMRAPALI GOLF HOMES","9999419996, 9999419998, 9619006999"
"1288","Mr. VIBHUTI BHUSHAN KUMAR","AMRAPALI GOLF HOMES","9884411639, 9344332484"
"1289","Mr. SATISH KUMAR BHANDARI","AMRAPALI GOLF HOMES","9990725917"
"1290","MRS. GUNJAN AGARWAL","AMRAPALI GOLF HOMES","9873730702"
"1291","Dr. AJAY KUMAR","AMRAPALI GOLF HOMES","9312261272"
"1292","Mrs. ARCHANA SHARAN","AMRAPALI GOLF HOMES","9717397619"
"1293","Mrs. A. PADMASHRI","AMRAPALI GOLF HOMES","9669785999"
"1294","Mrs. ZUBEERA JAN","AMRAPALI GOLF HOMES","9906846412, 98101665931"
"1295","Mr. G L RAVIKKUMAR","AMRAPALI GOLF HOMES","9999956782"
"1296","MRS. GUNJAN AGARWAL","AMRAPALI GOLF HOMES","9818737582, 14254423775"
"1297","Mr. VINAY KUMAR MISHRA","AMRAPALI GOLF HOMES","9.17205E+11"
"1298","Mr. SUMIT SINHA","AMRAPALI GOLF HOMES","9820067494"
"1299","Mr. BRIJESH PADALIA","AMRAPALI GOLF HOMES","9850967442"
"1300","Mrs. ZUBEERA JAN","AMRAPALI GOLF HOMES","9906846412, 9810166593"
"1301","Mr. DEEPANDER SINGH","AMRAPALI GOLF HOMES","9999992179, 8860190909"
"1302","Mrs. SAROJ DEVI","AMRAPALI GOLF HOMES","7903435035"
"1303","MR. CHANDRA SHEKHAR AZAD","AMRAPALI GOLF HOMES","9717988655"
"1304","Dr. LAYA PANDEY","AMRAPALI GOLF HOMES","9431218317"
"1305","Dr. YASHA PANDEY","AMRAPALI GOLF HOMES","9431218317"
"1306","Mrs. CHHAVI SOOD","AMRAPALI GOLF HOMES","9910167366"
"1307","Mr. RAJENDER MOHAN","AMRAPALI GOLF HOMES","9810091437"
"1308","Mr. NITYA NAND MISHRA","AMRAPALI GOLF HOMES","9891368035, 9310159057"
"1309","Mr. RITESH MATHUR","AMRAPALI GOLF HOMES","9810621986"
"1310","Mrs. SUMAN DEVI SINGH","AMRAPALI GOLF HOMES","9.77984E+12"
"1311","Mr. NARENDRA KUMAR PATHAK","AMRAPALI GOLF HOMES","9810526180"
"1312","Mr. AMRIK SINGH JASSAL","AMRAPALI GOLF HOMES","9871832755, 8800878007"
"1313","MR. MINU ALI","AMRAPALI GOLF HOMES","9891110099"
"1314","Mr. SAHDEV SINGH","AMRAPALI GOLF HOMES","8130446251"
"1315","MR. KIRTI RAKESH","AMRAPALI GOLF HOMES","9958614738"
"1316","MR. SUMAN PRASAD","AMRAPALI GOLF HOMES","9958401035, 9431012214"
"1317","MR. VARUN GABA","AMRAPALI GOLF HOMES","9868159713"
"1318","MR. SATISH NAG","AMRAPALI GOLF HOMES","9418036887, 8130810007"
"1319","MR. SANJEEV KUMAR","AMRAPALI GOLF HOMES","9990548847"
"1320","MS. NIKITA MITTAL","AMRAPALI GOLF HOMES","9717787837"
"1321","SRI KRISHNA SINGH","AMRAPALI GOLF HOMES","9811296621"
"1322","M/s. OM EARTH MOVERS","AMRAPALI GOLF HOMES","9910677225"
"1323","MR. DIPTENDU GOSWAMI","AMRAPALI GOLF HOMES","9810267080"
"1324","M/S. JAGRAN PRAKASHAN LTD.","AMRAPALI GOLF HOMES",""
"1325","MR. SHALLABH MITTAL","AMRAPALI GOLF HOMES","8904049064"
"1326","MR. SUNIL KUMAR","AMRAPALI GOLF HOMES","9891789224"
"1327","MRS. ANAMIKA UPADHYAY","AMRAPALI GOLF HOMES","9899189700"
"1328","WG CDR SANJEEV BINDRA","AMRAPALI GOLF HOMES","9868120001"
"1329","Mrs. SHILPY AHUJA","AMRAPALI GOLF HOMES",""
"1330","Mr. AMIT SHANDILYA","AMRAPALI GOLF HOMES","9906389796"
"1331","Dr. MANJU DEVI","AMRAPALI GOLF HOMES","9412521156"
"1332","Mrs. POONAM PURI","AMRAPALI GOLF HOMES","9.89E+19"
"1333","Mrs. NANDA MADAAN","AMRAPALI GOLF HOMES","9882119931"
"1334","Dr. SUNEETA SINGH","AMRAPALI GOLF HOMES","8005499930"
"1335","Mr. MANOJ KUMAR","AMRAPALI GOLF HOMES","9818892762"
"1336","MR. RISHI SINGH PARIHAR","AMRAPALI GOLF HOMES","9971477013"
"1337","Mr. CHANDRA SEKHAR JHA","AMRAPALI GOLF HOMES","8461870577, 8969531399"
"1338","Mr. TARUN SRIVASTAVA","AMRAPALI GOLF HOMES","9731570043"
"1339","Mrs. SEEMA B. VERMA","AMRAPALI GOLF HOMES","9811262406"
"1340","Mr. SUMIT SINGH","AMRAPALI GOLF HOMES","9711708866"
"1341","Mr. MANOJ KUMAR","AMRAPALI GOLF HOMES","9818971666, 9871242642"
"1342","Mr. VINIT KUMAR VERMA","AMRAPALI GOLF HOMES","8588850401"
"1343","Mr. NITIN SHARMA","AMRAPALI GOLF HOMES","9899235554"
"1344","Mr. SURESH CHAND JAIN.","AMRAPALI GOLF HOMES","9799345858, 9211784766"
"1345","Mrs. VEENA NOWSHRI","AMRAPALI GOLF HOMES","986808749, 8800774457"
"1346","Mr. N. MAKESH","AMRAPALI GOLF HOMES","9711129007"
"1347","Mrs. PUSHPA SINGH","AMRAPALI GOLF HOMES","9431410004"
"1348","Mr. PURUSHOTTAM KUMAR KATARIA","AMRAPALI GOLF HOMES","9868124884"
"1349","Mr. RAVI MANAK","AMRAPALI GOLF HOMES","9999766326"
"1350","Mrs. PRITI PRAKASH","AMRAPALI GOLF HOMES","9911325503"
"1351","Mr. LEKH RAJ SINGH","AMRAPALI GOLF HOMES","8289050707"
"1352","Mrs. KRISHNA KUMARI","AMRAPALI GOLF HOMES","9752522760"
"1353","MR. SATVENDRA SINGH JAKY","AMRAPALI GOLF HOMES","9313162344"
"1354","Mr. PRAKASH CHANDRA PANT","AMRAPALI GOLF HOMES","9013335964"
"1355","Mrs. ANITA ARUN","AMRAPALI GOLF HOMES","9891110300"
"1356","Mr. PAWAN KUMAR PANDIT","AMRAPALI GOLF HOMES","96895502285"
"1357","Mrs. NUTAN","AMRAPALI GOLF HOMES","9431664930"
"1358","Mrs. KUMARI INDU","AMRAPALI GOLF HOMES","9431217394"
"1359","Mr. RAM NIVASH PRASAD SINGH","AMRAPALI GOLF HOMES","9931556796"
"1360","Mr. RAVINDER GAUTAM","AMRAPALI GOLF HOMES","9888184708"
"1361","Mrs. PRATIMA SINGH","AMRAPALI GOLF HOMES","9971858649, 9990280049"
"1362","Mrs. BACHCHI SINGH","AMRAPALI GOLF HOMES","9470484727"
"1363","Mrs. MANINDER PAL KAUR","AMRAPALI GOLF HOMES","9873251888"
"1364","Mrs. KIRAN KAPOOR","AMRAPALI GOLF HOMES","9437017244"
"1365","Mr. PUNEET SINGHAL","AMRAPALI GOLF HOMES","9884864553"
"1366","Mrs. ANITA PANDEY","AMRAPALI GOLF HOMES","8826600241"
"1367","MR. DHIRENDRA KUMAR SINGH","AMRAPALI GOLF HOMES","9560908417, 9473942209, 9984294689"
"1368","Mr. WASEEM AHAMD","AMRAPALI GOLF HOMES","9810079006"
"1369","Mr. VINAY KUMAR AGGARWAL","AMRAPALI GOLF HOMES","9873992768"
"1370","Mrs. JYOTI KUMARI.","AMRAPALI GOLF HOMES","9450724166"
"1371","Mr. KUMAR MIHIR","AMRAPALI GOLF HOMES","9871130450"
"1372","Mr. SANJAY RAWAT","AMRAPALI GOLF HOMES","7506353566"
"1373","Mr. PUSHPENDRA KUMAR GUPTA","AMRAPALI GOLF HOMES","9999532942"
"1374","Mr. ANKIT TRIPATHI","AMRAPALI GOLF HOMES","7204000060"
"1375","Mrs. MEGHA DUA","AMRAPALI GOLF HOMES","96565967330"
"1376","Mrs. NEELAM","AMRAPALI GOLF HOMES","9871648467"
"1377","Mr. GAURAV MEHROTRA","AMRAPALI GOLF HOMES","9819735540"
"1378","Mr. ANIL KUMAR SRIVASTAVA","AMRAPALI GOLF HOMES","9718190077, 9810456018"
"1379","Mr. ROHIT RAJ","AMRAPALI GOLF HOMES","2.43815E+11"
"1380","MRS. SANGEETA GUPTA","AMRAPALI GOLF HOMES","8860880499"
"1381","Mr. SANJAY DHANDHA","AMRAPALI GOLF HOMES","9167006433"
"1382","Mr. DINESH NAUTIYAL","AMRAPALI GOLF HOMES","9760706666"
"1383","Mrs. KAVITA SRIVASTAVA","AMRAPALI GOLF HOMES","9871051798"
"1384","Mrs. BABITA KUMARI","AMRAPALI GOLF HOMES","9470073311"
"1385","Mr. RAVISH KUMAR LOHIA","AMRAPALI GOLF HOMES","9891042222"
"1386","Mrs. SHASHI SRIVASTAVA","AMRAPALI GOLF HOMES","9990564739"
"1387","Mr. HARVINDER SINGH BAWEJA","AMRAPALI GOLF HOMES","9910203827"
"1388","Mrs. PRITI SINGH","AMRAPALI GOLF HOMES","9412897439"
"1389","Mr. ABHISHEK KUMAR SINGH","AMRAPALI GOLF HOMES","""08884407786, 9221772137"
"1390","Mr. KRISHAN SEMWAL","AMRAPALI GOLF HOMES","9871160750 ,9811180750"
"1391","M/S. EMKAY ELECTROMECH PVT. LTD.","AMRAPALI GOLF HOMES","9811044500"
"1392","Mr. PRAMOD KUMAR SAMAL","AMRAPALI GOLF HOMES","""9958254881 ,9868150017"
"1393","Mr. M. D. KALA","AMRAPALI GOLF HOMES","9958694500"
"1394","Mr. ARIJIT KUMAR SINGH","AMRAPALI GOLF HOMES","9903020561"
"1395","Mr. MANISH KUMAR SRIVASTAVA","AMRAPALI GOLF HOMES","9311142414 , 9711116714"
"1396","Mrs. BEENA BIDANI","AMRAPALI GOLF HOMES","9711009180"
"1397","Mr. RAJESH KUMAR ANAND","AMRAPALI GOLF HOMES","9868124603, 9313499903"
"1398","Mr. RAJU SEHRAWAT","AMRAPALI GOLF HOMES","9818385566, 9810113554"
"1399","Mr. ANUPAM SHAH","AMRAPALI GOLF HOMES","9899990582"
"1400","Mr. DEEPAK BASWAN","AMRAPALI GOLF HOMES","9818419880"
"1401","Mr. SUNIL BAGLANI","AMRAPALI GOLF HOMES","9880912900"
"1402","Mrs. NIRMAL RANA","AMRAPALI GOLF HOMES","9818419880"
"1403","Dr. SHASHI DUA","AMRAPALI GOLF HOMES","9810209779, 9810150000"
"1404","Mrs. BHUMIKA SHARMA","AMRAPALI GOLF HOMES","9873337663"
"1405","Major ANU AGHI","AMRAPALI GOLF HOMES","09810228548, 0971769090"
"1406","Mr. VIKASH SHARMA","AMRAPALI GOLF HOMES","9212013244"
"1407","Mr. ASHWANI SAHU","AMRAPALI GOLF HOMES","9717532531"
"1408","Mrs. CHARU GOVIL","AMRAPALI GOLF HOMES","9810377174, 9560940923"
"1409","Mr. HASMAT ALI","AMRAPALI GOLF HOMES","9760343728"
"1410","Mr. SUMIT SINGLA","AMRAPALI GOLF HOMES","8860086830"
"1411","Mr. R.V.N. VISHWESHWAR","AMRAPALI GOLF HOMES","9999727010"
"1412","Mr. PRAMOD KUMAR PANDEY","AMRAPALI GOLF HOMES","9999619267"
"1413","Mrs. ARCHANA BAJPAI","AMRAPALI GOLF HOMES","9953008662"
"1414","Mr. AZAD SINGH","AMRAPALI GOLF HOMES","9871525599"
"1415","Mr. KUNDAN KUMAR CHOUDHARY","AMRAPALI GOLF HOMES","8587851235"
"1416","Mr. JAIPREET SINGH JONEJA","AMRAPALI GOLF HOMES","9650391870"
"1417","Mr. RAJESH SINGH","AMRAPALI GOLF HOMES","9999683061"
"1418","Mrs. PRITI YOGI SHARMA","AMRAPALI GOLF HOMES","9811120512"
"1419","Mr. ASHISH AGHI","AMRAPALI GOLF HOMES","9899248386"
"1420","Mrs. MRIDULA GUPTA","AMRAPALI GOLF HOMES","9810868230, 9868393754"
"1421","Mrs. ALOKITA GUPTA","AMRAPALI GOLF HOMES","9810885596"
"1422","Mr. SUMIT MAHESHWARI","AMRAPALI GOLF HOMES","9837271777"
"1423","Mr. BRIJESHWAR PATEL","AMRAPALI GOLF HOMES","9711979306"
"1424","Mr. RANA BASU","AMRAPALI GOLF HOMES","9.18018E+11"
"1425","Colonel P. L. BHATIA","AMRAPALI GOLF HOMES","9811284108"
"1426","Mr. RAVI KAUSHIK","AMRAPALI GOLF HOMES","9540038430, 9560525640"
"1427","Mr. AMAR KUMAR","AMRAPALI GOLF HOMES","8003994620"
"1428","Mr. SARTHAK GOYAL","AMRAPALI GOLF HOMES","9868393759"
"1429","Mrs. SAROJ KUMARI","AMRAPALI GOLF HOMES","9801813978"
"1430","MR. ANIL KUMAR GUPTA","AMRAPALI GOLF HOMES","9958773322"
"1431","Mr. SHISHIR GUPTA","AMRAPALI GOLF HOMES","9311114301"
"1432","Mr. SANJEEV KUMAR YADAV","AMRAPALI GOLF HOMES","9435031031, 9435530602"
"1433","Mrs. SUBITA NARULA","AMRAPALI GOLF HOMES","+91 9910075263"
"1434","MR. NITIN KUMAR","AMRAPALI GOLF HOMES","9871585333"
"1435","Mrs. MONIKA JAIN","AMRAPALI GOLF HOMES","7065506060/9968551561"
"1436","MR. PREM KUMAR SINHA","AMRAPALI GOLF HOMES","9434027498"
"1437","Mr. RAJENDRA PRASAD.","AMRAPALI GOLF HOMES","9.77E+19"
"1438","Mr. SUNIL KUMAR DOGRA","AMRAPALI GOLF HOMES","9780498449"
"1439","Ms. SUSHMA RANI","AMRAPALI GOLF HOMES","8510086178"
"1440","Mr. ANKUR BHUTANI","AMRAPALI GOLF HOMES","9818865123"
"1441","MR. MITHILESH KUMAR.","AMRAPALI GOLF HOMES","9758673300"
"1442","MR. KAPIL LOOMBA","AMRAPALI GOLF HOMES","9811263192"
"1443","MR. NARENDRA PAL","AMRAPALI GOLF HOMES","9015797189"
"1444","MR. KUNWAR ANAND","AMRAPALI GOLF HOMES","9428333372"
"1445","M/S SHANTINATH COLONISERS PVT. LTD.","AMRAPALI GOLF HOMES",""
"1446","MR. PROVASH MUKHERJEE","AMRAPALI GOLF HOMES","8297133335"
"1447","MR. ASHUTOSH KUMAR","AMRAPALI GOLF HOMES",""
"1448","Mrs. MAMTA MISHRA","AMRAPALI GOLF HOMES","9958481288"
"1449","Mr. MAHESH KUMAR","AMRAPALI GOLF HOMES","9990464949"
"1450","MR. ANIL KUMAR SINGH","AMRAPALI GOLF HOMES","9650994765"
"1451","Mohd. ARSHAD MOHSINI","AMRAPALI GOLF HOMES","7484098586"
"1452","Mr. HARISH CHANDRA","AMRAPALI GOLF HOMES","9449049919"
"1453","MR. R. ANAND MENON","AMRAPALI GOLF HOMES","9650067471"
"1454","MR. PANDRAVADA VENKATA RAMANA RAO","AMRAPALI GOLF HOMES","9953027509, 9000241885"
"1455","MR. GAURAV SHUKLA","AMRAPALI GOLF HOMES","9891005541, 9415154095"
"1456","MR. PANKAJ BHARDWAJ.","AMRAPALI GOLF HOMES","9540261596, 7500155484"
"1457","Dr. PIYUSH SAXENA","AMRAPALI GOLF HOMES","9899968591"
"1458","Mr. MANOJ KUMAR VERMA","AMRAPALI GOLF HOMES","9971280103"
"1459","Mrs. BINA PRAKASH","AMRAPALI GOLF HOMES","9810484175"
"1460","Mr. AMRIT PAUL SINGH","AMRAPALI GOLF HOMES","9711542941 ,9968558328"
"1461","Mr. MAHESH CHAND","AMRAPALI GOLF HOMES","9868512505"
"1462","Mr. ABHAY AGARWAL","AMRAPALI GOLF HOMES","9871398838"
"1463","Mr. AJIT SINGH","AMRAPALI GOLF HOMES","9811381867"
"1464","Mr. SUDHIR KUMAR GOSWAMI","AMRAPALI GOLF HOMES","9871126853"
"1465","Mr. ASHUTOSH JOSHI.","AMRAPALI GOLF HOMES","7838349617"
"1466","Mr. SUSHIL KUMAR AGRAWAL","AMRAPALI GOLF HOMES","9410276284, 966502127673, 96633573720"
"1467","Mr. MANOJ KUMAR PANDEY","AMRAPALI GOLF HOMES","9999027494, 9560366210"
"1468","Mr. VISHWA PRATAP SINGH","AMRAPALI GOLF HOMES","9911961999"
"1469","Mr. RATAN LAL RATAN","AMRAPALI GOLF HOMES","8860330440"
"1470","Dr. R. S. SINGH","AMRAPALI GOLF HOMES","9826681492"
"1471","Mr. GHULAM RABBANI","AMRAPALI GOLF HOMES","9958286794"
"1472","Mrs. NAHEED ZAMAN","AMRAPALI GOLF HOMES","8789900411"
"1473","Mr. SANJAY KUMAR RAI","AMRAPALI GOLF HOMES","9818055396"
"1474","Mr. VIKAS ARORA","AMRAPALI GOLF HOMES","9752447612"
"1475","Mrs. LIPIKA CHAKRABORTY","AMRAPALI GOLF HOMES","9810119622"
"1476","Mr. KARAN KUMAR SINGH","AMRAPALI GOLF HOMES","9334262464"
"1477","Mr. HEMANT KAUSHIK","AMRAPALI GOLF HOMES","8800232365"
"1478","Mr. MALIK ZAINUL ABDIN","AMRAPALI GOLF HOMES","9818462060"
"1479","Mr. BASANT KUMAR JHA","AMRAPALI GOLF HOMES","9425281050"
"1480","Mr. KAPIL CHAWLA","AMRAPALI GOLF HOMES","9818545919"
"1481","Mrs. MEENA MISHRA","AMRAPALI GOLF HOMES","9436057360"
"1482","Mrs. UTTAMA DUBEY","AMRAPALI GOLF HOMES","9412219602"
"1483","Mr. AMIT GAUR","AMRAPALI GOLF HOMES","""9719255111,9719244111, 9719233198"
"1484","Mrs. RENUKA KOUL","AMRAPALI GOLF HOMES","9419141012"
"1485","Mr. DEVENDRA KUMAR SINGH","AMRAPALI GOLF HOMES","7715041085"
"1486","Mr. ASHISH LUTHRA","AMRAPALI GOLF HOMES","9818549059"
"1487","Mr. RAJESH KUMAR KATIYAR","AMRAPALI GOLF HOMES","08756633572 8130503878"
"1488","Mr. DEBASIS KUMAR","AMRAPALI GOLF HOMES","7042203547"
"1489","Mr. ABDUL ALI","AMRAPALI GOLF HOMES","9711026932"
"1490","Mr. UMESHWAR KUMAR","AMRAPALI GOLF HOMES","8076882519"
"1491","Mr. DEEPAK CHANDRA AWASTHI","AMRAPALI GOLF HOMES","9999442836"
"1492","Mr. VED PRAKASH SHARMA","AMRAPALI GOLF HOMES","9810876913"
"1493","Ms. SAMPA DEY","AMRAPALI GOLF HOMES","9766396120"
"1494","Mr. MANOJ KUMAR","AMRAPALI GOLF HOMES","9999376855, 8860509509"
"1495","Mr. INDRAJIT NEOG","AMRAPALI GOLF HOMES","9435710197"
"1496","Mr. HIMANSHU SHARMA","AMRAPALI GOLF HOMES","9412291485"
"1497","Mr. MANISH KUMAR","AMRAPALI GOLF HOMES","9650998392"
"1498","Mr. SUDHIR KUMAR SRIVASTAVA","AMRAPALI GOLF HOMES","9997199938"
"1499","Mr. PURUSHOTTAM KUMAR DWIVEDI","AMRAPALI GOLF HOMES","9868170244"
"1500","Mr. RAKESH KUMAR MISHRA","AMRAPALI GOLF HOMES","9717743674"
"1501","Mr. HARI RAM SHARMA","AMRAPALI GOLF HOMES","9412783235"
"1502","Mrs. NIRMALA KRISHNAMOORTHY","AMRAPALI GOLF HOMES","9350871021"
"1503","Mr. WAGESH KUMAR SINHA","AMRAPALI GOLF HOMES","9470971554"
"1504","Mrs. ANU AGARWAL","AMRAPALI GOLF HOMES","9897039009"
"1505","Mr. TARUN CHAUHAN","AMRAPALI GOLF HOMES","9811621570"
"1506","Mrs. SUSHMA KOUL NEE MUNSHI","AMRAPALI GOLF HOMES","9419131397"
"1507","Mr. SANDEEP ARORA","AMRAPALI GOLF HOMES","9811837847"
"1508","Mr. NAVNEET GUPTA","AMRAPALI GOLF HOMES","9871014162"
"1509","Mrs. VEENA RAZDAN NEE KHACHROO","AMRAPALI GOLF HOMES","9419140918"
"1510","Mr. NAVIN RAI","AMRAPALI GOLF HOMES","9997199941"
"1511","Mr. KISHORE AHUJA","AMRAPALI GOLF HOMES","9868469318"
"1512","Mr. SANJAI KUMAR MISHRA","AMRAPALI GOLF HOMES","9911815400"
"1513","Mr. P BASKARAN DAVID","AMRAPALI GOLF HOMES","9868457344 9013400000"
"1514","Mrs. SHASHI BALA","AMRAPALI GOLF HOMES","9911170563"
"1515","Mr. DALBIR S BISHT","AMRAPALI GOLF HOMES","8383958383"
"1516","Mrs. MITHLESH MISHRA","AMRAPALI GOLF HOMES","9412182010"
"1517","Mr. OMBIR SINGH","AMRAPALI GOLF HOMES","9911925262"
"1518","Mr. ANIL KUMAR CHAUDHARY","AMRAPALI GOLF HOMES","9140266014"
"1519","Mr. SOURAV MAITY","AMRAPALI GOLF HOMES","9999762228"
"1520","Mr. ARUNESH KUMAR","AMRAPALI GOLF HOMES","9458096602"
"1521","Mr. BALMUKUND PRASAD","AMRAPALI GOLF HOMES","7874821957"
"1522","Mr. DHIRAJ KUMAR GUPTA","AMRAPALI GOLF HOMES","9717000195, 44 7448786367"
"1523","Mr. ABHISHEK SRIVASTAVA","AMRAPALI GOLF HOMES","7837376678"
"1524","Mrs. SHALINI BHALLA","AMRAPALI GOLF HOMES","9810869313"
"1525","Mr. KRISHAN MOHAN SHARMA","AMRAPALI GOLF HOMES","8800393219"
"1526","Mr. NARINDER SINGH","AMRAPALI GOLF HOMES","9810595599"
"1527","Mr. RAJEEV KUMAR SUROLIA","AMRAPALI GOLF HOMES","9910208284"
"1528","Mr. SUHAIL AHMAD","AMRAPALI GOLF HOMES","9999019880"
"1529","Mr. ANOOP SINGH","AMRAPALI GOLF HOMES","9891216755"
"1530","Mr. VIKRANT SHARMA.","AMRAPALI GOLF HOMES","8373917232"
"1531","Mrs. POOJA PURI","AMRAPALI GOLF HOMES","8010044858, 9718778496"
"1532","Mr. LAWRENCE PETER","AMRAPALI GOLF HOMES","4.48E+23"
"1533","Mr. VINOD KUMAR GUPTA","AMRAPALI GOLF HOMES","9810372074, 9910552074"
"1534","Mr. R. SRINIVASA RAGHAVAN","AMRAPALI GOLF HOMES","9899264182"
"1535","Mr. SANTOSH KUMAR VAID","AMRAPALI GOLF HOMES","9891959628"
"1536","Mrs. RICHA TRIPATHI","AMRAPALI GOLF HOMES","9871999312"
"1537","Mr. SHIBLI RABBANI","AMRAPALI GOLF HOMES","919450601259 ,919935949846"
"1538","Mr. INDRAJEET RAI","AMRAPALI GOLF HOMES","9999199011"
"1539","Mr. UMESH KUMAR VISHWAKARMA","AMRAPALI GOLF HOMES","9958237733"
"1540","Mr. SIDDHARTH SHARMA","AMRAPALI GOLF HOMES","17743812378"
"1541","Mr. MANISH KUMAR","AMRAPALI GOLF HOMES","9916504848"
"1542","Mr. VIPPIN BASRAN","AMRAPALI GOLF HOMES","9654997695"
"1543","Mr. ABHIJIT MISHRA","AMRAPALI GOLF HOMES","9811030100"
"1544","Mrs. SAPNA BHUSHAN","AMRAPALI GOLF HOMES","9999652938"
"1545","Mrs. PRERNA SINHA THAKUR","AMRAPALI GOLF HOMES","8800792353"
"1546","Mr. SHIVAM JETHI","AMRAPALI GOLF HOMES","9410614623,958 221 8595"
"1547","Mr. NARENDRA KUMAR GANDHARWA","AMRAPALI GOLF HOMES","7675941199/09990256712"
"1548","Mr. ANZAR AHMAD KHAN","AMRAPALI GOLF HOMES","+971 522392558"
"1549","Mr. PRAMOD KUMAR","AMRAPALI GOLF HOMES","8277055182"
"1550","MRS. JEENU BHARGAV","AMRAPALI GOLF HOMES","9999014400"
"1551","Mr. ASHISH GUPTA","AMRAPALI GOLF HOMES","9953401116"
"1552","Mr. SANJAY KUMAR","AMRAPALI GOLF HOMES","8527407355"
"1553","Mr. VIJAY KUMAR JAIN","AMRAPALI GOLF HOMES","9810370560"
"1554","Mr. MANOJ KUMAR","AMRAPALI GOLF HOMES","9650994309"
"1555","Mr. RAKESH KUMAR.","AMRAPALI GOLF HOMES","9896978480"
"1556","Mr. NEERAJ KUMAR","AMRAPALI GOLF HOMES","9899954519"
"1557","Mr. SHASHWAT","AMRAPALI GOLF HOMES","8800750258"
"1558","Mrs. SHEELA VERMA","AMRAPALI GOLF HOMES","9968006364"
"1559","Mrs. NEHA CHOUDHARY","AMRAPALI GOLF HOMES","8826805266"
"1560","Mrs. SHWETA KESHARI","AMRAPALI GOLF HOMES","8088442514"
"1561","AJAY KUMAR SINGH","AMRAPALI GOLF HOMES","8588864615"
"1562","Mr. PIYUSH KARNWAL","AMRAPALI GOLF HOMES","8966007486"
"1563","Mr. HARASH KUMAR VERMA","AMRAPALI GOLF HOMES","9868393723"
"1564","Mrs. VEENA BHALLA","AMRAPALI GOLF HOMES","9811427827"
"1565","Mr. NAVEEN CHANDRA","AMRAPALI GOLF HOMES","9716203418"
"1566","MR. RUPAK GOHAIN","AMRAPALI GOLF HOMES","9820222634"
"1567","MR. RUPAK GOHAIN","AMRAPALI GOLF HOMES","9820222634"
"1568","MR. ABU FAIZAN","AMRAPALI GOLF HOMES","9968225847"
"1569","MR. ANKIT SHARMA","AMRAPALI GOLF HOMES","8130052699, 8130094329"
"1570","NIRAJ AGARWAL & SONS (HUF)","AMRAPALI GOLF HOMES",""
"1571","Mr. MAHESH KUMAR","AMRAPALI GOLF HOMES","9990464949"
"1572","MR. VIVEK KUMAR PANDEY","AMRAPALI GOLF HOMES","9555605095"
"1573","MR. SADANAND PANDEY","AMRAPALI GOLF HOMES","9818257022"
"1574","MR. RAMESH CHAND SHARMA","AMRAPALI GOLF HOMES","8130744755"
"1575","MRS. ARCHANA KUMARI","AMRAPALI GOLF HOMES","7838414346, 8802325534, 7042291997"
"1576","MR. GP CAPT. SANJAY KUMAR SRIVASTAVA","AMRAPALI GOLF HOMES","9891910687"
"1577","MRS. NEHA MATHUR","AMRAPALI GOLF HOMES","9891228621, 9873083677"
"1578","MR. ANIL KUMAR SINGH","AMRAPALI GOLF HOMES","9758336017"
"1579","MR. RAJESH KUMAR VERMA","AMRAPALI GOLF HOMES","7895439450"
"1580","Mr. ANKIT JAIN","AMRAPALI GOLF HOMES","9810230632"
"1581","Mr. VISHESH KUMAR NIRWAL","AMRAPALI GOLF HOMES","9900238287"
"1582","Mr. RATAN SINGH","AMRAPALI GOLF HOMES","9897909389"
"1583","Mr. AMIT AGARWAL","AMRAPALI GOLF HOMES","9756151238"
"1584","Mr. S BRIJESH","AMRAPALI GOLF HOMES","8505959191"
"1585","Mr. RAVI SHANKAR MISHRA.","AMRAPALI GOLF HOMES","9415263935"
"1586","Mr. ARUN KUMAR BHATT","AMRAPALI GOLF HOMES","7905029112"
"1587","Mr. MANOJ KUMAR MUNDE","AMRAPALI GOLF HOMES","9971684333"
"1588","Mr. SHAILENDRA BHASIN","AMRAPALI GOLF HOMES","9917315550"
"1589","Ms. RASHI RAJPAL","AMRAPALI GOLF HOMES","9350093508"
"1590","Mr. VIPIN KUMAR BHATT","AMRAPALI GOLF HOMES","9910378833, 9717998654"
"1591","Mr. SAURABH JAIN","AMRAPALI GOLF HOMES","9873905509"
"1592","Mrs. SANDHYA SINHA","AMRAPALI GOLF HOMES","9431509661"
"1593","Mr. NAVIN KUMAR SHRIVASTAVA","AMRAPALI GOLF HOMES","9704990154"
"1594","Mr. OM PRAKASH","AMRAPALI GOLF HOMES","9801263950"
"1595","Mr. J D VASHISHT","AMRAPALI GOLF HOMES","9957574357"
"1596","Mr. DINESH CHOUDHARY","AMRAPALI GOLF HOMES","8003298136"
"1597","Mr. VIJAY SHANKER SHARMA","AMRAPALI GOLF HOMES","9810182064, 9810021170"
"1598","Mr. PANKAJ ANAND","AMRAPALI GOLF HOMES","9953308803"
"1599","Mr. ARSHAD NADIM","AMRAPALI GOLF HOMES","9650960222, 9868478135"
"1600","Mr. GAURAV ASTHANA","AMRAPALI GOLF HOMES","9560494440"
"1601","Mrs. ANITA HIRA","AMRAPALI GOLF HOMES","9810691193, 9810116209"
"1602","Mrs. NIKITA GUPTA","AMRAPALI GOLF HOMES","9334910393"
"1603","Mr. KSHITIJ TYAGI","AMRAPALI GOLF HOMES","8800858610"
"1604","Mr. P. S. KARKI","AMRAPALI GOLF HOMES","9911609885"
"1605","Mrs. TABASSUM","AMRAPALI GOLF HOMES","9212433467, 9810205866"
"1606","Mr. MUHAMMAD IQBAL","AMRAPALI GOLF HOMES","9873137770"
"1607","Dr. SAYEED AHMAD","AMRAPALI GOLF HOMES","9891374647"
"1608","Mr. SHRIRANGAM DATTATREYULU","AMRAPALI GOLF HOMES","9971722397"
"1609","Mr. B. NAVEEN KUMAR","AMRAPALI GOLF HOMES","9968077369"
"1610","Mrs. ALPANA","AMRAPALI GOLF HOMES","9334173000"
"1611","Mrs. S. NAGALAKSHMI","AMRAPALI GOLF HOMES","9810894590"
"1612","Mr. RUPESH KUMAR SHUKLA","AMRAPALI GOLF HOMES","""8446003288"
"1613","Dr. GARIMA VIJAY VERMA","AMRAPALI GOLF HOMES","9312838199"
"1614","Mr. AJIT PRATAP","AMRAPALI GOLF HOMES","7839171372"
"1615","Mr. JAYRAM SINGH","AMRAPALI GOLF HOMES","7979840573"
"1616","Mrs. ARCHANA TRIPATHI","AMRAPALI GOLF HOMES","9231086327, 9903398741"
"1617","Mr. PRASHANT RATAN KATIYAR","AMRAPALI GOLF HOMES","9958399116"
"1618","Mr. NIKHIL","AMRAPALI GOLF HOMES","9466141521"
"1619","Mr. BAZRA PRATAP SINGH JADON","AMRAPALI GOLF HOMES","9717073939, (+65) 8347434"
"1620","Mr. SUCHIT B DEKIVADIA","AMRAPALI GOLF HOMES","9727752002"
"1621","Mrs. HARPREET KAUR","AMRAPALI GOLF HOMES","9999501719"
"1622","Mr. MUKESH KUMAR","AMRAPALI GOLF HOMES","9871604825"
"1623","Mr. GULBIR SINGH BINDRA","AMRAPALI GOLF HOMES","9811230113"
"1624","Mr. PARIVESH GOYAL","AMRAPALI GOLF HOMES","9711986289"
"1625","Mr. SIDDHARTH SANGAL","AMRAPALI GOLF HOMES","9818299898"
"1626","Mr. VIJAY KUMAR VERMA","AMRAPALI GOLF HOMES","9312838199"
"1627","Mr. ASHISH DUBE","AMRAPALI GOLF HOMES","9560338794"
"1628","Mrs. MADHU BISARIA","AMRAPALI GOLF HOMES","9654358482"
"1629","Mrs. HENA KOUSER","AMRAPALI GOLF HOMES","61482919981"
"1630","Mrs. SUSHMA SHUKLA","AMRAPALI GOLF HOMES","9415225010"
"1631","Mrs. NEHA JHINGON","AMRAPALI GOLF HOMES","9810343464"
"1632","Mr. PRADEEP KUMAR SINGH","AMRAPALI GOLF HOMES","9650991170"
"1633","Mrs. S JAYASHREE","AMRAPALI GOLF HOMES","9868944614"
"1634","Mrs. RASHMI KUMAR","AMRAPALI GOLF HOMES","9999103716"
"1635","Mrs. UMA RANI","AMRAPALI GOLF HOMES","9871662362"
"1636","Mrs. ANURAG SHARMA","AMRAPALI GOLF HOMES","9860900012, 9975459667"
"1637","Mr. MUKESH ARORA","AMRAPALI GOLF HOMES","9312997987"
"1638","Mr. RAKESH KR. KATIYAR","AMRAPALI GOLF HOMES","9650995232"
"1639","Mrs. MEENA PANDEY","AMRAPALI GOLF HOMES","8800500235, 9868156564"
"1640","Mrs. MUKTA GOEL","AMRAPALI GOLF HOMES","9910434669"
"1641","Mrs. SHASHI BALA GUPTA","AMRAPALI GOLF HOMES","9412862246"
"1642","Mrs. PRIYANKA KUMARI.","AMRAPALI GOLF HOMES","9555683416"
"1643","Mr. SONU MISHRA","AMRAPALI GOLF HOMES","9871113484"
"1644","Mrs. GUNJAN SINGH","AMRAPALI GOLF HOMES","9999049105"
"1645","Mrs. REKHA SHARMA","AMRAPALI GOLF HOMES","9431235027"
"1646","Mrs. SUNITA UPADHYAYA","AMRAPALI GOLF HOMES","9650239933"
"1647","Mr. CHETAN SAINI","AMRAPALI GOLF HOMES","9312043489"
"1648","Mr. DASH RATH SINGH","AMRAPALI GOLF HOMES","9818583901"
"1649","MR. SHAILESH GOSWAMI","AMRAPALI GOLF HOMES","9711827013"
"1650","Mr. VIVEK KUMAR SHUKLA","AMRAPALI GOLF HOMES","9560973300"
"1651","Mr. NARENDRA KUMAR","AMRAPALI GOLF HOMES","9607791814"
"1652","DR. ARUN KUMAR SHARMA","AMRAPALI GOLF HOMES","9418019947, 8130810007, 9418036887"
"1653","M/S CARPEDIEM INVESTMENT CONSULTANTS PRIVATE LIMIT","AMRAPALI GOLF HOMES",""
"1654","MRS. NIRUPAMA SHARMA","AMRAPALI GOLF HOMES","9810923750"
"1655","Mr. YOGESH VIRMANI","AMRAPALI GOLF HOMES","9717844474"
"1656","MR. RAGVENDRA YADAVA","AMRAPALI GOLF HOMES","9717319002"
"1657","MR. RAKESH KUMAR HUF","AMRAPALI GOLF HOMES","9999942688"
"1658","Mrs. KANIKA BHUTANI","AMRAPALI GOLF HOMES",""
"1659","SATYENDRA SINGH","AMRAPALI GOLF HOMES",""
"1660","Dr. ANWAR HASSAN","AMRAPALI GOLF HOMES","9419426546"
"1661","MR. A.S. SHASHIKUMAR","AMRAPALI GOLF HOMES","9811386893"
"1662","MR. KANWAR PAL","AMRAPALI GOLF HOMES","9650993967"
"1663","Mr. GAURAV SHARMA","AMRAPALI GOLF HOMES","9911282547"
"1664","Mr. SANJEEV KUMAR","AMRAPALI GOLF HOMES","9810193373"
"1665","Mrs. SHAIL MATHUR","AMRAPALI GOLF HOMES","9958786668"
"1666","Mr. MUNAM AKHTER","AMRAPALI GOLF HOMES","8102393789"
"1667","Ms. NEETOO SHARMA","AMRAPALI GOLF HOMES","7760371156"
"1668","Mrs. MANISHA KHAN","AMRAPALI GOLF HOMES","9811207108"
"1669","Mr. KAMAL SINGH NEGI","AMRAPALI GOLF HOMES","7898919620"
"1670","Mr. ISHWAR DAYAL","AMRAPALI GOLF HOMES","9811612380 9899800000"
"1671","Mr. SHYAM KUMAR SINGH","AMRAPALI GOLF HOMES","9910162199"
"1672","Mr. BHUPENDRA KUMAR","AMRAPALI GOLF HOMES","9873553211"
"1673","Mr. SANJAI KUMAR","AMRAPALI GOLF HOMES","8985625294"
"1674","Mr. YOGESH KUMAR","AMRAPALI GOLF HOMES","9493880105"
"1675","Mr. PARVINDER SINGH","AMRAPALI GOLF HOMES","9650892819"
"1676","Mr. RAJEEV KUMAR","AMRAPALI GOLF HOMES","8968688376"
"1677","Mr. PRIYATAM DEV KARJEE","AMRAPALI GOLF HOMES","9717278535"
"1678","Mrs. NEELAM BHATIA","AMRAPALI GOLF HOMES","9818322367"
"1679","Mr. SANDEEP ASATI","AMRAPALI GOLF HOMES","8130791149"
"1680","Mr. ABHIJIT SETH","AMRAPALI GOLF HOMES","9868703184"
"1681","Mr. AWAKASH KUMAR SINHA","AMRAPALI GOLF HOMES","9780588509"
"1682","Mr. SARVESH KUMAR","AMRAPALI GOLF HOMES","9958354099"
"1683","Mr. AMIT PURAKAYASTHA","AMRAPALI GOLF HOMES","9971707622"
"1684","Mr. RAJA RAM KAMLAKAR","AMRAPALI GOLF HOMES","9412771824"
"1685","Mr. VIRENDER KUMAR JAIN","AMRAPALI GOLF HOMES","9837889952"
"1686","Mrs. SANJU BHATI","AMRAPALI GOLF HOMES","9717088322"
"1687","Mr. KAMAL KRIPLANI","AMRAPALI GOLF HOMES","9911728815"
"1688","Mr. MUKUL SINGH GRADE","AMRAPALI GOLF HOMES","9711991522"
"1689","Mr. MOHD. ZAFAR","AMRAPALI GOLF HOMES","9359903848"
"1690","Mrs. MARIA BILQUIS","AMRAPALI GOLF HOMES","9837450133"
"1691","Mr. ANWAR AHMAD","AMRAPALI GOLF HOMES","9818471828"
"1692","Mr. OBAIDULLAH NASIM","AMRAPALI GOLF HOMES","9.66549E+11"
"1693","Mr. CHANDRA SHEKHER","AMRAPALI GOLF HOMES","9899257613"
"1694","Mr. SUJIT HIZLY","AMRAPALI GOLF HOMES","9891688235"
"1695","Mr. CHARANJIT ARNEJA","AMRAPALI GOLF HOMES","9810555856"
"1696","Mr. SHAILESH KUMAR","AMRAPALI GOLF HOMES","9711133997"
"1697","Mr. RAJIV KUMAR JAIN","AMRAPALI GOLF HOMES","9807199499"
"1698","Mr. DEVENDRA PRATAP SINGH","AMRAPALI GOLF HOMES","9891925576"
"1699","Mr. VIJAY KUMAR","AMRAPALI GOLF HOMES","7908896450"
"1700","Mr. AKHTAR HUSSAIN","AMRAPALI GOLF HOMES","9350025490"
"1701","Mr. SOMNATH BHATTACHARYA","AMRAPALI GOLF HOMES","9431600725"
"1702","Dr. UTPAL KUMAR SINGH","AMRAPALI GOLF HOMES","9971770295"
"1703","Mrs. MAMTA RANI","AMRAPALI GOLF HOMES","9971092572"
"1704","Mr. UDITAY KUMAR","AMRAPALI GOLF HOMES","9971421260"
"1705","MR. VIVEK GOYAL","AMRAPALI GOLF HOMES","7417274813"
"1706","Mr. MANISH KUMAR","AMRAPALI GOLF HOMES","09335386023, 8736904016"
"1707","Mr. YOGESH KUMAR","AMRAPALI GOLF HOMES","9873347987"
"1708","Mr. ALTAF AHMAD","AMRAPALI GOLF HOMES","9999886334"
"1709","Mrs. NUZHAT KHAN","AMRAPALI GOLF HOMES","15312106031"
"1710","Mr. DEGLAL MAHTO","AMRAPALI GOLF HOMES","9911227185"
"1711","Mr. MANEESH THAREJA","AMRAPALI GOLF HOMES","9899148153"
"1712","Mr. SAURABH RAJ","AMRAPALI GOLF HOMES","9431600290"
"1713","Mr. RAVINDRANATH KUSHWAHA","AMRAPALI GOLF HOMES","9.41E+19"
"1714","Mr. SALIM KHAN","AMRAPALI GOLF HOMES","9719717821"
"1715","Mr. MOHIT GUPTA","AMRAPALI GOLF HOMES","9985890152"
"1716","Mr. FAROOQ AHMED","AMRAPALI GOLF HOMES","9718581109"
"1717","Mrs. SHILPA GARG","AMRAPALI GOLF HOMES","9910858881"
"1718","Mr. VINAY KUMAR TYAGI","AMRAPALI GOLF HOMES","9999196969"
"1719","Mr. NAVRAJ SINGH","AMRAPALI GOLF HOMES","8800559188"
"1720","Mr. MOHIT ARORA","AMRAPALI GOLF HOMES","9810583340"
"1721","Mrs. NOOR FATIMA","AMRAPALI GOLF HOMES","9891569630"
"1722","Mrs. SWETA DHIMAN","AMRAPALI GOLF HOMES","9971074424"
"1723","Mr. RAVI SHANKAR","AMRAPALI GOLF HOMES","9999696189, 8860309451"
"1724","Ms. NANDINI SIRCAR","AMRAPALI GOLF HOMES","8130856788, 971567377044"
"1725","Mr. UMESH KUMAR","AMRAPALI GOLF HOMES","9650936825"
"1726","Mrs. PREETI VERMA","AMRAPALI GOLF HOMES","9599024331"
"1727","Mr. NAIYAR KAMAL SIDDIQUI","AMRAPALI GOLF HOMES","9910558887"
"1728","Mr. RAKESH KUMAR YADAV","AMRAPALI GOLF HOMES","8700148730"
"1729","Mr. SUBHASH DUBEY","AMRAPALI GOLF HOMES","9086005282"
"1730","Mr. VIJAY KUMAR","AMRAPALI GOLF HOMES","8972726115"
"1731","Mr. MADAN KUMAR PANWAR","AMRAPALI GOLF HOMES","9969220745"
"1732","Mrs. VIJAY SHREE ROUNTA","AMRAPALI GOLF HOMES","9818258751, 9717125192"
"1733","Mr. SUBHABRATA SADHU","AMRAPALI GOLF HOMES","9910333129"
"1734","Mrs. DEBANJANA BHOWMIK","AMRAPALI GOLF HOMES","9.91E+19"
"1735","Mrs. GEETA MEHRA","AMRAPALI GOLF HOMES","9650999935"
"1736","Mr. ATUL KUMAR PURBEY","AMRAPALI GOLF HOMES","9619425166"
"1737","Mr. MAYANK BANSAL","AMRAPALI GOLF HOMES","9911523045"
"1738","Mr. SAURABH SINHA","AMRAPALI GOLF HOMES","9810202481"
"1739","Mrs. SEEMA TANDON","AMRAPALI GOLF HOMES","8708451172"
"1740","Mrs. BHARTI KUMAR","AMRAPALI GOLF HOMES","9958918724"
"1741","Mr. SUNNY RAINA","AMRAPALI GOLF HOMES","9711886655"
"1742","Mrs. JAI VANTI GUPTA","AMRAPALI GOLF HOMES","9318720116"
"1743","Mr. DEEPAK SHARMA.","AMRAPALI GOLF HOMES","9212279885"
"1744","Mr. SHASHI SHANKAR","AMRAPALI GOLF HOMES","9810402233"
"1745","Mr. HEM SHIKHER BRAHMI","AMRAPALI GOLF HOMES","9686548689"
"1746","MRS. MANISHA SRIVASTAVA","AMRAPALI GOLF HOMES","9899659019"
"1747","Mr. RAKESH MAHAJAN","AMRAPALI GOLF HOMES","9810073872"
"1748","Mrs. MOLY MADAN","AMRAPALI GOLF HOMES","9818325515"
"1749","Mr. JATINDER SHARMA","AMRAPALI GOLF HOMES","9818435458"
"1750","Ms. PUSHPITA ROY","AMRAPALI GOLF HOMES","9835448904"
"1751","Dr. RAJARSHI BHUSHAN","AMRAPALI GOLF HOMES","9027882440"
"1752","Mr. RAJESHWAR RAI","AMRAPALI GOLF HOMES","9560329979"
"1753","Mr. RAJESH KUMAR SINGH","AMRAPALI GOLF HOMES","9711162447"
"1754","Mr. SAURABH MAHAWAR","AMRAPALI GOLF HOMES","9873451826"
"1755","Mrs. SEEMA GUPTA","AMRAPALI GOLF HOMES","9810995787"
"1756","Mr. RAM LAL","AMRAPALI GOLF HOMES","9868092429, 9873402429"
"1757","Mr. MAHENDRA KUMAR SINGH","AMRAPALI GOLF HOMES","9560885528"
"1758","Mr. PREM SHANKER BAJPAI","AMRAPALI GOLF HOMES","9818445387, 9839197113"
"1759","Mrs. ILA JULKA","AMRAPALI GOLF HOMES","9871720708"
"1760","Mrs. POONAM KUMARI","AMRAPALI GOLF HOMES","8447740114"
"1761","Mrs. MADHU BALA SHARMA","AMRAPALI GOLF HOMES","9810276781"
"1762","Mr. MUKUL GARG","AMRAPALI GOLF HOMES","9871209784"
"1763","Mr. FAIZ AHMAD","AMRAPALI GOLF HOMES","9810354490"
"1764","Mr. SURESH KUMAR","AMRAPALI GOLF HOMES","9818216350"
"1765","Mrs. MEENA BHANDARI","AMRAPALI GOLF HOMES","9971765176"
"1766","Mr. SANJAY KUMAR","AMRAPALI GOLF HOMES","9873080235"
"1767","Mr. SURINDER KUMAR","AMRAPALI GOLF HOMES","9811106153"
"1768","Mr. SANDEEP KUMAR","AMRAPALI GOLF HOMES","9910412492"
"1769","Mr. PRADEEP SINGH","AMRAPALI GOLF HOMES","8800511445"
"1770","Mr. AMIT SETHI","AMRAPALI GOLF HOMES","9811050339"
"1771","Mrs. KUSUM RAGHUWANSHI","AMRAPALI GOLF HOMES","9717641608"
"1772","MR. JOHNSON SORENG","AMRAPALI GOLF HOMES","9821010620"
"1773","MR. NAVEEN KUMAR SHARMA","AMRAPALI GOLF HOMES","7351720005"
"1774","M/S. BENNETT, COLEMAN & CO. LTD","AMRAPALI GOLF HOMES",""
"1775","MRS. NITU BALA","AMRAPALI GOLF HOMES","9431414555"
"1776","MRS. ANANYA MOHANTY","AMRAPALI GOLF HOMES","8763994221"
"1777","MR. NEERAJ JOSHI","AMRAPALI GOLF HOMES","8860146996"
"1778","Mrs. RICHA SHARMA","AMRAPALI GOLF HOMES","9910303918"
"1779","MR. SUMIT GAUR","AMRAPALI GOLF HOMES","8882683963"
"1780","M/S CARPEDIEM INVESTMENT CONSULTANTS PVT LTD","AMRAPALI GOLF HOMES",""
"1781","Mr. NAGENDER SHARMA","AMRAPALI GOLF HOMES","9350582425"
"1782","MR. SACHIN KUMAR SHARMA","AMRAPALI GOLF HOMES","9837022452"
"1783","MS. ASHITA MATHEW","AMRAPALI GOLF HOMES","9999036556"
"1784","MR. KAPIL RASTOGI","AMRAPALI GOLF HOMES","9810310998"
"1785","MRS. LAKSHMI PRIYA","AMRAPALI GOLF HOMES","9811470135"
"1786","MR. GIRISH CHANDRA MISHRA","AMRAPALI GOLF HOMES","9013273979"
"1787","MR. PRAVEEN KUMAR GUPTA","AMRAPALI GOLF HOMES","9818560245"
"1788","MRS. PRITI MISHRA","AMRAPALI GOLF HOMES","9999570467"
"1789","Mr. SURESH CHANDRA PANDEY","AMRAPALI GOLF HOMES","9919803978"
"1790","Mrs. SUDHA RANI MITTAL","AMRAPALI GOLF HOMES","9412713429"
"1791","Mrs. SHASHI RANI MITTAL","AMRAPALI GOLF HOMES","9358601118, 9837000000"
"1792","Mrs. RENU MITTAL","AMRAPALI GOLF HOMES","9412713430, 9412700000"
"1793","Mrs. BINA PAPOLA BISHT","AMRAPALI GOLF HOMES","7503370752"
"1794","Dr. SHIV NARAYAN PANDA","AMRAPALI GOLF HOMES","9419255954"
"1795","Mr. ANIL BAURAI","AMRAPALI GOLF HOMES","9910117652"
"1796","Mr. SAFDAR IMAM","AMRAPALI GOLF HOMES","9717300555"
"1797","Mr. RANJAN KUMAR","AMRAPALI GOLF HOMES","9871494682"
"1798","Dr. RAJESH KUMAR SINGH","AMRAPALI GOLF HOMES","9414430084"
"1799","Mr. ANKUSH SINGHAL","AMRAPALI GOLF HOMES","9999039748"
"1800","MR. NAVNIT NISHANT","AMRAPALI GOLF HOMES","8860914675"
"1801","Mr. SUDHIR KHANTWAL","AMRAPALI GOLF HOMES","9868512082"
"1802","Dr. SHAILJA SHARMA","AMRAPALI GOLF HOMES","9868301535"
"1803","Mr. AVNINDRA GUPTA","AMRAPALI GOLF HOMES","9807199370"
"1804","Mrs. SARIKA AGARWAL","AMRAPALI GOLF HOMES","9650733966"
"1805","Mr. RAKESH SHARMA","AMRAPALI GOLF HOMES","9412578118"
"1806","Mrs. SHWETA SINGH","AMRAPALI GOLF HOMES","9873761974 , 9540582466"
"1807","Ms. SHILPI RANI","AMRAPALI GOLF HOMES","9810443195"
"1808","Mr. DEV SAURABH AWASTHI","AMRAPALI GOLF HOMES","9958868029"
"1809","Mrs. RUHINA PARVEEN CHAUDHARY","AMRAPALI GOLF HOMES","9811088961"
"1810","Mr. DEVENDRA KUMAR BALUNI","AMRAPALI GOLF HOMES","7088526267"
"1811","MRS. PREETI SHARMA","AMRAPALI GOLF HOMES","9013472728"
"1812","Mr. RUPESH KUMAR RASTOGI","AMRAPALI GOLF HOMES","8860634355"
"1813","Mr. MANOJ KUMAR GAUR","AMRAPALI GOLF HOMES","9871467091"
"1814","Mr. PARAS NATH","AMRAPALI GOLF HOMES","9910395856"
"1815","Mr. PRABODH MAIRH","AMRAPALI GOLF HOMES","9899097978"
"1816","Mr. PRAVEEN KUMAR RAGHAV","AMRAPALI GOLF HOMES","7599005754"
"1817","Mr. ASHISH PAHWA","AMRAPALI GOLF HOMES","9990094101"
"1818","Mr. MUKESH SURYAN","AMRAPALI GOLF HOMES","9810165522"
"1819","Mr. DILSHER SINGH","AMRAPALI GOLF HOMES","9560673388"
"1820","Mr. RUPESH KAUSHIK","AMRAPALI GOLF HOMES","9971353440"
"1821","Mr. SHIVAJI RAJE","AMRAPALI GOLF HOMES","8826006777"
"1822","Mr. ANAND AGARWAL","AMRAPALI GOLF HOMES","9808000406"
"1823","Mrs. NANDITA DUBE","AMRAPALI GOLF HOMES","9810708756"
"1824","Mr. AMARJEET KUMAR","AMRAPALI GOLF HOMES","9868722810"
"1825","Mrs. GURUPRIT KAUR","AMRAPALI GOLF HOMES","9810686544, 4082094914"
"1826","Mr. MOHAMMAD AMIR","AMRAPALI GOLF HOMES","9013476217"
"1827","Mr. MOHAMMAD ASLAM","AMRAPALI GOLF HOMES","9013476217"
"1828","Mr. MADAN MOHAN PANDEY","AMRAPALI GOLF HOMES","9899973435"
"1829","Mr. VIJAYANAND","AMRAPALI GOLF HOMES","8700082575"
"1830","Mr. SHAFIK AHMED SHAIKH","AMRAPALI GOLF HOMES","9897521229, 966501816181"
"1831","Mr. CHANDRA BHAN SINGH","AMRAPALI GOLF HOMES","9958682512"
"1832","Mrs. KAVITA","AMRAPALI GOLF HOMES","9899619944 ,9654222071"
"1833","Mr. SUNIL KUMAR SRIVASTAVA","AMRAPALI GOLF HOMES","18326759333"
"1834","Mr. PRASHANT TRIPATHI","AMRAPALI GOLF HOMES","8628862254"
"1835","Mrs. NAMITA ASTHANA","AMRAPALI GOLF HOMES","9619873026"
"1836","Mr. VIMAL PRASAD","AMRAPALI GOLF HOMES","9650211499, 9810203497"
"1837","Mr. ADESH TOMAR","AMRAPALI GOLF HOMES","9990982812"
"1838","M/S. PRITHVEE PROPMART PVT LTD","AMRAPALI GOLF HOMES","9015414410"
"1839","Mr. DEEPAK JAIN","AMRAPALI GOLF HOMES","9839500335"
"1840","Mrs. SHOBHA RANI","AMRAPALI GOLF HOMES","9582091630"
"1841","Mrs. MONIKA GUPTA","AMRAPALI GOLF HOMES","9910302465"
"1842","Mr. RADHA MOHAN SINGH","AMRAPALI GOLF HOMES","9794833203, 9760500000"
"1843","Mr. RAM AVTAR SHARMA","AMRAPALI GOLF HOMES","9891054789"
"1844","Mr. MUSHAHID HUSAIN","AMRAPALI GOLF HOMES","9999003367"
"1845","Mr. ROHIT JAIN","AMRAPALI GOLF HOMES","9560322626"
"1846","Mrs. ANUPAMA KALA","AMRAPALI GOLF HOMES","9811811380"
"1847","Mr. JAI SHEEL CHATURVEDI","AMRAPALI GOLF HOMES","9810255718"
"1848","Mrs. PRITPAL KAUR KALRA","AMRAPALI GOLF HOMES","9911514600"
"1849","Mrs. KRANTI DEVI","AMRAPALI GOLF HOMES","9311722929"
"1850","Ms. MONA PRASAD","AMRAPALI GOLF HOMES","9811293653"
"1851","MRS. POONAM FOTEDAR","AMRAPALI GOLF HOMES","7042070156"
"1852","Mr. ANKUR SRIVASTAVA","AMRAPALI GOLF HOMES","9936875429, 8802913920"
"1853","Mr. SHAILENDRA PRATAP SINGH","AMRAPALI GOLF HOMES","9372252538"
"1854","Mr. MANOJ KUMAR SINGH.","AMRAPALI GOLF HOMES","9428064473"
"1855","Mrs. SANDHYA SUMAN","AMRAPALI GOLF HOMES","9268992632"
"1856","Mrs. NAZMA KHAN","AMRAPALI GOLF HOMES","9873442163"
"1857","Mr. KISHOR KUMAR","AMRAPALI GOLF HOMES","9940631247"
"1858","Dr. ANUJ KUMAR PURBEY","AMRAPALI GOLF HOMES","0044 7415861080"
"1859","Mr. DEEPAK SHUKLA","AMRAPALI GOLF HOMES","9911196514"
"1860","Mr. AMIT ROHATGI","AMRAPALI GOLF HOMES","9810403969"
"1861","Mrs. SHOBHA SAH","AMRAPALI GOLF HOMES","9711463220, 9431215631"
"1862","Mr. GAURAV RAJ","AMRAPALI GOLF HOMES","9874417766"
"1863","Mr. SANJAY KUMAR","AMRAPALI GOLF HOMES","9431704405"
"1864","Mr. ANIMESH","AMRAPALI GOLF HOMES","9708320922"
"1865","Mr. PANKAJ KUMAR","AMRAPALI GOLF HOMES","8285101689"
"1866","Mr. JITIN BATRA","AMRAPALI GOLF HOMES","9810558569"
"1867","Dr. BIMAL KUMAR","AMRAPALI GOLF HOMES","9939272311"
"1868","Mr. RAJENDAR SINGH MEHRA","AMRAPALI GOLF HOMES","9900147597"
"1869","Mr. TAPESH CHANDRA","AMRAPALI GOLF HOMES","9910169372"
"1870","Mr. SANJEEV KUMAR SINGH.","AMRAPALI GOLF HOMES","08281827257, 09745391185, 09592931929."
"1871","Mr. YAGYA NARAIN SINGH","AMRAPALI GOLF HOMES","9886494592"
"1872","Mr. AMIT KUMAR MITTAL.","AMRAPALI GOLF HOMES","9718988880"
"1873","Mr. VINAYAK CHANDRA GUPTA","AMRAPALI GOLF HOMES","9431072469"
"1874","Ms. SUKRITA BHASKAR","AMRAPALI GOLF HOMES","9820223175"
"1875","Mr. SHISHIR AGARWAL","AMRAPALI GOLF HOMES","9810007980"
"1876","Mr. SARWESH RANJAN","AMRAPALI GOLF HOMES","9419633434"
"1877","Mr. AJAI KRISHNA SINHA","AMRAPALI GOLF HOMES","9451337975"
"1878","Mrs. POONAM GROVER","AMRAPALI GOLF HOMES","9899541818"
"1879","Mrs. ANJALI GUPTA","AMRAPALI GOLF HOMES","9222299290"
"1880","Mr. MANISH SHUKLA","AMRAPALI GOLF HOMES","9999564964"
"1881","Mr. SURENDER CHAUHAN","AMRAPALI GOLF HOMES","9313061188"
"1882","Mr. MAYA SHARAN SINGH","AMRAPALI GOLF HOMES","9350320566"
"1883","Mr. DEBABRATA DAS","AMRAPALI GOLF HOMES","9313274966"
"1884","Mrs. USHA KHAITAN","AMRAPALI GOLF HOMES","9971889720"
"1885","Mr. NEERAJ KHANNA","AMRAPALI GOLF HOMES","9310555712"
"1886","Mr. DEEPAK KUMAR SINGH","AMRAPALI GOLF HOMES","9725007678"
"1887","M/S. ARSH HOMES PVT. LTD.","AMRAPALI GOLF HOMES","9891794411"
"1888","Dr. J. P. SHARMA","AMRAPALI GOLF HOMES","9431235027"
"1889","Mr. AMAR SINGH","AMRAPALI GOLF HOMES","9810139129"
"1890","Colonel V K SHARMA","AMRAPALI GOLF HOMES","9999538863"
"1891","MR. SHOAIB AHMED","AMRAPALI GOLF HOMES","9899302142"
"1892","MR. SUNIL MURARI SHARMA","AMRAPALI GOLF HOMES","9810050574"
"1893","Mr. ROHIT PRATIK","AMRAPALI GOLF HOMES","9432020211"
"1894","MRS. KUCHIPUDI SUJATA","AMRAPALI GOLF HOMES","9871740878"
"1895","M/S BENNETT, COLEMAN & CO. LTD","AMRAPALI GOLF HOMES",""
"1896","MR. JATISH KUMAR","AMRAPALI GOLF HOMES","9810775952"
"1897","MR. VIRENDRA SINGH PAL","AMRAPALI GOLF HOMES","9958201057"
"1898","MR. VIJAY SHANKAR TIWARI","AMRAPALI GOLF HOMES","9810834944"
"1899","MR. RAJESH AGGARWAL","AMRAPALI GOLF HOMES","9910766117"
"1900","MR. SHYAM SINGH.","AMRAPALI GOLF HOMES","9868346080"
"1901","MR. SURESH GAMBHIR","AMRAPALI GOLF HOMES","9810162257"
"1902","MR. BHASKAR PRATIM BHUYAN","AMRAPALI GOLF HOMES","8876786452, 9811344189, 9854056718"
"1903","MR. GAUTAM BHANDARI","AMRAPALI GOLF HOMES","9810703610"
"1904","MR. SATYABRATA MUKHERJEE","AMRAPALI GOLF HOMES","9911155388, 9899855045"
"1905","M/s. OM EARTH MOVERS","AMRAPALI GOLF HOMES","9910677225"
"1906","Mr. SATYENDRA KUMAR","AMRAPALI GOLF HOMES","9350173608"
"1907","Mr. JEETENDRA KUMAR","AMRAPALI GOLF HOMES","9910148427"
"1908","Mrs. KUSUM GUPTA","AMRAPALI GOLF HOMES","9818497798"
"1909","M/S. AQUA PURE TECHNOLOGIES (P) LTD","AMRAPALI GOLF HOMES","9810594830"
"1910","Mr. SUMEER LAMBA","AMRAPALI GOLF HOMES","9871619741"
"1911","MRS. ROLLY BARUAH","AMRAPALI GOLF HOMES","9101096998"
"1912","Mr. HARI SHANKAR SHARMA","AMRAPALI GOLF HOMES","9891158155, 9717298462"
"1913","Mr. VEER MANI SINGH","AMRAPALI GOLF HOMES","8756000348, 9415418212"
"1914","Mr. AKHLAS AHMED","AMRAPALI GOLF HOMES","9891345695"
"1915","Mr. RAKESH V. MUNI","AMRAPALI GOLF HOMES","9891805009"
"1916","Mr. PRAFULLA KUMAR GRAHACHARYA","AMRAPALI GOLF HOMES","9911240006"
"1917","Ms. S. V. LAKSHMI","AMRAPALI GOLF HOMES","9751804019"
"1918","Mr. PANKAJ SHARMA","AMRAPALI GOLF HOMES","9044154026"
"1919","Mr. SAMITABH SHARMA","AMRAPALI GOLF HOMES","9065870250"
"1920","Mr. AMITANU","AMRAPALI GOLF HOMES","7354527069"
"1921","Mr. ARVIND KUMAR AMBASTHA","AMRAPALI GOLF HOMES","9409476085"
"1922","Mr. SANJEEV KUMAR","AMRAPALI GOLF HOMES","8130356246"
"1923","Mr. ARVIND KUMAR","AMRAPALI GOLF HOMES","9818764650, 9899630033"
"1924","Mr. RAJIV RAWAT","AMRAPALI GOLF HOMES","9891273247"
"1925","Mr. TARA DUTT SHARMA","AMRAPALI GOLF HOMES","9654227003"
"1926","Mr. ANKUSH PUNJ","AMRAPALI GOLF HOMES","8146043338"
"1927","Mr. SANJAY KUMAR","AMRAPALI GOLF HOMES","9958752852"
"1928","Mr. MANISH KUMAR","AMRAPALI GOLF HOMES","9430529803, 9122477150"
"1929","Mrs. SANJU SINGH","AMRAPALI GOLF HOMES","9431025042"
"1930","Mr. MANOJ CHATTHA","AMRAPALI GOLF HOMES","9811549222"
"1931","Mr. ANSHUMALI KUMAR","AMRAPALI GOLF HOMES","9724099402"
"1932","Mrs. POONAM SINGH.","AMRAPALI GOLF HOMES","9868583776"
"1933","Mr. VISHAL MAHESHWARI","AMRAPALI GOLF HOMES","8802574633, 9826359735"
"1934","Mr. BINAY SOREN","AMRAPALI GOLF HOMES","9431025217"
"1935","Mr. HARE KRISHNA GUPTA","AMRAPALI GOLF HOMES","7388684116, 9628541150"
"1936","Mr. AJAY KUMAR JHA","AMRAPALI GOLF HOMES","9413396615"
"1937","Mrs. SONIA KHOSLA","AMRAPALI GOLF HOMES","9990183413"
"1938","Mr. MANISH KUMAR MISHRA","AMRAPALI GOLF HOMES","9917571293"
"1939","KUMARI BHARTI","AMRAPALI GOLF HOMES","9458976519"
"1940","Mr. LOKESH SINGH","AMRAPALI GOLF HOMES","9820251734"
"1941","Mr. AMIT NEGI","AMRAPALI GOLF HOMES","""9560291689, 9547492723"
"1942","Mr. JATHEESH JAMAL","AMRAPALI GOLF HOMES","4.91764E+12"
"1943","Mr. BHUPENDRA PANDEY","AMRAPALI GOLF HOMES","9867893491"
"1944","Mr. RAJIV SINHA","AMRAPALI GOLF HOMES","9958654441"
"1945","Mrs. USHA TIWARY","AMRAPALI GOLF HOMES","9835411560"
"1946","Mr. RAHUL RANJAN","AMRAPALI GOLF HOMES","9334993063"
"1947","Mrs. VIJAYASHREE DANGRE","AMRAPALI GOLF HOMES","9470834534"
"1948","Mrs. SAVITA PANDEY","AMRAPALI GOLF HOMES","9557031041"
"1949","Mr. OM PRAKASH GUPTA","AMRAPALI GOLF HOMES","9839693291"
"1950","Mr. VIJAY KUMAR DEHAR","AMRAPALI GOLF HOMES","9415126285"
"1951","Mr. ABHISHEK SINHA","AMRAPALI GOLF HOMES","9811776797"
"1952","Mr. YASH VARDHAN","AMRAPALI GOLF HOMES","+91-9910097108, +91-9818047574"
"1953","Mrs. HEERA GUNJYAL","AMRAPALI GOLF HOMES","9871318233"
"1954","MRS. RENU ARORA","AMRAPALI GOLF HOMES","9560021409"
"1955","Mr. WASEEM RAJA KHAN","AMRAPALI GOLF HOMES","9312055688, 9555422750"
"1956","Mrs. GEETA SHARMA","AMRAPALI GOLF HOMES","9897259362 ,9899532618"
"1957","Mrs. KAJAL GANJOO","AMRAPALI GOLF HOMES","9649002866"
"1958","Mr. DAVINDER BHARDWAJ","AMRAPALI GOLF HOMES","9810510881"
"1959","Mr. KAPIL KALRA","AMRAPALI GOLF HOMES","9810165706"
"1960","Mrs. NEELAM VIJAY PANCHAL","AMRAPALI GOLF HOMES","9999880965"
"1961","Mr. GAURAV LAVANIA","AMRAPALI GOLF HOMES","9903074305"
"1962","Mr. DHARMENDRA KUMAR","AMRAPALI GOLF HOMES","9334012340"
"1963","Mrs. JYOTI SARIN","AMRAPALI GOLF HOMES","9810241898"
"1964","Mr. ZUBIN CHANDRAN","AMRAPALI GOLF HOMES","9406081471"
"1965","Mr. HOSHIAR SINGH SUHAG","AMRAPALI GOLF HOMES","9015318333"
"1966","Mr. NAGENDRA KUMAR SAXENA","AMRAPALI GOLF HOMES","9650512862 ,9711166843"
"1967","Mr. SAMARES MANDAL","AMRAPALI GOLF HOMES","9350808500"
"1968","Mrs. VINOD MALHOTRA","AMRAPALI GOLF HOMES","9811788885"
"1969","Mr. ABHISHEK SHARMA.","AMRAPALI GOLF HOMES","9990041230"
"1970","Mr. SACHIN VASHISHTH","AMRAPALI GOLF HOMES","9810454531"
"1971","Mr. PRAVIN KUMAR PANDEY","AMRAPALI GOLF HOMES","9868597002"
"1972","MR. NIRANJAN LAL","AMRAPALI GOLF HOMES","9871607683"
"1973","MR. SHASHANK SHARMA","AMRAPALI GOLF HOMES","9910715988"
"1974","Mr. SANTOSH KUMAR","AMRAPALI GOLF HOMES","8757129001"
"1975","MR. SHIVANANDA JENA","AMRAPALI GOLF HOMES","9953268484"
"1976","MR. VAIBHAVA KUMAR","AMRAPALI GOLF HOMES","8376947014"
"1977","MR. VIJAYENDRA SINGH","AMRAPALI GOLF HOMES","9968282695"
"1978","MR. DHARAMVEER SINGH","AMRAPALI GOLF HOMES","9727220773, 9557643678"
"1979","MR. GAURAV KHARE","AMRAPALI GOLF HOMES","9811272614"
"1980","Mr. SHARAD KUMAR SAHU","AMRAPALI GOLF HOMES","9415192741"
"1981","Mr. AWADHESH SINGH","AMRAPALI GOLF HOMES","9450031211, 9007730706"
"1982","Mr. KRISHNAN Y","AMRAPALI GOLF HOMES","-7033094829"
"1983","Mr. NITIN VERMA","AMRAPALI GOLF HOMES","9811150737"
"1984","Mr. LALIT MOHAN PATNI","AMRAPALI GOLF HOMES","9810918336"
"1985","Mrs. MAHUA PALIT","AMRAPALI GOLF HOMES","9435036748"
"1986","Mrs. MANJU BANSAL","AMRAPALI GOLF HOMES","9818043341 ,9891285300"
"1987","Mr. ROHIT JAISWAL","AMRAPALI GOLF HOMES","9899673560, 9041013114"
"1988","Dr. RAJKUMAR","AMRAPALI GOLF HOMES","9871769838"
"1989","Mrs. NEELAM ASIJA","AMRAPALI GOLF HOMES","9810727814"
"1990","MR. ROHAN KUMAR.","AMRAPALI GOLF HOMES","8800125566"
"1991","Mr. ABHAY KUMAR","AMRAPALI GOLF HOMES","8986559495"
"1992","Mr. SUBODH KUMAR","AMRAPALI GOLF HOMES","9953024431"
"1993","Mr. NIKHIL GUPTA","AMRAPALI GOLF HOMES","9958111005"
"1994","Mrs. PRITI RANJAN","AMRAPALI GOLF HOMES","7678509968"
"1995","Mr. RAHUL MISHRA","AMRAPALI GOLF HOMES","8376903676"
"1996","Mr. BALENDRA SINGH","AMRAPALI GOLF HOMES","9899323410"
"1997","Mr. AYUSH TRIPATHI","AMRAPALI GOLF HOMES","9411101081"
"1998","Mr. JASVINDER KUMAR","AMRAPALI GOLF HOMES","9711980702"
"1999","Mrs. JYOTISHNA","AMRAPALI GOLF HOMES","9811860051, 9868820817"
"2000","Mrs. SHAIL KUMARI SINGH","AMRAPALI GOLF HOMES","9650972312"
"2001","Mr. AMOD KUMAR YADAV","AMRAPALI GOLF HOMES","9760523642"
"2002","Dr. UMESH PRASAD GUPTA","AMRAPALI GOLF HOMES","9891989746"
"2003","Mr. PRAVEEN KUMAR","AMRAPALI GOLF HOMES","9868787581"
"2004","Mr. PRANAV LAHOTI","AMRAPALI GOLF HOMES","9827555123, 9827565123, 8802574633"
"2005","Dr. RAMNIWAS","AMRAPALI GOLF HOMES","9899122724"
"2006","Mr. AMIYA RANJAN NAYAK","AMRAPALI GOLF HOMES","9650395325, 9910633411"
"2007","Mr. R C SHARMA","AMRAPALI GOLF HOMES","9350551561"
"2008","Mr. KAMAL SINGH","AMRAPALI GOLF HOMES","9456662290"
"2009","Mr. ARINDAM CHOWDHURY","AMRAPALI GOLF HOMES","9999017650"
"2010","Mr. MANOJ RAWAT","AMRAPALI GOLF HOMES","9582333867"
"2011","Mr. LACHMAN DATT SHARMA","AMRAPALI GOLF HOMES","9968096647"
"2012","Mr. PARAMJEET SINGH","AMRAPALI GOLF HOMES","8808050457"
"2013","Mr. SANDIP KUMAR","AMRAPALI GOLF HOMES","9835287332"
"2014","Mrs. SEEMA GUPTA","AMRAPALI GOLF HOMES","9997916868"
"2015","Dr. PREETAISH KAUL","AMRAPALI GOLF HOMES","9582509410"
"2016","Mr. DEEPAK KUMAR GARG","AMRAPALI GOLF HOMES","8333016269"
"2017","Mrs. VEENA BAJAJ","AMRAPALI GOLF HOMES","9891202000"
"2018","Mrs. DIVYA KUMARI","AMRAPALI GOLF HOMES","9811301380"
"2019","Mr. RANVIR KUMAR","AMRAPALI GOLF HOMES","9725344040, 9687204040"
"2020","Mr. SANJAY KUMAR JAD","AMRAPALI GOLF HOMES","9336054966"
"2021","Mr. MANISH KUMAR","AMRAPALI GOLF HOMES","9891165328"
"2022","Mr. PRADEEP BHANDARI","AMRAPALI GOLF HOMES","9212005539"
"2023","Mr. REYAZ HAIDER","AMRAPALI GOLF HOMES","8767621466"
"2024","MR. DINESH PRASAD JHA","AMRAPALI GOLF HOMES","8287573531"
"2025","Mr. PANKAJ KUMAR","AMRAPALI GOLF HOMES","9973025118"
"2026","Mr. DHEER PRATAP SINGH","AMRAPALI GOLF HOMES","9833199433"
"2027","Mr. MAYANK MATHUR","AMRAPALI GOLF HOMES","9958468269"
"2028","Mr. SURYA NARAYAN","AMRAPALI GOLF HOMES","""9819130713 ,8888169709"
"2029","Mrs. ANAMIKA DAS BORA","AMRAPALI GOLF HOMES","9810755908"
"2030","Mr. AMIT NARAYAN PRASAD","AMRAPALI GOLF HOMES","9958396622"
"2031","Dr. ARSHAD AYUB","AMRAPALI GOLF HOMES","9939122900"
"2032","Mr. ANAND KUMAR","AMRAPALI GOLF HOMES","9917639892, 9760670922"
"2033","Mr. ASIM KUNDU","AMRAPALI GOLF HOMES","9810922800, 9818150598"
"2034","Mr. VIJENDER KUMAR","AMRAPALI GOLF HOMES","08901540262 ,09802500890"
"2035","Mr. MANISH SARAOGI","AMRAPALI GOLF HOMES","9386522005, 7488369064"
"2036","Mrs. NEETU AGARWAL","AMRAPALI GOLF HOMES","9319206564"
"2037","Mr. PANKAJ KUMAR","AMRAPALI GOLF HOMES","9999768646"
"2038","Mr. AMIT KUMAR SRIVASTAVA","AMRAPALI GOLF HOMES","9815625388"
"2039","Mr. RAM NAKSHTRA PANDEY","AMRAPALI GOLF HOMES","""9401934455, 9435147736"
"2040","Mr. MANISH AWASTHI","AMRAPALI GOLF HOMES","9953005079, 9793770445"
"2041","Mrs. RAJYA LAKSHMI KUMAR","AMRAPALI GOLF HOMES","9820198249"
"2042","Mr. SHEKHAR SHARMA","AMRAPALI GOLF HOMES","9312288823"
"2043","Mr. SUNIL VERMANI","AMRAPALI GOLF HOMES","9891171916"
"2044","Mrs. BIMMI SINGH","AMRAPALI GOLF HOMES","9933122000"
"2045","Mr. ABHISHEK KUMAR JHA","AMRAPALI GOLF HOMES","9592091500"
"2046","Ms. NEERAJ GUPTA","AMRAPALI GOLF HOMES","8.80E+19"
"2047","Mr. SUSHIL KUMAR SHARMA.","AMRAPALI GOLF HOMES","9431862197"
"2048","Mrs. POONAM GOEL","AMRAPALI GOLF HOMES","8860514113, 9719897782"
"2049","Dr. NIDHI PANDEY","AMRAPALI GOLF HOMES","9358510213, 9259710633,9871224708"
"2050","Mrs. CHITRA SHARMA","AMRAPALI GOLF HOMES","8860788897"
"2051","Mr. KULDEEP SINGH","AMRAPALI GOLF HOMES","9758095363"
"2052","Mr. OM PRAKASH","AMRAPALI GOLF HOMES","9981179753"
"2053","Mr. SURENDRA KUMAR TRIPATHI","AMRAPALI GOLF HOMES","9450148111"
"2054","Mr. SUMAN F.TIRKEY","AMRAPALI GOLF HOMES","9868237590"
"2055","Mr. ARNOV SARKAR","AMRAPALI GOLF HOMES","9930416016"
"2056","Mrs. NIRUPAMA GUPTA.","AMRAPALI GOLF HOMES","9711985436"
"2057","Mr. RANDHIR KUMAR SINGH","AMRAPALI GOLF HOMES","9.53E+19"
"2058","Dr. DEV KAMAL KAGTI","AMRAPALI GOLF HOMES","9972937766"
"2059","Mr. SATISH GUPTA","AMRAPALI GOLF HOMES","9871997785"
"2060","Mr. BINOD BIKASH SHARAN DWIVEDI","AMRAPALI GOLF HOMES","9313957867"
"2061","Ms. BHARTI MODI","AMRAPALI GOLF HOMES","9811941622"
"2062","Mr. ROHIT ARYA","AMRAPALI GOLF HOMES","9582805413"
"2063","Mr. RAKESH KUMAR NEEPU","AMRAPALI GOLF HOMES","9868382935"
"2064","Mr. VINOD KUMAR","AMRAPALI GOLF HOMES","9811516826"
"2065","Mr. LALIT KUMAR PAL","AMRAPALI GOLF HOMES","9911607740, 9311907740"
"2066","Mr. ROHIT MAHAJAN","AMRAPALI GOLF HOMES","94633-95518"
"2067","Mr. SANDEEP SIROHI","AMRAPALI GOLF HOMES","9654342488"
"2068","Mrs. REKHA RAO","AMRAPALI GOLF HOMES","9210100219, 9999363435"
"2069","Mr. RAJEEV KAPOOR","AMRAPALI GOLF HOMES","9810236164"
"2070","MR. SATYAVIR SINGH","AMRAPALI GOLF HOMES","9810116885"
"2071","MR. OM PRAKASH SAINI","AMRAPALI GOLF HOMES","9555280674, 8414802580"
"2072","MRS. NEERJA SHARMA","AMRAPALI GOLF HOMES","9999849772"
"2073","MRS. MADHULIKA SHARMA","AMRAPALI GOLF HOMES","9811039793, 9311026157"
"2074","MR. DINESH CHANDRA GAUR","AMRAPALI GOLF HOMES","9999715626"
"2075","MR. DEV RAJ SHARMA","AMRAPALI GOLF HOMES","9412291239"
"2076","MRS. PALLABI CHOUDHURY","AMRAPALI GOLF HOMES","7002316933"
"2077","MRS. SONIA","AMRAPALI GOLF HOMES","8860721222"
"2078","Mr. PARMESHWAR DAYAL","AMRAPALI GOLF HOMES","9810987519, 9555887519"
"2079","MR. DINESH DAS","AMRAPALI GOLF HOMES","9811344189"
"2080","MR. AMAN SRIVASTAVA","AMRAPALI GOLF HOMES","9711074114"
"2081","MR. CHANDRA SHEKHAR","AMRAPALI GOLF HOMES","9560797221, 9811366672"
"2082","Mr. ABID ALI","AMRAPALI GOLF HOMES","9560030531, 8800203174"
"2083","Mr. ANISH ARORA","AMRAPALI GOLF HOMES","9213514200"
"2084","Mr. JANARDAN MISHRA","AMRAPALI GOLF HOMES","6393806581"
"2085","Mr. GOVIND SINGH BHANDARI","AMRAPALI GOLF HOMES","""9899027429 ,8859004735"
"2086","Mr. DILIP KUMAR CHOUDHARY","AMRAPALI GOLF HOMES","09800892575, 09931602904"
"2087","Mr. SUDHIR KUMAR JHAMB","AMRAPALI GOLF HOMES","9312404179"
"2088","Mr. DIGAMBER SINGH","AMRAPALI GOLF HOMES","9971196460"
"2089","Mr. JITENDER KUMAR SHARMA","AMRAPALI GOLF HOMES","9953820406"
"2090","Mrs. SHIWANI","AMRAPALI GOLF HOMES","8292613060"
"2091","Mr. KALYAN KUMAR TALAPATRA","AMRAPALI GOLF HOMES","9717502712, 9818859299"
"2092","Mr. MANOHAR LAL","AMRAPALI GOLF HOMES","08947071718, 08952020006"
"2093","Mrs. GITA RAZDAN","AMRAPALI GOLF HOMES","9210289180 ,9818432857"
"2094","Mr. SUBRAT KESHARI ROUT","AMRAPALI GOLF HOMES","9891466139"
"2095","Mr. DHARMENDRA KUMAR AGRAWAL","AMRAPALI GOLF HOMES","9634668238"
"2096","Mr. MITUL KUMAR","AMRAPALI GOLF HOMES","""08601892530 ,9431878747"
"2097","Mr. KAPIL KUMAR SHARMA","AMRAPALI GOLF HOMES","9837588340"
"2098","Mr. RITESH KUMAR SINGH","AMRAPALI GOLF HOMES","9.05E+19"
"2099","Mr. SAURABH SHARMA","AMRAPALI GOLF HOMES","9871152193"
"2100","Mr. SUNIL KUMAR SHARMA","AMRAPALI GOLF HOMES","9871158266"
"2101","Mr. RAM KUMAR GARG","AMRAPALI GOLF HOMES","7566643115"
"2102","Mrs. ANITA KUMARI","AMRAPALI GOLF HOMES","9430885255"
"2103","Mr. KRISHNA MOHAN","AMRAPALI GOLF HOMES","9431693117"
"2104","Mr. PARVEZ KHAN","AMRAPALI GOLF HOMES","9990609406"
"2105","Mr. ABHEY SINGH","AMRAPALI GOLF HOMES","7869959020, 9203893629"
"2106","Mr. MANOJ KUMAR","AMRAPALI GOLF HOMES","8802202729 ,9212484555"
"2107","Mr. PURNA ROUT","AMRAPALI GOLF HOMES","9560940475"
"2108","Mr. MANOJ SHARMA","AMRAPALI GOLF HOMES","9811159315"
"2109","Mr. NAVED WAJAHAT","AMRAPALI GOLF HOMES","9.71505E+11"
"2110","Mr. BHUPESH BHATT","AMRAPALI GOLF HOMES","9953496776"
"2111","Mr. SHAILENDRA SINGH","AMRAPALI GOLF HOMES","9899247127"
"2112","Mr. RAJNEESH VERMA","AMRAPALI GOLF HOMES","9958008287"
"2113","Mr. MANOJ KUMAR","AMRAPALI GOLF HOMES","8446255519"
"2114","Mr. GYAN SINGH","AMRAPALI GOLF HOMES","9560762288"
"2115","Mrs. SUNITA CHAUHAN","AMRAPALI GOLF HOMES","9891698344"
"2116","Mr. ANSHUL DEWAN","AMRAPALI GOLF HOMES","9810651540"
"2117","Mr. PAWAN KUMAR SHARMA","AMRAPALI GOLF HOMES","9873827722"
"2118","Mr. PANKAJ KUMAR","AMRAPALI GOLF HOMES","9016213478"
"2119","Mr. PREM SINGH","AMRAPALI GOLF HOMES","9813422761, 9810984326"
"2120","Mr. MOHAN PRASAD","AMRAPALI GOLF HOMES","9936025559"
"2121","Mrs. RITU SINGH","AMRAPALI GOLF HOMES","9006654874"
"2122","Mr. VINEET BHATNAGAR","AMRAPALI GOLF HOMES","00447525757503,"
"2123","Mr. ABHAY TYAGI","AMRAPALI GOLF HOMES","9611812266"
"2124","Mr. SAJI K SEBASTIAN","AMRAPALI GOLF HOMES","9013060049"
"2125","Mr. SHAILESH MADIYAL","AMRAPALI GOLF HOMES","9899549234"
"2126","Mr. SAURABH ARORA","AMRAPALI GOLF HOMES","9034567897"
"2127","Mr. RANJAN KUMAR","AMRAPALI GOLF HOMES","8130256805"
"2128","Mr. PRANTICK GOSWAMI","AMRAPALI GOLF HOMES","9811461593"
"2129","LT.COL. GHANSHYAM SINGH BASWAN","AMRAPALI GOLF HOMES","9977700519"
"2130","Mr. CHANDRA BHAL PANDEY","AMRAPALI GOLF HOMES","9555526907"
"2131","Mr. RAVINDER KAUL","AMRAPALI GOLF HOMES","9419643222"
"2132","Mr. AMIT SAPRA","AMRAPALI GOLF HOMES","9313815551, 9313367576"
"2133","Mr. AMIT KUMAR GOYAL","AMRAPALI GOLF HOMES","9415285995"
"2134","Mr. RAKESH KUMAR SHARMA","AMRAPALI GOLF HOMES","9910357617 ,9868951581"
"2135","Mr. VINAY PRATAP SINGH","AMRAPALI GOLF HOMES","9717096821"
"2136","Mrs. PARIDHI RAWAT BHARDWAJ","AMRAPALI GOLF HOMES","9311757595, 9868134233"
"2137","Mr. MOHIT KUMAR SAXENA","AMRAPALI GOLF HOMES","9818229205"
"2138","Mr. AVADHESH KUMAR GUPTA","AMRAPALI GOLF HOMES","9868017150"
"2139","Mr. SUBHASH CHANDRA SHARMA","AMRAPALI GOLF HOMES","9868440149"
"2140","Ms. KALPANA CHOUDHARY","AMRAPALI GOLF HOMES","9611977655, 9999218311"
"2141","Mr. PRAMOD SINGH KUSHWAHA","AMRAPALI GOLF HOMES","9833268363, 8800615657"
"2142","MR. UMESH KUMAR","AMRAPALI GOLF HOMES","9818518765"
"2143","MR. SANDEEP ARORA.","AMRAPALI GOLF HOMES","9810122706"
"2144","MR. DEEPAK KUMAR CHAUDHARY","AMRAPALI GOLF HOMES","9311325828"
"2145","MR. NAVNEET KUMAR YADAV","AMRAPALI GOLF HOMES","9412719143"
"2146","MRS. MALA MISHRA","AMRAPALI GOLF HOMES","9818224405"
"2147","MR. MAYANK CHAUDHARY","AMRAPALI GOLF HOMES","9582191856"
"2148","MR. MANISH SHARMA","AMRAPALI GOLF HOMES","9810336306, 9250642155"
"2149","MR. BHUPEN SAIKIA","AMRAPALI GOLF HOMES","9401038959"
"2150","Mr. PARDEEP KUMAR","AMRAPALI GOLF HOMES","9990667932"
"2151","Mrs. SHRUTI SHARMA","AMRAPALI GOLF HOMES","8588899727"
"2152","Ms. RATN PRIYA SINGH","AMRAPALI GOLF HOMES","7217896721"
"2153","Mr. DEVENDRA KUMAR","AMRAPALI GOLF HOMES","9.81E+19"
"2154","Mr. RAVENDER CHAMOLI","AMRAPALI GOLF HOMES","9868362054"
"2155","Mr. SANJAY JAISWAL","AMRAPALI GOLF HOMES","9953090632"
"2156","Mr. JITENDRA KUMAR.","AMRAPALI GOLF HOMES","9910036514"
"2157","Mrs. SWETA PRASAD","AMRAPALI GOLF HOMES","9350293703/8860996469"
"2158","Dr. MADHURENDRA KUMAR SINHA","AMRAPALI GOLF HOMES","9835231743"
"2159","Dr. VINAY KUMAR SAINI","AMRAPALI GOLF HOMES","9818578608"
"2160","MRS. PURNIMA PRAJAPATI","AMRAPALI GOLF HOMES","1.00E+20"
"2161","Mr. RAJIB GHOSH","AMRAPALI GOLF HOMES","9268382425"
"2162","Mr. ARVIND KUMAR SINHA","AMRAPALI GOLF HOMES","9973621771"
"2163","Mr. VISHAL KUMAR","AMRAPALI GOLF HOMES","8177001069"
"2164","Mr. DEEPAK KUMAR SAHOO","AMRAPALI GOLF HOMES","9818073480"
"2165","Mr. PAWAN KUMAR GUJRAL","AMRAPALI GOLF HOMES","9839068862"
"2166","Mr. AMIT GUPTA","AMRAPALI GOLF HOMES","9958866774"
"2167","Mr. MAHESH CHANDRA DHUSAR","AMRAPALI GOLF HOMES","9415073962"
"2168","Mr. YOGENDRA NATH SHUKLA","AMRAPALI GOLF HOMES","9911040452"
"2169","Mrs. RAJ BALA","AMRAPALI GOLF HOMES","9868385101"
"2170","Mrs. MEERA KUMARI","AMRAPALI GOLF HOMES","9560411711"
"2171","Mrs. GEETA SHARMA","AMRAPALI GOLF HOMES","8980034548"
"2172","Mr. ABHISHEK GUPTA","AMRAPALI GOLF HOMES","9873002048"
"2173","Mrs. BINDU SHARMA","AMRAPALI GOLF HOMES","7838976233"
"2174","Mr. CHIRANJIB BHATTACHARJEE","AMRAPALI GOLF HOMES","9678070810"
"2175","Mr. B S THARKOTI","AMRAPALI GOLF HOMES","9958689852"
"2176","Mr.SANJEEV JOSHI","AMRAPALI GOLF HOMES","9999554509, 9212588739"
"2177","Mr. HIMANSHU PATHAK","AMRAPALI GOLF HOMES","9899247590"
"2178","Mr. SANTOSH KUMAR MAURYA","AMRAPALI GOLF HOMES","9654005579"
"2179","Mr. BHARAT KISHOR","AMRAPALI GOLF HOMES","9873155940"
"2180","Mr. LAVISH WADHWANI","AMRAPALI GOLF HOMES","9415404409"
"2181","Mrs. SONIA MISHRA","AMRAPALI GOLF HOMES","9958530957"
"2182","Mr. SHAKIL KOYAL","AMRAPALI GOLF HOMES","9910414042"
"2183","Mr. UJJWAL KUMAR MISHRA","AMRAPALI GOLF HOMES","9934097221"
"2184","Mrs. ASHA SINGH","AMRAPALI GOLF HOMES","9760014051"
"2185","Mrs. SWETA RASTOGI","AMRAPALI GOLF HOMES","9711077345"
"2186","Mrs. ASHU CHAUDHARY","AMRAPALI GOLF HOMES","8802866111"
"2187","Mr. JATA SHANKAR","AMRAPALI GOLF HOMES","9650678903"
"2188","Mr. PRABAL RANJAN","AMRAPALI GOLF HOMES","9654372366"
"2189","Mr. DURGESH VERMA","AMRAPALI GOLF HOMES","8010628166"
"2190","Mrs. PUJA RASWANT","AMRAPALI GOLF HOMES","9891191209"
"2191","Mr. MOHIT GOSWAMI","AMRAPALI GOLF HOMES","9816274162"
"2192","Mr. JAI PARKASH","AMRAPALI GOLF HOMES","9811728335"
"2193","Mr. PRAVEEN KUMAR SINGH","AMRAPALI GOLF HOMES","9955066636"
"2194","Ms. KOMAL DAWAR","AMRAPALI GOLF HOMES","9818000473, 9871888090"
"2195","Mr. NISHANT MISHRA","AMRAPALI GOLF HOMES","9999400961"
"2196","Mr. HEERA SINGH","AMRAPALI GOLF HOMES","9717594222 , 9213987144"
"2197","Mr. MOHIT BHATNAGAR","AMRAPALI GOLF HOMES","9643103191"
"2198","Mr. PARMOD KUMAR","AMRAPALI GOLF HOMES","9968286773"
"2199","Mr. KIRPAL SINGH BIST","AMRAPALI GOLF HOMES","9899789059"
"2200","Mrs. ZEBUN NISA KHAN","AMRAPALI GOLF HOMES","9457603439"
"2201","Mr. ASHISH AGARWAL","AMRAPALI GOLF HOMES","9711163631"
"2202","Mr. RAKESH KUMAR","AMRAPALI GOLF HOMES","8800620404"
"2203","Mr. JASWANT SINGH","AMRAPALI GOLF HOMES","9033739142"
"2204","Mr. PANDEY ASHISH KUMAR","AMRAPALI GOLF HOMES","9565328899"
"2205","Mr. ANKIT SAXENA","AMRAPALI GOLF HOMES","8818883015"
"2206","Mrs. MEENAKSHI KALIA","AMRAPALI GOLF HOMES","9873757011, 9968261963"
"2207","Mr. SARVESH KUMAR YADAV","AMRAPALI GOLF HOMES","9868053469, 9868053468"
"2208","Mr. MANISH KUMAR","AMRAPALI GOLF HOMES","9818961145"
"2209","Mrs. SAROJ BALA","AMRAPALI GOLF HOMES","""9811489538 ,9891707187"
"2210","Mrs. KAVITA SHARMA.","AMRAPALI GOLF HOMES","8719899458, 9165482688"
"2211","Mrs. SANGITA MISHRA","AMRAPALI GOLF HOMES","9711150475"
"2212","Mr. VEERENDER KUMAR GUPTA","AMRAPALI GOLF HOMES","9837306816"
"2213","Mr. MAHESHWAR NATH TRIPATHI","AMRAPALI GOLF HOMES","9810779188"
"2214","Mr. MOHAN SINGH RAWAT","AMRAPALI GOLF HOMES","8377086122, 9953555130"
"2215","Ms. AANCHAL KAMRA","AMRAPALI GOLF HOMES","9818135303"
"2216","Mr. ABU SUFIAN MUTTALIB","AMRAPALI GOLF HOMES","9958149386"
"2217","Mr. RAJAN KUMAR","AMRAPALI GOLF HOMES","7588413283,02484-224253"
"2218","Mr. AVINASH KUMAR","AMRAPALI GOLF HOMES","8800558818"
"2219","Mr. NAVEEN NAVLANI","AMRAPALI GOLF HOMES","8.80E+19"
"2220","Mrs. SANDHYA AHUJA","AMRAPALI GOLF HOMES","9582999173"
"2221","Mr. UJJAL GHOSH","AMRAPALI GOLF HOMES","9810722240"
"2222","Mr. BINOD KUMAR","AMRAPALI GOLF HOMES","9905361464"
"2223","Mr. RAVINDER PAL","AMRAPALI GOLF HOMES","9873121208"
"2224","Mr. KAMALAKANTA BHOWMIK","AMRAPALI GOLF HOMES","9873878221"
"2225","Mr. MAHESH RAWAT","AMRAPALI GOLF HOMES","9871624907"
"2226","Mr. MADHUSUDAN SHARAN SINGH","AMRAPALI GOLF HOMES","9471498014"
"2227","Mr. PRABIN KUMAR GHOSH","AMRAPALI GOLF HOMES","9435510454, 9430929263"
"2228","Mr. UPHAR SAXENA","AMRAPALI GOLF HOMES","9900724416"
"2229","Mr. SUNIL KUMAR","AMRAPALI GOLF HOMES","8800908441"
"2230","Mr. VIKAS CHANDRAKANT PHATARPEKAR","AMRAPALI GOLF HOMES",""
"2231","Mrs. SAROJ OBEROI","AMRAPALI GOLF HOMES","9818313461"
"2232","Mr. UMESH KUMAR","AMRAPALI GOLF HOMES","9470146163, 9708502404"
"2233","Mrs. MEENU SADANA","AMRAPALI GOLF HOMES","9899971312"
"2234","Mr. DAVENDRA KUMAR","AMRAPALI GOLF HOMES","9910252801, 9013219718"
"2235","Mr. SHAHE ALAM","AMRAPALI GOLF HOMES","9818810207"
"2236","Mr. MAHIPAL SINGH CHOUDHRY","AMRAPALI GOLF HOMES","9911811500"
"2237","Mrs. KANTA KATARIA","AMRAPALI GOLF HOMES","9899926646"
"2238","Mr. MOHAMMAD SHAHID RASHEED","AMRAPALI GOLF HOMES","9582287868, 9897700000"
"2239","Mr. SANJIV KUMAR","AMRAPALI GOLF HOMES","9958726267"
"2240","MR. KUBER SINGH MANRAL","AMRAPALI GOLF HOMES","8802032312"
"2241","MS. PARUL RAJ","AMRAPALI GOLF HOMES","9810748657, 9968296053"
"2242","MR. ANIRUDH SWAMI","AMRAPALI GOLF HOMES","9650276660"
"2243","MR. MADHUR GARG","AMRAPALI GOLF HOMES","8744006672"
"2244","MR. TIMOTHY SHAW","AMRAPALI GOLF HOMES","9818514898"
"2245","MR. HITENDRA SINGH","AMRAPALI GOLF HOMES","9810177505"
"2246","MR. PUNEET SHARMA","AMRAPALI GOLF HOMES","9716299849"
"2247","MR. HIMANSHU RAGHUWANSHI","AMRAPALI GOLF HOMES","9810930891, 9953164991"
"2248","MR. SANTOSH KUMAR","AMRAPALI GOLF HOMES","8337000712, 9163334386"
"2249","MR. VIKAS MEHTA","AMRAPALI GOLF HOMES","9013792031"
"2250","MS. MOBASHARA HUSSAIN","AMRAPALI GOLF HOMES","9811909214"
"2251","Mr. SANTOSH KUMAR SINGH.","AMRAPALI GOLF HOMES","9971037545"
"2252","Mr. HARISH KUMAR","AMRAPALI GOLF HOMES","9810111456"
"2253","Mrs. RASHMI KUMARI","AMRAPALI GOLF HOMES","9918301003"
"2254","Mr. SANJAY SINGH TOMAR","AMRAPALI GOLF HOMES","9928786826"
"2255","Mr. KRISHAN KUMAR GUPTA","AMRAPALI GOLF HOMES","9810057822 ,09412385235"
"2256","Mr. AJAY KUMAR","AMRAPALI GOLF HOMES","9818419866"
"2257","Mr. RAJAN MATREJA","AMRAPALI GOLF HOMES","9310341369,"
"2258","Mrs. JYOTI SINHA","AMRAPALI GOLF HOMES","7280028830"
"2259","Mr. NISAR AHMAD","AMRAPALI GOLF HOMES","9868419487"
"2260","MR. SURABIR ROY","AMRAPALI GOLF HOMES","9971472202"
"2261","Mr. SAURABH GAUR","AMRAPALI GOLF HOMES","9810774923"
"2262","Mr. BRIJNANDAN GOSAI","AMRAPALI GOLF HOMES","9899699052"
"2263","Mr. ASHISH DOBHAL","AMRAPALI GOLF HOMES","9997460298"
"2264","Mr. HIMENDRA KUMAR","AMRAPALI GOLF HOMES","9810032166"
"2265","Mr. SAROJ KUMAR PRADHAN","AMRAPALI GOLF HOMES","8010228317"
"2266","Mr. ABHAY KANT SINGH","AMRAPALI GOLF HOMES","9810385054"
"2267","Mr. RAVINDER KUMAR TIKOO","AMRAPALI GOLF HOMES","9419297172"
"2268","Mr. ANAND SWAROOP SINGH","AMRAPALI GOLF HOMES","9939705439"
"2269","Mr. GHANENDRA JOSHI","AMRAPALI GOLF HOMES","9970193989, 9415513587"
"2270","Mr. VISHAL SHARMA","AMRAPALI GOLF HOMES","9873675245"
"2271","Mrs. REENA CHAUHAN","AMRAPALI GOLF HOMES","8800166153, 8750055683"
"2272","Mr. SHYAM KUMAR","AMRAPALI GOLF HOMES","9990863737"
"2273","Mr. KUNDAN KUMAR","AMRAPALI GOLF HOMES","8986143766"
"2274","Mr. TARUN KUMAR SRIVASTAVA","AMRAPALI GOLF HOMES","9911463334"
"2275","Mr. SURINDER TRIKHA","AMRAPALI GOLF HOMES","9891467958"
"2276","Mr. ABHAY SINGH","AMRAPALI GOLF HOMES","9873238574"
"2277","Mr. GIRIRAJ SINGH","AMRAPALI GOLF HOMES","9457694564"
"2278","Mr. VIJAY KUMAR RUSTOGI","AMRAPALI GOLF HOMES","9899148544"
"2279","Mrs. JYOTI RASTOGI","AMRAPALI GOLF HOMES","9368047490"
"2280","Mrs. MINAKSHI VERMA.","AMRAPALI GOLF HOMES","9431409484"
"2281","Mr. PRASHANT SINGH","AMRAPALI GOLF HOMES","9810775808"
"2282","Mr. GIRISH CHOPRA","AMRAPALI GOLF HOMES","9837010726"
"2283","Mr. SANKAR MAJUMDER","AMRAPALI GOLF HOMES","8985970119"
"2284","Mrs. SHINEY MATHAI","AMRAPALI GOLF HOMES","9818645990"
"2285","Mr. SHYAM MOHAN SRIVASTAVA","AMRAPALI GOLF HOMES","9971869400"
"2286","Mrs. MANU GONIYAL","AMRAPALI GOLF HOMES","7827778257"
"2287","Mr. DHIRENDRA NATH SARIN","AMRAPALI GOLF HOMES","9582227986, 9868614164"
"2288","Mr. RAMAN KUMAR","AMRAPALI GOLF HOMES","9511796343"
"2289","Mrs. SUSHMA SHARMA","AMRAPALI GOLF HOMES","9419195868"
"2290","Mrs. PRITI MISHRA","AMRAPALI GOLF HOMES","9999570467"
"2291","Mr. ARWA MODAN CHOPRA","AMRAPALI GOLF HOMES","9810469389"
"2292","Mrs. ANITA BHUTANI","AMRAPALI GOLF HOMES","8860067947"
"2293","Mr. GANESH SINGH BISHT","AMRAPALI GOLF HOMES","8588822460"
"2294","Mr. RAJIV SINGH BISHT","AMRAPALI GOLF HOMES","9953606637"
"2295","Mr. ATUL KAPUR","AMRAPALI GOLF HOMES","9910395364"
"2296","Mr. OM BARVA","AMRAPALI GOLF HOMES","8802909633, 9911828872"
"2297","Mrs. PROMILA JAN","AMRAPALI GOLF HOMES","9911365330"
"2298","Mr. SUSHIL KUMAR MAURYA","AMRAPALI GOLF HOMES","9891854422"
"2299","Mr. ASHUTOSH KASERA","AMRAPALI GOLF HOMES","9871712233"
"2300","Mr. RITESH KUMAR","AMRAPALI GOLF HOMES","9899911740"
"2301","Mr. SULTAN SINGH","AMRAPALI GOLF HOMES","9818440585"
"2302","Mr. DEEPAK SINGHAL","AMRAPALI GOLF HOMES","9350014479"
"2303","Mr. RAVI SHANKAR GUPTA","AMRAPALI GOLF HOMES","9833962431"
"2304","Mr. KAPINDER SINGH","AMRAPALI GOLF HOMES","7838000067"
"2305","MR. BHARAT CHANDRA JOSHI","AMRAPALI GOLF HOMES","7042209226"
"2306","Mr. PRANAV KUMAR","AMRAPALI GOLF HOMES","9811891042"
"2307","Mr. PRAVEEN KUMAR JAISWAL","AMRAPALI GOLF HOMES","9471569395"
"2308","Mr. VINOD AGARWAL","AMRAPALI GOLF HOMES","9831624111"
"2309","Mr. RAKESH KUMAR","AMRAPALI GOLF HOMES","9818109712"
"2310","Mr. KAMLESH KUMAR SINGH","AMRAPALI GOLF HOMES","9968226414"
"2311","Mrs. MANJU GUPTA","AMRAPALI GOLF HOMES","9212510534"
"2312","MR. PRAVIN KUMAR","AMRAPALI GOLF HOMES","9873662800"
"2313","MR. MANISH KUMAR YADAV","AMRAPALI GOLF HOMES","8800170275"
"2314","MR. RAHUL RANJAN","AMRAPALI GOLF HOMES","8802926156"
"2315","MR. SUPRATIM ROY","AMRAPALI GOLF HOMES","9434776972"
"2316","MR. BIRAJ PANDEY","AMRAPALI GOLF HOMES","9999068047"
"2317","MR. SHAKEEL AHMED","AMRAPALI GOLF HOMES","9650596568"
"2318","MR. VIVEK SHARMA","AMRAPALI GOLF HOMES","9560067755"
"2319","MR. AKHILESH SHARMA","AMRAPALI GOLF HOMES","8860333798"
"2320","Mr. NARENDRA KUMAR","AMRAPALI GOLF HOMES","9718322122"
"2321","Mr. RAVINDRAPAL SINGH","AMRAPALI GOLF HOMES","""9990642888,9456232592, 9990641888"
"2322","Mr. GUNJAN KUMAR SAHAY","AMRAPALI GOLF HOMES","9426586987 ,7503713343"
"2323","Mr. MAHIPAL SINGH","AMRAPALI GOLF HOMES","9289720709"
"2324","Mr. YOGENDRA MISHRA","AMRAPALI GOLF HOMES","7828304948"
"2325","Mr. SUGAM KUMAR CHOUDHARY","AMRAPALI GOLF HOMES","9401025511"
"2326","Mr. SUNIL KUMAR MALIK","AMRAPALI GOLF HOMES","9891369244"
"2327","Mr. SANDEEP JHAMB","AMRAPALI GOLF HOMES","9891655558"
"2328","Mr. HARISH CHANDRA","AMRAPALI GOLF HOMES","8130790796"
"2329","Mrs. SUNITA CHUGH","AMRAPALI GOLF HOMES","7840031510"
"2330","Mrs. REETHA MISHRA","AMRAPALI GOLF HOMES","9718502365"
"2331","Mrs. LEELA DEVI","AMRAPALI GOLF HOMES","9910162199"
"2332","Mr. AKHILESHWAR KUMAR SINGH","AMRAPALI GOLF HOMES","9582745533"
"2333","Mr. HARIKESH SINGH","AMRAPALI GOLF HOMES","9899014625"
"2334","Mr. ABHISHEK ANAND","AMRAPALI GOLF HOMES","9430040800, 9435546153"
"2335","Mrs. SWEETY","AMRAPALI GOLF HOMES","7979075885"
"2336","Mr. ABHAY KUMAR SINGH","AMRAPALI GOLF HOMES","8989989147"
"2337","Mr. ANAND KESHRI","AMRAPALI GOLF HOMES","9560646134"
"2338","Mr. PRASHANT","AMRAPALI GOLF HOMES","9819035631"
"2339","Mr. NISHANT","AMRAPALI GOLF HOMES","9996640531"
"2340","Mr. RAJEEV RANJAN","AMRAPALI GOLF HOMES","9991217902"
"2341","Mr. ARUN KUMAR","AMRAPALI GOLF HOMES","9599427699"
"2342","Mrs. SUNITA","AMRAPALI GOLF HOMES","9711754293, 9711754492"
"2343","Mr. PARDEEP KUMAR","AMRAPALI GOLF HOMES","9811063926"
"2344","Mr. MANISH KULSHRESTHA","AMRAPALI GOLF HOMES","9897597425"
"2345","Mr. VINEET NARANG","AMRAPALI GOLF HOMES","9811123206"
"2346","Mr. HARISH CHANDER","AMRAPALI GOLF HOMES","9999723742"
"2347","Mr. NARESHWAR PRASAD","AMRAPALI GOLF HOMES","9955552928"
"2348","Mr. HEMANT KUMAR SHARMA","AMRAPALI GOLF HOMES","9911300660"
"2349","Mrs. UJJAINI CHAKRAVARTY","AMRAPALI GOLF HOMES","9899097868"
"2350","Mr. LALIT KANODIA","AMRAPALI GOLF HOMES","9650655660"
"2351","Mr. ANKUR SHARMA.","AMRAPALI GOLF HOMES","9892660732"
"2352","Mr. ASHISH KUMAR SHIVHARE","AMRAPALI GOLF HOMES","9620851212"
"2353","Mrs. RAGINI GUPTA","AMRAPALI GOLF HOMES","8707767476"
"2354","Mr. GYANENDRA SINGH","AMRAPALI GOLF HOMES","9415068051"
"2355","Mrs. JANKI GUPTA","AMRAPALI GOLF HOMES","9634302700"
"2356","Mr. PARDEEP KUMAR MUNDAY","AMRAPALI GOLF HOMES","8860821521"
"2357","Mr. GAURAV BANSAL","AMRAPALI GOLF HOMES","9653335143"
"2358","Mr. ASHUTOSH KUMAR","AMRAPALI GOLF HOMES","9013281223"
"2359","Mr. NAWIN CHANDRA MALLICK","AMRAPALI GOLF HOMES","9871745795"
"2360","Mr. SAURABH CHAUHAN","AMRAPALI GOLF HOMES","6283899665147,"
"2361","Mrs. ANJU ADHIKARI","AMRAPALI GOLF HOMES","9899000485"
"2362","Mr. SAURJYA KISHORE MOHANTY","AMRAPALI GOLF HOMES","7044063144"
"2363","Mr. VIJAY KUMAR SRIVASTAVA","AMRAPALI GOLF HOMES","9810187342"
"2364","Mrs. GEETANJALI ARORA","AMRAPALI GOLF HOMES","9312405765"
"2365","Mrs. SARITA GUPTA","AMRAPALI GOLF HOMES","9811948048"
"2366","Mr. RAM BRAJESH KUMAR","AMRAPALI GOLF HOMES","9708944140"
"2367","Mrs. SNEH SHARMA","AMRAPALI GOLF HOMES","9818154867"
"2368","Mr. MANOJ SRIVASTAVA","AMRAPALI GOLF HOMES","9810696513"
"2369","Mr. YOGESH KUMAR JAIN","AMRAPALI GOLF HOMES","9.42E+19"
"2370","Mr. ALOK RANJAN","AMRAPALI GOLF HOMES","9386718668"
"2371","Mr. BALAM SINGH","AMRAPALI GOLF HOMES","9811400742"
"2372","Mr. LAL BABU SHARMA","AMRAPALI GOLF HOMES","7760731982"
"2373","Mr. MOHAMMED AKHTER R. ANSARI","AMRAPALI GOLF HOMES","9548216103"
"2374","Mr. RAVI KUMAR GUPTA","AMRAPALI GOLF HOMES","9250714585"
"2375","Mr. RAHUL BANERJEE","AMRAPALI GOLF HOMES","9468049944"
"2376","Mr. SMRUTI RANJAN MOHAPATRA","AMRAPALI GOLF HOMES","9350169127, 9911502377"
"2377","Mr. AATISH GAHLAWAT","AMRAPALI GOLF HOMES","9215153030"
"2378","MS. KANIKA KHETARPAL","AMRAPALI GOLF HOMES","9873901024"
"2379","Mr. SHIV PRAKASH","AMRAPALI GOLF HOMES","9968490878"
"2380","MR. ANSHUMANT KUMAR","AMRAPALI GOLF HOMES","9490168649, 9415495697"
"2381","MR. MAHENDRA PRATAP CHANDRA","AMRAPALI GOLF HOMES","9971692822, 9953163992"
"2382","MR. HRADESH TIWARI","AMRAPALI GOLF HOMES","7875448872"
"2383","MR. PRABAL MISHRA","AMRAPALI GOLF HOMES","9873531278, 9415194278"
"2384","MR. UMA SHANKAR","AMRAPALI GOLF HOMES","8986872273"
"2385","MR. ROHIT BATRA","AMRAPALI GOLF HOMES","9811995665"
"2386","MR. ANKUSH GUPTA","AMRAPALI GOLF HOMES","9810308416, 9711034717"
"2387","MRS. NEHA SINGH","AMRAPALI GOLF HOMES","8447746901, 8447746902"
"2388","Mr. SACHIN MITTAL","AMRAPALI GOLF HOMES","8882646160"
"2389","Mr. ANUBHAV SINHA","AMRAPALI GOLF HOMES","9716973727"
"2390","Mrs. MANJARI JHUNJHUNWALA","AMRAPALI GOLF HOMES","9910663411"
"2391","Mr. VARUN GOEL","AMRAPALI GOLF HOMES","8860008285"
"2392","MR. SATYA NARAYAN SINGH","AMRAPALI GOLF HOMES","8527645913"
"2393","Mr. ANUJ KUMAR PATHAK","AMRAPALI GOLF HOMES","9650060581"
"2394","Mr. BRAJESH KUMAR RAMAN","AMRAPALI GOLF HOMES","9931410550"
"2395","Mr. MAHESH CHANDRA DHUSAR","AMRAPALI GOLF HOMES","8126248332"
"2396","Mr. SHASHANK SHEKHAR","AMRAPALI GOLF HOMES","9113446194"
"2397","Mr. SUSHIL GAKHAR","AMRAPALI GOLF HOMES","9810419803"
"2398","Mr. RAM KRISHNA CHOUDHARY","AMRAPALI GOLF HOMES","9821076112"
"2399","Mr. KUMAR VISHAL","AMRAPALI GOLF HOMES",""
"2400","Mr. SUSHIL CHAUDHARY","AMRAPALI GOLF HOMES","9818314045"
"2401","Mrs. ARCHANA SINGH","AMRAPALI GOLF HOMES","8004030040"
"2402","Mr. INDRA DEV","AMRAPALI GOLF HOMES","9650994490"
"2403","Mrs. KAMINI","AMRAPALI GOLF HOMES","9899713393"
"2404","Mr. SURENDRA VERMA","AMRAPALI GOLF HOMES","8872037008"
"2405","Mrs. DIBYA JYOTIKA SRIVASTAVA","AMRAPALI GOLF HOMES","9711989085"
"2406","Mr. SAURAV KUMAR","AMRAPALI GOLF HOMES","9634341744"
"2407","Mr. AKHILANDPURAM NARAYANASWAMY SESHADRI","AMRAPALI GOLF HOMES","9810895260"
"2408","Mr. SOM NATH SINGH RAI","AMRAPALI GOLF HOMES","9958796721 ,9211086504"
"2409","Mr. SAMIR KUMAR SHARMA","AMRAPALI GOLF HOMES","9910903548"
"2410","Mr. SAURAV KUMAR DAS","AMRAPALI GOLF HOMES","9910039416"
"2411","Mr. MOHAN SINGH","AMRAPALI GOLF HOMES","9810095197, 9911670637"
"2412","SHIKHA CHAUHAN","AMRAPALI GOLF HOMES","8527500933"
"2413","Mr. AJAY GUPTA","AMRAPALI GOLF HOMES","9850670069"
"2414","Mrs. GEETA BERA","AMRAPALI GOLF HOMES","9412866054"
"2415","Mr. SUNIL KUMAR BARLEJA","AMRAPALI GOLF HOMES","9312686660, 9313267653"
"2416","Mr. PAWAN KUMAR PANDITA","AMRAPALI GOLF HOMES","9811070345"
"2417","Mr. RAVI YADAV","AMRAPALI GOLF HOMES","9811737473"
"2418","Mr. MAHESH CHANDRA DHUSAR","AMRAPALI GOLF HOMES","9415073962"
"2419","Mr. MANOJ PAREEK","AMRAPALI GOLF HOMES","8527014632"
"2420","Mr. KANWAL JEET SINGH","AMRAPALI GOLF HOMES","9999799024"
"2421","Mr. RAM KISHORE THAKUR","AMRAPALI GOLF HOMES","9473341362 ,9771735216"
"2422","Mr. SAURABH AGRAWAL","AMRAPALI GOLF HOMES","9818780299"
"2423","Mr. SUNIL KUMAR TRIPATHI","AMRAPALI GOLF HOMES","9415040890"
"2424","Mrs. LAKSHMI S KUMAR","AMRAPALI GOLF HOMES","9910812088"
"2425","Mr. PRAKASH SINGH","AMRAPALI GOLF HOMES","9818531617"
"2426","Mr. TARUN KUMAR","AMRAPALI GOLF HOMES","9999099048"
"2427","Dr. M. G. JAYACHANDRAN","AMRAPALI GOLF HOMES","9313121613"
"2428","Mr. JAGDISH SINGH","AMRAPALI GOLF HOMES","9818206488"
"2429","Mr. RAJENDRA SINGH","AMRAPALI GOLF HOMES",""
"2430","MS. SAIMA RAZA","AMRAPALI GOLF HOMES","9873864964"
"2431","Mr. ANIL KUMAR ARORA","AMRAPALI GOLF HOMES","9717399154, 9717399153"
"2432","Mr. AJIT MOHAN","AMRAPALI GOLF HOMES","9619142366"
"2433","Mr. ASHOK KUMAR PARANDIYAL","AMRAPALI GOLF HOMES","9414939246"
"2434","Mr. AMIT KUMAR","AMRAPALI GOLF HOMES","9899875222"
"2435","Mr. HRIDAYESH KUMAR","AMRAPALI GOLF HOMES","8.80E+19"
"2436","Mr. DURGESH KUMAR GARG","AMRAPALI GOLF HOMES","9873082755"
"2437","Mr. RINKU KUMAR BHOWMIK","AMRAPALI GOLF HOMES","9810947208"
"2438","Mr. SAMIR KUMAR","AMRAPALI GOLF HOMES","9657390221"
"2439","Mr. RAJIV PANDEY","AMRAPALI GOLF HOMES","9.97E+19"
"2440","Mr. RAKESH KISHORE GUPTA","AMRAPALI GOLF HOMES","9358964840"
"2441","Mr. AMIT PRASAD","AMRAPALI GOLF HOMES","9911428923"
"2442","Mrs. RANJITA MISHRA","AMRAPALI GOLF HOMES","9891521274, 9717101642"
"2443","Mrs. KAVITA AHLUWALIA","AMRAPALI GOLF HOMES","9968470742"
"2444","Mr. GAGAN DEEP","AMRAPALI GOLF HOMES","7051402195"
"2445","Mr. AMIT KUMAR","AMRAPALI GOLF HOMES","7749805631"
"2446","Mrs. SEEMA JAIN","AMRAPALI GOLF HOMES","9999621190"
"2447","Mr. UMESH CHANDRA UPADHYAY","AMRAPALI GOLF HOMES","9675002470"
"2448","Mr. MANU MOHINDRA","AMRAPALI GOLF HOMES","9910261468"
"2449","Mr. VIVEK SHARMA","AMRAPALI GOLF HOMES","9811305627, 9811629937"
"2450","Mr. VIKAS KUMAR","AMRAPALI GOLF HOMES","9953395569"
"2451","Mr. DEVENDER KUMAR","AMRAPALI GOLF HOMES","9005768013"
"2452","Mr. RANJAN BHATTACHARYYA","AMRAPALI GOLF HOMES","7838781447"
"2453","Mrs. KAVITA VILAS ROY","AMRAPALI GOLF HOMES","8506943223"
"2454","Mr. VIJAY KUMAR VERMA","AMRAPALI GOLF HOMES","9451820670"
"2455","Mrs. SURENDER KAUR","AMRAPALI GOLF HOMES","8860538539"
"2456","Mr. ISRAR AHMAD","AMRAPALI GOLF HOMES","9818208244"
"2457","Mr. RAMESH MISHRA","AMRAPALI GOLF HOMES","9312290627"
"2458","Mr. VINEET BUTOLA","AMRAPALI GOLF HOMES","7060052323"
"2459","Mr. PANKAJ SAYAL","AMRAPALI GOLF HOMES","9212231576"
"2460","Dr. SAVITA BUTOLA","AMRAPALI GOLF HOMES","919988996196,"
"2461","Mr. MAHESH CHAND","AMRAPALI GOLF HOMES","8750005757"
"2462","Mr. SHASHANK KUMAR GUPTA","AMRAPALI GOLF HOMES","8744052789, 7838112992"
"2463","Mr. PASUPULA HARI KRISHNA","AMRAPALI GOLF HOMES","8332912912"
"2464","Mr. GIRIJESH KUMAR PANDEY","AMRAPALI GOLF HOMES","7838777753"
"2465","Mrs. SUDHA SAZAWAL","AMRAPALI GOLF HOMES","9868488222"
"2466","Mr. MOHAMMAD YUSUF","AMRAPALI GOLF HOMES","9250550898"
"2467","Mrs. MEETA MALHOTRA","AMRAPALI GOLF HOMES","9899789718"
"2468","Mr. MANISH SAHU","AMRAPALI GOLF HOMES","9717491715"
"2469","Mr. AMIT BHARDWAJ","AMRAPALI GOLF HOMES","9711205885"
"2470","Mr. BHUVNESH KAUSHIK","AMRAPALI GOLF HOMES","8860794794"
"2471","Mr. KAMLESH KUMAR","AMRAPALI GOLF HOMES","9573577199, 8143237559"
"2472","Mr. SANJEEV KUMAR","AMRAPALI GOLF HOMES","9000860392"
"2473","Mr. V. L. NARAYANAN","AMRAPALI GOLF HOMES","9388406407"
"2474","Mr. KUNDAN SINGH","AMRAPALI GOLF HOMES","9312168073"
"2475","Mr. PRAMOD SINGH","AMRAPALI GOLF HOMES","9312168073"
"2476","Mr. RAHUL KUMAR","AMRAPALI GOLF HOMES","9810086096"
"2477","Mr. PUSHPENDRA PRATAP SINGH TOMAR","AMRAPALI GOLF HOMES","-1194"
"2478","MR. MAHENDRA KUMAR YADAV","AMRAPALI GOLF HOMES","8510003860"
"2479","MR. SHIV AVTAR PANDEY","AMRAPALI GOLF HOMES","9958083989, 9971087599"
"2480","MR. RAGHVENDER PRATAP","AMRAPALI GOLF HOMES","9716069933"
"2481","MR. SANTOSH KUMAR","AMRAPALI GOLF HOMES","7782867888"
"2482","MR. KUMAR ROHIT","AMRAPALI GOLF HOMES","8220746764, 9311010445"
"2483","MR. BIRENDRA PRASAD ROY","AMRAPALI GOLF HOMES","9718563050"
"2484","MR. KARTIKEY RAI","AMRAPALI GOLF HOMES","9899956306"
"2485","DR. AMIT KUMAR GUPTA","AMRAPALI GOLF HOMES","9015214366"
"2486","MR. BINAY KUMAR SRIVASTAVA","AMRAPALI GOLF HOMES","9212461396, 9873093981"
"2487","MR. RAJESH PRASAD NAUDIYAL","AMRAPALI GOLF HOMES","9910275441"
"2488","MS. PRAGATI SRIVASTAVA","AMRAPALI GOLF HOMES","9560018484, 9718908044"
"2489","MR. BRIJENDRA SINGH","AMRAPALI GOLF HOMES","9871596153"
"2490","Mrs. MANJU JAIN","AMRAPALI GOLF HOMES","8010389898"
"2491","Mr. NISCHAL BANSAL","AMRAPALI GOLF HOMES","9560681888"
"2492","Mr. RAVINDRA SHARMA","AMRAPALI GOLF HOMES","9999797744, 971105388"
"2493","Ms. V. K. RESHNA","AMRAPALI GOLF HOMES","9958629469"
"2494","Mr. NARENDRA PRASAD","AMRAPALI GOLF HOMES","9899057059, 9311521522"
"2495","Mr. JATINDER RAHEJA","AMRAPALI GOLF HOMES","8860726535"
"2496","Mr. MUNISH SHARMA","AMRAPALI GOLF HOMES","9871421462"
"2497","Ms. ARTI KAUR","AMRAPALI GOLF HOMES","9212114243"
"2498","Mr. KAMLESH KUMAR","AMRAPALI GOLF HOMES","9971519037"
"2499","Mrs. GULSHAN KALRA","AMRAPALI GOLF HOMES","9818573317"
"2500","Mrs. NIVEDITA TANWAR","AMRAPALI GOLF HOMES","9811056275, 9466565600"
"2501","Mr. SUJEET KUMAR","AMRAPALI GOLF HOMES",""
"2502","Mrs. MALTI RATHORE","AMRAPALI GOLF HOMES","8800336704"
"2503","Mr. CHANDRA BHAN SINGH RATHORE","AMRAPALI GOLF HOMES","9971065741, 8010609371"
"2504","Mr. SHEETESH KUMAR PATHAK","AMRAPALI GOLF HOMES","9958200450"
"2505","Mr. MANOJ KUMAR","AMRAPALI GOLF HOMES","9910123297"
"2506","Mrs. NEELAM KANDPAL","AMRAPALI GOLF HOMES","9810186340"
"2507","Mrs. MANJU KANDPAL","AMRAPALI GOLF HOMES","9868219863, 9013501393"
"2508","Mr. SHASHANK KOHLI","AMRAPALI GOLF HOMES","9990922380"
"2509","Mr. GAURAV MALVIYA","AMRAPALI GOLF HOMES","9958820095"
"2510","Mr. JAGDISH PANT","AMRAPALI GOLF HOMES","9953022393"
"2511","Mrs. DAULTI DEVI","AMRAPALI GOLF HOMES","8800839670"
"2512","Mr. MOHAMMAD ASIM","AMRAPALI GOLF HOMES","9810919010, 9999775267"
"2513","Mr. NEERAJ CHOPRA","AMRAPALI GOLF HOMES","9718284444"
"2514","Mr. RAKESH KUMAR SHARMA","AMRAPALI GOLF HOMES","9717298462, 9891158155"
"2515","Mr. SURESH KUMAR","AMRAPALI GOLF HOMES","9873245565"
"2516","Mr. SUMIT MATHUR","AMRAPALI GOLF HOMES","7042410202"
"2517","Mr. ANURAG DIXIT","AMRAPALI GOLF HOMES","9911198933"
"2518","Mrs. SUCHITA MEHTA","AMRAPALI GOLF HOMES","8826914022"
"2519","Mr. SANTOSH KUMAR DORA","AMRAPALI GOLF HOMES","9958890982, 9350553642"
"2520","Ms. REETA YADAV","AMRAPALI GOLF HOMES","9871372313, 8010585466"
"2521","Mr. DILIP KUMAR MITRA","AMRAPALI GOLF HOMES","9958010282"
"2522","Mr. RITESH KUMAR JAISWAL","AMRAPALI GOLF HOMES","9871339780"
"2523","Mr. PUNEET KHURANA","AMRAPALI GOLF HOMES","9654357663"
"2524","Mr. NILESH JHAWAR","AMRAPALI GOLF HOMES","71508572969"
"2525","Mr. SANJAY KUMAR BHADRA","AMRAPALI GOLF HOMES","8558845844"
"2526","Mrs. GEETA SURESH","AMRAPALI GOLF HOMES","9650755588, 9958644491"
"2527","Mrs. SUNITA THAKUR","AMRAPALI GOLF HOMES","9911112882, 9810301852"
"2528","Mrs. SUNITA","AMRAPALI GOLF HOMES","9312721719 ,8882224870"
"2529","Mr. RAJ KAPOOR","AMRAPALI GOLF HOMES","9911022081, 9811022080"
"2530","Mr. SURESH KUMAR GUPTA","AMRAPALI GOLF HOMES","9334904649"
"2531","Mr. VICKY MAKHIJANI","AMRAPALI GOLF HOMES","9999993567 ,9811918735"
"2532","Mr. DEVENDRA KUMAR","AMRAPALI GOLF HOMES","9654108641, 8750073022"
"2533","Mrs. SHASHI SRIVASTAVA","AMRAPALI GOLF HOMES","9818627420"
"2534","Mr. D. VEERA BRAHMAM","AMRAPALI GOLF HOMES","9441016889"
"2535","Mr. DINESH KUMAR JHA","AMRAPALI GOLF HOMES","9987435880"
"2536","Mrs. SHWETA RAI","AMRAPALI GOLF HOMES",""
"2537","Mr. DHIRENDRA KUMAR DHIRENDRA","AMRAPALI GOLF HOMES","9990006116"
"2538","Mr. ANKIT KHANDELWAL","AMRAPALI GOLF HOMES","9810703131"
"2539","Mr. PRADEEP KUMAR PAL","AMRAPALI GOLF HOMES","9458273253"
"2540","Mrs. NIRMALA THAPLIYAL","AMRAPALI GOLF HOMES","9871451861"
"2541","Mr. AWADHESH KUMAR","AMRAPALI GOLF HOMES","9431211684"
"2542","Mr. ATUL KUMAR JAIN","AMRAPALI GOLF HOMES","9868554102, 9213534419"
"2543","Mr. BALRAM YADAV","AMRAPALI GOLF HOMES","9958774525"
"2544","Mr. MANISH KUMAR TIWARI","AMRAPALI GOLF HOMES","8700082575"
"2545","Mrs. PARINITA SINHA","AMRAPALI GOLF HOMES","9472237712"
"2546","Mr. RAJESH KUMAR SINGH","AMRAPALI GOLF HOMES","9310310133"
"2547","Mr. SUMIT KUMAR SACHAN","AMRAPALI GOLF HOMES","9868092016"
"2548","MR. VARUN JAIN","AMRAPALI GOLF HOMES","9717382384"
"2549","Mr. VIJAY KUMAR","AMRAPALI GOLF HOMES","9313962696"
"2550","MS. AKANKSHA SHARMA","AMRAPALI GOLF HOMES","9560544011"
"2551","MR. SAURABH PATHAK","AMRAPALI GOLF HOMES","9927941190"
"2552","MS. ANKITA SHARMA","AMRAPALI GOLF HOMES","8140623290"
"2553","MRS. RAMINDER KAUR","AMRAPALI GOLF HOMES","9811920773"
"2554","MRS. SAVITA AWASTHI","AMRAPALI GOLF HOMES","9910810259"
"2555","MRS. PARVATI RANA","AMRAPALI GOLF HOMES","9999094667"
"2556","MR. RAJESH KUMAR","AMRAPALI GOLF HOMES","9818026076"
"2557","MR. NANDAN SINGH BISHT","AMRAPALI GOLF HOMES","9810253294, 9555723777"
"2558","Mrs. ASHA CHAUDHARY","AMRAPALI GOLF HOMES","9211551780, 9810030420"
"2559","Mr. GAURAV SHARMA","AMRAPALI GOLF HOMES","9837438584"
"2560","Mr. ARUN KUMAR GUPTA","AMRAPALI GOLF HOMES","9313532033"
"2561","Mr. RAJESH GUPTA","AMRAPALI GOLF HOMES","9810361895"
"2562","Mrs. NEETU PANDEY","AMRAPALI GOLF HOMES","9818436796"
"2563","M/S. KHEMI CONSTRUCTION PVT. LTD.","AMRAPALI GOLF HOMES","9810027780"
"2564","Mr. BHUVNESH","AMRAPALI GOLF HOMES","7580993360"
"2565","Mr. PANKAJ SHUKLA","AMRAPALI GOLF HOMES","9910460657"
"2566","Mrs. SUNITA BHAGAT","AMRAPALI GOLF HOMES","9917639892, 9760670922"
"2567","Mr. MONU TYAGI","AMRAPALI GOLF HOMES","9911263950"
"2568","Mr. VIJAY KUMAR SINGH","AMRAPALI GOLF HOMES","9654600209, 8860031304"
"2569","Mr. ASHOK KUMAR","AMRAPALI GOLF HOMES","9873121707, 9301429887"
"2570","Mr. AJAY KUMAR JAIN","AMRAPALI GOLF HOMES","9350809178"
"2571","Mr. MUKESH KUMAR","AMRAPALI GOLF HOMES","8719899458 ,9165482688"
"2572","Mr. PANKAJ SHUKLA","AMRAPALI GOLF HOMES","9910460657"
"2573","Mrs. NIRMALA SINGH","AMRAPALI GOLF HOMES","9334670770"
"2574","Mr. BAL KRISHNA CHOUDHARY","AMRAPALI GOLF HOMES","9871331568"
"2575","Mr. RAVI KUMAR GUPTA","AMRAPALI GOLF HOMES","9736410983"
"2576","Mr. MANISH KUMAR","AMRAPALI GOLF HOMES","9430529803, 9122477150"
"2577","Mr. ANAND PRAKASH","AMRAPALI GOLF HOMES","9633303452"
"2578","Mr. G RAGHURAM","AMRAPALI GOLF HOMES","9312243119"
"2579","Mr. NITIN KUMAR","AMRAPALI GOLF HOMES","8.59E+19"
"2580","Mr. OM PRAKASH","AMRAPALI GOLF HOMES","9811039673"
"2581","Mr. BALMUKUND","AMRAPALI GOLF HOMES","9810150282"
"2582","Mr. GAURAV JAIN","AMRAPALI GOLF HOMES","9428008593"
"2583","Mr. SUKUMAR CHANDRA BHUNIA","AMRAPALI GOLF HOMES","9412288102"
"2584","Mr. BHRIGUNATH YADAV","AMRAPALI GOLF HOMES","7898380508"
"2585","Major H N JOSHI","AMRAPALI GOLF HOMES","9582942217"
"2586","Mr. KANWAL BHAGAT","AMRAPALI GOLF HOMES","9811566657"
"2587","Mr. TUHINANGSHU CHOWDHURY","AMRAPALI GOLF HOMES","9999017650"
"2588","Mrs. ANSHU KAMBOJ","AMRAPALI GOLF HOMES","""9416987869, 9811804588"
"2589","Mrs. SHAHEEN KHAN","AMRAPALI GOLF HOMES","8573003301"
"2590","Mrs. PAWAN SEHGAL","AMRAPALI GOLF HOMES","9999973763"
"2591","Mr. SUNIL BROOTA","AMRAPALI GOLF HOMES","9810032182"
"2592","Mr. SACHCHIDA NAND","AMRAPALI GOLF HOMES","9431016140"
"2593","Mrs. BINITA RAWAT","AMRAPALI GOLF HOMES","9810842392"
"2594","Mr. VIBHASH CHANDRA JHA","AMRAPALI GOLF HOMES","8826377602"
"2595","Mr. SUNIL DUBEY","AMRAPALI GOLF HOMES","9818640811"
"2596","Mrs. INDU KUMARI RAY","AMRAPALI GOLF HOMES","9717952204"
"2597","Mr. SULABH GARG","AMRAPALI GOLF HOMES","9871800749"
"2598","Mrs. KANIKA CHAKRABORTY","AMRAPALI GOLF HOMES","9818840725"
"2599","Mr. SUSHIL KUMAR SHAKYA","AMRAPALI GOLF HOMES","9910591424"
"2600","Mr. ISHWAR CHANDRA PRADHAN","AMRAPALI GOLF HOMES","9910896502"
"2601","Mr. ABHISHEK RAJ SRIVASTAVA","AMRAPALI GOLF HOMES","8287645342"
"2602","Mr. AVINASH SRIVASTAVA","AMRAPALI GOLF HOMES","9910244343"
"2603","Mr. RANJAN KUMAR SINGH","AMRAPALI GOLF HOMES","9973468002"
"2604","Mr. PRABHAT PAL","AMRAPALI GOLF HOMES","9818719101"
"2605","Mr. ASHOK KUMAR SHARMA","AMRAPALI GOLF HOMES","9899861060"
"2606","Mr. ASLAM SHER KHAN","AMRAPALI GOLF HOMES","9910896500"
"2607","Mr. GAURAV SAHU","AMRAPALI GOLF HOMES","9990431492"
"2608","Mr. AJAY KUMAR MISHRA","AMRAPALI GOLF HOMES","7665152888/ 7389927645"
"2609","Mrs. PRABHA GUPTA","AMRAPALI GOLF HOMES","9810621109"
"2610","Mr. SHASHI SHARMA","AMRAPALI GOLF HOMES","9810489584, 9971010899"
"2611","Mrs. SHASHI TIWARI","AMRAPALI GOLF HOMES","8527973633"
"2612","Mr. LAV KUSH","AMRAPALI GOLF HOMES","9458160222"
"2613","Mr. RAMAN BADAL","AMRAPALI GOLF HOMES","9212538150"
"2614","Mrs. ANJU SHARMA","AMRAPALI GOLF HOMES","9015567052, 8010226302"
"2615","Mrs. PREETI BASIL","AMRAPALI GOLF HOMES","9810621109"
"2616","Mrs. SHASHI BHATIA","AMRAPALI GOLF HOMES","8826453346"
"2617","Mr. MANORANJAN KUMAR PANDEY","AMRAPALI GOLF HOMES","843173800, 8902498680"
"2618","Mr. DHIRAJ KUMAR","AMRAPALI GOLF HOMES","9999993901"
"2619","Mrs. SHILPA GUPTA","AMRAPALI GOLF HOMES","9868601294 ,9810101294"
"2620","Mr. MANISH KUMAR SAXENA","AMRAPALI GOLF HOMES","9027273210"
"2621","Mr. BIMLENDU SHEKHAR VATS","AMRAPALI GOLF HOMES","9779584342"
"2622","Mr. VIKAS AGARWAL","AMRAPALI GOLF HOMES","9871616298"
"2623","Mrs. NEHA SANKHYAN","AMRAPALI GOLF HOMES","9654400728"
"2624","Mrs. KANCHAN KHATANA","AMRAPALI GOLF HOMES","9917639892 ,9760670922"
"2625","Mrs. SHWETA","AMRAPALI GOLF HOMES","9811714071"
"2626","Mr. GOUTAM ROY","AMRAPALI GOLF HOMES","9871743750"
"2627","Mrs. MOJAHIDA MUSROOR","AMRAPALI GOLF HOMES","9969650363"
"2628","Mr. SANDEEP KUMAR SARKAR","AMRAPALI GOLF HOMES","8744828202"
"2629","Mr. SUNIL KUMAR","AMRAPALI GOLF HOMES","9755549531"
"2630","Mr. DEEPAK KUMAR","AMRAPALI GOLF HOMES","9463310450"
"2631","Mr. RAVI NANDAN","AMRAPALI GOLF HOMES","8826622388, 9795222227"
"2632","Mr. PANKAJ KUMAR LAL","AMRAPALI GOLF HOMES","07044309387, 08584016992"
"2633","Mrs. VIBHA JAISWAL","AMRAPALI GOLF HOMES","9999211713"
"2634","Mr. RAJ KUMAR KANWAL","AMRAPALI GOLF HOMES","8860018609"
"2635","Mrs. URMILA TYAGI","AMRAPALI GOLF HOMES","9990015357, 9717588322"
"2636","Mr. DILIP KUMAR JHA","AMRAPALI GOLF HOMES","9810435824"
"2637","Mr. VIKAS SHARMA","AMRAPALI GOLF HOMES","9899954519"
"2638","Mr. KAMLESH KUMAR RAWAT","AMRAPALI GOLF HOMES","9868246938"
"2639","Mr. ARVIND CHOUDHARY","AMRAPALI GOLF HOMES","9818043788"
"2640","Mr. APOORVA GARG","AMRAPALI GOLF HOMES","9897632155"
"2641","Mr. TRIBHUWAN KUMAR UPADHYAYA","AMRAPALI GOLF HOMES","8889997950"
"2642","Mr. PRIYARANJAN VERMA","AMRAPALI GOLF HOMES","9968792375"
"2643","Mrs. KUMARI PUSHPA","AMRAPALI GOLF HOMES","9430269126"
"2644","Mr. RAVI PRATAP SHARMA","AMRAPALI GOLF HOMES","7838939309"
"2645","Mr. RAHUL SHARMA","AMRAPALI GOLF HOMES","9827064693"
"2646","Mrs. URMILA","AMRAPALI GOLF HOMES","8802501275"
"2647","Mr. SADHANANANDA MANDAL","AMRAPALI GOLF HOMES","9540874975"
"2648","MR. DHARAM RAJ YADAV","AMRAPALI GOLF HOMES","9412768315"
"2649","MR. AMIT SANGAL","AMRAPALI GOLF HOMES","8178299001"
"2650","MR. ASHOK KUMAR SINGH.","AMRAPALI GOLF HOMES","9717696153, 9716314753"
"2651","MR. VIKRAM SINGH","AMRAPALI GOLF HOMES","9990041821"
"2652","MR. MUKESH CHAUHAN","AMRAPALI GOLF HOMES","9716488637"
"2653","MR. TARUN DWIVEDI","AMRAPALI GOLF HOMES","9369191367"
"2654","MR. ANURAG KHARE","AMRAPALI GOLF HOMES","9958029879"
"2655","MR. JATIN LUTHRA","AMRAPALI GOLF HOMES","8130415544"
"2656","MR. ANIL TAGOTRA","AMRAPALI GOLF HOMES","9560391737"
"2657","MR. VIMAL KISHORE BAHUGUNA","AMRAPALI GOLF HOMES","8527581456"
"2658","MR. ASHOK KUMAR","AMRAPALI GOLF HOMES","9546223392"
"2659","MR. AMRIT PAL SINGH.","AMRAPALI GOLF HOMES","9999362242"
"2660","Mr. GAURAV SHRIVASTAVA","AMRAPALI GOLF HOMES","9910223824"
"2661","Mr. NEERAJ ARORA","AMRAPALI GOLF HOMES","9899977752"
"2662","Mr. ASHWANI KUMAR VERMA","AMRAPALI GOLF HOMES","7838416667"
"2663","Mr. VISHOK KUMAR SINGH","AMRAPALI GOLF HOMES","9458758551, 9999800437"
"2664","Mr. DURLUBH KUMAR SHARMA","AMRAPALI GOLF HOMES","9560089852"
"2665","Mrs. KAMLA SHARMA","AMRAPALI GOLF HOMES","9810904051"
"2666","Mr. PRAVEEN SINGH","AMRAPALI GOLF HOMES","9899020186, 9873010442"
"2667","Mrs. JYOTIMA BHATNAGAR","AMRAPALI GOLF HOMES","9464571264, 9953258464"
"2668","Mr. ASHUTOSH","AMRAPALI GOLF HOMES","9837041912"
"2669","Mr. RAJEEV AHLAWAT","AMRAPALI GOLF HOMES","9650994376, 9910737323"
"2670","Mrs. SANTOSH SHARMA","AMRAPALI GOLF HOMES","9412855872"
"2671","Mrs. ANITA YADAV","AMRAPALI GOLF HOMES","9839515896"
"2672","Mrs. KAMAL BHARDWAJ","AMRAPALI GOLF HOMES","9911756140"
"2673","Mr. ANUPAM SHARMA","AMRAPALI GOLF HOMES","9810372093"
"2674","Mrs. MITHLESH VERMA","AMRAPALI GOLF HOMES","9425456703"
"2675","Mr. BASANT BALLABH JOSHI","AMRAPALI GOLF HOMES","9868835129"
"2676","Mrs. NEETU SINGH","AMRAPALI GOLF HOMES","9897556738, 9997222439"
"2677","Mrs. SUSHILA DHIMAN","AMRAPALI GOLF HOMES",""
"2678","Mr. KAMALDEEP SINGH","AMRAPALI GOLF HOMES","9212105710"
"2679","Mr. GIRISH KUMAR AP","AMRAPALI GOLF HOMES","9971096678"
"2680","Mr. MANISH VERMA HUF","AMRAPALI GOLF HOMES","9893150355"
"2681","Mr. PURSHOTAM LAL","AMRAPALI GOLF HOMES","9968090482"
"2682","Mr. ANINDYA SUNDER","AMRAPALI GOLF HOMES","9911153843"
"2683","Mrs. ANITA DHIMAN","AMRAPALI GOLF HOMES","9418476934"
"2684","Mr. KAMAL KISHOR ATTRI","AMRAPALI GOLF HOMES","9868245006, 9650994374"
"2685","Mr. GAURAV CHHABRA","AMRAPALI GOLF HOMES","7674822192"
"2686","Mr. AJAY KUMAR CHAUDHARY","AMRAPALI GOLF HOMES","9810163299"
"2687","Mr. SANDEEP KUMAR","AMRAPALI GOLF HOMES","9910076929"
"2688","Mr. ADITYA PRAKASH TRIPATHI","AMRAPALI GOLF HOMES","9.46E+20"
"2689","Mr. PRAVEEN KUMAR GARG","AMRAPALI GOLF HOMES","9235038400, 7860522024"
"2690","Mr. TRITHESH NANDAN","AMRAPALI GOLF HOMES","9818889014"
"2691","Mr. GYANENDRA AGRAWAL","AMRAPALI GOLF HOMES","9811263729"
"2692","Mr. VIKAS MALHOTRA","AMRAPALI GOLF HOMES","9711118205"
"2693","Mrs. SONIA MITTAL","AMRAPALI GOLF HOMES","9873933087"
"2694","Mrs. POONAM GUPTA","AMRAPALI GOLF HOMES","7060176494"
"2695","Mr. AVINASH SRIVASTAVA","AMRAPALI GOLF HOMES","9311037976"
"2696","Mr. KAPIL VIJ.","AMRAPALI GOLF HOMES","9557137850"
"2697","Ms. MALA GUNTUKU","AMRAPALI GOLF HOMES","8006409310"
"2698","Mr. AJIT KUMAR BANDARU","AMRAPALI GOLF HOMES","9811829301"
"2699","Mr. VINAY ARORA","AMRAPALI GOLF HOMES","9582336645"
"2700","Mr. MAYANK CHAUDA","AMRAPALI GOLF HOMES","7838952259"
"2701","Ms. VIBHA KAPOOR","AMRAPALI GOLF HOMES","9717538791, 9457582116"
"2702","Mr. MANOJ KUMAR SINGH","AMRAPALI GOLF HOMES","9810183440"
"2703","Mr. LOKESH SHARMA","AMRAPALI GOLF HOMES","9899301444"
"2704","Mr. ANIL THAKUR","AMRAPALI GOLF HOMES","9818064054"
"2705","Mr. TUSHAR JAIN","AMRAPALI GOLF HOMES","9837257300, 9873312735"
"2706","Mr. RANJAN KUMAR PANDEY","AMRAPALI GOLF HOMES","9910147925"
"2707","Mr. GIRISH AIRON","AMRAPALI GOLF HOMES","9717491796"
"2708","Mrs. RUBY TANEJA","AMRAPALI GOLF HOMES","9811251912, 9310035296, 9711173065"
"2709","Mr. MANISH KUMAR GUPTA","AMRAPALI GOLF HOMES","8595073380"
"2710","MR. MAHESH CHANDRA SINGH","AMRAPALI GOLF HOMES","9871928528"
"2711","Mrs. SANDHYA RAI","AMRAPALI GOLF HOMES",""
"2712","Mr. PREM SINGH ADHIKARI","AMRAPALI GOLF HOMES","9899029301"
"2713","Mr. DHIRAJ KACKER.","AMRAPALI GOLF HOMES","9582227986"
"2714","Mrs. DIPIKA DWIVEDI","AMRAPALI GOLF HOMES","9711859272, 7428325334"
"2715","Mr. VIKAS KUMAR SINGH","AMRAPALI GOLF HOMES","9873667016, 9810111751"
"2716","Mr. ABHISHEK BAHL","AMRAPALI GOLF HOMES","9560094398"
"2717","Mr. GAGAN JOSHI","AMRAPALI GOLF HOMES","9769924966"
"2718","Mrs. UJALA SINHA","AMRAPALI GOLF HOMES","9250733589, 9350957953"
"2719","Mr. DEEPAK AGARWAL","AMRAPALI GOLF HOMES","9899788819"
"2720","Mr. VINOD BHAT","AMRAPALI GOLF HOMES","9873188972"
"2721","Dr. RENUKA SINHA","AMRAPALI GOLF HOMES","8210630868"
"2722","Mr. DHIRAJ ARORA","AMRAPALI GOLF HOMES","9821145473"
"2723","Mrs. ANJU SAXENA","AMRAPALI GOLF HOMES","9685110192, 7556548514"
"2724","Mr. SUBHASH CHANDER BAJAJ","AMRAPALI GOLF HOMES","9818030312"
"2725","Mr. R. NATESH","AMRAPALI GOLF HOMES","9810691134"
"2726","Mr. MANISH CHANDRA VERMA","AMRAPALI GOLF HOMES","9911202044"
"2727","Mr. LALIT MOHAN PANDEY","AMRAPALI GOLF HOMES","9899470437"
"2728","Mrs. ANJU SIWAL NAGAR","AMRAPALI GOLF HOMES","9871235974"
"2729","Mr. MANZAR AQUIL","AMRAPALI GOLF HOMES","9007335375"
"2730","Mr. VIKRANT GHAI","AMRAPALI GOLF HOMES","9990264234"
"2731","Mr. NATIQ SHAMIM","AMRAPALI GOLF HOMES","9836111661, 9830096974"
"2732","Mr. ASHUTOSH SRIVASTAVA","AMRAPALI GOLF HOMES","7589272690"
"2733","Mrs. SHWETA SINGH","AMRAPALI GOLF HOMES","7838261040"
"2734","Mrs. RATNA UPADHYAY","AMRAPALI GOLF HOMES",""
"2735","Mr. AJAY KUMAR","AMRAPALI GOLF HOMES","9310113595"
"2736","Mr. DILBAGH RAI SINGH","AMRAPALI GOLF HOMES",""
"2737","Mr. RAM MURTI PATHAK","AMRAPALI GOLF HOMES","9818458939"
"2738","Mr. SAMIT KUMAR NANDI","AMRAPALI GOLF HOMES","9811896669"
"2739","Mr. AMIT KUMAR SRIVASTAVA","AMRAPALI GOLF HOMES","9899724484"
"2740","Mrs. SALY JOY","AMRAPALI GOLF HOMES","9891699982"
"2741","Mr. GAURAV KHANNA","AMRAPALI GOLF HOMES","9953400768, 9891147838"
"2742","Mrs. KALPANA SANGAR","AMRAPALI GOLF HOMES","9999198321"
"2743","Mrs. RASHMI GUPTA","AMRAPALI GOLF HOMES","9419193326"
"2744","Mr. GAUTAM KHANNA","AMRAPALI GOLF HOMES","9899706113"
"2745","SANCHIT BHATNAGAR","AMRAPALI GOLF HOMES","8882909606"
"2746","Mrs. HEMA JOSHI","AMRAPALI GOLF HOMES","9968282110, 9769924966"
"2747","Mrs. SADHANA SHARMA","AMRAPALI GOLF HOMES","9211883537"
"2748","Mrs. BINDU SANORIYA","AMRAPALI GOLF HOMES","9818094886"
"2749","Mr. RAJIV RANJAN","AMRAPALI GOLF HOMES","08908402731, 9811538056"
"2750","MR. NITIN GOEL","AMRAPALI GOLF HOMES","9953307462"
"2751","Mrs. SAROJ KANWAR","AMRAPALI GOLF HOMES","9868816674"
"2752","Ms. NIDHI MARWAH","AMRAPALI GOLF HOMES","9999973015"
"2753","MR. AMIT DIXIT","AMRAPALI GOLF HOMES","9560267181"
"2754","MR. VARUN BISSA","AMRAPALI GOLF HOMES","9352061667"
"2755","Mrs. NEHA KUNDRA","AMRAPALI GOLF HOMES","9871607683"
"2756","MR. ABHAY KRISHNA UPADHYAY","AMRAPALI GOLF HOMES","9873916602"
"2757","Mr. HIMANSHU GUPTA","AMRAPALI GOLF HOMES","8010365376"
"2758","Mr. SHALENDRA PARASHAR","AMRAPALI GOLF HOMES","9990333831"
"2759","MR. ABDUL KHURSHEED","AMRAPALI GOLF HOMES","9810780475"
"2760","MR. ADITYA AWASTHI","AMRAPALI GOLF HOMES","8743099903"
"2761","MR. ROHIT KAPOOR","AMRAPALI GOLF HOMES","8126446665"
"2762","Mr. SATPAL SINGH","AMRAPALI GOLF HOMES","9811151716"
"2763","Mr. KRISHAN SINGH","AMRAPALI GOLF HOMES","9717675900"
"2764","Mr. VINOD KUMAR SINGH","AMRAPALI GOLF HOMES","9711109741"
"2765","Mr. VIKRAM SAINI","AMRAPALI GOLF HOMES","9350844476"
"2766","Mrs. MAMATA SIKDER","AMRAPALI GOLF HOMES","9958909554"
"2767","Mr. ANTESH BHANDARI","AMRAPALI GOLF HOMES","9212181144"
"2768","Mr. MUKESH KUMAR GUPTA","AMRAPALI GOLF HOMES","9811124494"
"2769","Mrs. HEM LATA RANA","AMRAPALI GOLF HOMES","9868553315"
"2770","Mrs. KANCHAN VERMA","AMRAPALI GOLF HOMES","9896743520"
"2771","Mrs. GEETA VARSHNEY","AMRAPALI GOLF HOMES","9999763733"
"2772","Mr. DALBIR SINGH","AMRAPALI GOLF HOMES","9811244666"
"2773","Mr. SUJIT KUMAR NAYAK","AMRAPALI GOLF HOMES","9873623460"
"2774","Mrs. nirmala devi","AMRAPALI GOLF HOMES","9810768182"
"2775","Dr. SHUBHRA SRIVASTAVA","AMRAPALI GOLF HOMES","9983861133"
"2776","Mr. VISHAL KUMAR JAISWAL","AMRAPALI GOLF HOMES","9811755231, 8447608818"
"2777","Mr. NARENDRA SINGH","AMRAPALI GOLF HOMES","9811652655"
"2778","Mr. KAILASH CHANDRA","AMRAPALI GOLF HOMES","9.72E+19"
"2779","Mr. KAPIL SAREEN","AMRAPALI GOLF HOMES","9811296094"
"2780","Mr. AMIT KUMAR SINGH.","AMRAPALI GOLF HOMES","9958447157"
"2781","Mr. VIJENDER KUMAR.","AMRAPALI GOLF HOMES","9466141150"
"2782","Mrs. LALITA NEGI","AMRAPALI GOLF HOMES","9899664377"
"2783","Mr. DHIRENDRA PAL SINGH","AMRAPALI GOLF HOMES","9650732722"
"2784","Mr. AWADHESH KUMAR","AMRAPALI GOLF HOMES","9868899291"
"2785","Mr. KULBHUSHAN SHARMA","AMRAPALI GOLF HOMES","9755639907"
"2786","Mr. AJEET KUMAR","AMRAPALI GOLF HOMES","9958003313"
"2787","Mrs. MEENAKSHI AGARWAL","AMRAPALI GOLF HOMES","9873646481"
"2788","Mr. VIJAY MOHAN MALIK","AMRAPALI GOLF HOMES","9990094661"
"2789","Mr. SANJAY KOCHHAR","AMRAPALI GOLF HOMES","9810226880"
"2790","Mr. SHARAD CHANDRA CHOUDHARY","AMRAPALI GOLF HOMES","9971023930"
"2791","Mr. RAJENDRA SINGH","AMRAPALI GOLF HOMES","9871616377"
"2792","Mr. RAKESH KUMAR","AMRAPALI GOLF HOMES","9675585100, 9711590190"
"2793","Mrs. SONU SINGH","AMRAPALI GOLF HOMES","9212293800"
"2794","Mrs. SAPNA TOMAR","AMRAPALI GOLF HOMES","9810888145"
"2795","Mr. MANOJ KUMAR GUPTA","AMRAPALI GOLF HOMES","9811105102"
"2796","SANGITA TIWARY","AMRAPALI GOLF HOMES","8651209988"
"2797","Mr. PARIJAT GAUTAM","AMRAPALI GOLF HOMES","9818842048"
"2798","Mr. SUNIL ARORA","AMRAPALI GOLF HOMES","9953231780"
"2799","Mrs. DARSHAN SHARMA","AMRAPALI GOLF HOMES","9971041922, 9911434949"
"2800","Mrs. NEEMA","AMRAPALI GOLF HOMES","9871821632, 9871839794"
"2801","Mr. HIMANSHU KUMAR","AMRAPALI GOLF HOMES","9958291013"
"2802","Mrs. MEENAKSHI BHALLA","AMRAPALI GOLF HOMES","9.18818E+11"
"2803","Mrs. RENU SINGH","AMRAPALI GOLF HOMES","9555105947"
"2804","Mr. PRADEEP KUMAR PANDEY","AMRAPALI GOLF HOMES","9971513330"
"2805","Dr. DIPTI BHARGAVA","AMRAPALI GOLF HOMES","9971969933"
"2806","Mr. RADHA RAMAN DAS","AMRAPALI GOLF HOMES","9313196251 ,9810646261"
"2807","Mrs. MAUSUMI PANDA","AMRAPALI GOLF HOMES","9717314266 ,9910700000"
"2808","Mrs. HEERA BISHT","AMRAPALI GOLF HOMES","9868377314"
"2809","Mr. SANJAY KUMAR MISHRA","AMRAPALI GOLF HOMES",""
"2810","Mr. DEVESH KUMAR","AMRAPALI GOLF HOMES","9455853517"
"2811","Mr. MUKESH KUMAR SHRIVASTAVA","AMRAPALI GOLF HOMES","9455853517"
"2812","Mr. SURESH KUMAR JANGID","AMRAPALI GOLF HOMES","8971359026"
"2813","Mrs. HEMA SINGH","AMRAPALI GOLF HOMES","9958299339, 9910888154"
"2814","Mr. MAYANK JHA","AMRAPALI GOLF HOMES","9871921801"
"2815","Mr. KANNAN MANIKANDAN","AMRAPALI GOLF HOMES","9891490465"
"2816","Mr. ANSHUMAN BHATNAGAR","AMRAPALI GOLF HOMES","9873159352"
"2817","Mr. MAHENDRA KUMAR","AMRAPALI GOLF HOMES","9411007833"
"2818","Mr. VIKRANT TYAGI","AMRAPALI GOLF HOMES","9718693205"
"2819","Mr. PRAVEEN KUMAR GOEL","AMRAPALI GOLF HOMES","9761789950"
"2820","Mr. SATYAVIR SINGH YADAV","AMRAPALI GOLF HOMES","9410874658"
"2821","Mr. NILESH JOSHI","AMRAPALI GOLF HOMES","9810552111"
"2822","Mr. JAI KISHAN KHATRI","AMRAPALI GOLF HOMES","9818227307"
"2823","Mr. VINOD KUMAR BHATI","AMRAPALI GOLF HOMES","9711917996"
"2824","Mrs. NEELAM KUMARI","AMRAPALI GOLF HOMES","9212137773, 9911547486"
"2825","Mr. ARVIND KUMAR RAI","AMRAPALI GOLF HOMES","9911420067, 9911558988"
"2826","Mrs. PRITI SHARMA","AMRAPALI GOLF HOMES","9953001300"
"2827","Mr. MADHURI SARAN AGGARWAL","AMRAPALI GOLF HOMES","9311534367"
"2828","Ms. RADHA BHASKAR","AMRAPALI GOLF HOMES","9811824980, 9654253131"
"2829","Mr. BRAHAM PRAKASH","AMRAPALI GOLF HOMES","""9810369596, 9818099596, 9810253403"
"2830","Mr. BIKASH KUMAR SINGH","AMRAPALI GOLF HOMES","8210244088"
"2831","Mrs. ASHA AHUJA","AMRAPALI GOLF HOMES","9717555017"
"2832","Mr. M. GANESH MOORTHI","AMRAPALI GOLF HOMES","9818933886, 9810628271"
"2833","Mr. SUNIL KAUL","AMRAPALI GOLF HOMES","9818621481"
"2834","Mr. VINAY SHANKER SHARMA","AMRAPALI GOLF HOMES","8978112289"
"2835","Mr. DEEPAK KUMAR","AMRAPALI GOLF HOMES","9871167071"
"2836","Mr. RAJ KUMAR KAMAL","AMRAPALI GOLF HOMES","9650999339"
"2837","Ms. RACHANA","AMRAPALI GOLF HOMES","9654292976, 9818217925"
"2838","Mrs. PRAVATI NANDA","AMRAPALI GOLF HOMES","9716245700"
"2839","Mrs. VEENA KHANNA","AMRAPALI GOLF HOMES","9717478866"
"2840","Mr. PAWAN KUMAR DUBEY","AMRAPALI GOLF HOMES","9911190626"
"2841","Mr. ROHIT AGARWAL","AMRAPALI GOLF HOMES","9794138810"
"2842","Mr. DHIRAJ KUMAR TIWARI","AMRAPALI GOLF HOMES","9711310714, 8588049715"
"2843","Mr. RAKESH KUMAR RAINA","AMRAPALI GOLF HOMES","9881542732, 9419360088"
"2844","Mr. MANISH KUMAR SHARMA","AMRAPALI GOLF HOMES","8802688027"
"2845","Mr. BIR SINGH","AMRAPALI GOLF HOMES","9812576355"
"2846","Mr. SANDEEP KUMAR DUBEY.","AMRAPALI GOLF HOMES","9899109202"
"2847","Mr. SHASHI CHANDRA SINGH","AMRAPALI GOLF HOMES","9889081415, 9560744723"
"2848","Mr. JAI DEEP KUMAR YADAV","AMRAPALI GOLF HOMES","9805877009"
"2849","Mr. GAJRAJ SINGH","AMRAPALI GOLF HOMES","9810708815"
"2850","Mr. RUPESH KUMAR","AMRAPALI GOLF HOMES","9811996590"
"2851","Mr. NIMAN KATIRA","AMRAPALI GOLF HOMES","9099002234"
"2852","Mr. JITENDRA KUMAR","AMRAPALI GOLF HOMES","9334115999"
"2853","Mr. VIJAY SURI","AMRAPALI GOLF HOMES","9810777450"
"2854","Mr. RANJIT KUMAR","AMRAPALI GOLF HOMES","9334117070"
"2855","Mr. MUKESH KUMAR SHARMA","AMRAPALI GOLF HOMES","9350193383"
"2856","Mr. DEEPAK JAIN","AMRAPALI GOLF HOMES","9871565570"
"2857","Mrs. POONAM KUMARI","AMRAPALI GOLF HOMES","9810584246"
"2858","Mrs. CHANCHAL CHOPRA","AMRAPALI GOLF HOMES","9810075062"
"2859","Mr. DEVENDRA KUMAR","AMRAPALI GOLF HOMES","9871442877"
"2860","Mrs. DEEPA SIROHI","AMRAPALI GOLF HOMES","9650819397"
"2861","Mr. SONAL SAINI","AMRAPALI GOLF HOMES","9899915369"
"2862","Mr. SYED ANWAR HUSAIN RIZVI","AMRAPALI GOLF HOMES","0997732433 ,9868805622"
"2863","Ms. NIANGHAUCHING MANLUN","AMRAPALI GOLF HOMES","8826124665, 9999984067"
"2864","Mr. NAVEEN KUMAR BANIYA","AMRAPALI GOLF HOMES","9868805622"
"2865","Mr. SUNIL KUMAR","AMRAPALI GOLF HOMES","9810553475"
"2866","Mr. USHENDRA SINGH","AMRAPALI GOLF HOMES","96899223147"
"2867","Mr. SUMIT SHARMA","AMRAPALI GOLF HOMES","9999082686, 9711726104"
"2868","Mr. NITIN SINGH","AMRAPALI GOLF HOMES","8879631396, 9908959998"
"2869","Mr. PRADEEP SHARMA","AMRAPALI GOLF HOMES","9971119488"
"2870","Mr. VIVEK SRIVASTAVA","AMRAPALI GOLF HOMES","7065184145"
"2871","Mr. SANDEEP SHRIVASTAVA","AMRAPALI GOLF HOMES","1.00E+20"
"2872","Mrs. SWETA SINGH","AMRAPALI GOLF HOMES","9431024828"
"2873","Mr. PANKAJ ROHILLA","AMRAPALI GOLF HOMES","9582943814"
"2874","Mr. MANISH JAIN","AMRAPALI GOLF HOMES","9654864341"
"2875","Mr. INDERJIT KAPOOR","AMRAPALI GOLF HOMES","9911344855"
"2876","Mr. OM PRAKASH YADAV","AMRAPALI GOLF HOMES","9410029162"
"2877","Mr. J. R. JAIN","AMRAPALI GOLF HOMES","9810894787"
"2878","Mrs. GEETANJALI PAUL","AMRAPALI GOLF HOMES","9711117603"
"2879","MR. MAHESH KUMAR SINGH","AMRAPALI GOLF HOMES","9892357203"
"2880","Mr. SANJEEV KUMAR","AMRAPALI GOLF HOMES","9971912499"
"2881","Mr. AMBER KUMAR AGARWAL","AMRAPALI GOLF HOMES","9899745896"
"2882","MRS. PALAK KHANNA","AMRAPALI GOLF HOMES","9818885756"
"2883","MR. SUBHROJIT DASGUPTA","AMRAPALI GOLF HOMES","9811091214"
"2884","MR. NISHITH BAJPAI","AMRAPALI GOLF HOMES","9212990269"
"2885","Mr. PRINCE KUMAR","AMRAPALI GOLF HOMES","9996488504"
"2886","MRS. NANDINI","AMRAPALI GOLF HOMES","9717648704"
"2887","MR. VIKASH KUMAR SINGH","AMRAPALI GOLF HOMES","9717639030"
"2888","MR. HITESH KUMAR","AMRAPALI GOLF HOMES","9810683422"
"2889","MS. POOJA","AMRAPALI GOLF HOMES","9990102813"
"2890","MR. SUSHIL KUMAR MOHAPATRA","AMRAPALI GOLF HOMES","9540666409"
"2891","MR. ROHIT KRISHNA GUPTA","AMRAPALI GOLF HOMES","9953480290"
"2892","MR. RANJAY KUMAR YADAV","AMRAPALI GOLF HOMES","9717197873"
"2893","MR. ANUP KUMAR SHUKLA","AMRAPALI GOLF HOMES","9582945705"
"2894","MR. SANJAY KUMAR","AMRAPALI GOLF HOMES","9873080235"
"2895","MS. GAURVI SAXENA","AMRAPALI GOLF HOMES","7506156041"
"2896","MR. SHAILENDRA KUMAR TRIVEDI","AMRAPALI GOLF HOMES","9015535452"
"2897","MR. MAHIPAL SINGH","AMRAPALI GOLF HOMES","8802565365, 8800614009"
"2898","Mr. SHARWAN SATIJA","AMRAPALI GOLF HOMES","9711733730, 9873212219"
"2899","Mrs. SHAKUNTLA PANDEY","AMRAPALI GOLF HOMES","7030407766"
"2900","MR. PRASHANT KUMAR","AMRAPALI GOLF HOMES","8800384557, 9818582198"
"2901","Mr. NAWIN KUMAR THAKUR","AMRAPALI GOLF HOMES","9401432958, 9815076138"
"2902","Mrs. MAMTA PANDEY","AMRAPALI GOLF HOMES","7030407766"
"2903","Mrs. POOJA VERMA","AMRAPALI GOLF HOMES","9958705563, 9968459760"
"2904","MR. MOHSIN ALTAF WANI","AMRAPALI GOLF HOMES","9796739094"
"2905","Mr. NITESH KUMAR","AMRAPALI GOLF HOMES","9650012928"
"2906","Mr. PRASHANT TIWARI","AMRAPALI GOLF HOMES","8003593879"
"2907","Mr. ANIL KUMAR","AMRAPALI GOLF HOMES","9868886031"
"2908","Mr. ASHEESH RAHEJA","AMRAPALI GOLF HOMES","9911082205"
"2909","Mr. MAHESH CHANDER PANDEY","AMRAPALI GOLF HOMES","9810523583, 9818254099"
"2910","Mr. SURESH KUMAR SHARMA","AMRAPALI GOLF HOMES","9654432258"
"2911","Mr. VIKASH KUMAR","AMRAPALI GOLF HOMES","9013852476"
"2912","Mr. PIUSH PUSHKER","AMRAPALI GOLF HOMES","9999923155"
"2913","Mrs. REENA SINGH","AMRAPALI GOLF HOMES","9810277144"
"2914","Mr. SANJEEV KUMAR","AMRAPALI GOLF HOMES","9431027693"
"2915","Mr. PRAVIN KUMAR","AMRAPALI GOLF HOMES","7739930965"
"2916","Mr. AVINASH KUMAR SHAH","AMRAPALI GOLF HOMES","9818418001"
"2917","Mr. MANOJ KUMAR PANDEY","AMRAPALI GOLF HOMES","9650894120"
"2918","Mr. RAHUL KUMAR","AMRAPALI GOLF HOMES","9.46E+19"
"2919","Mr. JAYANT KUMAR VERMA","AMRAPALI GOLF HOMES","9810303066"
"2920","Mr. ABDUL AZIZ LONE","AMRAPALI GOLF HOMES","9717735005"
"2921","Mr. RAVINDER KUMAR BHATT","AMRAPALI GOLF HOMES","9891965100"
"2922","Mr. RAJESH KUMAR SINGH","AMRAPALI GOLF HOMES","9811293554"
"2923","Mrs. CHANDRA UMESH TIWARI","AMRAPALI GOLF HOMES","9891795939"
"2924","Mr. RAM DARSHAN GUPTA","AMRAPALI GOLF HOMES","9456252295, 9911659310"
"2925","Mr. ANAND MOHAN PATHAK","AMRAPALI GOLF HOMES","9430465947"
"2926","Mr. RACHAL MEHROTRA","AMRAPALI GOLF HOMES","9808100278, 9897533329"
"2927","Mr. RAJESH KUMAR","AMRAPALI GOLF HOMES","9717033212"
"2928","Mr. DEEPAK PARASHAR","AMRAPALI GOLF HOMES","9999959099"
"2929","Mrs. RAJ RANI PAL","AMRAPALI GOLF HOMES","9560947239"
"2930","Mrs. SWATI BAIJAL","AMRAPALI GOLF HOMES","9717166231"
"2931","Mrs. MANISHA SRIVASTAVA","AMRAPALI GOLF HOMES","9839126851"
"2932","Mrs. AYESHA ALAM","AMRAPALI GOLF HOMES","9897556888"
"2933","Mr. RAKESH SINGHAL","AMRAPALI GOLF HOMES","9868637987"
"2934","Mr. UROOJ MUKHTAR","AMRAPALI GOLF HOMES","9560660334, 9871898991"
"2935","Mr. VIKRAM ARORA","AMRAPALI GOLF HOMES","9873450492"
"2936","Mr. ANIL KUMAR GUPTA","AMRAPALI GOLF HOMES","9582087595"
"2937","Mrs. KIRAN BAKHSHI","AMRAPALI GOLF HOMES","9810902294"
"2938","Mr. SUNIL KUMAR GARG","AMRAPALI GOLF HOMES","9910453337"
"2939","Mr. NISHANT KUMAR","AMRAPALI GOLF HOMES","8877756185"
"2940","Mr. ASHOK KUMAR RAJPUT","AMRAPALI GOLF HOMES","9718067986"
"2941","Mr. SHAMBHU KUMAR","AMRAPALI GOLF HOMES","9910345439"
"2942","Mr. ASHISH AGARWAL","AMRAPALI GOLF HOMES","9873338619"
"2943","Ms. RANGOLI SAXENA","AMRAPALI GOLF HOMES","9582219165, 8054100000"
"2944","Mr. AMIT KUMAR","AMRAPALI GOLF HOMES","8010031793"
"2945","Mr. KAMAL BABU","AMRAPALI GOLF HOMES","9833778935"
"2946","Mr. RAM VIR SINGH JADON","AMRAPALI GOLF HOMES","9868793237"
"2947","Mrs. SAVITRI","AMRAPALI GOLF HOMES","9.35E+19"
"2948","Mrs. SONI SHALINI","AMRAPALI GOLF HOMES","9899006177"
"2949","Mrs. SHALINI MISHRA","AMRAPALI GOLF HOMES","9911385085"
"2950","Mr. DHIRAJ KUMAR GUPTA","AMRAPALI GOLF HOMES","9319105591, 9359816186"
"2951","Mr. PRERIT SHARMA","AMRAPALI GOLF HOMES","9899694495"
"2952","Mr. PANKAJ KUMAR","AMRAPALI GOLF HOMES","9334851758, 8376901513"
"2953","Mr. MAHESH CHAND","AMRAPALI GOLF HOMES","9911272055"
"2954","Mr. SHRIKANT B MISHRA","AMRAPALI GOLF HOMES","9999003531"
"2955","Mr. SURESH NANDAN JHA","AMRAPALI GOLF HOMES","9329445082"
"2956","Mr. SUNIL KUMAR TIWARI","AMRAPALI GOLF HOMES","7379355550"
"2957","Mr. ASHIM KUMAR RUDRA","AMRAPALI GOLF HOMES","9958725299"
"2958","Mr. RAMESH KUMAR RAINA","AMRAPALI GOLF HOMES","9419360088"
"2959","Mr. ANUP KUMAR GOENKA","AMRAPALI GOLF HOMES","9891097284"
"2960","Mr. AJAY SINGH","AMRAPALI GOLF HOMES","9711722223"
"2961","Mr. KAJAL ACHARYYA","AMRAPALI GOLF HOMES","9431600707"
"2962","Mr. KISHOR KUMAR CHOUDHARY","AMRAPALI GOLF HOMES","9873197955"
"2963","Mr. N. S. HARIHARAN","AMRAPALI GOLF HOMES","9873234500"
"2964","Mr. CHANDER SHEKHAR VERMA","AMRAPALI GOLF HOMES","9717286393"
"2965","Mr. SANTOSH KUMAR MISHRA","AMRAPALI GOLF HOMES","9891085117"
"2966","Mr. HEMANT SINGH ADHIKARI","AMRAPALI GOLF HOMES","7503991896"
"2967","Mr. ABHISHEK MALHOTRA","AMRAPALI GOLF HOMES","9871577718"
"2968","Mr. MOHAN BISHT","AMRAPALI GOLF HOMES","9582477559"
"2969","Mr. SYED SULAIMAN AKHTAR","AMRAPALI GOLF HOMES","9990821114"
"2970","Mr. JIWAN SINGH NEGI","AMRAPALI GOLF HOMES","9873778343"
"2971","Mr. MAYANK MISHRA","AMRAPALI GOLF HOMES","8800250088"
"2972","Mr. RITESH AGARWAL","AMRAPALI GOLF HOMES","9953593261"
"2973","Mr. MANISH JAIN","AMRAPALI GOLF HOMES","9654864341"
"2974","Mrs. SHRUTI MEHAN","AMRAPALI GOLF HOMES","9711131146"
"2975","Mr. PRADEEP KUMAR PANDEY","AMRAPALI GOLF HOMES","9818123188"
"2976","Ms. SHWETA CHAWLA","AMRAPALI GOLF HOMES","991117938, 9999294622"
"2977","Mr. YOGESH GAUR","AMRAPALI GOLF HOMES","9910385927"
"2978","Mr. A. K. S. RATHORE","AMRAPALI GOLF HOMES","9560597169"
"2979","Mr. RAJAT ANAND","AMRAPALI GOLF HOMES","7896055955"
"2980","Mr. SAMBHAV PURI","AMRAPALI GOLF HOMES","9573231815"
"2981","Mr. S. ANAND","AMRAPALI GOLF HOMES","9899649825"
"2982","Ms. SHAMBHAVI M KADAM","AMRAPALI GOLF HOMES","9967583025"
"2983","Mr. INAMUL HAQ KEEN","AMRAPALI GOLF HOMES","9797795973"
"2984","Mrs. BEENA JOSEPH","AMRAPALI GOLF HOMES","9867353294, 9867045294"
"2985","Mr. M. L. JAN","AMRAPALI GOLF HOMES","9873879219"
"2986","Mrs. REENA JAIN","AMRAPALI GOLF HOMES","9.89E+19"
"2987","Mr. AMIT KUMAR JHA","AMRAPALI GOLF HOMES","9312324148"
"2988","MR. RAHUL SINGH","AMRAPALI GOLF HOMES","9711256482"
"2989","MR. SMARTH BANSAL","AMRAPALI GOLF HOMES","9810239602"
"2990","MR. AMRENDRA KUMAR","AMRAPALI GOLF HOMES","9717197879"
"2991","Mrs. SUNILA KUMARI","AMRAPALI GOLF HOMES","8588864615"
"2992","MR. AKHILESH KUMAR MISHRA","AMRAPALI GOLF HOMES","9582993113"
"2993","MR. PRAVNESH KUMAR SINGH","AMRAPALI GOLF HOMES","9911303344"
"2994","MR. MADHUSUDAN PANDEY","AMRAPALI GOLF HOMES","7549566967, 8986262485"
"2995","MS. RASHI KHURANA","AMRAPALI GOLF HOMES","9910079039"
"2996","MR. VINAY KUMAR","AMRAPALI GOLF HOMES","9818733308, 9430253212, 9999213926"
"2997","MR. ASHISH JOSHI","AMRAPALI GOLF HOMES","9680829828"
"2998","MR. KUMAR KAUSTUBHA","AMRAPALI GOLF HOMES","9953630062"
"2999","Mr. NIRAJ KUMAR","AMRAPALI GOLF HOMES","8802550022"
"3000","M/S. MOHINI NIRMAN PVT. LTD.","AMRAPALI GOLF HOMES","9425006821"
"3001","Mrs. SUNITA TEKRIWAL","AMRAPALI GOLF HOMES","9301300729, 7869271465"
"3002","Mr. PANKAJ KUMAR SHARMA","AMRAPALI GOLF HOMES","9013942685"
"3003","Mr. PRABHAT KUMAR PANIGRAHY","AMRAPALI GOLF HOMES","9868257076"
"3004","Mr. MADHUR VARSHNEY","AMRAPALI GOLF HOMES","9990459038"
"3005","Mrs. PRAGYA SINGH","AMRAPALI GOLF HOMES","9956338884"
"3006","Mrs. RITA PRAKASH","AMRAPALI GOLF HOMES","9810277144"
"3007","Mr. LALIT SINGH BISHT","AMRAPALI GOLF HOMES","9910126541"
"3008","Mr. VISHAL BANSAL","AMRAPALI GOLF HOMES","9223526115"
"3009","Mr. CHANDI PRASAD NAUTIYAL","AMRAPALI GOLF HOMES","8130427467"
"3010","Mr. SUMIT SAHAI KULSHRESHTHA","AMRAPALI GOLF HOMES","9557008801, 9759600550"
"3011","Mr. PANNA LAL","AMRAPALI GOLF HOMES","9415612159"
"3012","Mr. RAKESH KUMAR","AMRAPALI GOLF HOMES","7042355230"
"3013","Mr. HARI BANSH PRASAD","AMRAPALI GOLF HOMES","9999718525"
"3014","Mr. SHIVRAJ PRAJAPAT","AMRAPALI GOLF HOMES","9999533864"
"3015","Mr. SANTOSH KUMAR JHA.","AMRAPALI GOLF HOMES","9471285286"
"3016","Mr. OM PRAKASH SRIVASTAVA","AMRAPALI GOLF HOMES","9839887229"
"3017","Mr. RAMA PRASAD","AMRAPALI GOLF HOMES","9412544658"
"3018","Mrs. UMA GARG","AMRAPALI GOLF HOMES","9810106691"
"3019","Mr. NEERAJ SHANDILYA","AMRAPALI GOLF HOMES","9818253796"
"3020","Mr. JAI SINGH","AMRAPALI GOLF HOMES","9818275440"
"3021","Mr. YADWINDER SINGH","AMRAPALI GOLF HOMES","9971722625"
"3022","Mr. DEEPAK KUMAR","AMRAPALI GOLF HOMES","9868816599"
"3023","Mrs. KALPANA ROY","AMRAPALI GOLF HOMES","9576458772, 9430004036"
"3024","Mr. LAXMAN DAS","AMRAPALI GOLF HOMES","9810344036"
"3025","Mrs. SANJU KUMARI","AMRAPALI GOLF HOMES","9311666355"
"3026","Mrs. MONA SINHA","AMRAPALI GOLF HOMES","9852534491"
"3027","Mr. AMIT KUMAR AGARWAL","AMRAPALI GOLF HOMES","9211895504"
"3028","Mr. VIVEK SINGH","AMRAPALI GOLF HOMES","9431568227"
"3029","Mr. UTSAV SRIVASTAVA","AMRAPALI GOLF HOMES","9999407540"
"3030","Mr. AKASH VERMA","AMRAPALI GOLF HOMES","9560555744"
"3031","Mr. BHUPENDER KUMAR","AMRAPALI GOLF HOMES","9910321617"
"3032","Mrs. AMITA KUMAR","AMRAPALI GOLF HOMES","9415601198"
"3033","Mrs. PRACHI KUKSHAL","AMRAPALI GOLF HOMES","9312284354"
"3034","Mrs. KANTI RATHI","AMRAPALI GOLF HOMES","9099909106"
"3035","Mrs. AMITA KUMAR","AMRAPALI GOLF HOMES","9415601198"
"3036","Mr. SANJAY MALIK","AMRAPALI GOLF HOMES","9717833336"
"3037","Mr. UPENDRA PANDEY","AMRAPALI GOLF HOMES","8826458866"
"3038","Mr. RAVINDER KUMAR","AMRAPALI GOLF HOMES","9711070978"
"3039","Mr. KAMALJEET KOCHHAR","AMRAPALI GOLF HOMES","9810522984"
"3040","Mr. NAVINDER SINGH","AMRAPALI GOLF HOMES","9560366461"
"3041","Mr. MADHUP MISHRA","AMRAPALI GOLF HOMES","9818069939"
"3042","Mr. RAMESH PRASAD","AMRAPALI GOLF HOMES","9871004733"
"3043","Mr. UMAKANT SHARMA","AMRAPALI GOLF HOMES","9211456030"
"3044","Mr. ATUL KUMAR","AMRAPALI GOLF HOMES","9013560998"
"3045","Mr. PAVAN KUMAR","AMRAPALI GOLF HOMES","9953694895"
"3046","Mr. NEERAJ MIDHA","AMRAPALI GOLF HOMES","8800894629, 9650491122"
"3047","Mr. AMIT KUMAR","AMRAPALI GOLF HOMES","9313777414"
"3048","Mr. RAJARSHI RANJAN BHATTACHARYA","AMRAPALI GOLF HOMES","9999023766"
"3049","Mr. ARUNABH KUMAR","AMRAPALI GOLF HOMES","9709442910"
"3050","Ms. BHARATI SINHA","AMRAPALI GOLF HOMES","9999511554"
"3051","Ms. SAPNA CHHABRA","AMRAPALI GOLF HOMES","9811804304, 9868846088"
"3052","Mr. INDRANIL ROY BURMAN","AMRAPALI GOLF HOMES","9999610384"
"3053","Mr. SAURABH SINGH","AMRAPALI GOLF HOMES","9818672683"
"3054","Mr. PREMNARAYAN PANIGRAHI","AMRAPALI GOLF HOMES","9818448453"
"3055","Mrs. MINAKSHI DEB","AMRAPALI GOLF HOMES","9811353679"
"3056","Mr. VED PRAKASH","AMRAPALI GOLF HOMES","9540740740"
"3057","Mr. RITURAJ SAXENA","AMRAPALI GOLF HOMES","9967156677"
"3058","Mrs. MANJUL JAIN","AMRAPALI GOLF HOMES","9350805738"
"3059","Mr. SHASHI KUMAR SINGH","AMRAPALI GOLF HOMES","7042782502"
"3060","MRS. SHILPI VERMA","AMRAPALI GOLF HOMES","9990683263, 9953430943"
"3061","MRS. NIRMALA VERMA","AMRAPALI GOLF HOMES","9990683263"
"3062","MR. ANKUR SRIVASTAVA","AMRAPALI GOLF HOMES","9971584525"
"3063","MR. AVINASH KUMAR SINGH","AMRAPALI GOLF HOMES","9019797732, 9916699277"
"3064","MR. SAURABH SRIVASTAV","AMRAPALI GOLF HOMES","9582894554"
"3065","MR. SHAILENDRA SUMAN","AMRAPALI GOLF HOMES","8527890743"
"3066","MRS. GAYATRI KUMARI.","AMRAPALI GOLF HOMES","8.45E+19"
"3067","MR. VIKAS KUMAR","AMRAPALI GOLF HOMES","9717100818, 9717100878"
"3068","Mr. HIMANSHU SHEKHAR TIWARI","AMRAPALI GOLF HOMES","9717616243"
"3069","Mr. AJAY PRASANNA","AMRAPALI GOLF HOMES","9811071232"
"3070","Mr. VIJAY JOSHI","AMRAPALI GOLF HOMES","9873963658"
"3071","MR. ANKUR GOYAL","AMRAPALI GOLF HOMES","PDC- NO CALL TILL POSSESSION"
"3072","MR. ARVIND KUMAR SINGH","AMRAPALI GOLF HOMES","9415362743"
"3073","Mr. B. K. SHARMA","AMRAPALI GOLF HOMES","9899066685"
"3074","Mrs. SMRITI YADAV","AMRAPALI GOLF HOMES","9773864050"
"3075","Mrs. MANJU YADAV","AMRAPALI GOLF HOMES","9958373914"
"3076","Mr. RAJIV KUMAR DAS","AMRAPALI GOLF HOMES","9430494436"
"3077","Mr. MANOJ KUMAR","AMRAPALI GOLF HOMES","9910270399"
"3078","Mr. PRAMOD DEVRANI","AMRAPALI GOLF HOMES","8171214204"
"3079","Mr. MOHD. IMTAYAZ AHMAD","AMRAPALI GOLF HOMES","7766878166"
"3080","Mr. SUDEEP DAS","AMRAPALI GOLF HOMES","9818548944"
"3081","Mr. UJJWAL KUMAR MANDAL","AMRAPALI GOLF HOMES","9603305041"
"3082","Mr. RAVIRANJAN KUMAR","AMRAPALI GOLF HOMES","9999533865"
"3083","Mr. VARUN KUMAR","AMRAPALI GOLF HOMES","9872442443 / 8146630925"
"3084","Mr. VIKASH KUMAR VIKROSY","AMRAPALI GOLF HOMES","8882605696"
"3085","Mrs. LEKHA ROHATGI","AMRAPALI GOLF HOMES","9899756040"
"3086","Mr. RAHUL GUPTA","AMRAPALI GOLF HOMES","9999327931"
"3087","Mr. MANOJ KUMAR","AMRAPALI GOLF HOMES","9818763794"
"3088","Mr. JAI PRAKASH SINGH","AMRAPALI GOLF HOMES","8860292870"
"3089","Mr. ASHISH RAUTELA","AMRAPALI GOLF HOMES","9871195690"
"3090","Mr. ASHISH AHUJA","AMRAPALI GOLF HOMES","9899844446"
"3091","Mr. RAMEEZ RASHID","AMRAPALI GOLF HOMES","9718183887"
"3092","Mrs. ARADHANA RAI","AMRAPALI GOLF HOMES","9415842900"
"3093","Mr. ANSHUMAN","AMRAPALI GOLF HOMES","7840044550"
"3094","Mrs. ANKITA BHATTACHARJEE","AMRAPALI GOLF HOMES","9435155615"
"3095","Mr. JITENDRA KUMAR.","AMRAPALI GOLF HOMES","9457407838"
"3096","MR. RAM NARESH SHARMA","AMRAPALI GOLF HOMES","8745888352"
"3097","Mr. SIDARTH KUMAR","AMRAPALI GOLF HOMES","9990420961"
"3098","Mr. NAKUL TYAGI","AMRAPALI GOLF HOMES","9811475955"
"3099","Mr. SHUBHAM GUPTA","AMRAPALI GOLF HOMES","9930399441"
"3100","Mr. RAJESH RAI","AMRAPALI GOLF HOMES","9971514585, 9650495745"
"3101","Mr. SUMIT WADHWA","AMRAPALI GOLF HOMES","9872825482"
"3102","Mrs. REKHA GOYAL","AMRAPALI GOLF HOMES","9810399623"
"3103","Mrs. SUDHA","AMRAPALI GOLF HOMES","9717280351"
"3104","Mr. VIJAY SINGH NEGI","AMRAPALI GOLF HOMES","9810442861"
"3105","Mr. VIKRAM","AMRAPALI GOLF HOMES","9250566996"
"3106","Mr. MADAN SINGH","AMRAPALI GOLF HOMES","9716301996, 9910868607"
"3107","Mr. ANURAG JHA","AMRAPALI GOLF HOMES","9873728500"
"3108","Mr. PRADEEP KUMAR KESARWANI","AMRAPALI GOLF HOMES","9717791553, 9650571593"
"3109","Mr. SUNIL RANA","AMRAPALI GOLF HOMES","9013290944"
"3110","Mr. CHANDAN KUMAR SINHA","AMRAPALI GOLF HOMES","7874064190"
"3111","Mr. SANJAY KUMAR TRIVEDI","AMRAPALI GOLF HOMES","8011005335"
"3112","Mr. SUSHIL KUMAR GOYAL","AMRAPALI GOLF HOMES","9540678000"
"3113","Mr. VINAY KUMAR PATIAL","AMRAPALI GOLF HOMES","9871002222"
"3114","Mr. PRAVEEN SHARMA","AMRAPALI GOLF HOMES","9811894760"
"3115","Mrs. NISHA SINHA","AMRAPALI GOLF HOMES","9.93E+19"
"3116","Mr. CHANDAN KUMAR","AMRAPALI GOLF HOMES","9871524558"
"3117","Mr. PAWAN KUMAR","AMRAPALI GOLF HOMES","8800952977"
"3118","Mr. SHISHPAL SINGH","AMRAPALI GOLF HOMES","9828440346, 7793820238"
"3119","Mr. TARUN SAWHNEY","AMRAPALI GOLF HOMES","9419561346"
"3120","Mrs. SENJUTI MITRA","AMRAPALI GOLF HOMES","0091-33-24552540"
"3121","Mr. PIYUSH RANJAN","AMRAPALI GOLF HOMES","9810970120"
"3122","Mrs. SARIKA","AMRAPALI GOLF HOMES","8755555506"
"3123","Mrs. ANTIMA SRIVASTAVA","AMRAPALI GOLF HOMES","9560361428"
"3124","Mr. LOKESH SINGH CHAUHAN","AMRAPALI GOLF HOMES","9.71E+19"
"3125","Mr. LOKESH SINGH CHAUHAN","AMRAPALI GOLF HOMES","9.71E+19"
"3126","Mrs. MAHIMA SWARUP","AMRAPALI GOLF HOMES","8800264144"
"3127","MR. SAURABH GUPTA","AMRAPALI GOLF HOMES","9711880499"
"3128","MRS. MEENAKSHI JAIN","AMRAPALI GOLF HOMES","9818663818"
"3129","MRS. SUCHITRA SINHA","AMRAPALI GOLF HOMES","8882084021"
"3130","Mr. NAGENDRA KUMAR","AMRAPALI GOLF HOMES","9839582881, 9794843849"
"3131","MR. ASHOK BAJAJ","AMRAPALI GOLF HOMES","9810217228"
"3132","MRS. NILU PRASAD","AMRAPALI GOLF HOMES","9334869819"
"3133","MR. ANMOL SHARMA","AMRAPALI GOLF HOMES","8586971097"
"3134","MR. RAKESH BHATIA","AMRAPALI GOLF HOMES","9810781709"
"3135","MR. S. GANESHA SHANKARA LINGAN","AMRAPALI GOLF HOMES","9958636580, 9312345789"
"3136","Mr. NARBIR SINGH","AMRAPALI GOLF HOMES","9899133912"
"3137","Mr. RITESH SHARMA","AMRAPALI GOLF HOMES","9650544433"
"3138","Mr. BRAJ KISHORE NANDAN","AMRAPALI GOLF HOMES","9810850775"
"3139","Mr. MUKESH KUMAR","AMRAPALI GOLF HOMES","8651000900"
"3140","Mr. NETER PARKASH SHARMA","AMRAPALI GOLF HOMES","9468131566"
"3141","Mrs. RASHMI CHAUDHARY","AMRAPALI GOLF HOMES","9560917687"
"3142","Mr. JAI KUMAR","AMRAPALI GOLF HOMES","9811860091"
"3143","Mr. RAJEEV TOMER","AMRAPALI GOLF HOMES","""9811807088 ,9312228547"
"3144","Mr. ARJUN SINGH","AMRAPALI GOLF HOMES","9204859709"
"3145","Mrs. POOJA TYAGI","AMRAPALI GOLF HOMES","9868130786"
"3146","Mrs. RAJESHWARI NEGI","AMRAPALI GOLF HOMES","9818566819"
"3147","Mrs. VANDANA SHARMA","AMRAPALI GOLF HOMES","9868909581"
"3148","Mr. ASHWANI KUMAR","AMRAPALI GOLF HOMES","9899318780, 9899318080"
"3149","Mr. CHANDRA SHEKHAR KHUGSHAL","AMRAPALI GOLF HOMES","9811793983"
"3150","Mr. SANJAY KUMAR SINGH","AMRAPALI GOLF HOMES","9717647253"
"3151","Mr. PRABHAT CHANDRA SINGH YADAV","AMRAPALI GOLF HOMES","9873054570, 9013272395"
"3152","Mr. SURESH SHANDIL","AMRAPALI GOLF HOMES","9213230423, 09675593626"
"3153","Mrs. MEENU KATIYAR","AMRAPALI GOLF HOMES","9891527105"
"3154","Mr. RAKESH KUMAR","AMRAPALI GOLF HOMES","9910430285"
"3155","Ms. G. SHARANYA","AMRAPALI GOLF HOMES","9871986934"
"3156","Mrs. ROOPVATI DEVI","AMRAPALI GOLF HOMES","9312507137"
"3157","Mrs. ANITA","AMRAPALI GOLF HOMES","9312507137"
"3158","Mr. SUDHINDRA CHINTAPATRA","AMRAPALI GOLF HOMES","9818398651"
"3159","Mr. SUMIT GUPTA","AMRAPALI GOLF HOMES","9711007930"
"3160","Mr. BIRENDRA SINGH.","AMRAPALI GOLF HOMES","9891698344"
"3161","Mrs. PRATIMA SHAILESH OJHA","AMRAPALI GOLF HOMES","9833315056, 8149583518"
"3162","Mr. KULDEEP KUMAR GUPTA","AMRAPALI GOLF HOMES","9419101630"
"3163","Mr. JAI SHANKER GAUTAM","AMRAPALI GOLF HOMES","9871112243"
"3164","Mr. ROHIT CHANDRA","AMRAPALI GOLF HOMES","9968534451 ,07897458343"
"3165","Mr. APOORVA GARG","AMRAPALI GOLF HOMES","9650805990"
"3166","Mr. MAHESH KUMAR","AMRAPALI GOLF HOMES","7838478917"
"3167","Mr. VIPIN KUMAR AGGARWAL","AMRAPALI GOLF HOMES","9811165729"
"3168","Mr. AJAY SHANKER GAUTAM","AMRAPALI GOLF HOMES","9810044472"
"3169","Mrs. SUBRATA GUPTA","AMRAPALI GOLF HOMES","9953529866, 9312569103"
"3170","Mrs. SUSHILA DEVI","AMRAPALI GOLF HOMES","9507858239, 9304555316"
"3171","Mr. JITENDRA MOHAN","AMRAPALI GOLF HOMES","9911202009"
"3172","Mrs. NITHYA PRAKASH","AMRAPALI GOLF HOMES","9818226488, 9899746746"
"3173","Mr. SIDHARTHA SANKAR SWAIN","AMRAPALI GOLF HOMES","9278461635"
"3174","Mr. NEERAJ KUMAR SHUKLA","AMRAPALI GOLF HOMES","8866078026, 9454513154"
"3175","Mr. ABRAHAM KR.","AMRAPALI GOLF HOMES","9911598117"
"3176","Mr. RITESH KUMAR","AMRAPALI GOLF HOMES","9871878573, 987190051"
"3177","Mr. UMESH PRATAP SINGH","AMRAPALI GOLF HOMES","7836884388"
"3178","Mr. RAJIV KUMAR SINGH","AMRAPALI GOLF HOMES","9999726710"
"3179","Mr. R C CHAURASIA","AMRAPALI GOLF HOMES","9910191202"
"3180","Mrs. VEENU BHARDWAJ","AMRAPALI GOLF HOMES","7772030465"
"3181","Mrs. RUBINA CHAUHAN","AMRAPALI GOLF HOMES","9811922971"
"3182","Mr. RAKESH KUMAR RAI","AMRAPALI GOLF HOMES","9873428269"
"3183","Mrs. MANISHA GUPTA","AMRAPALI GOLF HOMES","9897904689"
"3184","Mr. MAHENDER SINGH","AMRAPALI GOLF HOMES","9910314376"
"3185","Mr. RADHA KRISHNA DUBEY","AMRAPALI GOLF HOMES","8791301331"
"3186","Mr. RAKESH KUMAR SRIVASTAVA","AMRAPALI GOLF HOMES","9540670079"
"3187","Mr. KAUSHLESH KUMAR GIRI","AMRAPALI GOLF HOMES","9013856147, 9560208407, 8123361421"
"3188","Mr. GULSHAN ARORA","AMRAPALI GOLF HOMES","8860192825"
"3189","Mr. SOMNATH GHOSH","AMRAPALI GOLF HOMES","9.44E+19"
"3190","Mr. YOGESH SHARMA","AMRAPALI GOLF HOMES","09910292359, 08826797432"
"3191","Mrs. RANJANA GUPTA","AMRAPALI GOLF HOMES","9336371186"
"3192","Mr. MD. ASHRAF ALI","AMRAPALI GOLF HOMES","9810232612"
"3193","Mrs. PARINEETA SEHDEV","AMRAPALI GOLF HOMES","9811452120"
"3194","Mr. SANJAY PANDITA","AMRAPALI GOLF HOMES","9810596431"
"3195","Mr. PANKAJ KUMAR PALIWAL","AMRAPALI GOLF HOMES","9463795961"
"3196","Mrs. BINDU NARAIN","AMRAPALI GOLF HOMES","9810416122"
"3197","Mrs. ALKA BHARTI","AMRAPALI GOLF HOMES",""
"3198","Mr. PADMANABHAN K. K.","AMRAPALI GOLF HOMES","9971400817"
"3199","Mr. SHINE P","AMRAPALI GOLF HOMES","9971395255"
"3200","Mr. SAURABH KUMAR MITTAL","AMRAPALI GOLF HOMES","9350492326"
"3201","Mrs. REENA KUMARI","AMRAPALI GOLF HOMES","8889465247"
"3202","Mr. AMIT MOHAN","AMRAPALI GOLF HOMES","9999799037, 9999799035"
"3203","Mr. VIKAS CHATURVEDI","AMRAPALI GOLF HOMES","17329796473"
"3204","Mr. NARESH KUMAR","AMRAPALI GOLF HOMES","8377015097"
"3205","Mr. DESH R. AMAR","AMRAPALI GOLF HOMES","9811729371"
"3206","Mr. RUSSELL DCRUZ","AMRAPALI GOLF HOMES","9811880172"
"3207","Mrs. SARIKA MALIK","AMRAPALI GOLF HOMES","9711333956, 9811094039"
"3208","Mrs. HARPAL KAUR","AMRAPALI GOLF HOMES","9953422272"
"3209","Mr. TULSI RAM VERMA","AMRAPALI GOLF HOMES","9313487762 / 9899645009"
"3210","Mr. TUSHAR DAS","AMRAPALI GOLF HOMES","9999261002"
"3211","Mr. SUMIT SONI","AMRAPALI GOLF HOMES","8445731000"
"3212","Mr. V. B. HARIHARAN","AMRAPALI GOLF HOMES","9350593364"
"3213","Mrs. SANGEETA GAKHAR","AMRAPALI GOLF HOMES","9990202012, 9015188293"
"3214","Mr. KAMAL KAINTH","AMRAPALI GOLF HOMES","9873443180"
"3215","Mr. KRISHNA OJHA","AMRAPALI GOLF HOMES","7738243667"
"3216","Mr. DEBASHISH DAS","AMRAPALI GOLF HOMES","00971-52-6934847"
"3217","Mr. PREET KAMAL GOEL","AMRAPALI GOLF HOMES","9312934027"
"3218","Mrs. SAMRITI BAKSHI","AMRAPALI GOLF HOMES","8800108788"
"3219","Mr. NITIN KUMAR GUPTA","AMRAPALI GOLF HOMES","9971793406"
"3220","Mrs. SUNEETA DEVI","AMRAPALI GOLF HOMES","9560340540"
"3221","Mr. VIPIN KUMAR","AMRAPALI GOLF HOMES","9990165999, 9999709163"
"3222","Mr. SWATANTRA KUMAR","AMRAPALI GOLF HOMES","9029203883"
"3223","MR. ABHISHEK KUMAR MISHRA","AMRAPALI GOLF HOMES","9871091466, 9838720967"
"3224","Mr. NITESH ADHIKARI","AMRAPALI GOLF HOMES","8376855699"
"3225","Mr. SUDHIR KUMAR SINGH","AMRAPALI GOLF HOMES","9899032859"
"3226","MR. VIKASH KUMAR PRASAD","AMRAPALI GOLF HOMES","9810063985"
"3227","MRS. SUMAN AHUJA","AMRAPALI GOLF HOMES","9868107084"
"3228","MR. DESHPAL SINGH","AMRAPALI GOLF HOMES","9868944888"
"3229","MRS. PRACHEE NAIK","AMRAPALI GOLF HOMES","9873808679"
"3230","Mrs. GEETIKA GOYAL","AMRAPALI GOLF HOMES","9810433633"
"3231","MR. NIKHIL ARORA","AMRAPALI GOLF HOMES","8826998061"
"3232","MR. AMIT MISRA","AMRAPALI GOLF HOMES","9013220055"
"3233","MR. JITENDRA KUMAR TOMAR","AMRAPALI GOLF HOMES","9313353831, 8588842207, 8588842312"
"3234","MR. SAURABH SRIVASTAVA","AMRAPALI GOLF HOMES","9004388076, 9004387944"
"3235","MR. MANMEET SINGH","AMRAPALI GOLF HOMES","9213797289"
"3236","MR. BIRJESH KUMAR TIWARI","AMRAPALI GOLF HOMES","9779233464"
"3237","LT. COL. KULDEEP VYANKATRAO MANE","AMRAPALI GOLF HOMES","9371008141, 7588601970"
"3238","Mr. INDER RAJ SINGH","AMRAPALI GOLF HOMES","9211933287"
"3239","Mr. SANJEEV BHATIA","AMRAPALI GOLF HOMES","9911264856"
"3240","Mr. SACHIN GUPTA","AMRAPALI GOLF HOMES","9350375150"
"3241","Dr. DIVYA S. BHATT","AMRAPALI GOLF HOMES","9540269365"
"3242","Mr. PUNEET KUMAR NIGAM","AMRAPALI GOLF HOMES","9013889494, 9650897740"
"3243","Mr. NEERAJ KUMAR GOYAL","AMRAPALI GOLF HOMES","9910999364"
"3244","Mr. JAI SINGH RAWAT","AMRAPALI GOLF HOMES","9540063734"
"3245","Mr. MANOJ KUMAR CHAUHAN.","AMRAPALI GOLF HOMES","9011355350"
"3246","Mrs. KIRAN BALA GULYANI","AMRAPALI GOLF HOMES","9868131002"
"3247","Mr. RAVINDRA SINGH NEGI","AMRAPALI GOLF HOMES","9650045419"
"3248","Mrs. SUDESH ANIL","AMRAPALI GOLF HOMES","9312323260"
"3249","Mr. MAHENDRA KUMAR","AMRAPALI GOLF HOMES","8004534923"
"3250","Mrs. NILAKSHI BHARALI","AMRAPALI GOLF HOMES","9810100133"
"3251","Mr. PURAN CHANDRA PALIWAL","AMRAPALI GOLF HOMES","9810109277"
"3252","Mr. PAWAN KUMAR MISHRA","AMRAPALI GOLF HOMES","9818638343"
"3253","Mr. UMESH KUMAR GUPTA","AMRAPALI GOLF HOMES","9213173842, 9818052248"
"3254","Mr. RAKESH KUMAR","AMRAPALI GOLF HOMES","9891376013 ,9312151713"
"3255","Mr. MOHAMMAD AKHTAR","AMRAPALI GOLF HOMES","9891728161"
"3256","Mr. RAJIV CHOPRA","AMRAPALI GOLF HOMES","9312146961"
"3257","Mrs. BANDANA RANJAN","AMRAPALI GOLF HOMES","9999439804"
"3258","Mr. GHANSHYAM SHARMA","AMRAPALI GOLF HOMES","8130791110"
"3259","Mr. SACHIN GUPTA","AMRAPALI GOLF HOMES","9897677571"
"3260","Mrs. GEETA V. KUMAR","AMRAPALI GOLF HOMES","9212931946"
"3261","Mr. SANDEEP DHUPAR","AMRAPALI GOLF HOMES","9456703847"
"3262","Mr. BALWAN SINGH DANGI","AMRAPALI GOLF HOMES","9813493847"
"3263","Mrs. MANIMALA DWIVEDI","AMRAPALI GOLF HOMES","7982601655"
"3264","Mr. ANIL KUMAR GROVER","AMRAPALI GOLF HOMES","9911143016"
"3265","Mrs. MEENA DEVI","AMRAPALI GOLF HOMES","9810767330"
"3266","Mr. AMIT KUKREJA","AMRAPALI GOLF HOMES","9899947202"
"3267","Mr. VINAY GUPTA","AMRAPALI GOLF HOMES","9582610798"
"3268","Mr. PALLAB KUMAR GHOSH","AMRAPALI GOLF HOMES","9955771374"
"3269","Mr. SANJIV KUMAR SINGH","AMRAPALI GOLF HOMES","8151974632"
"3270","Mr. UTTAM SINGH","AMRAPALI GOLF HOMES","9540075855"
"3271","Mrs. GEETA SHUKLA","AMRAPALI GOLF HOMES","9911553850, 9313653850"
"3272","Mr. SANTOSH KUMAR TRIVEDI","AMRAPALI GOLF HOMES","9818010808"
"3273","Mr. MANISH GOEL","AMRAPALI GOLF HOMES","9871132262"
"3274","Mr. SUNIL CHAND","AMRAPALI GOLF HOMES","9958507987, 9411625585, 8859074826"
"3275","Mr. RAJESH KUMAR SAHA","AMRAPALI GOLF HOMES","7043027853, 7043027854"
"3276","Mr. VIPIN NEGI","AMRAPALI GOLF HOMES","8050672648"
"3277","Mr. SIDDHANT MISHRA","AMRAPALI GOLF HOMES","9818629701"
"3278","Mrs. RAJINDER KAUR","AMRAPALI GOLF HOMES","9868107219"
"3279","Mrs. USHA RANI","AMRAPALI GOLF HOMES","9219514316"
"3280","Mrs. PALLAVI MAHENDRU","AMRAPALI GOLF HOMES","9219514316"
"3281","Mr. VIJAY KUMAR JOSHI","AMRAPALI GOLF HOMES","9999341387"
"3282","Mr. ABDHESH KUMAR THAKUR","AMRAPALI GOLF HOMES","9650003156"
"3283","Mr. SUDERSHAN DHINGRA","AMRAPALI GOLF HOMES","8447226162"
"3284","Mr. ASHARAM PAL","AMRAPALI GOLF HOMES","9717660070, 9871921890"
"3285","Mrs. POOJA KUSHWAHA","AMRAPALI GOLF HOMES","9958177147"
"3286","Mr. SANJEEV KUMAR SINGH","AMRAPALI GOLF HOMES","9999827772"
"3287","Mr. RAVI PRAKASH SRIVASTAVA","AMRAPALI GOLF HOMES","9650696261"
"3288","Mr. RAM JANAK KUSHWAHA","AMRAPALI GOLF HOMES","9811824045"
"3289","Mr. AMIT KOTNALA","AMRAPALI GOLF HOMES","9910113488"
"3290","Mr. RIPUNJAY KUMAR","AMRAPALI GOLF HOMES","9503646186"
"3291","Mr. HARISH BISHT","AMRAPALI GOLF HOMES","7053519189"
"3292","Mr. AMIT KUMAR BARNAWAL","AMRAPALI GOLF HOMES","9811518941, 9899547211"
"3293","Mrs. SAUMYA PANDEY","AMRAPALI GOLF HOMES","9818494900, 8800387460"
"3294","Mr. DHARMENDRA KUMAR MISHRA","AMRAPALI GOLF HOMES","9810203839"
"3295","Mr. RAHUL WADHAWAN","AMRAPALI GOLF HOMES","9871511886"
"3296","Mr. SANJEEV KUMAR","AMRAPALI GOLF HOMES","9939428968"
"3297","Mr. RAJESH KUMAR","AMRAPALI GOLF HOMES","8826291881"
"3298","Mr. VINOD KUMAR","AMRAPALI GOLF HOMES","9.81E+19"
"3299","Mr. PRAKASH CHANDER AHUJA","AMRAPALI GOLF HOMES","9899924994"
"3300","Mrs. SUMANANJALI","AMRAPALI GOLF HOMES","9871403845"
"3301","Mrs. NIRMALA JOSHI","AMRAPALI GOLF HOMES","9812339660"
"3302","Mr. MOHD. ISHRAT AHMED","AMRAPALI GOLF HOMES","9012285608, 9313744944"
"3303","Mr. JAYTILAK GUHA ROY","AMRAPALI GOLF HOMES","9868781671"
"3304","Mr. SUDHEER KUMAR","AMRAPALI GOLF HOMES","8763554272"
"3305","Mr. RAJEEV KUMAR SAGAR","AMRAPALI GOLF HOMES","9411091282"
"3306","Mr. MAHKAR BHATI","AMRAPALI GOLF HOMES","9.81E+19"
"3307","Mrs. GURVEEN KAUR","AMRAPALI GOLF HOMES","9899744222"
"3308","Mr. KUL BHUSHAN SHARMA","AMRAPALI GOLF HOMES","44-7739785789, 2085783476"
"3309","Ms. AKANSHA PRADEEP","AMRAPALI GOLF HOMES","9999889309"
"3310","Mrs. SMITHA MENON","AMRAPALI GOLF HOMES","7045657027 / 7045657037"
"3311","Mr. LOKENDRA KUMAR","AMRAPALI GOLF HOMES","9999141797"
"3312","Mr. RAJEEV SHARMA","AMRAPALI GOLF HOMES","9873130003, 9923274445"
"3313","Mr. TAJ AHMAD","AMRAPALI GOLF HOMES","9955542040, 9931444586"
"3314","Mr. PANKAJ ARHATIA","AMRAPALI GOLF HOMES","9453659964"
"3315","Mrs. ANJALI BANSAL","AMRAPALI GOLF HOMES","9634675075"
"3316","Mr. ANAND KUMAR SONI","AMRAPALI GOLF HOMES","9310406097"
"3317","Ms. SIMOL DHAMA","AMRAPALI GOLF HOMES","9716108222, 9716012124"
"3318","Mr. DHARMENDRA KUMAR","AMRAPALI GOLF HOMES","9818275803"
"3319","Mrs. PREETY SHARMA","AMRAPALI GOLF HOMES","9717692043"
"3320","Mr. SURESH CHAND","AMRAPALI GOLF HOMES","9716519362"
"3321","Mr. SUBHASISH MAJUMDER","AMRAPALI GOLF HOMES","9871431386"
"3322","Mrs. DEEPAK JAIN","AMRAPALI GOLF HOMES","9873354385, 9811940521"
"3323","Mr. RITESH KUMAR SINGH","AMRAPALI GOLF HOMES",".08197604760,09066319219"
"3324","Mr. VIJAI SINGH.","AMRAPALI GOLF HOMES","9899329692"
"3325","Mr. DHIRENDRA KUMAR SAHOO","AMRAPALI GOLF HOMES","9312048326"
"3326","Mr. PARMOD KUMAR","AMRAPALI GOLF HOMES","9999029566"
"3327","Mr. DINESH PAL MALIK","AMRAPALI GOLF HOMES","8826552525"
"3328","Mr. ATIN JAIN","AMRAPALI GOLF HOMES","9891558665, 9911776227"
"3329","Mrs. ANJALI","AMRAPALI GOLF HOMES","9999230850, 7696557226z"
"3330","Mrs. MALLIKA RANI","AMRAPALI GOLF HOMES","9958885937"
"3331","Mrs. PRATIBHA PANDEY","AMRAPALI GOLF HOMES","9919990559"
"3332","Mrs. PALAK ASNANI","AMRAPALI GOLF HOMES","9818833475, 9871600000"
"3333","Mr. RAJESH CHAND VARSHNEY","AMRAPALI GOLF HOMES","9415565327"
"3334","Mr. DEEPAK GOEL.","AMRAPALI GOLF HOMES","9210288245, 9211509036"
"3335","Mr. ABHISHEK SHARMA","AMRAPALI GOLF HOMES","9927706925"
"3336","Mr. JAVED","AMRAPALI GOLF HOMES","9868161486"
"3337","Mr. VIMAL PRASAD GAUTAM","AMRAPALI GOLF HOMES","9560452870"
"3338","Mr. PANNA LAL","AMRAPALI GOLF HOMES","9910044139"
"3339","Mr. VIMAL PRASAD GAUTAM","AMRAPALI GOLF HOMES","9560452870"
"3340","Mr. MADAN SINGH MEHTA","AMRAPALI GOLF HOMES","9958097421"
"3341","Mrs. ANITA RANI","AMRAPALI GOLF HOMES","9818916111, 9311122600"
"3342","Mr. PURUSHOTHAM PANDEY","AMRAPALI GOLF HOMES","9810834944"
"3343","Mr. GANESH CHAND DIMRI","AMRAPALI GOLF HOMES","9015151448"
"3344","MR. SONU KUMAR SAINI","AMRAPALI GOLF HOMES","8588999131"
"3345","Mr. SUNIL KUMAR","AMRAPALI GOLF HOMES","9918440008"
"3346","Ms. MALLIKASHIVA","AMRAPALI GOLF HOMES","9654358482"
"3347","Mr. BHUPENDRA PREMI","AMRAPALI GOLF HOMES","9891173351, 9213226111"
"3348","Mr. NEERAJ KUMAR GUPTA","AMRAPALI GOLF HOMES","8010063618"
"3349","Mr. MOHAMMAD QAISAR NADEEM","AMRAPALI GOLF HOMES","9.71507E+11"
"3350","Mr. SUNIL KAUSHIK","AMRAPALI GOLF HOMES","9760414568"
"3351","Mrs. PREETI SRIVASTAVA","AMRAPALI GOLF HOMES","9891483076"
"3352","Mr. ASHOK KUMAR SINHA","AMRAPALI GOLF HOMES","8744087009"
"3353","Mr. GOVIND BALLABH UPADHYAY","AMRAPALI GOLF HOMES","9711473454"
"3354","Mr. DILIP KUMAR","AMRAPALI GOLF HOMES","8797272627, 9818912761"
"3355","Mrs. SHUBHRA DABRAL","AMRAPALI GOLF HOMES","9871323523"
"3356","MRS. ITI VERMA","AMRAPALI GOLF HOMES","9910932566"
"3357","Mr. JAG PRATAP SINGH YADAV","AMRAPALI GOLF HOMES","9456920285, 9627203929"
"3358","MRS. KAVITA CHAUDHARY","AMRAPALI GOLF HOMES","9015682278, 9811050542"
"3359","MR. SUKHVEER SINGH","AMRAPALI GOLF HOMES","9811414296"
"3360","MR. ABHISHEK KUMAR RAI","AMRAPALI GOLF HOMES","9910024089"
"3361","MR. GAMBHIR SINGH","AMRAPALI GOLF HOMES","9319501566"
"3362","MR. BHUWAN CHANDRA","AMRAPALI GOLF HOMES","7042293571"
"3363","MR. RADHA KISHAN SINGH","AMRAPALI GOLF HOMES","9910335158"
"3364","Mr. VIJAY KUMAR SHARMA","AMRAPALI GOLF HOMES","9958581278"
"3365","MR. ANIMESH GUPTA","AMRAPALI GOLF HOMES","9818080363, 8800091594"
"3366","MR. VINOD KUMAR GUPTA","AMRAPALI GOLF HOMES","8130900017"
"3367","M/S. INDIA BRICKS","AMRAPALI GOLF HOMES","9999353333"
"3368","MR. JIBRAN AHMED KHAN","AMRAPALI GOLF HOMES","9560559368"
"3369","MR. PARMOD KUMAR GAUTAM","AMRAPALI GOLF HOMES","9818325041, 9818324635"
"3370","MR. TARUN KUMAR GURNANI","AMRAPALI GOLF HOMES","9999392799"
"3371","Mr. SACHIN GUPTA","AMRAPALI GOLF HOMES","9873918451"
"3372","MRS. GEETANJALI","AMRAPALI GOLF HOMES","9711030003"
"3373","MRS. NEHARIKA GURNANI","AMRAPALI GOLF HOMES","8800102842, 9811015945"
"3374","Mr. VIRPAL KAUSHIK","AMRAPALI GOLF HOMES","9899985051"
"3375","Mr. KAILASH CHANDRA SHARMA","AMRAPALI GOLF HOMES","9923206753"
"3376","MR. NARESH CHAND BHARDWAJ","AMRAPALI GOLF HOMES","9911917767"
"3377","Mr. RAHUL KUMAR SINGH.","AMRAPALI GOLF HOMES","9560886641"
"3378","Mr. SATYA PRAKASH ANAND","AMRAPALI GOLF HOMES","9811354399"
"3379","Mr. SATYA PRAKASH SHARMA","AMRAPALI GOLF HOMES","9899616196"
"3380","Mrs. KANTI DEVI","AMRAPALI GOLF HOMES","9910328997"
"3381","Mr. SANDEEP YADAV","AMRAPALI GOLF HOMES","9711878637, 9416301184"
"3382","MRS. RAJANI RAWAT","AMRAPALI GOLF HOMES","9899912538"
"3383","Mr. SATYA PAL SINGH","AMRAPALI GOLF HOMES","9818631548"
"3384","Mr. RAJNISH KUMAR","AMRAPALI GOLF HOMES","9582307410"
"3385","Mr. DEEPAK MATHUR","AMRAPALI GOLF HOMES","9873249675"
"3386","Mr. ASHOK DHAWAN","AMRAPALI GOLF HOMES","9899695886"
"3387","Mrs. SMRITI SAXENA","AMRAPALI GOLF HOMES","9228993687"
"3388","Mr. ANIL KALIA","AMRAPALI GOLF HOMES","9910073369"
"3389","Mrs. SOBHA SINGH","AMRAPALI GOLF HOMES","9650659822"
"3390","Mr. MUKESH BHANDARI","AMRAPALI GOLF HOMES","9990064494"
"3391","Mrs. SUSHEELA DEVI","AMRAPALI GOLF HOMES",""
"3392","Mrs. NISHU MAGOTRA","AMRAPALI GOLF HOMES","9419239729, 9419206850"
"3393","Dr. ASHOK KUMAR","AMRAPALI GOLF HOMES","9871497926"
"3394","Mrs. JAYATI BISWAS","AMRAPALI GOLF HOMES","9910500949"
"3395","Mrs. NAMRATA KAMRA","AMRAPALI GOLF HOMES","9811444004"
"3396","Mrs. SHASHI DAHIYA","AMRAPALI GOLF HOMES","9899069094"
"3397","Mr. K.N. TRIVEDI","AMRAPALI GOLF HOMES","9308396930"
"3398","Mrs. RUBY RANI","AMRAPALI GOLF HOMES","9958227200"
"3399","Mr. DINESH KUMAR","AMRAPALI GOLF HOMES","9818774604"
"3400","Mrs. DEEPA BISHT","AMRAPALI GOLF HOMES","9958601777"
"3401","Mr. CHAMANDEEP SINGH LUTHRA","AMRAPALI GOLF HOMES","9873308844"
"3402","Mr. RAJIV RANJAN KUMAR","AMRAPALI GOLF HOMES","9602316188, 9001098280"
"3403","Mr. SUBRATA CHATTOPADHYAY","AMRAPALI GOLF HOMES","9958097915"
"3404","Mr. BRIJENDRA KUMAR KASHYAP","AMRAPALI GOLF HOMES","9650429239"
"3405","Mr. MANOJ KUMAR SHARMA","AMRAPALI GOLF HOMES","9811063926"
"3406","Mrs. ANURADHA","AMRAPALI GOLF HOMES","9212999809, 9999031681"
"3407","Mr. RAKESH KUMAR SINGH","AMRAPALI GOLF HOMES","9582105955, 00971501887430"
"3408","Mr. RAJAT DATTA","AMRAPALI GOLF HOMES","9760983331"
"3409","Mr. SUKHBIR SINGH","AMRAPALI GOLF HOMES","9871586702"
"3410","Mr. HIMANSHU ARORA","AMRAPALI GOLF HOMES","9910222643"
"3411","Mr. UMESH KUMAR SAH","AMRAPALI GOLF HOMES","9911996645"
"3412","Mr. VIVEK KUMAR AGARWAL","AMRAPALI GOLF HOMES","9971033963"
"3413","Mr. PARVEEN KUMAR VERMA","AMRAPALI GOLF HOMES","9996028883, 9416012200"
"3414","Mrs. APARAJITA RAY","AMRAPALI GOLF HOMES","9312097339 / 9868064654"
"3415","Mr. RAJNISH KUMAR","AMRAPALI GOLF HOMES","9868889070"
"3416","Mr. NILESH KUMAR SINGH","AMRAPALI GOLF HOMES","8874444200"
"3417","Mrs. DEEPA PANDE","AMRAPALI GOLF HOMES","9899354484"
"3418","Mr. RISHI PAL SINGH.","AMRAPALI GOLF HOMES","9311303242"
"3419","Mr. OM PRAKASH SINGH","AMRAPALI GOLF HOMES","9849362672"
"3420","Mr. PRADEEP KUMAR","AMRAPALI GOLF HOMES","9431450062"
"3421","Mr. MANOJ KUMAR GUPTA","AMRAPALI GOLF HOMES","9458608158, 9457372959"
"3422","Mr. SUNIL KAUL","AMRAPALI GOLF HOMES","9312246208"
"3423","Mr. UMANG PRAKASH","AMRAPALI GOLF HOMES","9818107188"
"3424","Mr. DEVENDER SINGH","AMRAPALI GOLF HOMES","9971078514"
"3425","Mr. LOKESH KHANEJA","AMRAPALI GOLF HOMES","9971020804"
"3426","Mr. SANJAY SRIVASTAVA","AMRAPALI GOLF HOMES","9868309881"
"3427","Mr. MANISH MISHRA","AMRAPALI GOLF HOMES","9919055555"
"3428","Mr. RAKESH GUPTA","AMRAPALI GOLF HOMES","9810359678"
"3429","Mr. AMIT CHAUDHARY","AMRAPALI GOLF HOMES","9650111840"
"3430","Mr. SURESH BHATIA","AMRAPALI GOLF HOMES","9899787932"
"3431","Mrs. ANU SANGAL BHARDWAJ","AMRAPALI GOLF HOMES","9868838010 ,9868859261."
"3432","Mr. PRADEEP KUMAR PAL","AMRAPALI GOLF HOMES","9911200620"
"3433","Mr. MUKESH SOLANKI","AMRAPALI GOLF HOMES","9818351831"
"3434","Mr. PANKAJ GUPTA","AMRAPALI GOLF HOMES","9910334418"
"3435","Ms. SAUMYA GYAN","AMRAPALI GOLF HOMES","9920055604, 9920093421"
"3436","Mr. GAGAN SIDANA","AMRAPALI GOLF HOMES","9999908854"
"3437","Mr. SUNIL MITTAL","AMRAPALI GOLF HOMES","9810576859"
"3438","Mr. VINAY SALUJA","AMRAPALI GOLF HOMES","9888823994"
"3439","Mr. KAUSHIK MAJUMDAR","AMRAPALI GOLF HOMES","9911140804, 9910066399"
"3440","Mr. VIJENDER CHAUHAN","AMRAPALI GOLF HOMES","9891221555"
"3441","Mr. SANJAY PRAKASH SINGH","AMRAPALI GOLF HOMES","9871980462"
"3442","Mrs. JYOTI SINGH TOMAR","AMRAPALI GOLF HOMES","9810766116"
"3443","Mr. SANJEEV KUMAR","AMRAPALI GOLF HOMES","919311212159, 8527123615"
"3444","Mr. SUMIT VIG","AMRAPALI GOLF HOMES","9999908832"
"3445","Ms. MONIKA JUYAL","AMRAPALI GOLF HOMES","8882066868, 9899916453"
"3446","Mr. SANJEEV SHARAN ROY","AMRAPALI GOLF HOMES","9334337843, 9473191784"
"3447","Mr. RAKESH NEGI","AMRAPALI GOLF HOMES","9999993127"
"3448","Mr. KISHAN MOHAN SHARMA","AMRAPALI GOLF HOMES","9810771715"
"3449","Mrs. MAYA SINGH.","AMRAPALI GOLF HOMES","8001100123"
"3450","Mr. DEVENDRA KUMAR","AMRAPALI GOLF HOMES","9873702698"
"3451","Mrs. RASHMI SINGH","AMRAPALI GOLF HOMES","9810817665, 9910817665"
"3452","Mr. ASHISH SHUKLA","AMRAPALI GOLF HOMES","9555273137"
"3453","Mrs. ANJU GAUTAM","AMRAPALI GOLF HOMES","9868828320"
"3454","Mr. AMIT GUPTA","AMRAPALI GOLF HOMES","8744008835"
"3455","Mr. VIVEK KUCHHAL","AMRAPALI GOLF HOMES","9350509675"
"3456","Mr. PANKAJ KHARE","AMRAPALI GOLF HOMES","9953902033"
"3457","Mr. DEEPAK KUMAR GUPTA.","AMRAPALI GOLF HOMES","9205787280"
"3458","Mr. BIRENDER SINGH NEGI","AMRAPALI GOLF HOMES","9968723237"
"3459","Mohd. FARHAN ANSARI","AMRAPALI GOLF HOMES","9810932478"
"3460","Mr. MOTILAL LABRU","AMRAPALI GOLF HOMES","9911103839"
"3461","Mr. RAJEEV CHAUHAN","AMRAPALI GOLF HOMES","9810788432"
"3462","Mr. RAVI KANT JAIN","AMRAPALI GOLF HOMES","9810641563"
"3463","Mrs. RENU CHOUDHARY","AMRAPALI GOLF HOMES","9971914949"
"3464","MR. MANISH KUMAR YADAV","AMRAPALI GOLF HOMES","9092055081"
"3465","MR. MAHESH KUMAR CHAUDHARI","AMRAPALI GOLF HOMES","8800228380, 9006178703"
"3466","MRS. ASMITA SAINI","AMRAPALI GOLF HOMES","9871693577"
"3467","MR. MANAS VERMA","AMRAPALI GOLF HOMES","9443078327, 9994486153"
"3468","MRS. SONIA KUMARI","AMRAPALI GOLF HOMES","9958762200, 9958462299,"
"3469","MR. ROUSHAN KUMAR","AMRAPALI GOLF HOMES","9873270271"
"3470","MR. ALOK RANJAN SINGH","AMRAPALI GOLF HOMES","8587090432"
"3471","MR. GAURAV SIKKA","AMRAPALI GOLF HOMES","9810072490"
"3472","MRS. NITEE TANDON","AMRAPALI GOLF HOMES","9810072490"
"3473","MRS. SUDHA RANI GARG","AMRAPALI GOLF HOMES","9718328609"
"3474","MR. ARVIND KUMAR SHARMA.","AMRAPALI GOLF HOMES","9920633785"
"3475","MRS. MADHU PRASAD","AMRAPALI GOLF HOMES","9818195747"
"3476","Mr. SUSHIL KUMAR","AMRAPALI GOLF HOMES","9873014530"
"3477","Mr. BHUPINDER SINGH","AMRAPALI GOLF HOMES","9990095595"
"3478","Mr. MOHIT GUPTA","AMRAPALI GOLF HOMES","9312233736"
"3479","Mr. NEERAJ KUMAR VERMA","AMRAPALI GOLF HOMES","9873712967"
"3480","Mrs. ANJAN BALA SINGH","AMRAPALI GOLF HOMES","9953413577, 9999801069"
"3481","Mr. NARENDRA NATH SHARMA","AMRAPALI GOLF HOMES","9212000091"
"3482","Mrs. MANJREE SINHA","AMRAPALI GOLF HOMES","9650394039"
"3483","Mrs. REKHA SAXENA","AMRAPALI GOLF HOMES","8445093577"
"3484","Mrs. SONAL KAPOOR","AMRAPALI GOLF HOMES","9999652967"
"3485","Mrs. RUMKY SIDANA","AMRAPALI GOLF HOMES","9971368308"
"3486","Mr. MADAN MOHAN GUPTA","AMRAPALI GOLF HOMES","9350650638"
"3487","Mrs. PREETI VERMA","AMRAPALI GOLF HOMES","9431235151, 9560635577"
"3488","Mr. SHASHI KANT","AMRAPALI GOLF HOMES","9431203313"
"3489","Mr. PRADEEP SHARMA","AMRAPALI GOLF HOMES","9818323237"
"3490","Mrs. ABHA RAWAT","AMRAPALI GOLF HOMES","9810273479"
"3491","Mr. RAVI JOHARI","AMRAPALI GOLF HOMES","9810603322"
"3492","Mr. VIRENDRA KUMAR GUPTA","AMRAPALI GOLF HOMES","9873906241"
"3493","Mr. SANDEEP TRIPATHI","AMRAPALI GOLF HOMES","8130299575, 9910850387"
"3494","Mrs. ABHA CHOUDHARY","AMRAPALI GOLF HOMES","9873576571"
"3495","Mr. AMIT KUMAR","AMRAPALI GOLF HOMES","8892909485"
"3496","M/S. ABS REAL ESTATE PVT. LTD.","AMRAPALI GOLF HOMES","9837042570"
"3497","MR. KARUNA SHANKER SINGH","AMRAPALI GOLF HOMES","9205508075"
"3498","Mr. HARI OM DUBEY","AMRAPALI GOLF HOMES","8954668666"
"3499","Mr. MAYANK SHARMA.","AMRAPALI GOLF HOMES","9711502573"
"3500","Mr. VIPIN JAISHREE SHARMA","AMRAPALI GOLF HOMES","7300562499"
"3501","Mrs. VANDANA SHARMA","AMRAPALI GOLF HOMES","9811832484"
"3502","Mr. SHASHI BHUSHAN SHARMA","AMRAPALI GOLF HOMES","9431646474"
"3503","Mr. RAVINDER SINGH","AMRAPALI GOLF HOMES","9313333088"
"3504","Mr.DEEPAK KUMAR RUSIA","AMRAPALI GOLF HOMES","9109178169"
"3505","Mr. JITENDRA KUMAR.","AMRAPALI GOLF HOMES","7503064203"
"3506","Mr. ANIL KUMAR SINGH","AMRAPALI GOLF HOMES","9953109195"
"3507","Mr. AMIT KUMAR","AMRAPALI GOLF HOMES","9999874289, 9910126541"
"3508","Mr. RAJIV KUMAR JHA","AMRAPALI GOLF HOMES","9958662585"
"3509","Mr. NIMESH VED","AMRAPALI GOLF HOMES","89782 79595"
"3510","Mr. SATPAL SINGH BHATIA","AMRAPALI GOLF HOMES","9810596799"
"3511","Mr. ANKIT THAREJA","AMRAPALI GOLF HOMES","9560689196"
"3512","Mr. VIVEK KUMAR SRIVASTAVA","AMRAPALI GOLF HOMES","9650871333"
"3513","Mrs. MINI NARANG","AMRAPALI GOLF HOMES","9910026899"
"3514","Mr. MANISH AGARWAL","AMRAPALI GOLF HOMES","955943422"
"3515","Mr. TEJ BAHADUR RAI","AMRAPALI GOLF HOMES","9911207041, 9560697117"
"3516","Mr. HARISH KUMAR PANDEY","AMRAPALI GOLF HOMES","9891176204"
"3517","Mr. RAJAN RAHI","AMRAPALI GOLF HOMES","9810857725"
"3518","Mr. VINOD KUMAR BHAT","AMRAPALI GOLF HOMES","8803618958"
"3519","Mr. ARVIND KUMAR RAI","AMRAPALI GOLF HOMES","9971396916"
"3520","MRS AMRITA","AMRAPALI GOLF HOMES","9818419394"
"3521","Mr. VINEET KUMAR JAISWAL","AMRAPALI GOLF HOMES","9717173666, 9650184411"
"3522","Mr. HANISH SAWHNEY","AMRAPALI GOLF HOMES","9868111443, 9810605901"
"3523","Mr. NIKHIL SONI","AMRAPALI GOLF HOMES","9818889844"
"3524","Mr. TEJINDER SINGH KAINTH","AMRAPALI GOLF HOMES","9413430772, 9356994500"
"3525","Mr. SHOBHIT MEHROTRA","AMRAPALI GOLF HOMES","9953474686"
"3526","Mr. SANDEEP UPPAL","AMRAPALI GOLF HOMES","9958200393"
"3527","Mr. RAJIV MEHROTRA","AMRAPALI GOLF HOMES","9838619123, 9953474686"
"3528","Mr. NAVAL KUMAR","AMRAPALI GOLF HOMES","9810445712"
"3529","Mrs. JOYSHREE DEY","AMRAPALI GOLF HOMES","9818241683"
"3530","Mr. CHANCHAL DUA","AMRAPALI GOLF HOMES","9958990842"
"3531","MR. RISHABH SHRIVASTAVA","AMRAPALI GOLF HOMES","9891860950"
"3532","Mrs. MADHULIKA GOEL","AMRAPALI GOLF HOMES","9467400009, 9896400009"
"3533","Mr. PARAG AGARWAL","AMRAPALI GOLF HOMES","9711099518"
"3534","Mr. DINESH DIALANI","AMRAPALI GOLF HOMES","9311457651"
"3535","Mr. SANJAY MATHUR","AMRAPALI GOLF HOMES","9560463322"
"3536","MR. VISHAL PRAKASH","AMRAPALI GOLF HOMES","7838594465"
"3537","MR. MANAN KUMAR SINGH","AMRAPALI GOLF HOMES","7083430815"
"3538","Mrs. RUBY GOYAL","AMRAPALI GOLF HOMES","9968175911"
"3539","MR. SHAMBHU SHARAN SHAIBYA","AMRAPALI GOLF HOMES","9868650076"
"3540","MR. RAKESH KUMAR GUPTA","AMRAPALI GOLF HOMES","9873932360"
"3541","MRS. RAJNI MANCHANDA","AMRAPALI GOLF HOMES","9810705790, 9818132186"
"3542","Mr. ABHISHEK","AMRAPALI GOLF HOMES","8196026964"
"3543","MRS. BABITA PATHAK","AMRAPALI GOLF HOMES","9868785487"
"3544","Mrs. RITA SHANDILYA","AMRAPALI GOLF HOMES","09641607540, 9818279774"
"3545","MRS. PAVITRA SHARMA","AMRAPALI GOLF HOMES","9873270000"
"3546","Mr. SANJAY KUMAR GUPTA","AMRAPALI GOLF HOMES","08051346882, 9911996645"
"3547","Mrs. SAROJINI RAINA (KOUL)","AMRAPALI GOLF HOMES","7889947002"
"3548","M/s. LA RESIDENTIA DEVELOPERS PVT. LTD.","AMRAPALI GOLF HOMES",""
"3549","Mrs. SAROJINI RAINA","AMRAPALI GOLF HOMES","9419204280"
"3550","Mr. DEBABRATA BHATTACHARYA","AMRAPALI GOLF HOMES","9810959229"
"3551","Mrs. ARTI SHARMA","AMRAPALI GOLF HOMES","9891391414"
"3552","Mr. SANJIV KUMAR","AMRAPALI GOLF HOMES","9431049329"
"3553","Mr. PARDEEP CHADHA","AMRAPALI GOLF HOMES","9899707913"
"3554","Mr. MANOJ GUPTA","AMRAPALI GOLF HOMES","9811295600"
"3555","Mrs. NIRMALA MENON","AMRAPALI GOLF HOMES","9971006410"
"3556","Mr. BALDEV SINGH","AMRAPALI GOLF HOMES","9582821538, 9891994090"
"3557","Mr. TAPENDRA KUMAR PATHAK","AMRAPALI GOLF HOMES","9717397324"
"3558","Mr. MAHESH CHANDRA","AMRAPALI GOLF HOMES","9968001204, 9968001205"
"3559","Mr. ANIL KUMAR GOEL","AMRAPALI GOLF HOMES","9650155899"
"3560","Mr. RAMESH KUMAR TIWARI","AMRAPALI GOLF HOMES","9910553152"
"3561","Mr. PANKAJ KAPIL","AMRAPALI GOLF HOMES","9717593514, 9811728858"
"3562","Mr. ASHOK KUMAR GUPTA","AMRAPALI GOLF HOMES","9873340863"
"3563","Mr. VIVEK SRIVASTAVA","AMRAPALI GOLF HOMES","9810185443"
"3564","Mr. JAGDISH CHANDRA SANGURI","AMRAPALI GOLF HOMES","8750250216"
"3565","Mr. PRAVAL PRATAP SINGH RANA","AMRAPALI GOLF HOMES","8261019483"
"3566","Mr. RAJESH GUPTA","AMRAPALI GOLF HOMES","9412665610"
"3567","Ms. LALITA KUMARI","AMRAPALI GOLF HOMES","9718757691"
"3568","Mr. UTTAM KUMAR","AMRAPALI GOLF HOMES","09908718589, 09490341161"
"3569","MR. RAVI SHEKHAR CHAUDHARY","AMRAPALI GOLF HOMES","9431011277"
"3570","Mrs. SAVITA ANAND","AMRAPALI GOLF HOMES","9818886773"
"3571","Mr. BHUSHAN SHARAN","AMRAPALI GOLF HOMES","9821514688"
"3572","Mr. PRAKASH KUMAR","AMRAPALI GOLF HOMES","9717647329, 9386435329"
"3573","Mrs. SANDHYA KATIYAR","AMRAPALI GOLF HOMES","9910217590"
"3574","Mr. AMIT AGGARWAL","AMRAPALI GOLF HOMES","9321703163"
"3575","Ms. BABITA BHATT","AMRAPALI GOLF HOMES","9911538676, 9871208439"
"3576","Mr. VINAY KARLA","AMRAPALI GOLF HOMES","9811260656"
"3577","Mrs. RITI GUPTA","AMRAPALI GOLF HOMES","7507913000, 9823330759"
"3578","Mr. HARISH BISHT","AMRAPALI GOLF HOMES","9999027105"
"3579","Mrs. AMBIKA","AMRAPALI GOLF HOMES","8920891003"
"3580","Mr. MADHUR MISHRA","AMRAPALI GOLF HOMES","9873142615"
"3581","Mrs. RAJANI SETH","AMRAPALI GOLF HOMES","7676195933"
"3582","Mr. KHAN SAJID SHAHID","AMRAPALI GOLF HOMES","8095589305"
"3583","Mr. AJAY KUMAR","AMRAPALI GOLF HOMES","9933235168"
"3584","Mr. NEERAJ GERA","AMRAPALI GOLF HOMES","9911108357"
"3585","Mrs. NEHA JAGGI","AMRAPALI GOLF HOMES","9769002640"
"3586","Mr. AJAY SAWHNEY","AMRAPALI GOLF HOMES","9560208170"
"3587","Mr. PRAMOD CHAUHAN","AMRAPALI GOLF HOMES","9911552793, 9911819111"
"3588","Mrs. MADHU MALHOTRA","AMRAPALI GOLF HOMES","9971399090"
"3589","Mr. AMBUJ KISHORE","AMRAPALI GOLF HOMES","9162646698"
"3590","Mr. RATNESH KANT SRIVASTAVA","AMRAPALI GOLF HOMES","9654857292"
"3591","Mr. ASIF KARIM","AMRAPALI GOLF HOMES","8750654921"
"3592","Mr. PAVNESH GARG","AMRAPALI GOLF HOMES","9312784952"
"3593","Mr. DEEPAK ARORA","AMRAPALI GOLF HOMES","9818039553"
"3594","Mr. RAJESH KUMAR","AMRAPALI GOLF HOMES","9818445712"
"3595","Ms. PALLAVI TALWAR","AMRAPALI GOLF HOMES","8826617502"
"3596","Mr. KRISHEN KUMAR PANDITA","AMRAPALI GOLF HOMES","9811028128"
"3597","Mr. ASEEM ANAND","AMRAPALI GOLF HOMES","9820783891"
"3598","Mr. MUKUL SHARMA","AMRAPALI GOLF HOMES","9560011238"
"3599","Mr. TARUN KUMAR SINGH","AMRAPALI GOLF HOMES","9334778804"
"3600","Mr. SAURABH KUMAR JAIN","AMRAPALI GOLF HOMES","9873437256"
"3601","Mrs. RUCHIKA KASHYAP","AMRAPALI GOLF HOMES","9971335597"
"3602","Mrs. MEETA SETHI","AMRAPALI GOLF HOMES","9810078288"
"3603","Mr. PREM KISHORE","AMRAPALI GOLF HOMES","9811109424"
"3604","MR. ASHOK KUMAR SINGH","AMRAPALI GOLF HOMES","8588811649"
"3605","MR. PUSHKAR JAIN","AMRAPALI GOLF HOMES","9899989583"
"3606","MRS. SHWETA KANT","AMRAPALI GOLF HOMES","9818573742"
"3607","MR. SUNNY ABICHANDANI","AMRAPALI GOLF HOMES","9899288227"
"3608","MR. PRAFUL MATHUR","AMRAPALI GOLF HOMES","8882112115"
"3609","MR. SIDDHARTH SHARMA","AMRAPALI GOLF HOMES","8881020444"
"3610","MR. TARUN SURI","AMRAPALI GOLF HOMES","9313615912"
"3611","MR. SAURABH PANT","AMRAPALI GOLF HOMES","7838160815"
"3612","Mrs. BALVINDER KAUR","AMRAPALI GOLF HOMES","9818394418"
"3613","Mr. SANJEEV KUMAR JHA","AMRAPALI GOLF HOMES","9818817337"
"3614","Mr. VINOD KUMAR GUPTA","AMRAPALI GOLF HOMES","9868248935, 9654130908"
"3615","Mr. PRAVEEN KUMAR GUPTA","AMRAPALI GOLF HOMES","9910287870"
"3616","Mr. GAMA MISHRA","AMRAPALI GOLF HOMES","9811686026, 9311686026"
"3617","Mrs. SUMAN LATA VERMA","AMRAPALI GOLF HOMES","9818426999"
"3618","Mr. ANIL KUMAR GARG","AMRAPALI GOLF HOMES","9811516641"
"3619","Mrs. KRISHNA DEVI","AMRAPALI GOLF HOMES","9650620595"
"3620","Mrs. NUTAN SINGH","AMRAPALI GOLF HOMES","9431649362, 947001668"
"3621","Mr. AJAY KUMAR GUPTA","AMRAPALI GOLF HOMES","9811047453"
"3622","Mr. JAGAT SINGH","AMRAPALI GOLF HOMES","9990028177"
"3623","Mr. AMAN SINGH","AMRAPALI GOLF HOMES","9910328997"
"3624","Mr. RAJEEV KUMAR MISHRA","AMRAPALI GOLF HOMES","9999838193"
"3625","Mr. MAHENDER SINGH BHORIYA","AMRAPALI GOLF HOMES","9899269941"
"3626","Mr. KAILASH CHANDRA JOSHI","AMRAPALI GOLF HOMES","8800295649"
"3627","Mr. ANIL KUMAR RASTOGI","AMRAPALI GOLF HOMES","9643116933"
"3628","Mr. RAVINDER KUMAR BHAN","AMRAPALI GOLF HOMES","8408858085"
"3629","Mr. VISHAL GUPTA","AMRAPALI GOLF HOMES","8860630480, 9920310920"
"3630","Mr. ASHOK KUMAR SINGH","AMRAPALI GOLF HOMES","9810231537"
"3631","Ms. PRITI","AMRAPALI GOLF HOMES","9582777377"
"3632","Dr. MINAKSHI SINGH","AMRAPALI GOLF HOMES","9891308302"
"3633","Mr. RAJAN SONI","AMRAPALI GOLF HOMES","9650878879, 09987753096"
"3634","Mr. SANJEEV KUMAR","AMRAPALI GOLF HOMES","9899931236"
"3635","Mr. SUNIL KUMAR","AMRAPALI GOLF HOMES","9928155178"
"3636","Mr. G. VENKATA NAGAIAH","AMRAPALI GOLF HOMES","9891898378"
"3637","Mr. SHRIPAL SINGH","AMRAPALI GOLF HOMES","7904374360"
"3638","Mr. NAVNEET KUMAR","AMRAPALI GOLF HOMES","8800746741, 9997908667"
"3639","Mr. RAJESH KAMRA","AMRAPALI GOLF HOMES","9810750940, 9871470002"
"3640","Mr. ASHOK KUMAR LUTHRA","AMRAPALI GOLF HOMES","9871216427"
"3641","Mr. SUBHASH KAWARE","AMRAPALI GOLF HOMES","8128990797"
"3642","Mr. NILESH KUMAR SINGH","AMRAPALI GOLF HOMES","9971814441"
"3643","Mr. AVINASH JHA","AMRAPALI GOLF HOMES","7738241009"
"3644","Mrs. MAYA DEVI","AMRAPALI GOLF HOMES","9289373940"
"3645","Mr. MUDIT SONI","AMRAPALI GOLF HOMES","9873185827,"
"3646","Ms. NEELAM TANWAR","AMRAPALI GOLF HOMES","9355555016"
"3647","Mr. AMIT GOEL","AMRAPALI GOLF HOMES","9811418191"
"3648","Ms. PRACHI MAHAJAN","AMRAPALI GOLF HOMES","9717694840"
"3649","Mr. GANESH KUMAR","AMRAPALI GOLF HOMES","8802119603"
"3650","Mr. PREM SHANKER","AMRAPALI GOLF HOMES","001-479-270-3332"
"3651","Mr. SAMIR KUMAR SINGH","AMRAPALI GOLF HOMES","9540076696, 9873852266"
"3652","Mrs. BARKHA GUPTA","AMRAPALI GOLF HOMES","9910053680"
"3653","Mrs. RITA CHOPRA","AMRAPALI GOLF HOMES","9818433774"
"3654","Mr. P. B. SREENATH","AMRAPALI GOLF HOMES","9711217995"
"3655","Mr. SHAILENDRA KUMAR SINGH","AMRAPALI GOLF HOMES","9411473787"
"3656","Mrs. KRISHNA SINGH","AMRAPALI GOLF HOMES","9761004337"
"3657","Mr. PRABHAT RANJAN BARUA","AMRAPALI GOLF HOMES","9979469760"
"3658","Mrs. PARUL SHARMA","AMRAPALI GOLF HOMES","8273478888"
"3659","Mr. PANKAJ MISHRA","AMRAPALI GOLF HOMES","9811917334"
"3660","Mr. GAURAV KUMAR SINGH","AMRAPALI GOLF HOMES","9911196956"
"3661","Dr. RAJEEV SHARMA","AMRAPALI GOLF HOMES","8860622528, 9910300174"
"3662","Mrs. KANCHAN WADHWA","AMRAPALI GOLF HOMES","9811135946"
"3663","Mrs. NISHA BALLANI","AMRAPALI GOLF HOMES","9810115952"
"3664","Mr. PRABHAT KUMAR","AMRAPALI GOLF HOMES","9999324440"
"3665","Mrs. MUKTANJALEE DEKA","AMRAPALI GOLF HOMES","9864035143, 9864065349"
"3666","Mrs. DEEPTI JOLLY","AMRAPALI GOLF HOMES","9810621036"
"3667","Mrs. SHAILJA SINGH","AMRAPALI GOLF HOMES","9873581975"
"3668","Mrs. SAROJ BALA POKHRIYAL","AMRAPALI GOLF HOMES","9968317975, 9968503060"
"3669","Mr. GAURAV SHARMA","AMRAPALI GOLF HOMES","9971699469"
"3670","Mr. ARUN KUMAR","AMRAPALI GOLF HOMES","9811068306, 9311531708"
"3671","Mr. RAKESH KUMAR","AMRAPALI GOLF HOMES","9412811424"
"3672","Mr. ANIL KUMAR","AMRAPALI GOLF HOMES","9818684902"
"3673","Mr. MAHESH CHANDRA SINGH","AMRAPALI GOLF HOMES","9871928528"
"3674","Mr. SUDHIR CHANDER SINGH","AMRAPALI GOLF HOMES","9818389338"
"3675","Mr. NARENDER SINGH MEHRA","AMRAPALI GOLF HOMES","9911216373"
"3676","Mrs. ANITA KHATRI","AMRAPALI GOLF HOMES","9810688854"
"3677","Mrs. ARVINDER KAUR","AMRAPALI GOLF HOMES","9210774802"
"3678","Mr. MANISH KUMAR","AMRAPALI GOLF HOMES","9810763104"
"3679","Mr. ANKIT SHARMA","AMRAPALI GOLF HOMES","9717698544"
"3680","Mr. MOHAMMAD AFROZ ALAM","AMRAPALI GOLF HOMES","9717850582"
"3681","Mr. NAVEEN KUMAR JHA","AMRAPALI GOLF HOMES","9871855886"
"3682","Mr. AVINASH SINGH","AMRAPALI GOLF HOMES","9342356212, 09611995780"
"3683","Mrs. ANJU SUHAG","AMRAPALI GOLF HOMES","9911552860"
"3684","Mrs. KULDEEP KAUR TALWAR","AMRAPALI GOLF HOMES","9810088009"
"3685","Mr. ASHUTOSH JHA","AMRAPALI GOLF HOMES","9810127829, 7738882834"
"3686","Mr. VAIBHAV MISHRA","AMRAPALI GOLF HOMES","7800292505"
"3687","Mr. DEEPAK SHARMA.","AMRAPALI GOLF HOMES","9999040560"
"3688","Mr. PANKAJ KUMAR JHA","AMRAPALI GOLF HOMES","7617019557"
"3689","Ms. PREETI AGARWAL","AMRAPALI GOLF HOMES","9910676730"
"3690","Mr. ANJIT KUMAR","AMRAPALI GOLF HOMES","9969161129"
"3691","Mr. MAYANK DWIVEDI","AMRAPALI GOLF HOMES","9794844600, 9305367492"
"3692","Mr. SANJEEV SHARMA","AMRAPALI GOLF HOMES","9639009414, 9899855912"
"3693","Mr. SUNIL KAUL","AMRAPALI GOLF HOMES","9930714246, 9324407994"
"3694","Mr. PANKAJ SHARMA.","AMRAPALI GOLF HOMES","8800633634"
"3695","Mr. ASHUTOSH SINGH.","AMRAPALI GOLF HOMES","9212487821"
"3696","Mrs. MINAXI TYAGI","AMRAPALI GOLF HOMES","8802830656"
"3697","Dr. RITA SHARMA","AMRAPALI GOLF HOMES","9818597662"
"3698","Mr. VARUN GOYAL","AMRAPALI GOLF HOMES","9999920012"
"3699","Dr. ANSHU SHARMA","AMRAPALI GOLF HOMES","9457288786"
"3700","Mr. VIVEK SRIVASTAVA","AMRAPALI GOLF HOMES","9899599969"
"3701","Mrs. SUNITA GOEL.","AMRAPALI GOLF HOMES","9467400009"
"3702","MRS. SHABANAM NAZNIN","AMRAPALI GOLF HOMES","9873778920"
"3703","MR. VIKAS DUA","AMRAPALI GOLF HOMES","+1 480 388 6703."
"3704","MR. GAURAV SHARMA","AMRAPALI GOLF HOMES","9419280232"
"3705","MR. KUSHAGRA PATHAK","AMRAPALI GOLF HOMES","7387078838"
"3706","MR. SARVESH CHAUBE KASHYAPA","AMRAPALI GOLF HOMES","9891669896"
"3707","MR. ATUL JOHRI","AMRAPALI GOLF HOMES","9953049280"
"3708","MR. ARVIND SEMWAL","AMRAPALI GOLF HOMES","9873798718"
"3709","MRS. UTTRA KALITA","AMRAPALI GOLF HOMES","9706026006"
"3710","Mr. JUGAL KISHORE","AMRAPALI GOLF HOMES","7004328040"
"3711","MR. RAJNISH PRIYADARSHI","AMRAPALI GOLF HOMES","8800991918, 9555991918"
"3712","M/S. INDIA BRICKS","AMRAPALI GOLF HOMES","9999353333"
"3713","MR. SUNIL KUMAR SINGH.","AMRAPALI GOLF HOMES","9810455707"
"3714","Mrs. SONI BHAT","AMRAPALI GOLF HOMES","9999767276"
"3715","Mr. SHRAY GUPTA","AMRAPALI GOLF HOMES","9719411895"
"3716","Mrs. RENU GARG","AMRAPALI GOLF HOMES","9457139355"
"3717","Mr. HARVINDER KUMAR","AMRAPALI GOLF HOMES","9911029098"
"3718","Mrs. PARUL MANCHANDA","AMRAPALI GOLF HOMES","9971471517, 9971471547"
"3719","Mr. RAJINDER PAL","AMRAPALI GOLF HOMES","9871294856"
"3720","Mr. ABDUL REHMAN ABDUL RAUF","AMRAPALI GOLF HOMES","9999100317"
"3721","Mr. SURENDER KUMAR SHARMA","AMRAPALI GOLF HOMES","9904581183"
"3722","Mr. ROHIT KUMAR GROVER","AMRAPALI GOLF HOMES","9899866143"
"3723","Mrs. MAINAMANI DEVI","AMRAPALI GOLF HOMES","9435370100"
"3724","Mrs. KAVITA SHARMA","AMRAPALI GOLF HOMES","9891041211"
"3725","Mrs. SUSHMA SHARMA","AMRAPALI GOLF HOMES","9990904268, 9968948899"
"3726","WEALTH CLINIC PVT. LTD","AMRAPALI GOLF HOMES",""
"3727","Ms. CHING BIAK LUN","AMRAPALI GOLF HOMES","9810143029"
"3728","Mr. NITIN JAIN","AMRAPALI GOLF HOMES","9810236979"
"3729","Mr. MAHESH KUMAR BALIYAN","AMRAPALI GOLF HOMES","9810327121"
"3730","Mr. TILAK VERMA","AMRAPALI GOLF HOMES","9811335010"
"3731","Mr. RAJEEV KUMAR YADAV","AMRAPALI GOLF HOMES","9312724494"
"3732","Mr. ANURAG DWIVEDI","AMRAPALI GOLF HOMES","9910908989"
"3733","Mr. AJIT SINGH PARMAR","AMRAPALI GOLF HOMES","99993104999"
"3734","Mrs. SOBHANA GUPTA","AMRAPALI GOLF HOMES","8860587311, 9278860921"
"3735","Mr. SURENDRA KUMAR SONI","AMRAPALI GOLF HOMES","9911843003"
"3736","Dr. ASHISH DWIVEDI","AMRAPALI GOLF HOMES","9953430596"
"3737","Mr. RAJESH KUMAR ASHRA","AMRAPALI GOLF HOMES","8700021994"
"3738","Mrs. MEETA SRIVASTAVA","AMRAPALI GOLF HOMES","2204227890"
"3739","Mr. VAIBHAV BHATNAGAR","AMRAPALI GOLF HOMES","9909021301"
"3740","Mr. VIKASH KUMAR SRIVASTAVA","AMRAPALI GOLF HOMES","9810026764"
"3741","Mr. MANISH PRAKASH","AMRAPALI GOLF HOMES","9.21E+19"
"3742","Mrs. ARCHANA GUPTA","AMRAPALI GOLF HOMES","9839086870"
"3743","MR. LALIT PRASAD JOSHI","AMRAPALI GOLF HOMES","7827034224"
"3744","Mr. VISHAL KUMAR","AMRAPALI GOLF HOMES","9818841151"
"3745","Mr. VISHAL KUMAR","AMRAPALI GOLF HOMES","9818841151"
"3746","Mr. PRAVEEN KUMAR","AMRAPALI GOLF HOMES","9872095952"
"3747","Mr. NEERAJ GUPTA","AMRAPALI GOLF HOMES","8800142742"
"3748","Mr. KUNDAN LAL","AMRAPALI GOLF HOMES","9953662633, 9873001261"
"3749","Mr. SUNDER","AMRAPALI GOLF HOMES","9873010340"
"3750","Mrs. RANJEETA SINGH","AMRAPALI GOLF HOMES","9873687548"
"3751","Mrs. SEEMA KUMARI","AMRAPALI GOLF HOMES","9899124070, 9818823682"
"3752","Mr. SATYENDRA SHARMA","AMRAPALI GOLF HOMES","9868358342"
"3753","Mrs. ALKA YADAV","AMRAPALI GOLF HOMES","9810080731"
"3754","Mrs. MONIKA MAHAJAN","AMRAPALI GOLF HOMES","9419188378"
"3755","Mrs. SHALLY GUPTA","AMRAPALI GOLF HOMES","09419149146 ,9419149146"
"3756","Mr. MANISH H JASUJA","AMRAPALI GOLF HOMES","9818275489"
"3757","Mr. MANISH SINGH","AMRAPALI GOLF HOMES","9560864966"
"3758","Mrs. SUNITA VASUDEVA","AMRAPALI GOLF HOMES","9650377975, 9313672788"
"3759","MR. AMIT DAS","AMRAPALI GOLF HOMES","9718610874"
"3760","Ms. SANYA VASUDEVA","AMRAPALI GOLF HOMES","9810445335"
"3761","Mr. DEEPAK KUMAR SHARMA","AMRAPALI GOLF HOMES","9811899209"
"3762","Mr. AMBAR AGARWAL","AMRAPALI GOLF HOMES","8860080874"
"3763","Mr. MAHESH PRASAD RATH","AMRAPALI GOLF HOMES","9412768062"
"3764","Mr. GURDEEP SINGH CHAUDHARY","AMRAPALI GOLF HOMES","8800093245, 9654393201"
"3765","Mr. ASHISH PANDEY","AMRAPALI GOLF HOMES","9212013456"
"3766","Mr. YOGESH JOSHI","AMRAPALI GOLF HOMES","9023246300"
"3767","Mr. VIVEK KUMAR RAWAT","AMRAPALI GOLF HOMES","9899870730, 9871344411"
"3768","Mr. PANKAJ GUPTA","AMRAPALI GOLF HOMES","9873247777"
"3769","Mrs. ANJALI SINGH","AMRAPALI GOLF HOMES","9818500392"
"3770","Mr. TARUN KUMAR SHARMA","AMRAPALI GOLF HOMES","9871177938"
"3771","Mr. RAM PRATAP","AMRAPALI GOLF HOMES","9868135154"
"3772","Mr. NARENDER KUMAR","AMRAPALI GOLF HOMES","9015610532"
"3773","Mr.PARSHU RAM OJHA","AMRAPALI GOLF HOMES","9673330439"
"3774","Mr. DURGA PRASAD","AMRAPALI GOLF HOMES","9711511009"
"3775","Mrs. KRISHNA PRASHAD","AMRAPALI GOLF HOMES","9810476791"
"3776","Mr. GOPAL KRISHNA NARAYAN","AMRAPALI GOLF HOMES","9013603897, 8800793179"
"3777","Mrs. PALLAWI POOJA","AMRAPALI GOLF HOMES","7290092792"
"3778","Mrs. BIMLA SINHA","AMRAPALI GOLF HOMES","9810999811"
"3779","Mr. SUDEEP AGRAWAL","AMRAPALI GOLF HOMES","9871329481"
"3780","Mr. VIJAY KUMAR MESHRAM","AMRAPALI GOLF HOMES","9810613215"
"3781","MR. FAIZUL NAVI KHAN","AMRAPALI GOLF HOMES","9910225008, 9627397321"
"3782","Mr. PAWAN CHHABRA","AMRAPALI GOLF HOMES","9718650555"
"3783","Mr. BRIJENDRA MOHAN TIWARI","AMRAPALI GOLF HOMES","9873538687/9956076721"
"3784","Mr. SANJAY RANA","AMRAPALI GOLF HOMES","8800715027"
"3785","Mrs. CHITRA SENGUPTA","AMRAPALI GOLF HOMES","9868978071"
"3786","Mr. JAGDISH NARAIN VERMA","AMRAPALI GOLF HOMES","9718498309"
"3787","Mrs. KAMLESH KUMARI","AMRAPALI GOLF HOMES","9560419151"
"3788","Mr. SHITIZ GOLA","AMRAPALI GOLF HOMES","9312257499"
"3789","Mr. VIVEK MITTAL","AMRAPALI GOLF HOMES","9818033350"
"3790","Mr. NALIN KUMAR","AMRAPALI GOLF HOMES","9891620608"
"3791","Mr. BHIMA SEN NAYAK","AMRAPALI GOLF HOMES","8826437549"
"3792","Mrs. PALLIKA BHUYAN","AMRAPALI GOLF HOMES","9707683053"
"3793","Mr. AMIT VERMA","AMRAPALI GOLF HOMES","9910069869"
"3794","Mrs. ANJU VERMA","AMRAPALI GOLF HOMES","9818504122"
"3795","Mr. SUBESHA KUMAR SASMAL","AMRAPALI GOLF HOMES","9818195095"
"3796","Mr. DHARMENDRA KUMAR SINGH","AMRAPALI GOLF HOMES","9891480688"
"3797","Mrs. GARIMA SRIVASTAVA","AMRAPALI GOLF HOMES","9350978856, 9899528646"
"3798","Ms. SONAL MATHUR","AMRAPALI GOLF HOMES","9711117633"
"3799","Mrs. SAROJ","AMRAPALI GOLF HOMES","9654730652, 9415691224"
"3800","Mrs. KANCHAN RANA MATHUR","AMRAPALI GOLF HOMES","9711513003"
"3801","Mrs. SAIQUA TABASSUM","AMRAPALI GOLF HOMES","9811303552"
"3802","Mrs. GULSHAN NAFIS","AMRAPALI GOLF HOMES","9811356063"
"3803","Dr. MRINALINI DAS CHUTIA","AMRAPALI GOLF HOMES","9864042554"
"3804","Ms. HINA SIDDIQUI","AMRAPALI GOLF HOMES","9871600856"
"3805","Mr. MANISH SRIVASTAVA","AMRAPALI GOLF HOMES","9868266712"
"3806","Mr. ANNKIT AGARWAL","AMRAPALI GOLF HOMES","7065832650"
"3807","MR. PARMENDRA VERMA","AMRAPALI GOLF HOMES","9013853162"
"3808","Mr. SANTOSH KUMAR SINGH","AMRAPALI GOLF HOMES","9999320504"
"3809","Mr. ANUJ NAGPAL","AMRAPALI GOLF HOMES","8826598199"
"3810","Ms. CHANDA SINGH","AMRAPALI GOLF HOMES","8800996642"
"3811","Mr. SUDHIR KUMAR","AMRAPALI GOLF HOMES","9810687984"
"3812","Mr. PREM KUMAR SHARMA","AMRAPALI GOLF HOMES","9810255945"
"3813","Mr. BRAJESH KUMAR.","AMRAPALI GOLF HOMES","9334059856"
"3814","Mrs. SUNITA SINGH","AMRAPALI GOLF HOMES","9811903001, 9312687134"
"3815","Mr. RAJESH KUMAR","AMRAPALI GOLF HOMES","9835082133"
"3816","Mr. SRINIVAS KASSA","AMRAPALI GOLF HOMES","9599772264"
"3817","Mr. GOPAL SINGH","AMRAPALI GOLF HOMES","9899363903"
"3818","MR. AJEET KUMAR PRABHAKAR","AMRAPALI GOLF HOMES","8010507024"
"3819","Mr. ALOK PRAKASH","AMRAPALI GOLF HOMES","9717882370"
"3820","Mr. SUKHDEV SINGH","AMRAPALI GOLF HOMES","9811398474"
"3821","Mr. HARMEET SINGH","AMRAPALI GOLF HOMES","9716424242"
"3822","Mr. SHANTANU JAIN","AMRAPALI GOLF HOMES","9350363610, 9999069453"
"3823","Mr. VED PRAKASH SHARMA.","AMRAPALI GOLF HOMES","9.54E+19"
"3824","Mrs. PREMLATA MISHRA","AMRAPALI GOLF HOMES","8010320690"
"3825","Mr. RAJEEV KUMAR","AMRAPALI GOLF HOMES","9911635911, 9999266132"
"3826","Mrs. KUSUM LATA.","AMRAPALI GOLF HOMES","8130905411"
"3827","Mr. VIRENDRA KUMAR","AMRAPALI GOLF HOMES","9560560502"
"3828","Dr. MUKESH YADAV","AMRAPALI GOLF HOMES","8449539500, 9456283044"
"3829","Mrs. SWATI KAPOOR","AMRAPALI GOLF HOMES","9810029752"
"3830","Mr. AMIT KUMAR SRIVASTAVA","AMRAPALI GOLF HOMES","9899325766"
"3831","Mr. VINAY KUMAR SINHA","AMRAPALI GOLF HOMES","9871094241, 9540023939"
"3832","Mr. DEEPAK JAIN","AMRAPALI GOLF HOMES","9811076635, 9899076635"
"3833","Mrs. BABITA VARSHNEY","AMRAPALI GOLF HOMES","9368099249"
"3834","MR. KIRTESH BAGARECHA","AMRAPALI GOLF HOMES","9024395079"
"3835","MR. ANKIT YADAV","AMRAPALI GOLF HOMES","8860023241, 9839587968"
"3836","MR. VIVEK SRIVASTAVA","AMRAPALI GOLF HOMES","9910984733"
"3837","MR. BIJAYA KUMAR JENA","AMRAPALI GOLF HOMES","9868472945"
"3838","MR. SANTOSH KUMAR SINGH","AMRAPALI GOLF HOMES","9839507750, 8874202512"
"3839","MR. GAURAV KUMAR GUPTA","AMRAPALI GOLF HOMES","9899208341"
"3840","MRS. KAMLESH","AMRAPALI GOLF HOMES","8527541043"
"3841","MRS. MALIKA SINGH","AMRAPALI GOLF HOMES","9910559760"
"3842","MR. PANKAJ UPRETI","AMRAPALI GOLF HOMES","9650526734"
"3843","MR. ABHOJ DHAMA","AMRAPALI GOLF HOMES","9312118661"
"3844","MR. MOHAR PAL","AMRAPALI GOLF HOMES","9818888521"
"3845","MRS. SUJATA CHAUHAN","AMRAPALI GOLF HOMES","9650030058, 9460046992"
"3846","MR. DEEPAK SHARMA","AMRAPALI GOLF HOMES","8588842260"
"3847","MR. LOKESH KUMAR.","AMRAPALI GOLF HOMES","9312986830"
"3848","MR. SATISH KUMAR","AMRAPALI GOLF HOMES","9716432556"
"3849","MR. HARMEET SINGH","AMRAPALI GOLF HOMES","9899296432"
"3850","Mr. AMIT KUMAR AGRAWAL","AMRAPALI GOLF HOMES","9999916475"
"3851","Mr. RAKESH KUMAR SINGHAL","AMRAPALI GOLF HOMES","9999007960"
"3852","Mr. VINOD KUMAR","AMRAPALI GOLF HOMES","8587039099"
"3853","Mr. VIVEKANAND VIKRAM SINGH","AMRAPALI GOLF HOMES","9419031789"
"3854","Mr. SANTOSH KUMAR SINGH.","AMRAPALI GOLF HOMES","9411878130"
"3855","Mrs. DEEPIKA VARSHNEY","AMRAPALI GOLF HOMES","9350106432"
"3856","Mr. TARA CHAND","AMRAPALI GOLF HOMES","9312969624"
"3857","Mr. HEM PRAKASH","AMRAPALI GOLF HOMES","9999279584"
"3858","Mr. ANUJ KUMAR ACHVAN","AMRAPALI GOLF HOMES","9312507137"
"3859","Mr. CHANDRA SHEKHAR PRASAD CHANDRA","AMRAPALI GOLF HOMES","9430374741"
"3860","Mr. SATENDRA SINGH TOMAR","AMRAPALI GOLF HOMES","9759274553, 9368329940"
"3861","Mrs. RANJANI RAWAT","AMRAPALI GOLF HOMES","9868460901"
"3862","Mr. IKSHIT JAIN","AMRAPALI GOLF HOMES","8800443669"
"3863","Mr. RANJAN KUMAR","AMRAPALI GOLF HOMES","9313061396, 9013853214"
"3864","Mr. PARMESHWAR SINGH MUNDA","AMRAPALI GOLF HOMES","9934862892"
"3865","Mr. GHANSHYAM THAPA","AMRAPALI GOLF HOMES","9811841997"
"3866","Mr. AJAY VASUDEVA .","AMRAPALI GOLF HOMES","9810445335"
"3867","Mr. ROBIN KUMAR RAM","AMRAPALI GOLF HOMES","9990844828"
"3868","Mr. AWANISH PRAKASH","AMRAPALI GOLF HOMES","9211864810"
"3869","Mrs. SABITA KUMARI","AMRAPALI GOLF HOMES","9891927340, 9431427866"
"3870","Mr. RAMESH KUMAR KARN","AMRAPALI GOLF HOMES","9868891909"
"3871","Mrs. ANSHU MALA","AMRAPALI GOLF HOMES","9212521234"
"3872","Mr. GURNAM SINGH","AMRAPALI GOLF HOMES","9867404167"
"3873","Mr. AMIT KUMAR GARG","AMRAPALI GOLF HOMES","9911538051, 9999241718"
"3874","Mr. SUDHIR KUMAR SHARMA","AMRAPALI GOLF HOMES","9810041125"
"3875","Mr. BHUPAL SINGH BISHT","AMRAPALI GOLF HOMES","09873448668, 9312747827"
"3876","Mr. S. GURUMURTHY","AMRAPALI GOLF HOMES","9999821357"
"3877","Mr. SOHANVEER","AMRAPALI GOLF HOMES","9818595121"
"3878","Mr. S. SRI MURUGAN","AMRAPALI GOLF HOMES","9600958661"
"3879","Mr. SHIV RAJ SINGH","AMRAPALI GOLF HOMES","9810308915"
"3880","Ms. RACHNA RAWAT","AMRAPALI GOLF HOMES","9810302680"
"3881","Mr. RANGANATHAN NARAYANAN","AMRAPALI GOLF HOMES","9811110492"
"3882","Mrs. BINA VERMA","AMRAPALI GOLF HOMES","9430678310"
"3883","Mr. SANJAY SINGH","AMRAPALI GOLF HOMES","9818126289"
"3884","Mr. RABINDRA BEHERA","AMRAPALI GOLF HOMES","9990370944, 9911365851"
"3885","Mr. ANUBRAT GOHAIN","AMRAPALI GOLF HOMES","9990088172"
"3886","Mr. VED RAM SHARMA","AMRAPALI GOLF HOMES","9810276943"
"3887","Mr. MANOJ KUMAR SINGH","AMRAPALI GOLF HOMES","9950630099"
"3888","Mr. DAN SINGH RAWAT","AMRAPALI GOLF HOMES","9717480520, 9013851454"
"3889","Mr. KRISHAN MONGIA","AMRAPALI GOLF HOMES","9911101157"
"3890","Mr. SURENDRA KUMAR SHAW","AMRAPALI GOLF HOMES","9250321986"
"3891","Mr. RUPESH KUMAR SINGH","AMRAPALI GOLF HOMES","9860890538"
"3892","Mrs. PRIYANKA SANJIV JHA","AMRAPALI GOLF HOMES","9946457281"
"3893","Mr. RAJEEV KUMAR","AMRAPALI GOLF HOMES","9810678701, 9958967077"
"3894","Mr. SHAILENDRA KUMAR VERMA","AMRAPALI GOLF HOMES","9711112110"
"3895","Mrs. SANDHYA GARG","AMRAPALI GOLF HOMES","7895338877,406 235 375"
"3896","Mr. BRIJMOHAN SINGH RAWAT","AMRAPALI GOLF HOMES","9953555130, 9350078741"
"3897","Mr. DEEPAK CHANDRA MAHASETH","AMRAPALI GOLF HOMES","9599673371"
"3898","Mr. VIKAS SHARMA","AMRAPALI GOLF HOMES","9013560566"
"3899","Mr. MAHABIR SINGH","AMRAPALI GOLF HOMES","9818156188"
"3900","Mr. TANUJ SHARMA","AMRAPALI GOLF HOMES","9810452016"
"3901","Mr. BARNARD LAKRA","AMRAPALI GOLF HOMES","9873751109, 9911093200"
"3902","Mr. SURESH MALIK","AMRAPALI GOLF HOMES","9212222378"
"3903","Mr. DEEPAK JOSHI","AMRAPALI GOLF HOMES","9899196754, 9717821647"
"3904","Mr. SHRAWAN KUMAR AGRAWAL","AMRAPALI GOLF HOMES","9312751838, 9582207263"
"3905","MR. VISHNU KUMAR SHARMA","AMRAPALI GOLF HOMES","9971271440"
"3906","Mrs. PUJA BHARTI","AMRAPALI GOLF HOMES","9911356292"
"3907","Mrs. ANJANA RASTOGI","AMRAPALI GOLF HOMES","9873844030"
"3908","Mr. SANJAY KUMAR SINGH","AMRAPALI GOLF HOMES","8860822735"
"3909","Mr. RAJIB BANERJEE","AMRAPALI GOLF HOMES","9874497313"
"3910","Mrs. SHEELA RAI","AMRAPALI GOLF HOMES","9718410481"
"3911","Mrs. SHEELA RAI","AMRAPALI GOLF HOMES","9718410481"
"3912","Mr. AKHILESH KUMAR CHAURASIA","AMRAPALI GOLF HOMES","9899679287"
"3913","Mrs. MANJU GAUTAM","AMRAPALI GOLF HOMES","9911947286"
"3914","Mr. VINAY SINGH SAINI","AMRAPALI GOLF HOMES","9953335124"
"3915","Mr. VINOD KUMAR JAIRATH","AMRAPALI GOLF HOMES","9999341965, 9999481826"
"3916","Mr. HIMANSHU MAKKAR","AMRAPALI GOLF HOMES","9582510924"
"3917","Mr. SADASIVAN K SANKARAN","AMRAPALI GOLF HOMES","9711878599, 9999032181"
"3918","Mr. ALOK SHANKAR","AMRAPALI GOLF HOMES","9873904453"
"3919","Mr. DHEERAJ SHARMA","AMRAPALI GOLF HOMES","9313068580"
"3920","Mr. SANJAY KUMAR PRAJAPATI","AMRAPALI GOLF HOMES","9818941046"
"3921","Mr. SUNIL BOBAL","AMRAPALI GOLF HOMES","9911175388"
"3922","Mr. PRADEEP KUMAR SHARMA","AMRAPALI GOLF HOMES","9873242075"
"3923","Mr. SANTOSH KUMAR CHOUDHARY","AMRAPALI GOLF HOMES","9044449560"
"3924","Mr. PAWAN KUMAR JHA","AMRAPALI GOLF HOMES","9431636392"
"3925","MR. SANJAY KUMAR","AMRAPALI GOLF HOMES","9873080235"
"3926","Mr. GULSHAN KUMAR KAUSHIK","AMRAPALI GOLF HOMES","9868948263"
"3927","Mr. SRINIVASAN M","AMRAPALI GOLF HOMES","9313576702"
"3928","Mr. ANIL KUMAR VARSHNEY","AMRAPALI GOLF HOMES","8800540678"
"3929","Mr. MRITUNJAY KUMAR","AMRAPALI GOLF HOMES","9818882514, 9890617073"
"3930","Mr. ABHIJEET BARMAN","AMRAPALI GOLF HOMES","9999418181"
"3931","Mr. JASVIR SAURANA","AMRAPALI GOLF HOMES","9999368676"
"3932","Mr. BISHWANATH SINGH","AMRAPALI GOLF HOMES","9431460252"
"3933","Mr. VIJIT CHOPRA","AMRAPALI GOLF HOMES","9811334673"
"3934","Mrs. RAJINDER KAUR","AMRAPALI GOLF HOMES","9899480480"
"3935","Mr. NITIN GUPTA","AMRAPALI GOLF HOMES","9871333111"
"3936","Mr. AMRESH KUMAR SINGH","AMRAPALI GOLF HOMES","9431079441"
"3937","Mrs. AMRITA","AMRAPALI GOLF HOMES","9430284057"
"3938","Mrs. MUKTA BAXI","AMRAPALI GOLF HOMES","9971006443"
"3939","Mr. ASHOK BISHT","AMRAPALI GOLF HOMES","9999759035"
"3940","MR. VISHAL JAIN","AMRAPALI GOLF HOMES","9350276020"
"3941","MR. PANKAJ KUMAR JOSHI","AMRAPALI GOLF HOMES","9711218792, 9899980430"
"3942","M/S. CREATION ASSOCIATES","AMRAPALI GOLF HOMES",""
"3943","MRS. ARPANA RANI","AMRAPALI GOLF HOMES","8860809189"
"3944","MR. GANGESH GUNJAN CHOUDHARY","AMRAPALI GOLF HOMES","9469060560, 9531651779"
"3945","MR. S.K. BHATNAGAR","AMRAPALI GOLF HOMES","9999062891"
"3946","MR. SURAJ MANI","AMRAPALI GOLF HOMES","8010313710"
"3947","MRS. SONIA CHAUHAN","AMRAPALI GOLF HOMES","9540996708"
"3948","MR. ANUP JOSHI","AMRAPALI GOLF HOMES","9999728150"
"3949","COL. UDAI JAWA","AMRAPALI GOLF HOMES","9810098351"
"3950","MR. ASHOK THAPLIYAL","AMRAPALI GOLF HOMES","9910992205"
"3951","MR. SUDHANSHU SHUKLA","AMRAPALI GOLF HOMES","9891363943"
"3952","Mr. HARJEET SINGH","AMRAPALI GOLF HOMES","9818607421"
"3953","Mr. ANGAD KUMAR DUBEY","AMRAPALI GOLF HOMES","9868768100"
"3954","Mr. MADAN SINGH BISHT","AMRAPALI GOLF HOMES","9810084079"
"3955","Mrs. K KOTESWARI","AMRAPALI GOLF HOMES","9393477855"
"3956","Mr. AJIT PAL SINGH CHADHA","AMRAPALI GOLF HOMES","9818668081"
"3957","Mr. AMIT HANDA","AMRAPALI GOLF HOMES","9837775531"
"3958","Mr. DEEPAK","AMRAPALI GOLF HOMES","9810885551, 9416391073"
"3959","Mr. SAHAB SINGH PAWAR","AMRAPALI GOLF HOMES","9868715219 9266300000"
"3960","Mr. ASHOK KUMAR GUPTA","AMRAPALI GOLF HOMES","9313343087"
"3961","Mr. KAILASH NARAIN PORWAL","AMRAPALI GOLF HOMES","9818897267"
"3962","Mr. DEEPAK SAHU","AMRAPALI GOLF HOMES","9810084208"
"3963","Mrs. JAYANTI PRAKASH","AMRAPALI GOLF HOMES","9999725010"
"3964","Mr. VINOD KUMAR","AMRAPALI GOLF HOMES","9999173132, 9999568099"
"3965","Mr. UMESH KUMAR SINGH","AMRAPALI GOLF HOMES","9013920386"
"3966","Mr. HARINDER PRASHAD SHARMA","AMRAPALI GOLF HOMES","9278253314"
"3967","Mr. ATUL VISHAMBHARI","AMRAPALI GOLF HOMES","9990044760"
"3968","Mr. BALBIR SINGH","AMRAPALI GOLF HOMES","9968537345"
"3969","Mr. RAKESH PAL","AMRAPALI GOLF HOMES","7838764067"
"3970","Mr. SURESH BHARDWAJ","AMRAPALI GOLF HOMES","9811108604"
"3971","Mr. AJAY KUMAR","AMRAPALI GOLF HOMES","9999741674"
"3972","Mrs. UPMA LUTHRA","AMRAPALI GOLF HOMES","9818541606"
"3973","Mr. HARVINDER BHUTANI","AMRAPALI GOLF HOMES","9868600847"
"3974","Mr. UMESH PANT","AMRAPALI GOLF HOMES","8802480790"
"3975","Mr. SARAT KUMAR DEHURY","AMRAPALI GOLF HOMES","9868220567"
"3976","Mr. SANJAY KUMAR PATHAK","AMRAPALI GOLF HOMES","7579213740"
"3977","Mrs. RANJANA JAIN","AMRAPALI GOLF HOMES","9412257561, 7714022538"
"3978","Mr. SANJEET KUMAR","AMRAPALI GOLF HOMES","9899167016"
"3979","Ms. KANIKA MAHAJAN","AMRAPALI GOLF HOMES","9717694840"
"3980","Mr. AMLESH RAI","AMRAPALI GOLF HOMES","9999094433"
"3981","Mrs. SEEMA JAIN","AMRAPALI GOLF HOMES","9891411689"
"3982","Mr. RAJAN G.","AMRAPALI GOLF HOMES","9311122137"
"3983","Mr. PRAFULLA KUMAR BISWAL","AMRAPALI GOLF HOMES","9868542111"
"3984","Mr. VIVEK SHUKLA","AMRAPALI GOLF HOMES","9810867890"
"3985","Mr. AVINASH KUMAR","AMRAPALI GOLF HOMES","9891644079"
"3986","Mr. PRASHANT DEV SRIVASTAVA","AMRAPALI GOLF HOMES","9811971610"
"3987","Mr. KULDEEP CHAND","AMRAPALI GOLF HOMES","9873850085"
"3988","Mr. SHAILENDRA S. LOHIA","AMRAPALI GOLF HOMES","9650223769"
"3989","Mr. MANISH ARORA","AMRAPALI GOLF HOMES","9956394239"
"3990","Mr. SAUGATA PALIT","AMRAPALI GOLF HOMES","9830300118"
"3991","Mr. AMBUJ KUMAR SRIVASTAVA","AMRAPALI GOLF HOMES","9451888610"
"3992","Mr. RAHUL KHANNA","AMRAPALI GOLF HOMES","9899399969"
"3993","Mr. PIYOOSH KUMAR SRIVASTAVA","AMRAPALI GOLF HOMES","8285007799"
"3994","Mr. VINEET KUMAR SINGH","AMRAPALI GOLF HOMES","8607969100"
"3995","Mr. ADITYA KUMAR MISHRA","AMRAPALI GOLF HOMES","9873464675, 09839065056"
"3996","Mrs. VINEETA MALHOTRA","AMRAPALI GOLF HOMES","9811211895"
"3997","Mrs. RAJNI ARORA","AMRAPALI GOLF HOMES","9999293638"
"3998","Mr. HAPPY RANAJIT SAHOO","AMRAPALI GOLF HOMES","8860342869, 9013633111"
"3999","Mr. CHANDRA BHUSHAN","AMRAPALI GOLF HOMES","9953844605"
"4000","Mr. ABHISHEK SINGH","AMRAPALI GOLF HOMES","9934333190, 9334687741"
"4001","Mr. LALIT RAJORA","AMRAPALI GOLF HOMES","9837088754"
"4002","Ms. VIDYA","AMRAPALI GOLF HOMES","9820703345"
"4003","Mrs. NEERA VERMA","AMRAPALI GOLF HOMES","9997322997"
"4004","MR. SOURABH GUPTA","AMRAPALI GOLF HOMES","9716091048"
"4005","Ms. PALLAVI SINGH","AMRAPALI GOLF HOMES","9810958110"
"4006","MR. SUMIT KUMAR SRIVASTAVA","AMRAPALI GOLF HOMES","9971730514"
"4007","Mrs. BIBHA DEVI","AMRAPALI GOLF HOMES","9430212882, 9234180938"
"4008","Ms. PRIYANKA SINGH","AMRAPALI GOLF HOMES","9899455912, 9818652009"
"4009","Mr. ASHOK KUMAR","AMRAPALI GOLF HOMES","8802263263"
"4010","Mr. GAURAV SINGH","AMRAPALI GOLF HOMES","9811257625"
"4011","Mr. LAXMI NARAYAN TYAGI","AMRAPALI GOLF HOMES","9810672444"
"4012","MRS. MEENA K SINHA","AMRAPALI GOLF HOMES","7838951665"
"4013","MR. PRAVEEN KUMAR VERMA","AMRAPALI GOLF HOMES","9910027989"
"4014","MR. ABHISHEK TYAGI","AMRAPALI GOLF HOMES","9358567270"
"4015","MR. ASHOK KUMAR","AMRAPALI GOLF HOMES","8802073450"
"4016","MR. PREM PRAKASH MENGHANI","AMRAPALI GOLF HOMES","9810274122"
"4017","MRS. NIRMALA SINGH","AMRAPALI GOLF HOMES","9453466069, 9415675342"
"4018","MR. ABHIJIT BAILONG","AMRAPALI GOLF HOMES","9954010619"
"4019","MR. DHANANJAY SINGH","AMRAPALI GOLF HOMES","8588828562"
"4020","Mr. PAPPU BHATT","AMRAPALI GOLF HOMES","9899067006, 9650024361"
"4021","Mr. RAJ PAL CHAUHAN","AMRAPALI GOLF HOMES","9205691610"
"4022","Mrs. NEENA GILLON","AMRAPALI GOLF HOMES","9891295884"
"4023","Mrs. GEETA VAID","AMRAPALI GOLF HOMES","9868814432"
"4024","Mr. HANEE THAOR","AMRAPALI GOLF HOMES","9711179213"
"4025","Mr. SANKARSAN GIRI","AMRAPALI GOLF HOMES","9582224815"
"4026","Mr. TEJASWIN MOHANTY","AMRAPALI GOLF HOMES","9911211044, 9990375452"
"4027","Mr. MUKESH K SINGH","AMRAPALI GOLF HOMES","9899957101"
"4028","Mr. M. C. NARANG","AMRAPALI GOLF HOMES","9811090932"
"4029","Mr. ARUN GAUR","AMRAPALI GOLF HOMES","9013477178"
"4030","Mr. VIRENDRA SINGH","AMRAPALI GOLF HOMES","9412834598"
"4031","Mr. AVINASH GUPTA","AMRAPALI GOLF HOMES","8800456457"
"4032","Mr. DILEEP KUMAR BHAN","AMRAPALI GOLF HOMES","9958919614, 9958919613, 9650544835"
"4033","Mr. SUDHIR KASHKARI","AMRAPALI GOLF HOMES","9971945959, 9871941046, 9958278889"
"4034","Mr. RANDHIR KUMAR","AMRAPALI GOLF HOMES","9899117503"
"4035","Mr. HEMANT KUMAR VASHISHTH","AMRAPALI GOLF HOMES","9910908575"
"4036","Mr. PRAVEEN GUPTA","AMRAPALI GOLF HOMES","9910307366, 9810930425"
"4037","Mr. RAKESH KUMAR MISHRA","AMRAPALI GOLF HOMES","9891898680"
"4038","Mr. GOVIND GOYAL","AMRAPALI GOLF HOMES","9911552460"
"4039","Mr. GOPAL GOYAL","AMRAPALI GOLF HOMES","9911552460"
"4040","Mrs. FUL KUMARI","AMRAPALI GOLF HOMES","9811481675, 9213988149"
"4041","Mr. SHIV SAHAI PAL","AMRAPALI GOLF HOMES","7508727856, 7508731856"
"4042","Mr. RAJESH KUMAR PRAJAPATI","AMRAPALI GOLF HOMES","9811936378"
"4043","Mr. RAM BALAK SHARMA","AMRAPALI GOLF HOMES","9899974960"
"4044","Mr. MAHESH GIRI","AMRAPALI GOLF HOMES",""
"4045","Mr. C. S. NEGI","AMRAPALI GOLF HOMES","9650885704"
"4046","Mr. PRASUN MISHRA","AMRAPALI GOLF HOMES","8860061805"
"4047","Mr. SANJIV SINGH","AMRAPALI GOLF HOMES","-7762"
"4048","Mr. RAVINDER KUMAR PANDITA","AMRAPALI GOLF HOMES","9419131450"
"4049","Mr. ARUN KUMAR SINGH","AMRAPALI GOLF HOMES","9818414759"
"4050","Mr. RAVINDRA KUMAR SINGH","AMRAPALI GOLF HOMES","9454142325, 9968245142"
"4051","Mr. ASHISH SETH","AMRAPALI GOLF HOMES","9335991841"
"4052","Mrs. MANJU SETHI","AMRAPALI GOLF HOMES","9990408939"
"4053","Mr. SHYAM SINGH RAWAT","AMRAPALI GOLF HOMES","9.87E+18"
"4054","Mr. ARVIND KUMAR","AMRAPALI GOLF HOMES","9990425705"
"4055","Mr. SANJAY SRIVASTAV","AMRAPALI GOLF HOMES","9818369416"
"4056","Mr. SOUPARNA LAHIRI","AMRAPALI GOLF HOMES","9818147740"
"4057","Mr. ANIL KUMAR","AMRAPALI GOLF HOMES","9164204064, 9811697871"
"4058","Mrs. VANDANA SINGH","AMRAPALI GOLF HOMES","9891865299"
"4059","Mrs. GURPREET KAUR.","AMRAPALI GOLF HOMES","9971150751, 9560988229"
"4060","Mr. VINEET KUMAR SRIVASTAVA","AMRAPALI GOLF HOMES","9940677217"
"4061","Mrs. SHIKSHA DHYANI","AMRAPALI GOLF HOMES","9711207156"
"4062","Mr. BRINDER SINGH ARORA","AMRAPALI GOLF HOMES","9910699909, 9811918420"
"4063","Mr. ALOK TYAGI","AMRAPALI GOLF HOMES","9818100014"
"4064","Mr. ASHISH MAHAJAN","AMRAPALI GOLF HOMES","9560420368"
"4065","Mr. VIBHU PRAKASH","AMRAPALI GOLF HOMES","9582800832, 9958355616"
"4066","Mrs. MEENA MEHROTRA","AMRAPALI GOLF HOMES","9359935228, 9250210648"
"4067","Mr. PANKAJ KISHORE","AMRAPALI GOLF HOMES","9801575827"
"4068","Mr. RAHUL SINGH SIROHI","AMRAPALI GOLF HOMES","9212899876"
"4069","Mrs. RUCHIKA BHOLA","AMRAPALI GOLF HOMES","9810893077"
"4070","Mrs. MEETU MAHAJAN","AMRAPALI GOLF HOMES","9810558100"
"4071","Mr. RAM KISHOR SINGH","AMRAPALI GOLF HOMES","8547383967, 4985224167"
"4072","Mrs. GEETANJALI SETHI","AMRAPALI GOLF HOMES","9210866684"
"4073","Mr. SUROJEET BANERJEE","AMRAPALI GOLF HOMES","9619665181"
"4074","Mr. ARUN KUMAR NIGAM","AMRAPALI GOLF HOMES","9893110811"
"4075","Mr. MANISH KUMAR","AMRAPALI GOLF HOMES","9999194700"
"4076","Mr. ASHISH SAHRAWAT","AMRAPALI GOLF HOMES","9971914949"
"4077","Mr. JASPAL SINGH TULI","AMRAPALI GOLF HOMES","9.18588E+11"
"4078","Mrs. BELA JAIN","AMRAPALI GOLF HOMES","9350805738"
"4079","MR. SARTHAK GROVER","AMRAPALI GOLF HOMES","8447248900"
"4080","MR. NISHANT KUMAR AGARWAL","AMRAPALI GOLF HOMES","9873315339"
"4081","MR. VIKAS SAXENA","AMRAPALI GOLF HOMES","9818958936"
"4082","MR. JAGDISH CHANDRA KANDPAL","AMRAPALI GOLF HOMES","8860838884"
"4083","MR. DEEPANSH NAVAL SAXENA","AMRAPALI GOLF HOMES","8587900369"
"4084","MR. PARAMJIT SHARMA","AMRAPALI GOLF HOMES","9968380938"
"4085","MR. SHESH MANI","AMRAPALI GOLF HOMES","9811414112"
"4086","MRS. GEETIKA PATTJOSHI","AMRAPALI GOLF HOMES","9971726675"
"4087","MR. P.V.R. NAIR","AMRAPALI GOLF HOMES","9711517840"
"4088","Mr. SUJITH SHANMUGHAN","AMRAPALI GOLF HOMES","9582304113"
"4089","Mr. BAHADUR SINGH BANI","AMRAPALI GOLF HOMES","9811720217, 9873692993"
"4090","Dr. KAILASH CHANDRA","AMRAPALI GOLF HOMES","9311893853"
"4091","Mr. RAGHU PRASAD RATH","AMRAPALI GOLF HOMES","8802199083"
"4092","Mr. VIKAS KUMAR","AMRAPALI GOLF HOMES","7676195933"
"4093","Mr. AMITABH BACHCHAN SHRIVASTAVA","AMRAPALI GOLF HOMES","7382736310"
"4094","Mrs. JULIE THAKUR","AMRAPALI GOLF HOMES","9650003156"
"4095","MR. SIYARAM KUMAR","AMRAPALI GOLF HOMES","9718914722, 7065802824"
"4096","Mr. SHYAM NARAYAN TEWARI","AMRAPALI GOLF HOMES","9897466403, 8171878494"
"4097","Mr. SATYA PRAKASH SINGH","AMRAPALI GOLF HOMES","9910889155"
"4098","Mr. RAVI KUMAR SINGH RATHORE","AMRAPALI GOLF HOMES","8652285884"
"4099","Mr. DEVINDRA","AMRAPALI GOLF HOMES","8.83E+19"
"4100","Mrs. VARUNA KATARIA","AMRAPALI GOLF HOMES","9911919723, 9654694484"
"4101","Mr. ATUL KUMAR","AMRAPALI GOLF HOMES","9456474494"
"4102","Mr. MD. OBAIDULLAH","AMRAPALI GOLF HOMES","9818283686"
"4103","Mr. ANIL KUMAR MAHESHWARI","AMRAPALI GOLF HOMES","9416212409"
"4104","Ms. NAMITA AGARWAL","AMRAPALI GOLF HOMES","9654760736"
"4105","Mrs. SALONI MEHROTRA","AMRAPALI GOLF HOMES","9911487179"
"4106","Mr. R. K. GUPTA","AMRAPALI GOLF HOMES","9971566331"
"4107","Mr. ABHISHEK SINGH","AMRAPALI GOLF HOMES","9717049106"
"4108","Mr. JAI SHANKAR TRIPATHI","AMRAPALI GOLF HOMES","9999978902"
"4109","Mr. SANJEEV KUMAR","AMRAPALI GOLF HOMES","9971001787, 9971001977"
"4110","Mr. HARI BANSH SINGH","AMRAPALI GOLF HOMES","9871047429"
"4111","Mr. PANKAJ KUMAR","AMRAPALI GOLF HOMES","9891927340"
"4112","Ms. RASHMI GUPTA","AMRAPALI GOLF HOMES","9873144373"
"4113","Mr. MOJAHID HUSSAIN","AMRAPALI GOLF HOMES","9871842472"
"4114","Mr. ASHISH NAUTIYAL","AMRAPALI GOLF HOMES","9911944810, 9891678992"
"4115","Mr. VIVEK KUMAR VERMA","AMRAPALI GOLF HOMES","9718483921, 8380071331"
"4116","Mr. AMITESH NANDAN","AMRAPALI GOLF HOMES","9007840057"
"4117","Mr. S. AMMAR HUSAIN","AMRAPALI GOLF HOMES","9910503754"
"4118","Mr. RAMAN KUMAR VISHWAKARMA","AMRAPALI GOLF HOMES","8884812424"
"4119","Mrs. HEMA GULATI","AMRAPALI GOLF HOMES","9899700315"
"4120","Mr. KAMAL KANT GUPTA","AMRAPALI GOLF HOMES","8860140606, 9911996879"
"4121","Mr. KAMLESH MEHTA","AMRAPALI GOLF HOMES","07503163429, 8826291289"
"4122","Ms. KOKILA SAJWAN","AMRAPALI GOLF HOMES","8874811318"
"4123","Mr. ABHISHEK JAISWAL","AMRAPALI GOLF HOMES","9910114707"
"4124","Mr. SHASHANK MISHRA","AMRAPALI GOLF HOMES","9650204777, 9212563060"
"4125","Mr. SHASHILENDRA MANI","AMRAPALI GOLF HOMES",""
"4126","Mr. PRABHASH KUMAR","AMRAPALI GOLF HOMES","9811447843"
"4127","Mr. ATAI WARIS KHAN","AMRAPALI GOLF HOMES","9910896500, 9818166524"
"4128","Mr. ANAND SHANKER SINGH","AMRAPALI GOLF HOMES","9810831884"
"4129","Mr. ANIL KUMAR PALIWAL","AMRAPALI GOLF HOMES","9999486083"
"4130","Mr. MANISH KUMAR","AMRAPALI GOLF HOMES","9910195026"
"4131","Mrs. SANTOSH KUMARI","AMRAPALI GOLF HOMES","9818342239"
"4132","Mr. AMITABH SRIVASTAVA","AMRAPALI GOLF HOMES","9818167799"
"4133","Mr. PAWAN KUMAR PANDEY.","AMRAPALI GOLF HOMES","9560284455"
"4134","Mr. LALIT MOHAN BHATT","AMRAPALI GOLF HOMES","8860100082"
"4135","Mr. BRISHANK KUMAR SRIVASTAVA","AMRAPALI GOLF HOMES","8800500277"
"4136","Mr. SHANTANU KUMAR","AMRAPALI GOLF HOMES","9871105186"
"4137","Mr. MUKESH KUMAR NEGI","AMRAPALI GOLF HOMES","9871303364"
"4138","Mr. AVISHEK ROY","AMRAPALI GOLF HOMES","9873151493"
"4139","Mr. PRANAV VERMA","AMRAPALI GOLF HOMES","9931724048, 9431005999"
"4140","Mr. MANOJ KUMAR BANSAL","AMRAPALI GOLF HOMES","7599119736"
"4141","Mr. SHYAM SINGH","AMRAPALI GOLF HOMES","9810623534"
"4142","Mr. HEM PRAKASH SHARMA","AMRAPALI GOLF HOMES","9810031217"
"4143","Mr. RAKESH GHOSH","AMRAPALI GOLF HOMES","9999017869"
"4144","Mr. SAMAY SINGH MEENA","AMRAPALI GOLF HOMES","9717638934"
"4145","Mr. SYED JAVED SHAKIEL","AMRAPALI GOLF HOMES","9386544440, 9334342555"
"4146","Mr. ROHIT KUMAR.","AMRAPALI GOLF HOMES","8505840123"
"4147","M/s. EXOTIC EXPORT","AMRAPALI GOLF HOMES",""
"4148","Mr. MADHU SUDAN SHARMA","AMRAPALI GOLF HOMES","9818965558"
"4149","Mr. ANAND MISHRA","AMRAPALI GOLF HOMES","9650819347"
"4150","Mr. JITAMRIT DUTTA","AMRAPALI GOLF HOMES","9896320511, 9896311511"
"4151","Mr. DEEPAK KUMAR","AMRAPALI GOLF HOMES","9971006388, 9711475927"
"4152","Mr. RAHUL SINGH","AMRAPALI GOLF HOMES","9560382597, 9716971155"
"4153","Mrs. GOWRI SIVARAMAN","AMRAPALI GOLF HOMES","9015693579"
"4154","Mr. NIKHIL KUMAR","AMRAPALI GOLF HOMES","9810800552"
"4155","Mr. BHUSHAN LAL KHURANA","AMRAPALI GOLF HOMES","9811935923"
"4156","MR. NISHANT VERMA","AMRAPALI GOLF HOMES","9312026716"
"4157","Mr. NARESH SANDHYANA","AMRAPALI GOLF HOMES","9810904956"
"4158","Mr. PRADEEP MENON","AMRAPALI GOLF HOMES","9810288686"
"4159","Mrs. BIPASHA SEN GUPTA","AMRAPALI GOLF HOMES","9818305281"
"4160","Mr. SACHIN GANDHI","AMRAPALI GOLF HOMES","9911582034"
"4161","Mrs. NISHA KAMRA","AMRAPALI GOLF HOMES","9868136450"
"4162","MR. RADHA NATH","AMRAPALI GOLF HOMES","8810589282"
"4163","Mr. ISHWAR CHAND","AMRAPALI GOLF HOMES","9811982001"
"4164","Mr. DHIRENDRA PAL","AMRAPALI GOLF HOMES","07982974074 / 07503653557"
"4165","MR. MANISH KUMAR.","AMRAPALI GOLF HOMES","9958621823"
"4166","MR. MOHIT KUMAR","AMRAPALI GOLF HOMES","7840051070"
"4167","Mrs. DIVYA SINGH","AMRAPALI GOLF HOMES","9019551781"
"4168","Mr. SANJEEV KUMAR TIWARI","AMRAPALI GOLF HOMES","9873287582"
"4169","MR. B. P. JOSHI","AMRAPALI GOLF HOMES","9811532072, 9871781068"
"4170","MR. KSHIRA MOHAN ADABAR","AMRAPALI GOLF HOMES","9971210776"
"4171","M/S. BENNETT, COLEMAN & CO. LTD","AMRAPALI GOLF HOMES",""
"4172","DR. PREETI MISHRA","AMRAPALI GOLF HOMES","9868850815"
"4173","Mr. ATEET HANSEN","AMRAPALI GOLF HOMES","8755012233 , 7579459799"
"4174","MRS. MILI GUPTA","AMRAPALI GOLF HOMES","8130504545"
"4175","MRS. GARIMA PANT.","AMRAPALI GOLF HOMES","9582797571"
"4176","MR. SIDDHARTH VERMA","AMRAPALI GOLF HOMES","8218691581"
"4177","Mr. RAM KARAN","AMRAPALI GOLF HOMES","9871999902"
"4178","M/s. EXOTIC EXPORT","AMRAPALI GOLF HOMES",""
"4179","Mr. PRADEEP TIWARI","AMRAPALI GOLF HOMES","9560044634"
"4180","MR. DHARMENDRA PANDEY","AMRAPALI GOLF HOMES","9654100533"
"4181","EXOTIC EXPORT","AMRAPALI GOLF HOMES",""
"4182","M/s. EXOTIC EXPORT","AMRAPALI GOLF HOMES",""
"4183","M/s. EXOTIC EXPORT","AMRAPALI GOLF HOMES",""
"4184","M/s. EXOTIC EXPORT","AMRAPALI GOLF HOMES",""
"4185","M/s. EXOTIC EXPORT","AMRAPALI GOLF HOMES",""
"4186","M/s. EXOTIC EXPORT","AMRAPALI GOLF HOMES",""
"4187","M/s. EXOTIC EXPORT","AMRAPALI GOLF HOMES",""
"4188","M/s. EXOTIC EXPORT","AMRAPALI GOLF HOMES",""
"4189","M/s. EXOTIC EXPORT","AMRAPALI GOLF HOMES",""
"4190","M/s. EXOTIC EXPORT","AMRAPALI GOLF HOMES",""
"4191","M/s. EXOTIC EXPORT","AMRAPALI GOLF HOMES",""
"4192","M/s. EXOTIC EXPORT","AMRAPALI GOLF HOMES",""
"4193","M/s. EXOTIC EXPORT","AMRAPALI GOLF HOMES",""
"4194","M/s. EXOTIC EXPORT","AMRAPALI GOLF HOMES",""
"4195","M/s. EXOTIC EXPORT","AMRAPALI GOLF HOMES",""
"4196","Mrs. MANJU RAJPAL","AMRAPALI GOLF HOMES",""
"4197","Mrs. MANJU RAJPAL","AMRAPALI GOLF HOMES",""
"4198","Mrs. MANJU RAJPAL","AMRAPALI GOLF HOMES",""
"4199","Mrs. MANJU RAJPAL","AMRAPALI GOLF HOMES",""
"4200","Mrs. MANJU RAJPAL","AMRAPALI GOLF HOMES",""
"4201","M/S MRV TRADE LINKS PRIVATE LIMITED","AMRAPALI GOLF HOMES","9811168002"
"4202","Mrs. MANJU RAJPAL","AMRAPALI GOLF HOMES",""
"4203","MR. RAJESHWAR PRATAP SINGH","AMRAPALI GOLF HOMES","9415046155M, 9792354652"
"4204","Mr. VIREN DHINGRA","AMRAPALI GOLF HOMES","9999991592"
"4205","MR. MAHESH CHAND BANSAL","AMRAPALI GOLF HOMES","9310882695"
"4206","MR. VIKASH GUPTA","AMRAPALI GOLF HOMES","9650748205"
"4207","MR. ANIL KUMAR TIWARI","AMRAPALI GOLF HOMES","8986113228, 9973224655"
"4208","Mrs. SHALINI SRIVASTAVA","AMRAPALI GOLF HOMES","9818896653"
"4209","Mrs. VANDANA SARAN","AMRAPALI GOLF HOMES","9450646418"
"4210","MR. GAURAV SRIVASTAVA","AMRAPALI GOLF HOMES","9136383828"
"4211","Mrs. RASHMI SHARMA","AMRAPALI GOLF HOMES","9810283318"
"4212","Mr. VINIT KUMAR RAI","AMRAPALI GOLF HOMES","8743832111"
"4213","Mr. PRASHANT SHIVHARE","AMRAPALI GOLF HOMES","9911775328, 9406915701"
"4214","Mrs. PARMESHWARI","AMRAPALI GOLF HOMES","9411953228"
"4215","Mrs. SUMITRA SARKAR","AMRAPALI GOLF HOMES","9818841412"
"4216","Mrs. BHAGWATI PUNETHA","AMRAPALI GOLF HOMES","9457566829, 9456510907"
"4217","Mrs. GAYATRI JAISWAL","AMRAPALI GOLF HOMES","9450453962"
"4218","MRS. MANISHA GUPTA","AMRAPALI GOLF HOMES","7838952259"
"4219","Mr. SHASHI KANT RAI","AMRAPALI GOLF HOMES","8743063111, 9810593042, 8743023111"
"4220","Mr. SUSHIL KUMAR SHAKYA","AMRAPALI GOLF HOMES","9911871886"
"4221","Ms. DEEPA MATHPAL","AMRAPALI GOLF HOMES","9871101570"
"4222","Mr. MOHAMMAD AFZAL","AMRAPALI GOLF HOMES","9818104889"
"4223","MR. RAJESH TANWAR","AMRAPALI GOLF HOMES","9999597263"
"4224","Mr. NISHIKANT TIWARI","AMRAPALI GOLF HOMES","9158000987"
"4225","Mr. MUKESH KUMAR CHOUBEY","AMRAPALI GOLF HOMES","8826602887"
"4226","Mr. SHARAD GERA","AMRAPALI GOLF HOMES","9871662607"
"4227","Mr. SHASHIKANT NARAYAN MEHTA","AMRAPALI GOLF HOMES","9910848165"
"4228","Mr. VIVEK KUMAR SINGH","AMRAPALI GOLF HOMES","9958210028"
"4229","Mr. SANDEEP SRIVASTAVA","AMRAPALI GOLF HOMES","9999367399"
"4230","Mrs. KANCHAN MISHRA","AMRAPALI GOLF HOMES","9873160845"
"4231","Mr. SUMIT KUMAR GUPTA.","AMRAPALI GOLF HOMES","9311370374"
"4232","Mr. SANJAY SINGH","AMRAPALI GOLF HOMES","9968062008"
"4233","Mr. SHRI NIWAS","AMRAPALI GOLF HOMES","9560177770"
"4234","Mr. KAMANA NANAD MISHRA","AMRAPALI GOLF HOMES","9868750914"
"4235","Mr. AJAY KUMAR S. SINGH","AMRAPALI GOLF HOMES","9990124889"
"4236","Mr. RAHUL RASTOGI","AMRAPALI GOLF HOMES","9897596971"
"4237","Mrs. RITU RASTOGI","AMRAPALI GOLF HOMES",""
"4238","Mr. LINGARAJ BADU","AMRAPALI GOLF HOMES","7093143273"
"4239","Mr. VIVEK JAIN","AMRAPALI GOLF HOMES","9810493349"
"4240","Mr. RAJEEV","AMRAPALI GOLF HOMES","9717918889"
"4241","Mr. NAGENDRA NAGAR","AMRAPALI GOLF HOMES","9810360205"
"4242","Mr. DINESH KUMAR SHARMA","AMRAPALI GOLF HOMES","8800955202"
"4243","Mr. DEEPAK BHATT","AMRAPALI GOLF HOMES","9313806959"
"4244","Mr. BHUPENDER SINGH RAWAT","AMRAPALI GOLF HOMES","9811536085"
"4245","Mr. ARVIND SINGH GUSAIN","AMRAPALI GOLF HOMES","9899524588, 9811536085"
"4246","Mr. SONPAL SINGH RAGHAV","AMRAPALI GOLF HOMES","9873655099"
"4247","Mr. MANISH","AMRAPALI GOLF HOMES","9415430713"
"4248","Mr. VIJAY KUMAR GUPTA","AMRAPALI GOLF HOMES","9935662222"
"4249","Mr. RAJESH RAI","AMRAPALI GOLF HOMES","9415204109"
"4250","Mr. AKSHAY KUMAR GUPTA","AMRAPALI GOLF HOMES","9212798345"
"4251","Mr. RAKESH KUMAR","AMRAPALI GOLF HOMES","9810955986"
"4252","Mr. AMIT KUMAR DAS","AMRAPALI GOLF HOMES","9871769429"
"4253","Mr. RISHAV RAJ","AMRAPALI GOLF HOMES","9263637335"
"4254","Mrs. MALINI SACHDEV","AMRAPALI GOLF HOMES","9810445829"
"4255","Mr. CHANDRA MOHAN GUPTA","AMRAPALI GOLF HOMES","9910047659, 9999517659"
"4256","Mr. VIVEK YADAV","AMRAPALI GOLF HOMES","9999624709"
"4257","Mr. RANDHIR KUMAR SINGH","AMRAPALI GOLF HOMES","9871305130"
"4258","Mr. BASUKI NATH PODDAR","AMRAPALI GOLF HOMES","9431409631, 9031102331"
"4259","Mrs. SADHNA JHA","AMRAPALI GOLF HOMES","7903079391"
"4260","Mr. SURENDRA PAL SINGH","AMRAPALI GOLF HOMES","9313284026"
"4261","Mrs. VIPLA ANAND","AMRAPALI GOLF HOMES","9811536161"
"4262","Mrs. MANJU KOHLI","AMRAPALI GOLF HOMES","9711723952"
"4263","Mrs. VANDANA WADHWA","AMRAPALI GOLF HOMES","9873608899"
"4264","Mr. ANISH KAPUR","AMRAPALI GOLF HOMES","9811212670"
"4265","Mr. AMIT KUMAR PANDEY","AMRAPALI GOLF HOMES","9721267804"
"4266","Mrs. ARTI SAXENA","AMRAPALI GOLF HOMES","9810389399"
"4267","Mr. BRAJESH KUMAR","AMRAPALI GOLF HOMES","9430069838, 9031450353"
"4268","Mrs. MANSI KAPOOR","AMRAPALI GOLF HOMES","9350814814, 9899009002"
"4269","Mr. RISHI GURUNG","AMRAPALI GOLF HOMES","9910311114"
"4270","Mr. SANJEEV KUMAR","AMRAPALI GOLF HOMES","9810841513"
"4271","Mrs. NEELU PAL","AMRAPALI GOLF HOMES","9910825990 / 9718992588"
"4272","Mr. TARUN SETHI","AMRAPALI GOLF HOMES","9810693355"
"4273","Mr. ANUJ SAXENA.","AMRAPALI GOLF HOMES","9212035809"
"4274","Mr. SUSHANT AGARWAL.","AMRAPALI GOLF HOMES","9829851386"
"4275","Mr. VISHWAJEET SINGH","AMRAPALI GOLF HOMES","9772206471"
"4276","Mrs. NIRMAL KAUR","AMRAPALI GOLF HOMES","9891107768"
"4277","Mr. RAJENDER KUMAR GUPTA","AMRAPALI GOLF HOMES","9871884132"
"4278","Mr. K. MANIKANDAN","AMRAPALI GOLF HOMES","8802432543, 9629513020"
"4279","Mr. ANIL KUMAR SINGH","AMRAPALI GOLF HOMES","9818515178, 9871948805"
"4280","Mr. SHARANSH SRIVASTAVA","AMRAPALI GOLF HOMES","9910549795"
"4281","Mr. MANISH MALKOTI","AMRAPALI GOLF HOMES","9958326334, +91-9958322411"
"4282","Ms. PRACHI CHAUHAN","AMRAPALI GOLF HOMES","9971819200"
"4283","Mrs. RINKA JINDAL","AMRAPALI GOLF HOMES","9434876669"
"4284","Mr. AMRITRAJ SINGH CHADHA","AMRAPALI GOLF HOMES","9891346836"
"4285","Mr. PRADEEP SHARMA","AMRAPALI GOLF HOMES","9886840760, 7411336381,9873714728"
"4286","Mr. TARUN GUPTA","AMRAPALI GOLF HOMES","9873667577"
"4287","Mr. ASHOKE GHOSH","AMRAPALI GOLF HOMES","9899601117"
"4288","Mr. Gaurav Gupta","AMRAPALI GOLF HOMES",""
"4289","Mr. JASPAL","AMRAPALI GOLF HOMES","7838670160"
"4290","Mr. MUSTAQ ALI","AMRAPALI GOLF HOMES","7428802778"
"4291","Mr. NAWAL KISHORE","AMRAPALI GOLF HOMES","9899558826"
"4292","Mr. SUDHIR KHURANA","AMRAPALI GOLF HOMES","9999105203"
"4293","Mrs. MALA SINGH","AMRAPALI GOLF HOMES","9711780005"
"4294","Mr. PARVEEN BAHL","AMRAPALI GOLF HOMES","9810499916"
"4295","Mrs. REETA KHULLAR","AMRAPALI GOLF HOMES","9811360653"
"4296","Mr. SUNIL KUMAR","AMRAPALI GOLF HOMES","9990950919, 9310646098"
"4297","Mr. ASHISH KUMAR DUBEY","AMRAPALI GOLF HOMES","9650739994, 9893539078"
"4298","Mr. R. N. SINGH","AMRAPALI GOLF HOMES","9818040319"
"4299","Mrs. SAJAL NEGI","AMRAPALI GOLF HOMES","9718525139"
"4300","Mrs. MEETU SAHDEV","AMRAPALI GOLF HOMES","9312387728, 9312261143"
"4301","Mr. ROHIT VASHISHTHA","AMRAPALI GOLF HOMES","8003890919"
"4302","M/S BENNETT, COLEMAN & CO. LTD","AMRAPALI GOLF HOMES",""
"4303","Mrs. ANJU BALA SRIVASTAVA","AMRAPALI GOLF HOMES","9971779552"
"4304","M/S BENNETT, COLEMAN & CO. LTD","AMRAPALI GOLF HOMES",""
"4305","Mrs. SANDHYA SHARMA","AMRAPALI GOLF HOMES","9971456970, 9818103483"
"4306","Mr. RANJAN MUKHERJEE","AMRAPALI GOLF HOMES","9999519100"
"4307","Mr. DEVESH RATRA","AMRAPALI GOLF HOMES","9213652852"
"4308","Mr. RAM KISHOR GUPTA","AMRAPALI GOLF HOMES","9486147034"
"4309","MR. NEERAJ KUMAR GUPTA","AMRAPALI GOLF HOMES","9486147034"
"4310","MR. PRAVEEN KUMAR","AMRAPALI GOLF HOMES","9650391069"
"4311","MR. SAURABH PANDEY","AMRAPALI GOLF HOMES","8130541977"
"4312","MR. KANOO SAHAJWALA","AMRAPALI GOLF HOMES","9899351356"
"4313","MR. CHANDAN SINGH","AMRAPALI GOLF HOMES","8052925170"
"4314","MR. ARIT BHATTACHARYA","AMRAPALI GOLF HOMES","8130975454"
"4315","Mr. KAMAL SHARMA","AMRAPALI GOLF HOMES","9999411234"
"4316","Mr. RAJEEV KUMAR PANDEY","AMRAPALI GOLF HOMES","9458865011, 9458865012"
"4317","M/S BENNETT, COLEMAN & CO. LTD","AMRAPALI GOLF HOMES",""
"4318","M/S BENNETT, COLEMAN & CO. LTD","AMRAPALI GOLF HOMES",""
"4319","MRS. SUNNY SINGH","AMRAPALI GOLF HOMES","9810577568"
"4320","MR. CHANDRAMANI PRASAD","AMRAPALI GOLF HOMES","9999311039"
"4321","BAJAJ ASSOCIATES","AMRAPALI GOLF HOMES","9212110152"
"4322","MR. SURESH KUMAR GUPTA","AMRAPALI GOLF HOMES","9013286088"
"4323","MR. ANIL JOSHI","AMRAPALI GOLF HOMES","9560977330"
"4324","M/s. S S ENTERPRISES","AMRAPALI GOLF HOMES","9999456017"
"4325","M/s. S S ENTERPRISES","AMRAPALI GOLF HOMES","9999456017"
"4326","M/s. BAJAJ ASSOCIATES","AMRAPALI GOLF HOMES","9212110152"
"4327","Mr. RAO BRIJINDER SINGH","AMRAPALI GOLF HOMES","9177000581"
"4328","Mr. PANKAJ MATHUR","AMRAPALI GOLF HOMES","9929595318"
"4329","MRS. LALITA CHITKARA","AMRAPALI GOLF HOMES","9810858830"
"4330","MRS. KANCHAN","AMRAPALI GOLF HOMES","9034390064"
"4331","MR. TARA CHAND SHARMA","AMRAPALI GOLF HOMES","9818242222"
"4332","DR. PRATIK","AMRAPALI GOLF HOMES","9470027285"
"4333","DR. JAI SHANKAR OJHA","AMRAPALI GOLF HOMES","9234596581"
"4334","MR. KRIPA NARAYAN SINGH","AMRAPALI GOLF HOMES","9431035542"
"4335","Mrs. SUDHA DEVI JAISWAL","AMRAPALI GOLF HOMES","9873748008"
"4336","Mr. CHETAN KUMAR","AMRAPALI GOLF HOMES","9311254010"
"4337","Mr. MAHESH CHANDRA SHARMA","AMRAPALI GOLF HOMES","9436229528, 9436256420"
"4338","Mr. ARUNKUMAR N AGARWAL","AMRAPALI GOLF HOMES","9558804299"
"4339","Mrs. RUBBY RANI","AMRAPALI GOLF HOMES","9431448224"
"4340","Mr. NIKET SRIVASTAVA","AMRAPALI GOLF HOMES","9958985266"
"4341","Mrs. SARIKA GULERIA","AMRAPALI GOLF HOMES","7694966637, 9818792031"
"4342","Mrs. ANITA SINGH","AMRAPALI GOLF HOMES","9899102575"
"4343","Mr. SIDDHARTH SHANDILYA","AMRAPALI GOLF HOMES","8510999212"
"4344","Mr. ASHUTOSH PATHAK","AMRAPALI GOLF HOMES","9168825599"
"4345","Mrs. GEETA VAID","AMRAPALI GOLF HOMES","9968696917"
"4346","Mr. ANIRBAN CHOWDHURY","AMRAPALI GOLF HOMES","9820112830"
"4347","Mr. VINAY NARAYAN","AMRAPALI GOLF HOMES","9560134354, 7398717470"
"4348","Mrs. NAMRATA BHUTANI","AMRAPALI GOLF HOMES","9599976541"
"4349","Mrs. KARTIKI MISHRA","AMRAPALI GOLF HOMES","9910009179"
"4350","Mrs. GEETA AGARWAL","AMRAPALI GOLF HOMES","9837347368"
"4351","Mrs. TALAT HUSAIN","AMRAPALI GOLF HOMES","9412177121"
"4352","Mr. HANS RAJ SINGH","AMRAPALI GOLF HOMES","9711101856"
"4353","Mr. ABHISHEK TYAGI","AMRAPALI GOLF HOMES","9540505333"
"4354","Mr. SAURABH GUPTA.","AMRAPALI GOLF HOMES","9650305823"
"4355","Mr. KUMAR RAJEEV RANJAN","AMRAPALI GOLF HOMES","9969702262"
"4356","Mr. ASHISH GOEL","AMRAPALI GOLF HOMES","9004503334, 9004502223"
"4357","Mr. VIRENDRA KUMAR","AMRAPALI GOLF HOMES","9810510662"
"4358","Mr. TOMOJIT BHATTACHARJEE","AMRAPALI GOLF HOMES","9999005266"
"4359","Mr. HIMANSHU KARKI","AMRAPALI GOLF HOMES","9818302558, 9013553099"
"4360","Mr. NIRAJ KUMAR","AMRAPALI GOLF HOMES","9811068642"
"4361","Mr. ROHIT RAJ","AMRAPALI GOLF HOMES","+233 540121215."
"4362","Mr. NAND KUMAR SHARMA","AMRAPALI GOLF HOMES","9435018005, 9435144929"
"4363","Mrs. REETA DEVI","AMRAPALI GOLF HOMES","9411003461"
"4364","Mr. S. K. OJHA","AMRAPALI GOLF HOMES","9811600971, 9039878296"
"4365","Mr. JOGINDER SINGH","AMRAPALI GOLF HOMES","9416664266"
"4366","Mrs. MANJU RANI GOSWAMI","AMRAPALI GOLF HOMES","9810408069"
"4367","Mr. GAURAV JYOTI PHUKAN","AMRAPALI GOLF HOMES","9718743164"
"4368","Mr. SHIV LAL SHARMA","AMRAPALI GOLF HOMES","7503070513"
"4369","Mr. AJAY VOHRA","AMRAPALI GOLF HOMES","9810822886"
"4370","Mr. RANDHIR KUMAR JHA","AMRAPALI GOLF HOMES","9811566217"
"4371","Mr. GOPAL SINGH PATWAAL","AMRAPALI GOLF HOMES","9871112621"
"4372","Mrs. SUMAN RAWAT","AMRAPALI GOLF HOMES","9868955088"
"4373","Mr. AMLAN MALLICK","AMRAPALI GOLF HOMES","9999972076"
"4374","Mrs. PALLAVI MAJUMDER","AMRAPALI GOLF HOMES","9958725299, 9903687233"
"4375","Mr. HEMANT DEV MISHRA","AMRAPALI GOLF HOMES","9555671364"
"4376","Mr. MANI BHUSHAN SRIWASTVA","AMRAPALI GOLF HOMES","9650215051"
"4377","Mr. CHANDRA BALI SINGH","AMRAPALI GOLF HOMES","9868061373"
"4378","Mr. RATNAKAR JHA","AMRAPALI GOLF HOMES","9818741769"
"4379","Mr. ATUL GUPTA","AMRAPALI GOLF HOMES","9654592569"
"4380","Mrs. SUNITA KUMARI","AMRAPALI GOLF HOMES","9654004333"
"4381","Mr. PANKAJ UPRETI","AMRAPALI GOLF HOMES","9811656330"
"4382","Mrs. NISHA BANSAL","AMRAPALI GOLF HOMES","9837122885"
"4383","Mr. HITESH KAJLA","AMRAPALI GOLF HOMES","9990880222"
"4384","Mr. ABHISHEK SINGH","AMRAPALI GOLF HOMES","9810336747, 9871227645"
"4385","Mr. ANIL GUPTA","AMRAPALI GOLF HOMES","9811287018"
"4386","Mr. SANJIV NANDAN PRASAD","AMRAPALI GOLF HOMES","9868547982"
"4387","Mr. GIRISH KUKREJA","AMRAPALI GOLF HOMES","9971068473"
"4388","Mr. SAURABH SAHNI","AMRAPALI GOLF HOMES","9810308099"
"4389","Dr. RANJANA","AMRAPALI GOLF HOMES","9278253290"
"4390","Mrs. BHAWNA","AMRAPALI GOLF HOMES","9990091204"
"4391","Mr. VIPUL TYAGI","AMRAPALI GOLF HOMES","7500003382"
"4392","Mr. SUBHAV JAIN","AMRAPALI GOLF HOMES","9779581241"
"4393","Mrs. KUMARI MAMTA","AMRAPALI GOLF HOMES","9812936932"
"4394","Mr. A. S. MATHUR","AMRAPALI GOLF HOMES","7838185036"
"4395","Mrs. BRINDA SINGH","AMRAPALI GOLF HOMES","7007951393"
"4396","Mr. B. L. CHAWLA","AMRAPALI GOLF HOMES","9717593516"
"4397","Mrs. PRITI SHARMA","AMRAPALI GOLF HOMES","9911582798"
"4398","Mrs. RENU ARORA","AMRAPALI GOLF HOMES","9810118566"
"4399","Mrs. PRAMILA KUMARI","AMRAPALI GOLF HOMES","9905813977"
"4400","Mrs. KAVITA MEHTA","AMRAPALI GOLF HOMES","9971666195"
"4401","Mr. NISHANT KUMAR TYAGI","AMRAPALI GOLF HOMES","9871349497"
"4402","Mr. DEV NARAYAN GIRI","AMRAPALI GOLF HOMES","7318008597"
"4403","Mrs. SANGITA CHAUHAN","AMRAPALI GOLF HOMES",""
"4404","Mr. SURINDER MARIA (HUF) through its karta mr. sur","AMRAPALI GOLF HOMES","9811143710"
"4405","Mr. AMIT KUMAR","AMRAPALI GOLF HOMES","9999063951"
"4406","Mrs. SUNAINA SINGH","AMRAPALI GOLF HOMES","9810372388"
"4407","Mr. ANUPAM BANERJEE","AMRAPALI GOLF HOMES","9810603526"
"4408","Mr. B. L. KAUL","AMRAPALI GOLF HOMES","9910380114"
"4409","Mr. BABBU PASHA","AMRAPALI GOLF HOMES","9312261143"
"4410","Mr. DEEPANSHU MEHTA","AMRAPALI GOLF HOMES","9223371999"
"4411","Mr. VINAY BHATT","AMRAPALI GOLF HOMES","9.41E+20"
"4412","Mrs. VEENA ARORA","AMRAPALI GOLF HOMES","9810844000"
"4413","Mrs. KIRAN BALA","AMRAPALI GOLF HOMES","9831000732"
"4414","Mr. RAKESH KUMAR","AMRAPALI GOLF HOMES","8826033117"
"4415","Mr. MANISH KUMAR","AMRAPALI GOLF HOMES","9916625585"
"4416","Mr. GYANENDRA KUMAR","AMRAPALI GOLF HOMES","9971966617"
"4417","Mr. DALBIR SINGH","AMRAPALI GOLF HOMES","9891430130"
"4418","Mr. GURBIR SINGH","AMRAPALI GOLF HOMES","9871192859"
"4419","Ms. JYOTI JOSHI","AMRAPALI GOLF HOMES","9988013367"
"4420","Mr. SAHIL BEDI","AMRAPALI GOLF HOMES","9999000978"
"4421","Mrs. RANJANA MAMGAIN","AMRAPALI GOLF HOMES","9958554711"
"4422","Mr. AMIT KUMAR MUKHERJI","AMRAPALI GOLF HOMES","7011595034"
"4423","Mr. BABAN KUMAR","AMRAPALI GOLF HOMES","9871007486"
"4424","Mr. RAJEEV VERMA","AMRAPALI GOLF HOMES","9968256500"
"4425","MR. KAMOD SINGH","AMRAPALI GOLF HOMES","9831837727"
"4426","MR. ANURAG MATHUR","AMRAPALI GOLF HOMES","9810124227"
"4427","MRS. AMANPREET KAUR.","AMRAPALI GOLF HOMES","9999404170"
"4428","MR. RAHUL ANAND","AMRAPALI GOLF HOMES","9039171046, 7805988360, 8860253612"
"4429","MR. KALI PRASAD PANI","AMRAPALI GOLF HOMES","9555753475"
"4430","MR. DEEPAK KUMAR.","AMRAPALI GOLF HOMES","8986872131, 9798351520"
"4431","Mrs.Divya Dwevedi","AMRAPALI GOLF HOMES","9899315753"
"4432","MRS. BIJUMONI CHOUDHURY","AMRAPALI GOLF HOMES","9811344189, 9854348762, 9706044480"
"4433","MRS. RUBY ARUN","AMRAPALI GOLF HOMES","9891726210"
"4434","MR. VIJAYANT SINGH","AMRAPALI GOLF HOMES","9717294606"
"4435","MR. SANJAY KUMAR","AMRAPALI GOLF HOMES","9899846345"
"4436","MR. RAVI PRATAP SINGH","AMRAPALI GOLF HOMES","9871004384"
