BranchSite,Updated ABM,,,,,,,,,
JLL - Airtel Store-Nikol NGS - GJ,RAJESH DAVE,,,,,,,,,
BNP - Bangalore - KA,Anshu Kumar Maurya,,,,,,,,,
JLL - Airtel Store-Mira Road 3 MUM - MH,BARGE DEVIDAS RAMCHANDRA,,,,,,,,,
JLL - Airtel Store-Jadavpur AOR - WB,Barsha Kumari Singh,,,,,,,,,
HDFC - Khadki Pune - MH,VINOD GANPAT SURYAWANSHI,,,,,,,,,
JLL - Concentrix - Kolkata - WB,Barsha Kumari Singh,,,,,,,,,
JLL - Airtel Store-Himmatnagar NGS - GJ,RAJESH DAVE,,,,,,,,,
JLL - Airtel Store-Sadhuvaswani NGS - GJ,RAJESH DAVE,,,,,,,,,
JLL - Airtel Store-Srikakulam OR - AP,DEEPAK KUMAR,,,,,,,,,
JLL - Airtel Store-Navyug Market GZB - UP,DINESH KUMAR,,,,,,,,,
JLL - Airtel Store-VASANT VIHAR PRIYAS - DL,DINESH KUMAR,,,,,,,,,
INDUS TOWER - RAIPUR - CH,BALA JEE SHARMA,,,,,,,,,
JLL - Airtel Store-Airoli 2 MUM - MH,BARGE DEVIDAS RAMCHANDRA,,,,,,,,,
JLL - Airtel Store-THODUPUZHA NGS - KE,PADAM LOCHAN MALLICK,,,,,,,,,
DIAGEO - Indore,KAMAL PRAJAPATI,,,,,,,,,
JLL - Airtel Store-Gubbalal OR - KA,Anshu Kumar Maurya,,,,,,,,,
JLL - Airtel Store-Patna City AOR - BH,BALA JEE SHARMA,,,,,,,,,
Gebbs - Sakinaka,DILEEP PRAJAPATI,,,,,,,,,
HDFC - Thane - Lodha Amara - MH,Prachi Namdev Mengane,,,,,,,,,
Gebbs - Aurangabad,DILEEP PRAJAPATI,,,,,,,,,
JLL - Airtel Store-RAJOURI - J&K,SUNIL THAKUR,,,,,,,,,
Gebbs - Hyderabad,DEEPAK KUMAR,,,,,,,,,
E&Y - BANGALORE - KA,Anshu Kumar Maurya,,,,,,,,,
PRL - Lower Parel - MH,SHILPA MORE,,,,,,,,,
C&W AIRTEL - MUMBAI - MH,BARGE DEVIDAS RAMCHANDRA,,,,,,,,,
JLL - BA Continuum - Gandhinagar - GJ,RAJESH DAVE,,,,,,,,,
JUBILENT - Noida -UP,GOVIND KUMAR SINGH,,,,,,,,,
ISS - HEWLETT - Gurgaon - HR,YASHVENDER SINGH,,,,,,,,,
CBRE - CAPGEMINI - Ahmedabad - GJ,RAJESH DAVE,,,,,,,,,
Capgemini - Pune - MH,VINOD GANPAT SURYAWANSHI,,,,,,,,,
JLL - Officers Line - TN,PADAM LOCHAN MALLICK,,,,,,,,,
HDFC - Lakshadeep Palace - PUNE,VINOD GANPAT SURYAWANSHI,,,,,,,,,
CBRE - Price water house Coopers Service - Hyderabad - TS,DEEPAK KUMAR,,,,,,,,,
BA - LINK ROAD - MH,RUPALI ANKUSH KODAG,,,,,,,,,
JLL - Airtel Store-Sindhu Nagar OR - RJ,Mahindra Kumar Tiwari,,,,,,,,,
CBRE - OPTUM - PANCHKULA - PB,SUNIL THAKUR,,,,,,,,,
JLL - Airtel Store-Patan NGS - GJ,RAJESH DAVE,,,,,,,,,
JLL - Airtel Store-Karur NGS - TN,PADAM LOCHAN MALLICK,,,,,,,,,
TVS - RAJKOT - GJ,RAJESH DAVE,,,,,,,,,
TVS - AHMEDABAD - GJ,RAJESH DAVE,,,,,,,,,
37 - Urban - Surat,RAJESH DAVE,,,,,,,,,
CBRE - AKZO GURGAON - HR,YASHVENDER SINGH,,,,,,,,,
JLL - Airtel Store-Latur Store - MH,RUPALI ANKUSH KODAG,,,,,,,,,
VI Store (L P Savani - Surat),RAJESH DAVE,,,,,,,,,
JLL - Airtel Store-Junagadh NGS - GJ,RAJESH DAVE,,,,,,,,,
INDUS TOWER - GWALIOR,KAMAL PRAJAPATI,,,,,,,,,
JLL - Airtel Store-Supertech Eco vill1 - UP,DINESH KUMAR,,,,,,,,,
JLL - Table Space - Bangalore,Anshu Kumar Maurya,,,,,,,,,
JLL - Airtel Store-Borivali East MUM - MH,BARGE DEVIDAS RAMCHANDRA,,,,,,,,,
34 - Urban - Nagpur,SHILPA MORE,,,,,,,,,
TCL - VSB - Geddalahalli,Anshu Kumar Maurya,,,,,,,,,
"HDFC - M.G. Road, Fort - MH",SHILPA MORE,,,,,,,,,
"HDFC - Samachar Marg, Fort - MH",SHILPA MORE,,,,,,,,,
HDFC - Mukund Nagar Pune,VINOD GANPAT SURYAWANSHI,,,,,,,,,
JLL - Airtel Store-Beawar OR - RJ,Mahindra Kumar Tiwari,,,,,,,,,
JLL - Airtel Store-Malda AOR - WB,Barsha Kumari Singh,,,,,,,,,
JLL - Airtel Store-MURALI NAGAR OR - AP,DEEPAK KUMAR,,,,,,,,,
27 - Urban - Agra,GOVIND KUMAR SINGH,,,,,,,,,
JLL - Airtel Store-Dombivali East - MH,BARGE DEVIDAS RAMCHANDRA,,,,,,,,,
Cognizant - Noida,GOVIND KUMAR SINGH,,,,,,,,,
ISS - Capgemini - Airoli,SHILPA MORE,,,,,,,,,
DIAGEO - Pune,VINOD GANPAT SURYAWANSHI,,,,,,,,,
JLL - Airtel Store-West Maredpally - TS,DEEPAK KUMAR,,,,,,,,,
JLL - Airtel Store-Bhayander east MUM - MH,BARGE DEVIDAS RAMCHANDRA,,,,,,,,,
JLL - Airtel Store-Nalasopara West Store - MH,RUPALI ANKUSH KODAG,,,,,,,,,
ER_INDIA - INNO04_NOIDA,GOVIND KUMAR SINGH,,,,,,,,,
CBRE - Kimberly - Kurla Mumbai,SHILPA MORE,,,,,,,,,
ISS - Global Edge - Bangalore,Anshu Kumar Maurya,,,,,,,,,
JLL - Airtel Store-Ashok Nagar OR - RJ,Mahindra Kumar Tiwari,,,,,,,,,
JLL - KTN-Pondi - Elapillai Chavady - PY,PADAM LOCHAN MALLICK,,,,,,,,,
Capgemini - Panathur - KA,Anshu Kumar Maurya,,,,,,,,,
TCL - KIADB - KA,Anshu Kumar Maurya,,,,,,,,,
TCL - International Tech Park - KA,Anshu Kumar Maurya,,,,,,,,,
TCL - Domlur - KA,Anshu Kumar Maurya,,,,,,,,,
Cognizant - Gurgaon,YASHVENDER SINGH,,,,,,,,,
JLL - Airtel Store-Porbandar NGS - GJ,RAJESH DAVE,,,,,,,,,
Kochhar - NANGLOI,DINESH KUMAR,,,,,,,,,
DIAGEO - Nagpur,VINOD GANPAT SURYAWANSHI,,,,,,,,,
JLL - Airtel Store-Machilipatnam OR - AP,DEEPAK KUMAR,,,,,,,,,
40 - Urban - Prayagraj,GOVIND KUMAR SINGH,,,,,,,,,
BA - Okhla Phase III - DL,DINESH KUMAR,,,,,,,,,
JLL - Airtel Store-Kandivali SV road - MH,BARGE DEVIDAS RAMCHANDRA,,,,,,,,,
JLL - Airtel Store-Shimoga OR2 - KA,Anshu Kumar Maurya,,,,,,,,,
CBRE-SPG-HYDERABAD-TS,DEEPAK KUMAR,,,,,,,,,
CBRE - MICROSOFT - NOIDA - UP,GOVIND KUMAR SINGH,,,,,,,,,
JLL - Zoetis - Hyderabad - TS,DEEPAK KUMAR,,,,,,,,,
HDFC - Ulwe,SHILPA MORE,,,,,,,,,
JLL - Airtel Mini Store Baltana - PB,SUNIL THAKUR,,,,,,,,,
JLL - Airtel Store-URAPAKKAM AOR - TN,PADAM LOCHAN MALLICK,,,,,,,,,
JLL - Airtel Store-S D Road SEC - TS,DEEPAK KUMAR,,,,,,,,,
JLL - Airtel Store-Subhanpura NGS - GJ,RAJESH DAVE,,,,,,,,,
HP India - Kolkata,Barsha Kumari Singh,,,,,,,,,
JLL - Airtel Store-Basaveshwara Nagara OR - KA,Anshu Kumar Maurya,,,,,,,,,
JLL - Airtel Store-Rajaji Nagar OR 1st block - KA,Anshu Kumar Maurya,,,,,,,,,
JLL - Airtel Store-Papareddypaya OR - KA,Anshu Kumar Maurya,,,,,,,,,
JLL - Airtel Store-Rajajinagar 6thBlock OR - KA,Anshu Kumar Maurya,,,,,,,,,
JLL - Airtel Store-Nelamangala OR - KA,Anshu Kumar Maurya,,,,,,,,,
JLL - Airtel Store-Hegganahalli OR - KA,Anshu Kumar Maurya,,,,,,,,,
JLL - Airtel Store-Mathikere OR - KA,Anshu Kumar Maurya,,,,,,,,,
JLL - Airtel Store-Sunkadakatte OR - KA,Anshu Kumar Maurya,,,,,,,,,
JLL - Airtel Store-Khanpur - DL,DINESH KUMAR,,,,,,,,,
JLL - Airtel Store-Ashok Vihar DEL,DINESH KUMAR,,,,,,,,,
JLL - Airtel Store-Mehsana NGS - GJ,RAJESH DAVE,,,,,,,,,
JLL - Airtel Store-KoparKhairane NGS - MH,BARGE DEVIDAS RAMCHANDRA,,,,,,,,,
JLL - Airtel Store-Paota OR - RJ,Mahindra Kumar Tiwari,,,,,,,,,
Stryker - Chennai,PADAM LOCHAN MALLICK,,,,,,,,,
JLL - Airtel Store-Kumarswamy Layout OR - KA,Anshu Kumar Maurya,,,,,,,,,
JLL - Airtel Store-Bowenpally 2 - AP,DEEPAK KUMAR,,,,,,,,,
Italian Embassy Delhi,DINESH KUMAR,,,,,,,,,
JLL - Airtel Store-Balasore OR - OR,Satyaprajna Jena,,,,,,,,,
JLL - Airtel Store-Downtown mall AOR - WB,Barsha Kumari Singh,,,,,,,,,
CBRE - Sheela - Noida - UP,GOVIND KUMAR SINGH,,,,,,,,,
JLL - Airtel Store-Kurla LBS - MH,BARGE DEVIDAS RAMCHANDRA,,,,,,,,,
41 - Urban - Saket - Delhi - AMC,YASHVENDER SINGH,,,,,,,,,
42 - Urban - Painting office - HYD - AMC,DEEPAK KUMAR,,,,,,,,,
JLL - Airtel Store-Rani Bazaar OR - RJ,Mahindra Kumar Tiwari,,,,,,,,,
JLL - Airtel Mini Store-Keshav Puram DL356,DINESH KUMAR,,,,,,,,,
HDFC - Dombivali - East,SHILPA MORE,,,,,,,,,
HDFC - Mahape Mum,SHILPA MORE,,,,,,,,,
Google - Gurgaon - HR,YASHVENDER SINGH,,,,,,,,,
JLL - Airtel Store-TIRUPATI AOR 2 - AP,DEEPAK KUMAR,,,,,,,,,
JLL - Airtel Store-BRODIPET GNT - AP,DEEPAK KUMAR,,,,,,,,,
CBRE - APPLE - GGN,YASHVENDER SINGH,,,,,,,,,
Marsh - Mumbai - MH,SHILPA MORE,,,,,,,,,
CBRE - JOHN - MUMBAI - MH,SHILPA MORE,,,,,,,,,
DMI - Jaipur-1,Mahindra Kumar Tiwari,,,,,,,,,
DMI - Ghaziabad 1 &2,GOVIND KUMAR SINGH,,,,,,,,,
DMI - Uttam Nagar,DINESH KUMAR,,,,,,,,,
DMI - Bhopal,KAMAL PRAJAPATI,,,,,,,,,
DMI - Lajpat Nagar,DINESH KUMAR,,,,,,,,,
DMI - Haridwar,GOVIND KUMAR SINGH,,,,,,,,,
DMI - Gurugram,YASHVENDER SINGH,,,,,,,,,
DMI - Udaipur,Mahindra Kumar Tiwari,,,,,,,,,
DMI - Lucknow-2,GOVIND KUMAR SINGH,,,,,,,,,
DMI - Jaipur-2,Mahindra Kumar Tiwari,,,,,,,,,
DMI - Jodhpur,Mahindra Kumar Tiwari,,,,,,,,,
DMI - Jhansi,GOVIND KUMAR SINGH,,,,,,,,,
DMI - Rohini,DINESH KUMAR,,,,,,,,,
DMI - Ratlam,KAMAL PRAJAPATI,,,,,,,,,
DMI - Lucknow-1,GOVIND KUMAR SINGH,,,,,,,,,
DMI - Del 3 - Pandavnagar,DINESH KUMAR,,,,,,,,,
DMI - Rewari,YASHVENDER SINGH,,,,,,,,,
DMI - Karnal,YASHVENDER SINGH,,,,,,,,,
DMI - Agra,GOVIND KUMAR SINGH,,,,,,,,,
DMI - Pithampur,DINESH KUMAR,,,,,,,,,
DMI - Gwalior,KAMAL PRAJAPATI,,,,,,,,,
DMI - Aligarh,GOVIND KUMAR SINGH,,,,,,,,,
DMI - Allahabad,GOVIND KUMAR SINGH,,,,,,,,,
DMI - Alwar,Mahindra Kumar Tiwari,,,,,,,,,
DMI - Noida,GOVIND KUMAR SINGH,,,,,,,,,
DMI - Ajmer,Mahindra Kumar Tiwari,,,,,,,,,
DMI - Indore-2,KAMAL PRAJAPATI,,,,,,,,,
DMI - Kota,Mahindra Kumar Tiwari,,,,,,,,,
DMI - Zirakpur,SUNIL THAKUR,,,,,,,,,
DMI - Kanpur,GOVIND KUMAR SINGH,,,,,,,,,
DMI - Surat,RAJESH DAVE,,,,,,,,,
DMI - Sonipat,SUNIL THAKUR,,,,,,,,,
DMI - Varanasi,GOVIND KUMAR SINGH,,,,,,,,,
DMI - Rohtak,YASHVENDER SINGH,,,,,,,,,
DMI - Kalyan,DILEEP PRAJAPATI,,,,,,,,,
JLL - Airtel Store-Anishabad - BH,BALA JEE SHARMA,,,,,,,,,
JLL-HBAP-MUMBAI-MH,SHILPA MORE,,,,,,,,,
Capgemini - Marathahalli - KA,Anshu Kumar Maurya,,,,,,,,,
Capgemini - Kundalahalli - KA,Anshu Kumar Maurya,,,,,,,,,
Oracle - Noida,GOVIND KUMAR SINGH,,,,,,,,,
Glider - Mumbai,SHILPA MORE,,,,,,,,,
WIPRO - SEZ Gurgaon,YASHVENDER SINGH,,,,,,,,,
CBRE - Juniper - Bandra Kurla - MH,DILEEP PRAJAPATI,,,,,,,,,
JLL - Airtel Store-Airoli MUM,BARGE DEVIDAS RAMCHANDRA,,,,,,,,,
Capgemini - Hobli - KA,Anshu Kumar Maurya,,,,,,,,,
HDFC - SS Road - MH,VINOD GANPAT SURYAWANSHI,,,,,,,,,
JLL - Airtel Store-Serampore - WB,Barsha Kumari Singh,,,,,,,,,
Capgemini - Kolkata - WB,Barsha Kumari Singh,,,,,,,,,
JLL - Airtel Store-Krishnanagar NGS - GJ,RAJESH DAVE,,,,,,,,,
CBRE-OPTUM GLOBAL-GGN (AMC),YASHVENDER SINGH,,,,,,,,,
SKOOTR - DLF Square,YASHVENDER SINGH,,,,,,,,,
SKOOTR - Infinity Tower,YASHVENDER SINGH,,,,,,,,,
SKOOTR - DLF Cyber City,YASHVENDER SINGH,,,,,,,,,
HEIDRICK - GGN,YASHVENDER SINGH,,,,,,,,,
SKOOTR - One Horizon Centre,YASHVENDER SINGH,,,,,,,,,
WELLONE WASH - GGN,YASHVENDER SINGH,,,,,,,,,
SPG - Cyber Park - GGN,YASHVENDER SINGH,,,,,,,,,
PRL - MAHALAKSHMI - MH,SHILPA MORE,,,,,,,,,
CBRE - CAPGEMINI - NSEZ Noida - UP,GOVIND KUMAR SINGH,,,,,,,,,
RMZ - Startech - Koramangala,Anshu Kumar Maurya,,,,,,,,,
JLL - Airtel Store-Katargam NGS - GJ,RAJESH DAVE,,,,,,,,,
JLL - Airtel mini Store-JP Nagar Jalandhar - PB,SUNIL THAKUR,,,,,,,,,
JLL - Airtel Store-Sadhashivnagar OR - KA,Anshu Kumar Maurya,,,,,,,,,
JLL - Airtel Store-RDC GZB - UP,DINESH KUMAR,,,,,,,,,
HDFC - Shahad Mharal,SHILPA MORE,,,,,,,,,
King Court - GK II,DINESH KUMAR,,,,,,,,,
JLL - Airtel Store-Andheri West SP Road 1 MUM,BARGE DEVIDAS RAMCHANDRA,,,,,,,,,
CBRE-GODREJ - VIKHROLI - MH,SHILPA MORE,,,,,,,,,
JLL - Airtel Store-Yamuna Vihar NGS - DL,DINESH KUMAR,,,,,,,,,
TCL - Bangalore - KA,Anshu Kumar Maurya,,,,,,,,,
JLL - Airtel Store-Sector 15 GGN - HR,DINESH KUMAR,,,,,,,,,
EIT - Bangalore - KA,Anshu Kumar Maurya,,,,,,,,,
Applied - Mumbai,SHILPA MORE,,,,,,,,,
JLL-CON-KOCHI-KE,KHUSHBOO RAI,,,,,,,,,
CBRE - APPLE - DELHI,DINESH KUMAR,,,,,,,,,
Capgemini - Karapakkam - TN,PADAM LOCHAN MALLICK,,,,,,,,,
Capgemini - Kancheepuram - TN,PADAM LOCHAN MALLICK,,,,,,,,,
VI Store Old Padra - Baroda,RAJESH DAVE,,,,,,,,,
E&Y - NOIDA - UP,GOVIND KUMAR SINGH,,,,,,,,,
Godrej - Vikhroli,SHILPA MORE,,,,,,,,,
Glider - Mahalaxmi,SHILPA MORE,,,,,,,,,
HDFC-BANK-PALAVA,SHILPA MORE,,,,,,,,,
TVS - UDAIPUR - RJ,Mahindra Kumar Tiwari,,,,,,,,,
Godrej - BKC,SHILPA MORE,,,,,,,,,
Capgemini - Gandhinagar - GJ,RAJESH DAVE,,,,,,,,,
Pramerica - Ranchi - JH,BALA JEE SHARMA,,,,,,,,,
Optum - Gurgaon,YASHVENDER SINGH,,,,,,,,,
JLL - Facebook - Mumbai,SHILPA MORE,,,,,,,,,
JLL - HSBC - KOLKATA,Barsha Kumari Singh,,,,,,,,,
HSBC - GURGAON,YASHVENDER SINGH,,,,,,,,,
Glider - Lower Parel,SHILPA MORE,,,,,,,,,
Capgemini - Chennai - TN,PADAM LOCHAN MALLICK,,,,,,,,,
HSBC - Ahmedabad,RAJESH DAVE,,,,,,,,,
Samasth - Gurgaon,YASHVENDER SINGH,,,,,,,,,
HP Computing - Bangalore,Anshu Kumar Maurya,,,,,,,,,
HP India - Mumbai,SHILPA MORE,,,,,,,,,
HDFC - Vashi Satra Plaza,SHILPA MORE,,,,,,,,,
Infosys - Mohali,SUNIL THAKUR,,,,,,,,,
CBRE - E&Y - Chennai,PADAM LOCHAN MALLICK,,,,,,,,,
Infosys - Pune,VINOD GANPAT SURYAWANSHI,,,,,,,,,
Flipkart - SikandraNH2Hub_AGR_PL - 1466,GOVIND KUMAR SINGH,,,,,,,,,
Flipkart - Agra Hub - 4636,GOVIND KUMAR SINGH,,,,,,,,,
Flipkart - Agra PL Hub - 4628,GOVIND KUMAR SINGH,,,,,,,,,
Flipkart - Ambala Hub - 7906,SUNIL THAKUR,,,,,,,,,
Flipkart - Amritsar Hub - 4765,SUNIL THAKUR,,,,,,,,,
Flipkart - RanjeetAvenueHub - 4778,SUNIL THAKUR,,,,,,,,,
Flipkart - BarabankiHub_BBK - 1459,GOVIND KUMAR SINGH,,,,,,,,,
Flipkart - Bareilly Hub - 4626,GOVIND KUMAR SINGH,,,,,,,,,
Flipkart - BHATINDA - 4782,SUNIL THAKUR,,,,,,,,,
Flipkart - Bhilwarahub - 6082,Mahindra Kumar Tiwari,,,,,,,,,
Flipkart - BikanerHub_BKB - 6093,Mahindra Kumar Tiwari,,,,,,,,,
Flipkart - Dehradun Hub - 6403,GOVIND KUMAR SINGH,,,,,,,,,
Flipkart - Alipur - 4246,DINESH KUMAR,,,,,,,,,
Flipkart - Model Town - 4226,DINESH KUMAR,,,,,,,,,
Flipkart - Dilshad Garden Hub - 4267,DINESH KUMAR,,,,,,,,,
Flipkart - Buradi Hub - 4007,DINESH KUMAR,,,,,,,,,
Flipkart - Kilokari Hub - 4253,DINESH KUMAR,,,,,,,,,
Flipkart - Naraina Hub - 4236,DINESH KUMAR,,,,,,,,,
Flipkart - Anand Vihar Hub - 4245,DINESH KUMAR,,,,,,,,,
Flipkart - Peeragarhi Hub(Vikaspuri hub) - 4279,DINESH KUMAR,,,,,,,,,
Flipkart - Peetampura - 4293,DINESH KUMAR,,,,,,,,,
Flipkart - Mundka Hub - A024,DINESH KUMAR,,,,,,,,,
Flipkart - Uttamnagar Hub - 4283,DINESH KUMAR,,,,,,,,,
Flipkart - Lawrence Road MP (Britania Chowk) - 4261,DINESH KUMAR,,,,,,,,,
Flipkart - Dwarka MP - 4257,DINESH KUMAR,,,,,,,,,
Flipkart - Jhilmil MP - 4248,DINESH KUMAR,,,,,,,,,
Flipkart - Prahladpur (Tughlkabad) - MP) - 4259,DINESH KUMAR,,,,,,,,,
Flipkart - Daryaganj MP - 4270,DINESH KUMAR,,,,,,,,,
Flipkart - Mayur Vihar - 4244,DINESH KUMAR,,,,,,,,,
Flipkart - Mangolpuri - 4006,DINESH KUMAR,,,,,,,,,
Flipkart - Najafgarh Hub - 4290,DINESH KUMAR,,,,,,,,,
Flipkart - Welcome Hub - 4015,DINESH KUMAR,,,,,,,,,
Flipkart - Rohini Hub - 4019,DINESH KUMAR,,,,,,,,,
Flipkart - Dabri Hub - 4025,DINESH KUMAR,,,,,,,,,
Flipkart - Budh Vihar Hub - 4023,DINESH KUMAR,,,,,,,,,
Flipkart - Nehruplace - 4018,DINESH KUMAR,,,,,,,,,
Flipkart - Yamuna Vihar - 4292,DINESH KUMAR,,,,,,,,,
Flipkart - Jasola - 4021,DINESH KUMAR,,,,,,,,,
Flipkart - AdarshNagar - 4291,DINESH KUMAR,,,,,,,,,
Flipkart - IPextension Hub - 4020,DINESH KUMAR,,,,,,,,,
Flipkart - Vasundhara Hub - 4026,DINESH KUMAR,,,,,,,,,
Flipkart - CivillinesHub_DEL - 4029,DINESH KUMAR,,,,,,,,,
Flipkart - DistrictparkHub DEL PL - 4040,DINESH KUMAR,,,,,,,,,
Flipkart - Sangam Vihar - 4041,DINESH KUMAR,,,,,,,,,
Flipkart - BawanaHub_DEL - A040,DINESH KUMAR,,,,,,,,,
Flipkart - KanjhawalaHub_DEL - A025,DINESH KUMAR,,,,,,,,,
Flipkart - GandhinagarHub_DEL_PL(jagjeetnagarhub) - B398(OSH),DINESH KUMAR,,,,,,,,,
Flipkart - PaharganjHub_DEL - B369(OSH),DINESH KUMAR,,,,,,,,,
Flipkart - KarawalNagarHub_DEL - A055,DINESH KUMAR,,,,,,,,,
Flipkart - Motibaghhub_DEL - B413(OSH),DINESH KUMAR,,,,,,,,,
Flipkart - GhitorniHub_DEL - B396(OSH),DINESH KUMAR,,,,,,,,,
Flipkart - BharatGardenHub_DEL - A144,DINESH KUMAR,,,,,,,,,
Flipkart - Peeragarhi hub - 4034,DINESH KUMAR,,,,,,,,,
Flipkart - Ranibagh hub - 4030,DINESH KUMAR,,,,,,,,,
Flipkart - Ashokviharhub - 4033,DINESH KUMAR,,,,,,,,,
Flipkart - ChanakyapuriHub - 4032,DINESH KUMAR,,,,,,,,,
Flipkart - KarolbaghHub_DEL - 100,DINESH KUMAR,,,,,,,,,
Flipkart - VijayNagarHub_DEL - 9800,GOVIND KUMAR SINGH,,,,,,,,,
Flipkart - AIIMS Split Hub - 4036,DINESH KUMAR,,,,,,,,,
Flipkart - ShahdaraHub_DEL - 4042,DINESH KUMAR,,,,,,,,,
Flipkart - Mandoli Last Mile - 4237,DINESH KUMAR,,,,,,,,,
Flipkart - Wazirpur Hub - 4001,DINESH KUMAR,,,,,,,,,
Flipkart - Dwarka XD - 4004,DINESH KUMAR,,,,,,,,,
Flipkart - OldFaridabad Hub - B392,YASHVENDER SINGH,,,,,,,,,
Flipkart - Badkal Hub - 7932,YASHVENDER SINGH,,,,,,,,,
Flipkart - Faridabad Hub(NHPC) - 7908,YASHVENDER SINGH,,,,,,,,,
Flipkart - Ghaziabad Hub - 4641,GOVIND KUMAR SINGH,,,,,,,,,
Flipkart - Shalimar Garden - 1452,GOVIND KUMAR SINGH,,,,,,,,,
Flipkart - MedicalRoadHub_GOP - 711,GOVIND KUMAR SINGH,,,,,,,,,
Flipkart - GorakhpurHub_GOP - 1476,GOVIND KUMAR SINGH,,,,,,,,,
Flipkart - GurgaonMilestone Hub - 7911,YASHVENDER SINGH,,,,,,,,,
Flipkart - RajendraPark Hub - 7953,YASHVENDER SINGH,,,,,,,,,
Flipkart - Gurgaon Hub - 740,YASHVENDER SINGH,,,,,,,,,
Flipkart - Gurgaon Manesar Hub - 5517,YASHVENDER SINGH,,,,,,,,,
Flipkart - Badshahpur Hub - 5592,YASHVENDER SINGH,,,,,,,,,
Flipkart - DLFPhase1Hub_DEL - 5534,YASHVENDER SINGH,,,,,,,,,
Flipkart - Haldwani Hub - 6430,GOVIND KUMAR SINGH,,,,,,,,,
Flipkart - Haridwar Hub - 6406,GOVIND KUMAR SINGH,,,,,,,,,
Flipkart - Hissarhub_HSS - 7952,YASHVENDER SINGH,,,,,,,,,
Flipkart - CanttHissarHub_HSS - 6456,YASHVENDER SINGH,,,,,,,,,
Flipkart - HissarHub_PL_HSS - 7909,YASHVENDER SINGH,,,,,,,,,
Flipkart - Mansrover hub_JAI - 6085,Mahindra Kumar Tiwari,,,,,,,,,
Flipkart - Jhotawara hub - 6069,Mahindra Kumar Tiwari,,,,,,,,,
Flipkart - VKIAHub_JAI - 6071,Mahindra Kumar Tiwari,,,,,,,,,
Flipkart - MalviyaNagarhub_JAI - 6050,Mahindra Kumar Tiwari,,,,,,,,,
Flipkart - Jaipur hub - 6029,Mahindra Kumar Tiwari,,,,,,,,,
Flipkart - Pink City hub - 6086,Mahindra Kumar Tiwari,,,,,,,,,
Flipkart - Bhankrotahub - 6075,Mahindra Kumar Tiwari,,,,,,,,,
Flipkart - Hawamahalhub - 6081,Mahindra Kumar Tiwari,,,,,,,,,
Flipkart - Kalwarroadhub - 6079,Mahindra Kumar Tiwari,,,,,,,,,
Flipkart - Jaipur RO - 1553,Mahindra Kumar Tiwari,,,,,,,,,
Flipkart - Satellitehub_JAI - 6030,Mahindra Kumar Tiwari,,,,,,,,,
Flipkart - Jalandhar Hub - 4773,SUNIL THAKUR,,,,,,,,,
Flipkart - Adampur Hub - 4780,SUNIL THAKUR,,,,,,,,,
Flipkart - Jammu Hub - 6110,SUNIL THAKUR,,,,,,,,,
Flipkart - Jodhpur Hub - 6073,Mahindra Kumar Tiwari,,,,,,,,,
Flipkart - GumtiHub_KNU - 1402,GOVIND KUMAR SINGH,,,,,,,,,
Flipkart - BarraHub_KNU - 1444,GOVIND KUMAR SINGH,,,,,,,,,
Flipkart - SatelliteHub_KNU - 1430,GOVIND KUMAR SINGH,,,,,,,,,
Flipkart - KarnalHub_KAL - 7903,SUNIL THAKUR,,,,,,,,,
Flipkart - Kota Hub - 6083,Mahindra Kumar Tiwari,,,,,,,,,
Flipkart - Vibhutikand Hub - 4646,GOVIND KUMAR SINGH,,,,,,,,,
Flipkart - LekhrajMarketHub_LKO - 1464,GOVIND KUMAR SINGH,,,,,,,,,
Flipkart - TransportNagarHub_LKO - 7772,GOVIND KUMAR SINGH,,,,,,,,,
Flipkart - PGIHub_LKO - 7759,GOVIND KUMAR SINGH,,,,,,,,,
Flipkart - SatelliteHub_LKO - 4665,GOVIND KUMAR SINGH,,,,,,,,,
Flipkart - FirozpurRoad Hub Ludhiana - 4774,SUNIL THAKUR,,,,,,,,,
Flipkart - ChandigarhRoad Ludhiana - 4779,SUNIL THAKUR,,,,,,,,,
Flipkart - Ludhiana Hub - 4714,SUNIL THAKUR,,,,,,,,,
Flipkart - VrindavanHub_MTH - 1456,GOVIND KUMAR SINGH,,,,,,,,,
Flipkart - Meerut Hub - 4272,GOVIND KUMAR SINGH,,,,,,,,,
Flipkart - Modinagar hub - A061,GOVIND KUMAR SINGH,,,,,,,,,
Flipkart - Mohali Hub - 4776,SUNIL THAKUR,,,,,,,,,
Flipkart - Moradabad Hub - 4624,GOVIND KUMAR SINGH,,,,,,,,,
Flipkart - Greater Noida - 4630,GOVIND KUMAR SINGH,,,,,,,,,
Flipkart - Phase2noidaHub_DEL - 1418,GOVIND KUMAR SINGH,,,,,,,,,
Flipkart - IOCL Noida Hub - 1407,GOVIND KUMAR SINGH,,,,,,,,,
Flipkart - Phase3NoidaHub_DEL - A023,GOVIND KUMAR SINGH,,,,,,,,,
Flipkart - SarafabadNoidaHub_DEL - 1421,GOVIND KUMAR SINGH,,,,,,,,,
Flipkart - Dasna Hub - 1451,GOVIND KUMAR SINGH,,,,,,,,,
Flipkart - Kasna Hub - 1436,GOVIND KUMAR SINGH,,,,,,,,,
Flipkart - Noida city center hub - 1474,GOVIND KUMAR SINGH,,,,,,,,,
Flipkart - Surajpur Hub - 1440,GOVIND KUMAR SINGH,,,,,,,,,
Flipkart - Noida hub - 4643,GOVIND KUMAR SINGH,,,,,,,,,
Flipkart - Panchkula Hub - 7901,SUNIL THAKUR,,,,,,,,,
Flipkart - PanipatSec25Hub_PPT - 7951,YASHVENDER SINGH,,,,,,,,,
Flipkart - Patiala Hub - 4752,SUNIL THAKUR,,,,,,,,,
Flipkart - RambaghHub_RMB - 7734,GOVIND KUMAR SINGH,,,,,,,,,
Flipkart - Naini Hub - 635,GOVIND KUMAR SINGH,,,,,,,,,
Flipkart - Jhusi Hub - A005,GOVIND KUMAR SINGH,,,,,,,,,
Flipkart - RewariHub_RWR - 5563,YASHVENDER SINGH,,,,,,,,,
Flipkart - Saharanpur Hub - 1406,GOVIND KUMAR SINGH,,,,,,,,,
Flipkart - Sitapurhub_SIT - 1455,GOVIND KUMAR SINGH,,,,,,,,,
Flipkart - Sitapura hub - A117,Mahindra Kumar Tiwari,,,,,,,,,
Flipkart - Sri Ganganagar - 6014,Mahindra Kumar Tiwari,,,,,,,,,
Flipkart - Udaipur Hub - 6022,Mahindra Kumar Tiwari,,,,,,,,,
Flipkart - OrderlyBazarHub_VNS - 7716,GOVIND KUMAR SINGH,,,,,,,,,
Flipkart - BhuHub_VNS/ Varanasi Split Hub - 7797,GOVIND KUMAR SINGH,,,,,,,,,
Flipkart - Varanasi Hub(Sigra) - 1420,GOVIND KUMAR SINGH,,,,,,,,,
Flipkart - Varanasi Bypass Hub _VNS - 1457,GOVIND KUMAR SINGH,,,,,,,,,
Flipkart - SarnathHub_VNS - 1472,GOVIND KUMAR SINGH,,,,,,,,,
Flipkart - ChuakaghatHub_VNS - 1477,GOVIND KUMAR SINGH,,,,,,,,,
Flipkart - Chandigarh RO - 8114,SUNIL THAKUR,,,,,,,,,
Flipkart - Ballabhgarh Hub - 5590,YASHVENDER SINGH,,,,,,,,,
Flipkart - Shahibabad - B399(OSH),GOVIND KUMAR SINGH,,,,,,,,,
HDFC - Thane West - Talaopali,SHILPA MORE,,,,,,,,,
BNP - Pune - MH,VINOD GANPAT SURYAWANSHI,,,,,,,,,
Satya - Noida,GOVIND KUMAR SINGH,,,,,,,,,
BNP - Delhi,DINESH KUMAR,,,,,,,,,
Flipkart - Anjaneya FCMH - 3462,Anshu Kumar Maurya,,,,,,,,,
Flipkart - Chennai DC - 3227,PADAM LOCHAN MALLICK,,,,,,,,,
Flipkart - Chennai FC - 2161,PADAM LOCHAN MALLICK,,,,,,,,,
Flipkart - Chennai Grocery BTS - 3461 - 6901,PADAM LOCHAN MALLICK,,,,,,,,,
Flipkart - Cochin MHTC - 3369,PADAM LOCHAN MALLICK,,,,,,,,,
Flipkart - Cochin new mhnl - 3387,PADAM LOCHAN MALLICK,,,,,,,,,
Flipkart - Coimbatore BTS Grocery - 3474,PADAM LOCHAN MALLICK,,,,,,,,,
Flipkart - Coimbatore FC MH - 2162/4435,PADAM LOCHAN MALLICK,,,,,,,,,
Flipkart - Coimbatore Large BTS - 3440,PADAM LOCHAN MALLICK,,,,,,,,,
Flipkart - Hosur BTS 2A - 3434,PADAM LOCHAN MALLICK,,,,,,,,,
Flipkart - Hosur BTS 2C - 3405,PADAM LOCHAN MALLICK,,,,,,,,,
Flipkart - Hubli FC - 3442,Anshu Kumar Maurya,,,,,,,,,
Flipkart - Hubli MH - 3442,Anshu Kumar Maurya,,,,,,,,,
Flipkart - Hubli_large - 3467,Anshu Kumar Maurya,,,,,,,,,
Flipkart - Hyd Zeromile - 3468,DEEPAK KUMAR,,,,,,,,,
Flipkart - Medchal FC - 2135,DEEPAK KUMAR,,,,,,,,,
Flipkart - Medchal MH - 3629,DEEPAK KUMAR,,,,,,,,,
Flipkart - Nelamangala Grocery FC - 6873,Anshu Kumar Maurya,,,,,,,,,
Flipkart - PTC MH - 2198,DEEPAK KUMAR,,,,,,,,,
Flipkart - RKV Anekal Grocery - 3483,Anshu Kumar Maurya,,,,,,,,,
Flipkart - Sangareddy - 3493,DEEPAK KUMAR,,,,,,,,,
Flipkart - Soukya MH - 3644,Anshu Kumar Maurya,,,,,,,,,
Flipkart - Vijayawada FCMH - 4958,DEEPAK KUMAR,,,,,,,,,
Flipkart - Vijayawada Grocery - 3348,DEEPAK KUMAR,,,,,,,,,
Flipkart - Vizag large - 3469,DEEPAK KUMAR,,,,,,,,,
BA - Bhubaneswar - Od,Satyaprajna Jena,,,,,,,,,
CBRE - E&Y - Bangalore,Anshu Kumar Maurya,,,,,,,,,
CBRE - WIPRO - Bhubaneshwar,Satyaprajna Jena,,,,,,,,,
JCI - Ahmedabad,RAJESH DAVE,,,,,,,,,
Flipkart - Malur BTS - FC - 2199,Anshu Kumar Maurya,,,,,,,,,
Flipkart - Malur BTS - MH - 3403,Anshu Kumar Maurya,,,,,,,,,
Flipkart - Malur-1 RC - 2163,Anshu Kumar Maurya,,,,,,,,,
CBRE - WIPRO - Hyderabad - TS,DEEPAK KUMAR,,,,,,,,,
Philips - Gurgaon - HR,YASHVENDER SINGH,,,,,,,,,
Cherry - EIT - Bangalore - KA,Anshu Kumar Maurya,,,,,,,,,
Smartworks - Kolkata - WB,Barsha Kumari Singh,,,,,,,,,
Flipkart - SaroliMPHub_STV - 7495,RAJESH DAVE,,,,,,,,,
ER_India - Jammu,SUNIL THAKUR,,,,,,,,,
15 - Chandigarh Sector 9C,SUNIL THAKUR,,,,,,,,,
272 - CHANDIGARH Sector 35,SUNIL THAKUR,,,,,,,,,
274 - Chandigarh - Manimajra,SUNIL THAKUR,,,,,,,,,
446 - Sector 17 Chandigarh,SUNIL THAKUR,,,,,,,,,
489 - Chandigarh - Sector 27,SUNIL THAKUR,,,,,,,,,
652 - Chandigarh - Sector 46,SUNIL THAKUR,,,,,,,,,
732 - Chandigarh - Sector 37,SUNIL THAKUR,,,,,,,,,
993 - Chandigarh - Sector 40,SUNIL THAKUR,,,,,,,,,
"1057 - Sector 20, Chandigarh",SUNIL THAKUR,,,,,,,,,
511 - Jalandhar - Model Town,SUNIL THAKUR,,,,,,,,,
279 - Mukerian,SUNIL THAKUR,,,,,,,,,
545 - Ludhiana - BRS Nagar,SUNIL THAKUR,,,,,,,,,
149 - Nakodar,SUNIL THAKUR,,,,,,,,,
705 - Amritsar - Batala Road,SUNIL THAKUR,,,,,,,,,
1330 - Dhakoli,SUNIL THAKUR,,,,,,,,,
544 - Jalandhar - Sodal Road,SUNIL THAKUR,,,,,,,,,
830 - Nabha,SUNIL THAKUR,,,,,,,,,
15 - Sector 9C,SUNIL THAKUR,,,,,,,,,
956 - Batala,SUNIL THAKUR,,,,,,,,,
277 - udhampur,SUNIL THAKUR,,,,,,,,,
1242 - Focal Point,SUNIL THAKUR,,,,,,,,,
486 - Hoshiarpur,SUNIL THAKUR,,,,,,,,,
207 - Patiala,SUNIL THAKUR,,,,,,,,,
JLL-Airtel-Mini Store-Sec 44 CHD - PB,SUNIL THAKUR,,,,,,,,,
CLR - Philips - Gurgaon,KHUSHBOO RAI,,,,,,,,,
JLL - Airtel Store-Nadiad NGS - GJ,RAJESH DAVE,,,,,,,,,
Philips - Chennai - TN,PADAM LOCHAN MALLICK,,,,,,,,,
JLL - Airtel Store-Pollachi NGS - TN,PADAM LOCHAN MALLICK,,,,,,,,,
JLL - Airtel Store-Kattur Mini - TN,PADAM LOCHAN MALLICK,,,,,,,,,
JLL - Airtel Store-DB Gupta Road - DL,DINESH KUMAR,,,,,,,,,
JLL - Airtel Store-PURI - OD,Satyaprajna Jena,,,,,,,,,
JLL - Airtel Store-Bommasandra - KA,Anshu Kumar Maurya,,,,,,,,,
JLL - Airtel Store-Suryapet OR - TS,DEEPAK KUMAR,,,,,,,,,
JLL - Airtel Store-Suratgarh NGS - RJ,Mahindra Kumar Tiwari,,,,,,,,,
JLL - Airtel Store-BDA Layout Avalahalli - KA,Anshu Kumar Maurya,,,,,,,,,
JLL - Airtel Store-Ratu Road RAN - JH,BALA JEE SHARMA,,,,,,,,,
JLL - Airtel Store-Palwal HAR - HR,DINESH KUMAR,,,,,,,,,
JLL - Airtel Store-Tughlakabad Extension - DL,DINESH KUMAR,,,,,,,,,
JLL - Airtel Mini Store- Shaheen Bagh - DL,DINESH KUMAR,,,,,,,,,
526 - Jammu 2,SUNIL THAKUR,,,,,,,,,
331 - Dharamshala,SUNIL THAKUR,,,,,,,,,
857 - Sangrur,SUNIL THAKUR,,,,,,,,,
1378 - Football Chowk Jalandhar,SUNIL THAKUR,,,,,,,,,
86 - Pathankot,SUNIL THAKUR,,,,,,,,,
280 - Sultanpur Lodhi,SUNIL THAKUR,,,,,,,,,
270 - Barnala,SUNIL THAKUR,,,,,,,,,
Bahu Plaza Jammu,SUNIL THAKUR,,,,,,,,,
318 - Rayya,SUNIL THAKUR,,,,,,,,,
IBM - Mumbai,SHILPA MORE,,,,,,,,,
Flipkart - VidyanagarHub_BHO -,KAMAL PRAJAPATI,,,,,,,,,
JLL - Airtel Store-GARIA AOR - WB,Barsha Kumari Singh,,,,,,,,,
JLL - Table Space - Mumbai,SHILPA MORE,,,,,,,,,
Australian - Chanakyapuri,DINESH KUMAR,,,,,,,,,
JLL - Airtel Store-Kalapatti Mini - TN,PADAM LOCHAN MALLICK,,,,,,,,,
761 - Ludhiana - Model Town,SUNIL THAKUR,,,,,,,,,
JLL - Airtel Store-Siripur-BBSR - OD,Satyaprajna Jena,,,,,,,,,
JLL - Airtel Store-Ganjam Galaxy - OD,Satyaprajna Jena,,,,,,,,,
BHSE - GREEN PARK EXTENSION - DL,DINESH KUMAR,,,,,,,,,
Infosys - Ghaziabad,GOVIND KUMAR SINGH,,,,,,,,,
JLL - Airtel Store-SR Nagar HYD - TS,DEEPAK KUMAR,,,,,,,,,
JLL - Airtel Store-Manish Nagar Mini - MH,RUPALI ANKUSH KODAG,,,,,,,,,
JLL - Airtel Store-Golf Course GGN - HR,DINESH KUMAR,,,,,,,,,
JLL - Airtel Store-Thyagararaja nagar - KA,Anshu Kumar Maurya,,,,,,,,,
Flipkart - Airport LinHaul Office - 6656,DILEEP PRAJAPATI,,,,,,,,,
Flipkart - BhiwandiMPhub_BHI_PL - 1984,DILEEP PRAJAPATI,,,,,,,,,
Flipkart - BoriviliHub_MUM - 3278,DILEEP PRAJAPATI,,,,,,,,,
Flipkart - CanaconaHub_GOA - 4911,VINOD GANPAT SURYAWANSHI,,,,,,,,,
Flipkart - CollegeRoadHub_NSK - 1976,SHILPA MORE,,,,,,,,,
Flipkart - Hadapsar - 7029,VINOD GANPAT SURYAWANSHI,,,,,,,,,
Flipkart - KolhapurHub_KHL - 6684,DILEEP PRAJAPATI,,,,,,,,,
Flipkart - MiraRoadHub_MUM - 6680,DILEEP PRAJAPATI,,,,,,,,,
Flipkart - PanvelHub_PNV - 6661,DILEEP PRAJAPATI,,,,,,,,,
Flipkart - PimpriHub_PUNE - 6675,VINOD GANPAT SURYAWANSHI,,,,,,,,,
Flipkart - SatelliteHub_PNV - 7554,DILEEP PRAJAPATI,,,,,,,,,
Flipkart - Satellitehub_WAG - 1994,DILEEP PRAJAPATI,,,,,,,,,
Flipkart - ThaneHub_MUM - 6693,DILEEP PRAJAPATI,,,,,,,,,
Flipkart - TrimurtiNagarHub_NAG - 6670,DILEEP PRAJAPATI,,,,,,,,,
Flipkart - VashiHub_NBM - 6663,DILEEP PRAJAPATI,,,,,,,,,
Flipkart - VidyaviharZonal Office - 1768,DILEEP PRAJAPATI,,,,,,,,,
Flipkart - SatelliteHub_VSI - 1993,DILEEP PRAJAPATI,,,,,,,,,
Flipkart - New Nagpur MH BTS - 3388,VINOD GANPAT SURYAWANSHI,,,,,,,,,
Flipkart - Nagpur Large - 3478,VINOD GANPAT SURYAWANSHI,,,,,,,,,
Flipkart - Pune MH - 3344,VINOD GANPAT SURYAWANSHI,,,,,,,,,
Flipkart - Renaissance BTS - 3439,DILEEP PRAJAPATI,,,,,,,,,
Flipkart - Saidham CF Grocery - 3484,DILEEP PRAJAPATI,,,,,,,,,
Flipkart - Saidham G FC - 3457,DILEEP PRAJAPATI,,,,,,,,,
Flipkart - Saidham G1 MH - 3460,DILEEP PRAJAPATI,,,,,,,,,
Flipkart - Saidham Large - 3445,DILEEP PRAJAPATI,,,,,,,,,
Flipkart - ChhindwaraHub_CHH - 5917,KAMAL PRAJAPATI,,,,,,,,,
Flipkart - CitycenterHub_GWL - 5876,KAMAL PRAJAPATI,,,,,,,,,
Flipkart - IndoreHub_IDR - 6122,KAMAL PRAJAPATI,,,,,,,,,
Flipkart - SatelliteHub_AMD - 9993,RAJESH DAVE,,,,,,,,,
Flipkart - VidyanagarHub_BHO - 5815,KAMAL PRAJAPATI,,,,,,,,,
Flipkart - JabalpurHub_JBL - 5919,KAMAL PRAJAPATI,,,,,,,,,
Flipkart - Chandkheda Cross Dock - 7478,RAJESH DAVE,,,,,,,,,
Flipkart - Maninagar Cross Dock - 5197_GRC,RAJESH DAVE,,,,,,,,,
Flipkart - Satellite Cross Dock - 7479,RAJESH DAVE,,,,,,,,,
DXC - Indore,KAMAL PRAJAPATI,,,,,,,,,
IBM - Hyderabad,KHUSHBOO RAI,,,,,,,,,
WIPRO - Chennai,PADAM LOCHAN MALLICK,,,,,,,,,
IBM - Kochi,KHUSHBOO RAI,,,,,,,,,
JLL - Zoetis - Mumbai - MH,SHILPA MORE,,,,,,,,,
HP India - Bangalore,Anshu Kumar Maurya,,,,,,,,,
Capgemini - IGate Junction - KA,Anshu Kumar Maurya,,,,,,,,,
Optum - Bangalore,Anshu Kumar Maurya,,,,,,,,,
JLL - Airtel Mini Store-Chinsurah - WB,Barsha Kumari Singh,,,,,,,,,
Airtel Store-Kanchrapara mini - WB,Barsha Kumari Singh,,,,,,,,,
JLL - Airtel Store-PT Rajan Road NGS - TN,PADAM LOCHAN MALLICK,,,,,,,,,
JLL - Airtel Store-Santoshpur Mini - WB,Barsha Kumari Singh,,,,,,,,,
JLL - Airtel Store-DHAR ROAD UDHAMPUR - J&K,SUNIL THAKUR,,,,,,,,,
JLL - Airtel Store-Sec 5 KOL - WB,Barsha Kumari Singh,,,,,,,,,
JLL - Airtel Store-Muchibazar Mini - WB,Barsha Kumari Singh,,,,,,,,,
JLL - Airtel Mini Store-SIDDHARTHA - KA,Anshu Kumar Maurya,,,,,,,,,
JLL - Airtel Store-Baguihati Mini - WB,Barsha Kumari Singh,,,,,,,,,
JLL - Airtel Mini Store Patiala - PB,SUNIL THAKUR,,,,,,,,,
JLL - Airtel Store-District Center-BBSR - OR,Satyaprajna Jena,,,,,,,,,
JLL - Airtel Store-Harsul T Point Mini - MH,VINOD GANPAT SURYAWANSHI,,,,,,,,,
DLF - Kolkata,KHUSHBOO RAI,,,,,,,,,
Flipkart - Bahadurgarh,YASHVENDER SINGH,,,,,,,,,
ER_INDIA - Chennai,PADAM LOCHAN MALLICK,,,,,,,,,
ER_INDIA - Bangalore,Anshu Kumar Maurya,,,,,,,,,
ER_INDIA - Kolkata,Barsha Kumari Singh,,,,,,,,,
JLL - Airtel Store-Anna Nagar NGS - TN,PADAM LOCHAN MALLICK,,,,,,,,,
Mahindra - Ahmedabad Block-A,RAJESH DAVE,,,,,,,,,
Mahindra - Ahmedabad Block-B,RAJESH DAVE,,,,,,,,,
Mahindra - Bhopal,KAMAL PRAJAPATI,,,,,,,,,
Mahindra - Jaipur Tonk Road,Mahindra Kumar Tiwari,,,,,,,,,
Mahindra - Jaipur Ajmer Road,Mahindra Kumar Tiwari,,,,,,,,,
Mahindra - Patna,BALA JEE SHARMA,,,,,,,,,
Mahindra - Raipur,BALA JEE SHARMA,,,,,,,,,
Mahindra - Ranchi,BALA JEE SHARMA,,,,,,,,,
Mahindra - Guwahati,Barsha Kumari Singh,,,,,,,,,
Mahindra - Bhubaneshwar,Satyaprajna Jena,,,,,,,,,
Mahindra - Kolkata,Barsha Kumari Singh,,,,,,,,,
Mahindra - Lucknow,GOVIND KUMAR SINGH,,,,,,,,,
Mahindra - Varanasi,GOVIND KUMAR SINGH,,,,,,,,,
Mahindra - Noida,GOVIND KUMAR SINGH,,,,,,,,,
Mahindra - Vijayawada,DEEPAK KUMAR,,,,,,,,,
Mahindra - Hyderabad,DEEPAK KUMAR,,,,,,,,,
Mahindra - Secunderabad,DEEPAK KUMAR,,,,,,,,,
Mahindra - Bangalore,Anshu Kumar Maurya,,,,,,,,,
Mahindra - Kochi,PADAM LOCHAN MALLICK,,,,,,,,,
Mahindra - Karnal,SUNIL THAKUR,,,,,,,,,
Mahindra - Jammu,SUNIL THAKUR,,,,,,,,,
Mahindra - Mohali Sec-55,SUNIL THAKUR,,,,,,,,,
Mahindra - Mohali SAS Nagar,SUNIL THAKUR,,,,,,,,,
Mahindra - Pune Baner,VINOD GANPAT SURYAWANSHI,,,,,,,,,
Mahindra - Pune Karve Road,VINOD GANPAT SURYAWANSHI,,,,,,,,,
IBM - Chennai,PADAM LOCHAN MALLICK,,,,,,,,,
JLL - Airtel Store-Thanisandra - KA,Anshu Kumar Maurya,,,,,,,,,
43 - Urban - Noida Sec-60,GOVIND KUMAR SINGH,,,,,,,,,
WIPRO - Kolkata,Barsha Kumari Singh,,,,,,,,,
Cognizant - Kolkata,Barsha Kumari Singh,,,,,,,,,
44 - Urban - Hyderabad Banjara Hills,DEEPAK KUMAR,,,,,,,,,
ER_INDIA - Faridabad,YASHVENDER SINGH,,,,,,,,,
ER_INDIA - Gurgaon,YASHVENDER SINGH,,,,,,,,,
BA - Khurda - Od,Satyaprajna Jena,,,,,,,,,
DMI - Lajpat Nagar,DINESH KUMAR,,,,,,,,,
JLL - Airtel Mini Store-Jawahar Colony - HR,DINESH KUMAR,,,,,,,,,
JLL - Airtel Store-Channapatna OR - KA,Anshu Kumar Maurya,,,,,,,,,
JLL - Airtel Store-Ramanagara OR - KA,Anshu Kumar Maurya,,,,,,,,,
Philips - Kolkata - WB,Barsha Kumari Singh,,,,,,,,,
JLL - Airtel Mini Store-Perumbakkam - TN,PADAM LOCHAN MALLICK,,,,,,,,,
JLL - Airtel Store-Phursungi - MH,VINOD GANPAT SURYAWANSHI,,,,,,,,,
TATA 1MG - Noida,GOVIND KUMAR SINGH,,,,,,,,,
JLL - Airtel Store-Pashan - MH,VINOD GANPAT SURYAWANSHI,,,,,,,,,
985 - Phagwara,SUNIL THAKUR,,,,,,,,,
JLL - Airtel Store-Wadgaon Sheri - MH,VINOD GANPAT SURYAWANSHI,,,,,,,,,
UN SORTING HAT RJ,Mahindra Kumar Tiwari,,,,,,,,,
Airtel - Mira Road Jangid Mini,BARGE DEVIDAS RAMCHANDRA,,,,,,,,,
Table Space - Airpot - Mumbai,SHILPA MORE,,,,,,,,,
Table Space - Brookefield - Bangalore,Anshu Kumar Maurya,,,,,,,,,
JLL - Airtel Store-Chikhli Mini - MH,VINOD GANPAT SURYAWANSHI,,,,,,,,,
JLL - SCO-36-37 - HR,SUNIL THAKUR,,,,,,,,,
JLL - Airtel Store-Nigadi Mini - MH,VINOD GANPAT SURYAWANSHI,,,,,,,,,
Boston - Mumbai,KHUSHBOO RAI,,,,,,,,,
Pramerica - Gurgaon - HR,YASHVENDER SINGH,,,,,,,,,
IBM - Pune,VINOD GANPAT SURYAWANSHI,,,,,,,,,
BMW - Gurgaon DLF Cyber City,YASHVENDER SINGH,,,,,,,,,
BMW - Gurgaon Oberoi Corporate Tower,YASHVENDER SINGH,,,,,,,,,
JLL - Airtel Store-Santhosh Nagar AOR - TS,DEEPAK KUMAR,,,,,,,,,
JLL - Airtel Store-Bagalur Main Road OR - KA,Anshu Kumar Maurya,,,,,,,,,
JLL - Airtel Store-Kasba bavda - MH,RUPALI ANKUSH KODAG,,,,,,,,,
JLL - Airtel Store-Bhosri Mini - MH,VINOD GANPAT SURYAWANSHI,,,,,,,,,
JLL - Airtel Store-Dighi Mini Store - MH,VINOD GANPAT SURYAWANSHI,,,,,,,,,
JLL - Airtel Store-Keshav Nagar Mini - MH,VINOD GANPAT SURYAWANSHI,,,,,,,,,
JLL - Airtel Store-Dhayari Mini - MH,VINOD GANPAT SURYAWANSHI,,,,,,,,,
JLL - Airtel Store NGS Sector 75 Noida - UP,GOVIND KUMAR SINGH,,,,,,,,,
JLL - Airtel Store-Geetanagar AOR - MH,VINOD GANPAT SURYAWANSHI,,,,,,,,,
JLL - Airtel Store-Adyar NGS - TN,PADAM LOCHAN MALLICK,,,,,,,,,
Uber - RGA Tech Park,Anshu Kumar Maurya,,,,,,,,,
Uber - OHC,YASHVENDER SINGH,,,,,,,,,
Uber - Queens Plaza,DEEPAK KUMAR,,,,,,,,,
Uber - Western pearl,DEEPAK KUMAR,,,,,,,,,
Uber - Purva Summit,DEEPAK KUMAR,,,,,,,,,
Uber - V Mall,DEEPAK KUMAR,,,,,,,,,
Uber - SCO 300,YASHVENDER SINGH,,,,,,,,,
Uber - Gidrej Eternia,SUNIL THAKUR,,,,,,,,,
"Uber - Paragon Plaza, Mumbai",DILEEP PRAJAPATI,,,,,,,,,
Uber - Nyati Emporious,VINOD GANPAT SURYAWANSHI,,,,,,,,,
Uber - ABC Square,Barsha Kumari Singh,,,,,,,,,
Barclays - Mumbai,SHILPA MORE,,,,,,,,,
WIPRO - Coimbatore,PADAM LOCHAN MALLICK,,,,,,,,,
JLL - Airtel Store-Rameshwari Mini - MH,RUPALI ANKUSH KODAG,,,,,,,,,
JLL - Airtel Store-Thane Hiranandani NGSB - MH,BARGE DEVIDAS RAMCHANDRA,,,,,,,,,
JLL - Airtel Mini Store-100 ft Road PB,SUNIL THAKUR,,,,,,,,,
JLL - Airtel mini store-BeckBagan - WB,Barsha Kumari Singh,,,,,,,,,
HP India - Gurugram,YASHVENDER SINGH,,,,,,,,,
JLL-HBAP-ERNAKULAM-KL,KHUSHBOO RAI,,,,,,,,,
JLL-HBAP-LAJPAT NAGAR-DL,KHUSHBOO RAI,,,,,,,,,
JLL-HBAP-BARAKHAMBA ROAD - DL,KHUSHBOO RAI,,,,,,,,,
JLL-HBAP-CHANDIGARH-CH,KHUSHBOO RAI,,,,,,,,,
JLL-HBAP-Rajaji Salai-TN,KHUSHBOO RAI,,,,,,,,,
"JLL-HBAP-1st Floor, Race Course Road-TN",KHUSHBOO RAI,,,,,,,,,
JLL-HBAP-108 Race Cource Road-TN,KHUSHBOO RAI,,,,,,,,,
JLL-HBAP-KOLKATA-WB,KHUSHBOO RAI,,,,,,,,,
JLL-HBAP-NOIDA-UP,KHUSHBOO RAI,,,,,,,,,
JLL-HBAP-JAIPUR-RJ,Mahindra Kumar Tiwari,,,,,,,,,
JLL-HBAP-Rajalakshami-TN,KHUSHBOO RAI,,,,,,,,,
JLL-HBAP-Greater Kailash Part - I-DL,KHUSHBOO RAI,,,,,,,,,
Boston - Gurgaon,KHUSHBOO RAI,,,,,,,,,
Oracle - Gurgaon,KHUSHBOO RAI,,,,,,,,,
JLL - Airtel Store-NANAK NAGAR - JK,SUNIL THAKUR,,,,,,,,,
RMZ - Westend - Pune,KHUSHBOO RAI,,,,,,,,,
JLL - Airtel Store-NGS Raj Nagar Extension - UP,DINESH KUMAR,,,,,,,,,
JLL - Airtel Store-Rajiv Nagar Mini - MH,VINOD GANPAT SURYAWANSHI,,,,,,,,,
JLL - ESPEE IT PARK 6thÂ  floor - TN,PADAM LOCHAN MALLICK,,,,,,,,,
Kohler - Lajpat Nagar - DL,YASHVENDER SINGH,,,,,,,,,
TATA STEEL - Faridabad,YASHVENDER SINGH,,,,,,,,,
JLL - Airtel Store-Dhakoli PB Mini - PB,SUNIL THAKUR,,,,,,,,,
JLL - Airtel Store-Pimple Gurav Mini - MH,VINOD GANPAT SURYAWANSHI,,,,,,,,,
JLL - Airtel Store-New Sangavi Mini - MH,VINOD GANPAT SURYAWANSHI,,,,,,,,,
JLL - Airtel Store-Bhugaon - MH,VINOD GANPAT SURYAWANSHI,,,,,,,,,
JLL - Airtel Store-Lohegaon Mini - MH,VINOD GANPAT SURYAWANSHI,,,,,,,,,
JLL - Airtel Store-Katraj Kondhwa Road - MH,VINOD GANPAT SURYAWANSHI,,,,,,,,,
JLL - Airtel Mini Store-Ballabhgarh Faridabad DL379 - HR,DINESH KUMAR,,,,,,,,,
JLL - Airtel Store-Jail Road - MH,RUPALI ANKUSH KODAG,,,,,,,,,
UIPATH - Bangalore - KA,Anshu Kumar Maurya,,,,,,,,,
JLL - Table space - Bengaluru,Anshu Kumar Maurya,,,,,,,,,
Flipkart - Indore BTS - 3386,KAMAL PRAJAPATI,,,,,,,,,
Table Space - Andheri Mumbai,SHILPA MORE,,,,,,,,,
Smartworks - Madhapur Hyderabad - TS,DEEPAK KUMAR,,,,,,,,,
Smartworks - Kondapur Hyderabad - TS,DEEPAK KUMAR,,,,,,,,,
Smartworks - Raidurg Hyderabad - TS,DEEPAK KUMAR,,,,,,,,,
JLL - Airtel Store-Vishnu Garden Delhi DL369 - DL,DINESH KUMAR,,,,,,,,,
45 - Urban - Marathahalli,Anshu Kumar Maurya,,,,,,,,,
JLL - Airtel Store-PADARAYANAPURA MINI - KA,Anshu Kumar Maurya,,,,,,,,,
JLL - Airtel Store-Seppings Road_Mini OR - KA,Anshu Kumar Maurya,,,,,,,,,
JLL - Airtel Store-Byatarayanapura-Kempapura_Mini OR - KA,Anshu Kumar Maurya,,,,,,,,,
JLL - Airtel Store-Nandi Durga BLR - KA,Anshu Kumar Maurya,,,,,,,,,
JLL - Airtel Mini Store-Rohini Sec 28 - DL,DINESH KUMAR,,,,,,,,,
JLL - Airtel Store-Sargasan Mini - GJ,RAJESH DAVE,,,,,,,,,
JLL - Airtel Store-Dheber Road NGS - GJ,RAJESH DAVE,,,,,,,,,
JLL - Airtel Store-Khardah Mini - WB,Barsha Kumari Singh,,,,,,,,,
JLL - Airtel Store-Kuvadava Mini - GJ,RAJESH DAVE,,,,,,,,,
JLL - Airtel Store-KHAMMAM NGS - TS,DEEPAK KUMAR,,,,,,,,,
Jacob - Gurgaon,YASHVENDER SINGH,,,,,,,,,
JLL - Airtel Mini Store-Mazgoan Dockyard - MH,BARGE DEVIDAS RAMCHANDRA,,,,,,,,,
JLL - Airtel Mini Store-Raj Harmony - GJ,RAJESH DAVE,,,,,,,,,
JLL - Airtel Store-Puthur Mini - TN,PADAM LOCHAN MALLICK,,,,,,,,,
HSBC - Bangalore,Anshu Kumar Maurya,,,,,,,,,
WeWork Platina Tower,YASHVENDER SINGH,,,,,,,,,
WeWork 9A,YASHVENDER SINGH,,,,,,,,,
WeWork Prestige Tech Park,Anshu Kumar Maurya,,,,,,,,,
WeWork Roshni Tech Hub,Anshu Kumar Maurya,,,,,,,,,
WeWork Olympia Cyberspace,PADAM LOCHAN MALLICK,,,,,,,,,
WeWork Eldeco Centre,DINESH KUMAR,,,,,,,,,
WeWork Raheja Mindspace,DEEPAK KUMAR,,,,,,,,,
WeWork RMZ Spire,DEEPAK KUMAR,,,,,,,,,
WeWork Vaswani Chambers,SHILPA MORE,,,,,,,,,
WeWork Chromium,SHILPA MORE,,,,,,,,,
Oracle - Mumbai,SHILPA MORE,,,,,,,,,
IBM - Noida,GOVIND KUMAR SINGH,,,,,,,,,
JLL - Airtel Mini Store-Hingna - MH,VINOD GANPAT SURYAWANSHI,,,,,,,,,
Oracle - Bangalore,Anshu Kumar Maurya,,,,,,,,,
IDFC - CLEARING HUB - MUMBAI,MANISH KUMAR SHARMA,,,,,,,,,
IDFC - PRABHADEVI BRANCH,MANISH KUMAR SHARMA,,,,,,,,,
IDFC - CHEMBUR BRANCH,MANISH KUMAR SHARMA,,,,,,,,,
IDFC - MUMBAI - NARIMAN POINT BRANCH,MANISH KUMAR SHARMA,,,,,,,,,
IDFC - BHULABHAI DESAI ROAD BRANCH,MANISH KUMAR SHARMA,,,,,,,,,
IDFC - ANDHERI EAST BRANCH,MANISH KUMAR SHARMA,,,,,,,,,
IDFC - MULUND BRANCH,MANISH KUMAR SHARMA,,,,,,,,,
IDFC - BORIVALI BRANCH,MANISH KUMAR SHARMA,,,,,,,,,
IDFC - BANDRA WEST BRANCH,MANISH KUMAR SHARMA,,,,,,,,,
IDFC - MALAD BRANCH,MANISH KUMAR SHARMA,,,,,,,,,
IDFC - ANDHERI WEST BRANCH,MANISH KUMAR SHARMA,,,,,,,,,
IDFC - BORIVALI-IC COLONY BRANCH,MANISH KUMAR SHARMA,,,,,,,,,
IDFC - KALBADEVI BRANCH,MANISH KUMAR SHARMA,,,,,,,,,
IDFC - OSHIWARA BRANCH,MANISH KUMAR SHARMA,,,,,,,,,
IDFC - JVPD BRANCH,MANISH KUMAR SHARMA,,,,,,,,,
IDFC - THAKUR VILLAGE KANDIVALI E BRANCH,MANISH KUMAR SHARMA,,,,,,,,,
IDFC - BHANDUP BRANCH,MANISH KUMAR SHARMA,,,,,,,,,
IDFC - MUMBAI - GOREGAON WEST BRANCH,MANISH KUMAR SHARMA,,,,,,,,,
IDFC - GHATKOPAR EAST BRANCH,MANISH KUMAR SHARMA,,,,,,,,,
"IDFC - MUMBAI -KANDIVALI, MAHAVIR NAGAR BRANCH",MANISH KUMAR SHARMA,,,,,,,,,
IDFC - PRABHADEVI-CNERGY BRANCH,MANISH KUMAR SHARMA,,,,,,,,,
IDFC - PAREL BRANCH,MANISH KUMAR SHARMA,,,,,,,,,
IDFC - POWAI BRANCH,MANISH KUMAR SHARMA,,,,,,,,,
IDFC - VILE PARLE EASTBRANCH,MANISH KUMAR SHARMA,,,,,,,,,
IDFC - MUMBAI- WORLD ONE-LOWER PAREL BRANCH,MANISH KUMAR SHARMA,,,,,,,,,
IDFC - BORIVALI-MBL,MANISH KUMAR SHARMA,,,,,,,,,
IDFC - ZAVERI BAZAAR BRANCH.,MANISH KUMAR SHARMA,,,,,,,,,
IDFC - Juhu,MANISH KUMAR SHARMA,,,,,,,,,
IDFC - Mulund East,MANISH KUMAR SHARMA,,,,,,,,,
IDFC - Vidya Vihar,MANISH KUMAR SHARMA,,,,,,,,,
IDFC - Sion Trombay Road,MANISH KUMAR SHARMA,,,,,,,,,
IDFC - Andheri Teli Galli,MANISH KUMAR SHARMA,,,,,,,,,
IDFC - Borivali East,MANISH KUMAR SHARMA,,,,,,,,,
IDFC - Santacruz,MANISH KUMAR SHARMA,,,,,,,,,
IDFC - BANDRA PALI HILL BRANCH,MANISH KUMAR SHARMA,,,,,,,,,
IDFC - AGRA-ANUPAM SQUARE,GOVIND KUMAR SINGH,,,,,,,,,
IDFC - AGRA- FATEHABAD ROAD BRANCH,GOVIND KUMAR SINGH,,,,,,,,,
IDFC - MBL - AGRA 2,GOVIND KUMAR SINGH,,,,,,,,,
IDFC - Agra,GOVIND KUMAR SINGH,,,,,,,,,
IDFC - AHMEDABAD C.G. ROAD BRANCH,RAJESH DAVE,,,,,,,,,
IDFC - PRAHLAD NAGAR BRANCH,RAJESH DAVE,,,,,,,,,
IDFC - MANINAGAR BRANCH,RAJESH DAVE,,,,,,,,,
IDFC - AHMEDABAD- RATNAAKAR SQUARE,RAJESH DAVE,,,,,,,,,
IDFC - CHANDKHEDA BRANCH,RAJESH DAVE,,,,,,,,,
IDFC - VATVA BRANCH,RAJESH DAVE,,,,,,,,,
IDFC - PALDI BRANCH,RAJESH DAVE,,,,,,,,,
IDFC - SHAHIBAUG BRANCH,RAJESH DAVE,,,,,,,,,
IDFC - DRIVE IN ROAD BRANCH,RAJESH DAVE,,,,,,,,,
IDFC - NARODA BRANCH,RAJESH DAVE,,,,,,,,,
IDFC - BOPAL BRANCH,RAJESH DAVE,,,,,,,,,
IDFC - JODHPUR ROAD - SATELLITEBRANCH,RAJESH DAVE,,,,,,,,,
IDFC - RAKHIAL BRANCH,RAJESH DAVE,,,,,,,,,
IDFC - KALUPUR BRANCH,RAJESH DAVE,,,,,,,,,
IDFC - SCIENCE CITY BRANCH,RAJESH DAVE,,,,,,,,,
IDFC - NARANPURA BRANCH,RAJESH DAVE,,,,,,,,,
IDFC - DHOLKA BRANCH,RAJESH DAVE,,,,,,,,,
IDFC - VIRAMGAM BRANCH,RAJESH DAVE,,,,,,,,,
IDFC - SANAND BRANCH,RAJESH DAVE,,,,,,,,,
IDFC - AHMEDABAD - BAPUNAGAR BRANCH,RAJESH DAVE,,,,,,,,,
IDFC - MBL- BAPUNAGAR,RAJESH DAVE,,,,,,,,,
IDFC - MBL - AHMEDAHAD-MANINAGAR,RAJESH DAVE,,,,,,,,,
IDFC - MBL - AHMEDABAD-SHAHIBAUG,RAJESH DAVE,,,,,,,,,
IDFC - AHMEDABAD NIKOL BRANCH,RAJESH DAVE,,,,,,,,,
IDFC - AHMEDABAD ASHRAMROAD BRANCH,RAJESH DAVE,,,,,,,,,
IDFC - AHMEDABAD SINDHUBHAVAN BRANCH,RAJESH DAVE,,,,,,,,,
IDFC - AHMEDABAD SHYAMAL BRANCH,RAJESH DAVE,,,,,,,,,
IDFC - AMBAWADI BRANCH,RAJESH DAVE,,,,,,,,,
"IDFC - Ahmedabad, GOTA",RAJESH DAVE,,,,,,,,,
IDFC - MBL - ODHAV,RAJESH DAVE,,,,,,,,,
IDFC - MBL - AHMEDABAD,RAJESH DAVE,,,,,,,,,
"IDFC - Ahmedabad, Thaltej",RAJESH DAVE,,,,,,,,,
IDFC - AHMEDABAD - MAKARBA BRANCH,RAJESH DAVE,,,,,,,,,
IDFC - KATHWADA BRANCH,RAJESH DAVE,,,,,,,,,
IDFC - AHMEDABAD RO- RATNAKAR NINE SQUARE,RAJESH DAVE,,,,,,,,,
IDFC - AHMEDNAGAR BRANCH,MANISH KUMAR SHARMA,,,,,,,,,
IDFC - SANGAMNER BRANCH,MANISH KUMAR SHARMA,,,,,,,,,
IDFC - SHRIRAMPUR BRANCH,MANISH KUMAR SHARMA,,,,,,,,,
IDFC - KOPARGAON BRANCH,MANISH KUMAR SHARMA,,,,,,,,,
IDFC - MBL - AHMEDNAGAR,MANISH KUMAR SHARMA,,,,,,,,,
IDFC - MBL - JAIPUR-SANGANER,Mahindra Kumar Tiwari,,,,,,,,,
IDFC - AJMER BRANCH,Mahindra Kumar Tiwari,,,,,,,,,
IDFC - BIJAINAGAR BRANCH,Mahindra Kumar Tiwari,,,,,,,,,
IDFC - AJMER - 90 DEGREES,Mahindra Kumar Tiwari,,,,,,,,,
IDFC - KEKRI BRANCH,Mahindra Kumar Tiwari,,,,,,,,,
IDFC - BEAWAR BRANCH,Mahindra Kumar Tiwari,,,,,,,,,
IDFC - AJMER VAISHALI NAGAR BRANCH,Mahindra Kumar Tiwari,,,,,,,,,
IDFC - MBL - AJMER,Mahindra Kumar Tiwari,,,,,,,,,
IDFC - MBL - AKOLA,MANISH KUMAR SHARMA,,,,,,,,,
IDFC - MBL - ALIGARH,GOVIND KUMAR SINGH,,,,,,,,,
IDFC - MBL - Aligarh Sasni Gate,GOVIND KUMAR SINGH,,,,,,,,,
IDFC - BEHROR BRANCH,Mahindra Kumar Tiwari,,,,,,,,,
IDFC - MBL-ALWAR,Mahindra Kumar Tiwari,,,,,,,,,
IDFC - ALWAR BRANCH,Mahindra Kumar Tiwari,,,,,,,,,
IDFC - MBL - AMRAVATI,MANISH KUMAR SHARMA,,,,,,,,,
IDFC - AMBALA-MINERVA COMPLEX,SUNIL THAKUR,,,,,,,,,
IDFC - AMBALA CANTT. BRANCH,SUNIL THAKUR,,,,,,,,,
IDFC - AMBALA SADAR BRANCH,SUNIL THAKUR,,,,,,,,,
IDFC - NARAINGARH BRANCH,SUNIL THAKUR,,,,,,,,,
IDFC - Amreli,RAJESH DAVE,,,,,,,,,
IDFC - AMRITSAR BRANCH,SUNIL THAKUR,,,,,,,,,
IDFC - AMRITSAR-SUMANGALAM,SUNIL THAKUR,,,,,,,,,
IDFC - AMRITSAR - HALL BAZARBRANCH,SUNIL THAKUR,,,,,,,,,
IDFC - AMRITSAR CROSS MALL - SALES HUB,SUNIL THAKUR,,,,,,,,,
IDFC - PETLAD BRANCH,RAJESH DAVE,,,,,,,,,
IDFC - ANAND BRANCH,RAJESH DAVE,,,,,,,,,
IDFC - MBL-PURUSHOTTAM NAGAR,RAJESH DAVE,,,,,,,,,
IDFC - TURANGA BRANCH,Satyaprajna Jena,,,,,,,,,
IDFC - BAYAD BRANCH,RAJESH DAVE,,,,,,,,,
IDFC - MODASA BRANCH,RAJESH DAVE,,,,,,,,,
IDFC - AURANGABAD BRANCH,MANISH KUMAR SHARMA,,,,,,,,,
IDFC - MBL - AURANGABAD,MANISH KUMAR SHARMA,,,,,,,,,
IDFC - AYODHYA BRANCH,GOVIND KUMAR SINGH,,,,,,,,,
IDFC - AYODHYA BRANCH - D,GOVIND KUMAR SINGH,,,,,,,,,
IDFC - Bahraich,GOVIND KUMAR SINGH,,,,,,,,,
IDFC - BALANGIR BRANCH,Satyaprajna Jena,,,,,,,,,
IDFC - REMUNA BRANCH,Satyaprajna Jena,,,,,,,,,
IDFC - Jaleswar,Satyaprajna Jena,,,,,,,,,
IDFC - BHATAPARA BRANCH,BALA JEE SHARMA,,,,,,,,,
IDFC - BALODA BAZAR BRANCH,BALA JEE SHARMA,,,,,,,,,
IDFC - BALOD BRANCH,BALA JEE SHARMA,,,,,,,,,
IDFC - PALANPUR BRANCH,RAJESH DAVE,,,,,,,,,
IDFC - MBL - PALANPUR,RAJESH DAVE,,,,,,,,,
IDFC - Bengaluru-Sarjapura Road - CPC,Anshu Kumar Maurya,,,,,,,,,
IDFC - BARABANKI BRANCH,GOVIND KUMAR SINGH,,,,,,,,,
IDFC - MBL - BAREILLY,GOVIND KUMAR SINGH,,,,,,,,,
IDFC - Bareilly,GOVIND KUMAR SINGH,,,,,,,,,
IDFC - BARGARH BRANCH,Satyaprajna Jena,,,,,,,,,
IDFC - BALOTRA BRANCH,Mahindra Kumar Tiwari,,,,,,,,,
IDFC - MBL - BALOTRA,Mahindra Kumar Tiwari,,,,,,,,,
IDFC - MBL - BARMER,Mahindra Kumar Tiwari,,,,,,,,,
IDFC - Barnala,SUNIL THAKUR,,,,,,,,,
"IDFC - Adhan Nagar, Chhatisgarh Kanker",BALA JEE SHARMA,,,,,,,,,
IDFC - Basti,GOVIND KUMAR SINGH,,,,,,,,,
IDFC - MBL - BHATINDA,SUNIL THAKUR,,,,,,,,,
"IDFC - Raipur Road, Bemetara, Chattisgarh Bemetara",BALA JEE SHARMA,,,,,,,,,
IDFC - BETUL BRANCH,KAMAL PRAJAPATI,,,,,,,,,
IDFC - BHADRAK BRANCH,Satyaprajna Jena,,,,,,,,,
IDFC - ANKLESHWAR BRANCH,RAJESH DAVE,,,,,,,,,
IDFC - Bhatinda,SUNIL THAKUR,,,,,,,,,
IDFC - BHAVNAGAR BRANCH,RAJESH DAVE,,,,,,,,,
IDFC - MAHUVA BRANCH,RAJESH DAVE,,,,,,,,,
IDFC - MBL - BHAVNAGAR,RAJESH DAVE,,,,,,,,,
IDFC - BHILWARA BRANCH,Mahindra Kumar Tiwari,,,,,,,,,
IDFC - MBL- BHILWARA,Mahindra Kumar Tiwari,,,,,,,,,
IDFC - RAISEN ROAD BRANCH,KAMAL PRAJAPATI,,,,,,,,,
IDFC - BHOPAL ARERA COLONY BRANCH,KAMAL PRAJAPATI,,,,,,,,,
IDFC - BHOPAL - AKANSHA TOWER-PRESS COMPLEX,KAMAL PRAJAPATI,,,,,,,,,
IDFC - BHOPAL-SHREERAM TOWERS,KAMAL PRAJAPATI,,,,,,,,,
IDFC - BHOPAL-KOLAR ROAD BRANCH,KAMAL PRAJAPATI,,,,,,,,,
IDFC - Hamidia road- BhopalKATNI,KAMAL PRAJAPATI,,,,,,,,,
IDFC - MBL - BAIRAGARH,KAMAL PRAJAPATI,,,,,,,,,
IDFC - MBL - BHOPAL KOLAR ROAD,KAMAL PRAJAPATI,,,,,,,,,
IDFC - MBL-SADULGANJ,Mahindra Kumar Tiwari,,,,,,,,,
IDFC - RATANPUR BRANCH,BALA JEE SHARMA,,,,,,,,,
IDFC - BILASPUR BRANCH,BALA JEE SHARMA,,,,,,,,,
IDFC - SEEPAT ROAD BRANCH,BALA JEE SHARMA,,,,,,,,,
IDFC - BUNDI BRANCH,Mahindra Kumar Tiwari,,,,,,,,,
IDFC - BURHANPUR BRANCH,KAMAL PRAJAPATI,,,,,,,,,
IDFC - CHANDIGARH BRANCH,SUNIL THAKUR,,,,,,,,,
IDFC - CHANDHIGARH-SCO-47-MADHYA MARG,SUNIL THAKUR,,,,,,,,,
IDFC - CHANDHIGARH-SCO-56-MADHYA MARG,SUNIL THAKUR,,,,,,,,,
IDFC - CHANDIGARH SECTOR 22 B BRANCH,SUNIL THAKUR,,,,,,,,,
IDFC - MANIMAJRA BRANCH,SUNIL THAKUR,,,,,,,,,
IDFC - CHANDIGARH- SECTOR 32 BRANCH,SUNIL THAKUR,,,,,,,,,
IDFC - CHANDIGARH - SECTOR 35 C BRANCH,SUNIL THAKUR,,,,,,,,,
"IDFC - CHANDIGARH - SECTOR 9D, BRANCH",SUNIL THAKUR,,,,,,,,,
IDFC - CHANDIGARH SALES HUB,SUNIL THAKUR,,,,,,,,,
IDFC - Velachery - CPC,PADAM LOCHAN MALLICK,,,,,,,,,
IDFC - CHHINDWARA BRANCH,KAMAL PRAJAPATI,,,,,,,,,
IDFC - MBL - CHHINDWARA,KAMAL PRAJAPATI,,,,,,,,,
IDFC - BODELI BRANCH,RAJESH DAVE,,,,,,,,,
IDFC - CHITTORGARH BRANCH,Mahindra Kumar Tiwari,,,,,,,,,
IDFC - CUTTACK- ROYAL TOWER,Satyaprajna Jena,,,,,,,,,
IDFC - CUTTACK - CUTTACK MAIN BRANCH,Satyaprajna Jena,,,,,,,,,
IDFC - CHOUDWAR BRANCH,Satyaprajna Jena,,,,,,,,,
IDFC - Naya Bazar,Satyaprajna Jena,,,,,,,,,
IDFC - SILIGURI-M-SQUARE,Barsha Kumari Singh,,,,,,,,,
IDFC - SILIGURI,Barsha Kumari Singh,,,,,,,,,
IDFC - MBL - DATIA,KAMAL PRAJAPATI,,,,,,,,,
IDFC - DEHRADUN BRANCH,GOVIND KUMAR SINGH,,,,,,,,,
IDFC - DEHRADUN-KRISHNA TOWER,GOVIND KUMAR SINGH,,,,,,,,,
IDFC - DEHRADUN - GMS ROAD BRANCH,GOVIND KUMAR SINGH,,,,,,,,,
IDFC - DEHRADUN-NEHRU COLONY BRANCH,GOVIND KUMAR SINGH,,,,,,,,,
IDFC - Delhi - Rajendra Palace - CPC,RAVI MISHRA,,,,,,,,,
IDFC - BARAKHAMBA ROAD BRANCH,RAVI MISHRA,,,,,,,,,
IDFC - NEW FRIENDS COLONY BRANCH,RAVI MISHRA,,,,,,,,,
IDFC - NSP - PITAMPURA BRANCH,RAVI MISHRA,,,,,,,,,
IDFC - DWARKA BRANCH,RAVI MISHRA,,,,,,,,,
IDFC - OKHLA BRANCH,RAVI MISHRA,,,,,,,,,
IDFC - RAJOURI GARDEN BRANCH,RAVI MISHRA,,,,,,,,,
IDFC - KAROL BAGH BRANCH,RAVI MISHRA,,,,,,,,,
IDFC - GREATER KAILASH II BRANCH,RAVI MISHRA,,,,,,,,,
IDFC - DEFENCE COLONY BRANCH,RAVI MISHRA,,,,,,,,,
IDFC - DELHI- UTTAM NAGAR,RAVI MISHRA,,,,,,,,,
IDFC - DELHI - RAJENDRA PALACE - GR. FLOOR,RAVI MISHRA,,,,,,,,,
IDFC - DELHI - OPS OFFICE-KAROL BAGH,RAVI MISHRA,,,,,,,,,
IDFC - DARYAGANJ BRANCH,RAVI MISHRA,,,,,,,,,
IDFC - GREEN PARK BRANCH,RAVI MISHRA,,,,,,,,,
IDFC - PUNJABI BAGH BRANCH,RAVI MISHRA,,,,,,,,,
IDFC - ROHINI BRANCH,RAVI MISHRA,,,,,,,,,
IDFC - JANAKPURI BRANCH,RAVI MISHRA,,,,,,,,,
IDFC - DWARKA SECTOR 12 A BRANCH,RAVI MISHRA,,,,,,,,,
IDFC - MODEL TOWN BRANCH,RAVI MISHRA,,,,,,,,,
"IDFC - LOK VIHAR, PITAMPURA BRANCH",RAVI MISHRA,,,,,,,,,
IDFC - NEHRU PLACE BRANCH,RAVI MISHRA,,,,,,,,,
IDFC - MAYUR VIHAR BRANCH,RAVI MISHRA,,,,,,,,,
IDFC - NEW DELHI - MALVIYA NAGAR BRANCH,RAVI MISHRA,,,,,,,,,
IDFC - NEW DELHI SAKET BRANCH,RAVI MISHRA,,,,,,,,,
IDFC - NEW DELHI PRASHANT VIHAR BRANCH,RAVI MISHRA,,,,,,,,,
IDFC - VIKAS MARG BRANCH,RAVI MISHRA,,,,,,,,,
IDFC - BHERA ENCLAVE PASCHIM VIHAR BRANCH,RAVI MISHRA,,,,,,,,,
IDFC - MBL- LAXMI NAGAR,RAVI MISHRA,,,,,,,,,
IDFC - MBL- LAJPAT NAGAR,RAVI MISHRA,,,,,,,,,
IDFC - MBL - NCR-NEHRU PLACE,RAVI MISHRA,,,,,,,,,
IDFC - OKHLA INDUSTRIAL AREA - SALES HUB,RAVI MISHRA,,,,,,,,,
IDFC - NEW DELHI - ASHOK VIHAR BRANCH,RAVI MISHRA,,,,,,,,,
IDFC - NEW DELHI-KIRTI NAGAR BRANCH,RAVI MISHRA,,,,,,,,,
IDFC - MBL-MAYAPURI,RAVI MISHRA,,,,,,,,,
IDFC - NEW DELHI-JASOLA BRANCH,RAVI MISHRA,,,,,,,,,
IDFC - NEW DELHI - PATEL NAGAR BRANCH,RAVI MISHRA,,,,,,,,,
IDFC - VASANT KUNJ,RAVI MISHRA,,,,,,,,,
IDFC - NEW DELHI KALKAJI BRANCH,RAVI MISHRA,,,,,,,,,
IDFC - Lajpat Nagar- New Delhi,RAVI MISHRA,,,,,,,,,
IDFC - GREATER KAILASH - I BRANCH,RAVI MISHRA,,,,,,,,,
IDFC - NEW DELHI DEER PARK BRANCH,RAVI MISHRA,,,,,,,,,
IDFC - NEW DELHI- ANAND VIHAR BRANCH,RAVI MISHRA,,,,,,,,,
IDFC - Hauz Khas Delhi,RAVI MISHRA,,,,,,,,,
IDFC - NEW DELHI CHANDNI CHOWK BRANCH,RAVI MISHRA,,,,,,,,,
IDFC - ROHINI SEC 18,RAVI MISHRA,,,,,,,,,
IDFC - MBL - SHAHADRA,RAVI MISHRA,,,,,,,,,
IDFC - East Of Kailash,RAVI MISHRA,,,,,,,,,
IDFC - VIKASPURI,RAVI MISHRA,,,,,,,,,
IDFC - IP EXTENSION,RAVI MISHRA,,,,,,,,,
IDFC - NEW DELHI- DWARKA SECTOR 23A BRANCH,RAVI MISHRA,,,,,,,,,
IDFC - NEW DELHI- GANDHI NAGAR BRANCH,RAVI MISHRA,,,,,,,,,
IDFC - TILAK NAGAR,RAVI MISHRA,,,,,,,,,
IDFC - MBL - JAHANGIRPURI,RAVI MISHRA,,,,,,,,,
IDFC - MBL - DELHI NARELA,RAVI MISHRA,,,,,,,,,
IDFC - MBL Badarpur,RAVI MISHRA,,,,,,,,,
IDFC - MBL - DELHI MALVIYA NAGAR,RAVI MISHRA,,,,,,,,,
IDFC - MBL - DELHI KASHMERI GATE,RAVI MISHRA,,,,,,,,,
IDFC - AZADPUR BRANCH,RAVI MISHRA,,,,,,,,,
IDFC - Naraina,RAVI MISHRA,,,,,,,,,
IDFC - SHALIMAR BAGH BRANCH,RAVI MISHRA,,,,,,,,,
IDFC - KAMLA NAGAR BRANCH,RAVI MISHRA,,,,,,,,,
IDFC - YAMUNA VIHAR,RAVI MISHRA,,,,,,,,,
IDFC - Mbl - Dilshad Colony,RAVI MISHRA,,,,,,,,,
IDFC - Vivek bihar,RAVI MISHRA,,,,,,,,,
IDFC - Krishna Nagar,RAVI MISHRA,,,,,,,,,
IDFC - Sunder Nagar-Delhi,RAVI MISHRA,,,,,,,,,
IDFC - Kashmeeri Gate Delhi,RAVI MISHRA,,,,,,,,,
IDFC - MANSAROVAR GARDEN,RAVI MISHRA,,,,,,,,,
IDFC - MUKHERJEE NAGAR,RAVI MISHRA,,,,,,,,,
"IDFC - EXPRESS TOWERS,ITO SALES HUB",RAVI MISHRA,,,,,,,,,
IDFC - KHATEGAON BRANCH,KAMAL PRAJAPATI,,,,,,,,,
IDFC - DEWAS-JAWAHAR NAGAR,KAMAL PRAJAPATI,,,,,,,,,
IDFC - SANWER BRANCH,KAMAL PRAJAPATI,,,,,,,,,
IDFC - DHAMTARI BRANCH,BALA JEE SHARMA,,,,,,,,,
IDFC - MBL - DHANDBAD,BALA JEE SHARMA,,,,,,,,,
IDFC - DHAMNOD BRANCH,KAMAL PRAJAPATI,,,,,,,,,
IDFC - DHAR BRANCH,KAMAL PRAJAPATI,,,,,,,,,
IDFC - RAJGARH DHAR BRANCH,KAMAL PRAJAPATI,,,,,,,,,
IDFC - MAKHANI BRANCH,KAMAL PRAJAPATI,,,,,,,,,
IDFC - DEHRIYA SARAI BRANCH,KAMAL PRAJAPATI,,,,,,,,,
IDFC - BADNAWAR BRANCH,KAMAL PRAJAPATI,,,,,,,,,
IDFC - PITHAMPURA-SECTOR 1,KAMAL PRAJAPATI,,,,,,,,,
IDFC - DHENKENAL BRANCH,Satyaprajna Jena,,,,,,,,,
IDFC - SHIRPUR BRANCH,MANISH KUMAR SHARMA,,,,,,,,,
IDFC - SHILLONG BRANCH,Barsha Kumari Singh,,,,,,,,,
IDFC - CHHANERA BRANCH,KAMAL PRAJAPATI,,,,,,,,,
IDFC - KHANDWA BRANCH,KAMAL PRAJAPATI,,,,,,,,,
IDFC - PANDHANA BRANCH,KAMAL PRAJAPATI,,,,,,,,,
IDFC - MBL - KHANDWA,KAMAL PRAJAPATI,,,,,,,,,
IDFC - FARIDABAD SECTOR 16 BRANCH,RAVI MISHRA,,,,,,,,,
IDFC - FARIDABAD-RAILWAY ROAD,RAVI MISHRA,,,,,,,,,
IDFC - NIT-FARIDABAD BRANCH,RAVI MISHRA,,,,,,,,,
"IDFC - FARIDABAD SECTOR -21 C, BRANCH",RAVI MISHRA,,,,,,,,,
IDFC - MBL - FARIDKOT,SUNIL THAKUR,,,,,,,,,
IDFC - Sirhind,SUNIL THAKUR,,,,,,,,,
IDFC - MANSA BRANCH,RAJESH DAVE,,,,,,,,,
IDFC - KALOL BRANCH,RAJESH DAVE,,,,,,,,,
IDFC - GANDHINAGAR BRANCH,RAJESH DAVE,,,,,,,,,
IDFC - DAHEGAM BRANCH,RAJESH DAVE,,,,,,,,,
IDFC - Gangtok,Barsha Kumari Singh,,,,,,,,,
IDFC - HINJILICUT BRANCH,Satyaprajna Jena,,,,,,,,,
IDFC - BHANJANAGAR BRANCH,Satyaprajna Jena,,,,,,,,,
IDFC - Berhampur,Satyaprajna Jena,,,,,,,,,
IDFC - RAJIM BRANCH,BALA JEE SHARMA,,,,,,,,,
IDFC - KAUSHAMBI BRANCH,RAVI MISHRA,,,,,,,,,
IDFC - GHAZIABAD-NAVYUG MARKET,RAVI MISHRA,,,,,,,,,
IDFC - RAJ NAGAR GHAZIABAD BRANCH,RAVI MISHRA,,,,,,,,,
IDFC - CROSSING REPUBLIC - GHAZIABAD BRANCH,RAVI MISHRA,,,,,,,,,
IDFC - VASUNDHARA GHAZIABAD BRANCH,RAVI MISHRA,,,,,,,,,
IDFC - MBL - GHAZIABAD,RAVI MISHRA,,,,,,,,,
IDFC - GHAZIABAD INDIRAPURAM BRANCH,RAVI MISHRA,,,,,,,,,
IDFC - MBL - Ghaziabad Rajendra Nagar,RAVI MISHRA,,,,,,,,,
IDFC - Rajendra Nagar Ghaziabad,RAVI MISHRA,,,,,,,,,
IDFC - GORAKHPUR BRANCH,GOVIND KUMAR SINGH,,,,,,,,,
IDFC - GULARIHA BRANCH,GOVIND KUMAR SINGH,,,,,,,,,
IDFC - MBL - GUNA,KAMAL PRAJAPATI,,,,,,,,,
IDFC - GUNA,KAMAL PRAJAPATI,,,,,,,,,
IDFC - GURGAON SOHNA ROAD BRANCH,RAVI MISHRA,,,,,,,,,
IDFC - GURGAON GALLERIA BRANCH,RAVI MISHRA,,,,,,,,,
IDFC - GURGAON GOLF COURSE EXTENSION ROAD BRANCH,RAVI MISHRA,,,,,,,,,
IDFC - GURGAON ARJUN MARG DLF PHASE 1 BRANCH,RAVI MISHRA,,,,,,,,,
"IDFC - GURGAON ROSEWOOD CITY, SECTOR-49 BRANCH",RAVI MISHRA,,,,,,,,,
IDFC - GURGAON - GOLF COURSE ROAD BRANCH,RAVI MISHRA,,,,,,,,,
IDFC - GURGAON M.G. ROAD BRANCH,RAVI MISHRA,,,,,,,,,
IDFC - GURGAON SECTOR 14 BRANCH,RAVI MISHRA,,,,,,,,,
IDFC - GURUGRAM-SECTOR14,RAVI MISHRA,,,,,,,,,
IDFC - GURGAON SECTOR 15 BRANCH,RAVI MISHRA,,,,,,,,,
IDFC - GURGAON SECTOR 23 PALAM VIHARBRANCH,RAVI MISHRA,,,,,,,,,
IDFC - GURGAON SECTOR 47 SATYA ELEMENT ONE BRANCH,RAVI MISHRA,,,,,,,,,
IDFC - GURGAON SECTOR 57- BESTECH CENTRAL SQUARE BRANCH,RAVI MISHRA,,,,,,,,,
IDFC - GURGAON SECTOR 10A BRANCH,RAVI MISHRA,,,,,,,,,
IDFC - GURGAON SADAR BAZAAR BRANCH,RAVI MISHRA,,,,,,,,,
IDFC - GURGAON SUSHANT LOK-I BRANCH,RAVI MISHRA,,,,,,,,,
IDFC - GURGAON SEC 82 BRANCH,RAVI MISHRA,,,,,,,,,
IDFC - GURGAON - UDYOG VIHAR BRANCH,RAVI MISHRA,,,,,,,,,
IDFC - GURGAON MANESAR BRANCH,RAVI MISHRA,,,,,,,,,
IDFC - Gurgaon Sec 46,RAVI MISHRA,,,,,,,,,
IDFC - SUSHANT LOK -SALES HUB,RAVI MISHRA,,,,,,,,,
IDFC - GURGAON - SECTOR 31 BRANCH,RAVI MISHRA,,,,,,,,,
"IDFC - ORCHID BUSINESS PARK,GURGAON, SALES HUB",RAVI MISHRA,,,,,,,,,
IDFC - GWALIOR,KAMAL PRAJAPATI,,,,,,,,,
IDFC - GWALIOR BRANCH - MP,KAMAL PRAJAPATI,,,,,,,,,
IDFC - MBL - GWALIOR LASHKAR,KAMAL PRAJAPATI,,,,,,,,,
IDFC - MBL-HAPUR,RAVI MISHRA,,,,,,,,,
IDFC - TIMURNI BRANCH,KAMAL PRAJAPATI,,,,,,,,,
IDFC - UDA BRANCH,KAMAL PRAJAPATI,,,,,,,,,
IDFC - TAJPURA BRANCH,KAMAL PRAJAPATI,,,,,,,,,
IDFC - HARDA BRANCH,KAMAL PRAJAPATI,,,,,,,,,
IDFC - KHIRKIAN BRANCH,KAMAL PRAJAPATI,,,,,,,,,
IDFC - HARIDWAR BRANCH,GOVIND KUMAR SINGH,,,,,,,,,
IDFC - HISAR BRANCH,SUNIL THAKUR,,,,,,,,,
IDFC - HANSI BRANCH,SUNIL THAKUR,,,,,,,,,
IDFC - Hyderabad-Kukatpally - CPC,DEEPAK KUMAR,,,,,,,,,
IDFC - CASH PROCESSING CENTRE- INDORE,KAMAL PRAJAPATI,,,,,,,,,
IDFC - TAKIPURA BRANCH,KAMAL PRAJAPATI,,,,,,,,,
IDFC - BIJALPUR BRANCH,KAMAL PRAJAPATI,,,,,,,,,
IDFC - BUDHI BARLAI BRANCH,KAMAL PRAJAPATI,,,,,,,,,
IDFC - INDORE BRANCH,KAMAL PRAJAPATI,,,,,,,,,
IDFC - INDORE-NAVLAKHA ROAD BRANCH,KAMAL PRAJAPATI,,,,,,,,,
IDFC - INDORE - VIJAY NAGAR BRANCH,KAMAL PRAJAPATI,,,,,,,,,
IDFC - INDORE-ANNAPURNA,KAMAL PRAJAPATI,,,,,,,,,
IDFC - MBL- ANNAPURNA,KAMAL PRAJAPATI,,,,,,,,,
IDFC - MBL - INDORE-JAWAHAR MARG,KAMAL PRAJAPATI,,,,,,,,,
IDFC - MBL - INDORE VIJAY NAGAR,KAMAL PRAJAPATI,,,,,,,,,
IDFC - Benchmark,KAMAL PRAJAPATI,,,,,,,,,
IDFC - JABALPUR,KAMAL PRAJAPATI,,,,,,,,,
IDFC - MBL - JABALPUR,KAMAL PRAJAPATI,,,,,,,,,
IDFC - KARMETA BRANCH,KAMAL PRAJAPATI,,,,,,,,,
IDFC - JABALPUR BRANCH,KAMAL PRAJAPATI,,,,,,,,,
IDFC - JAGATSINGHPUR BRANCH,Satyaprajna Jena,,,,,,,,,
IDFC - UGARIYAWAS BRANCH,Mahindra Kumar Tiwari,,,,,,,,,
IDFC - HARSOLI BRANCH,Mahindra Kumar Tiwari,,,,,,,,,
IDFC - MANGARH KHOKHAWALA BRANCH,Mahindra Kumar Tiwari,,,,,,,,,
IDFC - DURGAPURA BRANCH,Mahindra Kumar Tiwari,,,,,,,,,
IDFC - SHAHPURA BRANCH,Mahindra Kumar Tiwari,,,,,,,,,
IDFC - CHOMU BRANCH,Mahindra Kumar Tiwari,,,,,,,,,
IDFC - JAIPUR C- SCHEME BRANCH,Mahindra Kumar Tiwari,,,,,,,,,
IDFC - VAISHALI NAGAR BRANCH,Mahindra Kumar Tiwari,,,,,,,,,
IDFC - RAJA PARK JAIPUR BRANCH,Mahindra Kumar Tiwari,,,,,,,,,
IDFC - JAIPUR - MANUPASANA-5TH FLOOR-OFFICE NO. 501,Mahindra Kumar Tiwari,,,,,,,,,
IDFC - JAIPUR - VIDHYADHAR NAGAR BRANCH,Mahindra Kumar Tiwari,,,,,,,,,
IDFC - JAIPUR -MALVIYA NAGAR BRANCH,Mahindra Kumar Tiwari,,,,,,,,,
IDFC - MBL - JAIPUR-JHOTWARA,Mahindra Kumar Tiwari,,,,,,,,,
IDFC - MBL - JAIPUR-CHOMU,Mahindra Kumar Tiwari,,,,,,,,,
IDFC - JAIPUR TONK ROAD BRANCH,Mahindra Kumar Tiwari,,,,,,,,,
IDFC - JAIPUR - JOHARI BAZAR BRANCH,Mahindra Kumar Tiwari,,,,,,,,,
IDFC - Mansarovar Branch,Mahindra Kumar Tiwari,,,,,,,,,
IDFC - JAIPUR- NEW SANGANER ROAD BRANCH,Mahindra Kumar Tiwari,,,,,,,,,
IDFC - BASSI BRANCH,Mahindra Kumar Tiwari,,,,,,,,,
IDFC - JAIPUR REGIONAL OFFICE,Mahindra Kumar Tiwari,,,,,,,,,
IDFC - JAJPUR ROAD BRANCH,Satyaprajna Jena,,,,,,,,,
IDFC - JALANDHAR BRANCH,SUNIL THAKUR,,,,,,,,,
IDFC - JALANDHAR - PUDA COMPLEX- GR FLOOR,SUNIL THAKUR,,,,,,,,,
IDFC - JALANDHAR VIJAY NAGAR BRANCH,SUNIL THAKUR,,,,,,,,,
IDFC - MBL - JALGAON,MANISH KUMAR SHARMA,,,,,,,,,
IDFC - AMALNER BRANCH,MANISH KUMAR SHARMA,,,,,,,,,
IDFC - CHALISGAON BRANCH,MANISH KUMAR SHARMA,,,,,,,,,
IDFC - RESIDENCY ROAD-JAMMU BRANCH,SUNIL THAKUR,,,,,,,,,
IDFC - JAMMU BAHU PLAZA BRANCH,SUNIL THAKUR,,,,,,,,,
IDFC - JAMNAGAR BRANCH,RAJESH DAVE,,,,,,,,,
IDFC - MBL - JAMNAGAR,RAJESH DAVE,,,,,,,,,
IDFC - CHAMPA BRANCH,BALA JEE SHARMA,,,,,,,,,
IDFC - SHIVRINARAYAN BRANCH,BALA JEE SHARMA,,,,,,,,,
IDFC - PATHALGAON BRANCH,BALA JEE SHARMA,,,,,,,,,
IDFC - JASHPUR BRANCH,BALA JEE SHARMA,,,,,,,,,
IDFC - Jehanabad,BALA JEE SHARMA,,,,,,,,,
IDFC - JHARSUGUDA BRANCH,Satyaprajna Jena,,,,,,,,,
IDFC - JODHPUR BRANCH,Mahindra Kumar Tiwari,,,,,,,,,
IDFC - JODHPUR-JASODA TOWER,Mahindra Kumar Tiwari,,,,,,,,,
IDFC - NANDRI BRANCH,Mahindra Kumar Tiwari,,,,,,,,,
IDFC - JODHPUR - PAOTA BRANCH,Mahindra Kumar Tiwari,,,,,,,,,
IDFC - MBL - JUNAGADH,RAJESH DAVE,,,,,,,,,
IDFC - DOLATPARA BRANCH,RAJESH DAVE,,,,,,,,,
IDFC - KAITHAL BRANCH,SUNIL THAKUR,,,,,,,,,
IDFC - MBL - KAITHAL,SUNIL THAKUR,,,,,,,,,
IDFC - BHAWANIPATNA BRANCH,Satyaprajna Jena,,,,,,,,,
IDFC - KANPUR BRANCH,GOVIND KUMAR SINGH,,,,,,,,,
IDFC - KANPUR - GOVIND NAGAR BRANCH,GOVIND KUMAR SINGH,,,,,,,,,
IDFC - MBL-KANPUR SHASTRI NAGAR,GOVIND KUMAR SINGH,,,,,,,,,
IDFC - PHAGWARA BRANCH,SUNIL THAKUR,,,,,,,,,
IDFC - KARNAL-URBAN ESTATE,SUNIL THAKUR,,,,,,,,,
IDFC - KARNAL BRANCH,SUNIL THAKUR,,,,,,,,,
IDFC - GHARAUNDA BRANCH,SUNIL THAKUR,,,,,,,,,
IDFC - MBL - KATNI,KAMAL PRAJAPATI,,,,,,,,,
IDFC - KATNI BRANCH,KAMAL PRAJAPATI,,,,,,,,,
IDFC - KENDRAPARA BRANCH,Satyaprajna Jena,,,,,,,,,
IDFC - KENDUJHAR BRANCH,Satyaprajna Jena,,,,,,,,,
IDFC - KENDUJHAR -DBU BRANCH,Satyaprajna Jena,,,,,,,,,
IDFC - KOLHAPUR-GEMSTONE COMPLEX,VINOD GANPAT SURYAWANSHI,,,,,,,,,
IDFC - KOLHAPUR BRANCH,VINOD GANPAT SURYAWANSHI,,,,,,,,,
IDFC - PARK STREET BRANCH,Barsha Kumari Singh,,,,,,,,,
IDFC - DALHOUSIE BRANCH,Barsha Kumari Singh,,,,,,,,,
IDFC - KOLKATA-BEHALA CHOWRST,Barsha Kumari Singh,,,,,,,,,
"IDFC - SALT LAKE, SEC- 1, WEST BENGAL",Barsha Kumari Singh,,,,,,,,,
IDFC - KOLKATA BELEGHATA BRANCH,Barsha Kumari Singh,,,,,,,,,
IDFC - KOLKATA-NEW ALIPORE BRANCH,Barsha Kumari Singh,,,,,,,,,
IDFC - KOLKATA-SARAT BOSE ROAD BRANCH,Barsha Kumari Singh,,,,,,,,,
IDFC - KOLKATA-KASBA BRANCH BRANCH,Barsha Kumari Singh,,,,,,,,,
IDFC - MBL-HOWRAH,Barsha Kumari Singh,,,,,,,,,
IDFC - MBL-DUNLOP,Barsha Kumari Singh,,,,,,,,,
IDFC - KOLKATA- VIP ROAD BRANCH,Barsha Kumari Singh,,,,,,,,,
IDFC - KOLKATA - BEHALA BRANCH,Barsha Kumari Singh,,,,,,,,,
IDFC - KOLKATA-R N MUKHERJEE ROAD BRANCH,Barsha Kumari Singh,,,,,,,,,
IDFC - PRINCE ANWAR SHAH,Barsha Kumari Singh,,,,,,,,,
IDFC - KOLKATA SALES HUB,Barsha Kumari Singh,,,,,,,,,
IDFC - Shyambazaar Bata Showroom,Barsha Kumari Singh,,,,,,,,,
IDFC - Burrabazar,Barsha Kumari Singh,,,,,,,,,
"IDFC - BT Road, Dunlop, Kolkata Landmark Dunlop",Barsha Kumari Singh,,,,,,,,,
IDFC - MBL - NAGERBAZAR,Barsha Kumari Singh,,,,,,,,,
IDFC - KATGHORA BRANCH,BALA JEE SHARMA,,,,,,,,,
"IDFC - Kosabadi, Korba, Chattisgarh Niharika",BALA JEE SHARMA,,,,,,,,,
IDFC - MANENDRAGARH BRANCH,BALA JEE SHARMA,,,,,,,,,
IDFC - KOTA-GUMANPURA-NEW COLONY,Mahindra Kumar Tiwari,,,,,,,,,
IDFC - KOTA BRANCH,Mahindra Kumar Tiwari,,,,,,,,,
IDFC - MBL - KURUKSHETRA,SUNIL THAKUR,,,,,,,,,
IDFC - THANESAR BRANCH,SUNIL THAKUR,,,,,,,,,
IDFC - LAKHIMPUR BRANCH,GOVIND KUMAR SINGH,,,,,,,,,
IDFC - LUCKNOW BRANCH,GOVIND KUMAR SINGH,,,,,,,,,
IDFC - GOMTI NAGAR BRANCH,GOVIND KUMAR SINGH,,,,,,,,,
IDFC - LUCKNOW-PANDIT HOUSE,GOVIND KUMAR SINGH,,,,,,,,,
IDFC - LUCKNOW-ASHIYANA BRANCH,GOVIND KUMAR SINGH,,,,,,,,,
IDFC - LUCKNOW -MUNSHIPULLIA BRANCH,GOVIND KUMAR SINGH,,,,,,,,,
IDFC - Aliganj,GOVIND KUMAR SINGH,,,,,,,,,
IDFC - MBL - LUCKNOW-INDIRA NAGAR,GOVIND KUMAR SINGH,,,,,,,,,
IDFC - VIBHUTI KHAND-SALES HUB,GOVIND KUMAR SINGH,,,,,,,,,
IDFC - LUCKNOW - CHOWK BRANCH,GOVIND KUMAR SINGH,,,,,,,,,
IDFC - SARSAWAN,GOVIND KUMAR SINGH,,,,,,,,,
IDFC - LUCKNOW RURAL RO,GOVIND KUMAR SINGH,,,,,,,,,
IDFC - LUDHIANA BRANCH,SUNIL THAKUR,,,,,,,,,
IDFC - LUDHIANA TRADE TOWER -2ND FLOOR,SUNIL THAKUR,,,,,,,,,
IDFC - LUDHIANA SECTOR 32 BRANCH,SUNIL THAKUR,,,,,,,,,
IDFC - LUDHIANA BRS NAGAR BRANCH,SUNIL THAKUR,,,,,,,,,
IDFC - MBL - SUNDER NAGAR,SUNIL THAKUR,,,,,,,,,
IDFC - LUDHIANA - SALES HUB,SUNIL THAKUR,,,,,,,,,
IDFC - Ludhiana Miller Ganj,SUNIL THAKUR,,,,,,,,,
IDFC - MBL Khanna,SUNIL THAKUR,,,,,,,,,
IDFC - Doraha Punjab,SUNIL THAKUR,,,,,,,,,
IDFC - MAHASAMUND BRANCH,BALA JEE SHARMA,,,,,,,,,
IDFC - BASNA BRANCH,BALA JEE SHARMA,,,,,,,,,
IDFC - MALDAH,Barsha Kumari Singh,,,,,,,,,
IDFC - MANDSAUR BRANCH,KAMAL PRAJAPATI,,,,,,,,,
IDFC - MBL - MANDSAUR,KAMAL PRAJAPATI,,,,,,,,,
IDFC - MBL MATHURA,GOVIND KUMAR SINGH,,,,,,,,,
IDFC - MATHURA BRANCH,GOVIND KUMAR SINGH,,,,,,,,,
IDFC - BARIPADA BRANCH,Satyaprajna Jena,,,,,,,,,
IDFC - MBL - NCR-MEERUT,RAVI MISHRA,,,,,,,,,
IDFC - MEERUT BRANCH,RAVI MISHRA,,,,,,,,,
IDFC - MEERUT - DELHI ROAD BRANCH,RAVI MISHRA,,,,,,,,,
IDFC - MBL - MEERUT BAGHPAT GATE,RAVI MISHRA,,,,,,,,,
IDFC - KHERALU BRANCH,RAJESH DAVE,,,,,,,,,
IDFC - MEHSANA BRANCH,RAJESH DAVE,,,,,,,,,
IDFC - MBL - MEHSANA,RAJESH DAVE,,,,,,,,,
IDFC - Moradabad,RAVI MISHRA,,,,,,,,,
IDFC - MBL - MORADABAD,RAVI MISHRA,,,,,,,,,
IDFC - LALPAR BRANCH,RAJESH DAVE,,,,,,,,,
IDFC - MBL - MORBI,RAJESH DAVE,,,,,,,,,
IDFC - MORBI BRANCH,RAJESH DAVE,,,,,,,,,
IDFC - Belapur-CPC,MANISH KUMAR SHARMA,,,,,,,,,
IDFC - Muzaffarpur,BALA JEE SHARMA,,,,,,,,,
IDFC - MBL - CHAKDAH,Barsha Kumari Singh,,,,,,,,,
IDFC - DIDWANA BRANCH,Mahindra Kumar Tiwari,,,,,,,,,
IDFC - MERTA CITY BRANCH,Mahindra Kumar Tiwari,,,,,,,,,
IDFC - KUCHAMAN CITY BRANCH,Mahindra Kumar Tiwari,,,,,,,,,
IDFC - Nagaur Branch,Mahindra Kumar Tiwari,,,,,,,,,
IDFC - NAGPUR BRANCH,MANISH KUMAR SHARMA,,,,,,,,,
IDFC - NAGPUR-CHHATRPATI SQUARE,MANISH KUMAR SHARMA,,,,,,,,,
IDFC - NAGPUR-ZADE BHAVAN BRANCH,MANISH KUMAR SHARMA,,,,,,,,,
IDFC - Byramji Tower - Nagpur,MANISH KUMAR SHARMA,,,,,,,,,
IDFC - MBL - NAGPUR,MANISH KUMAR SHARMA,,,,,,,,,
IDFC - HALDWANI,GOVIND KUMAR SINGH,,,,,,,,,
IDFC - MBL - HALDWANI,GOVIND KUMAR SINGH,,,,,,,,,
IDFC - SOHSARIA BRANCH,BALA JEE SHARMA,,,,,,,,,
IDFC - JALAN,MANISH KUMAR SHARMA,,,,,,,,,
IDFC - NASHIK BRANCH,MANISH KUMAR SHARMA,,,,,,,,,
IDFC - NASIK-SAHAYADREE BUSINESS PARK,MANISH KUMAR SHARMA,,,,,,,,,
IDFC - NASHIK - GANGAPUR ROAD,MANISH KUMAR SHARMA,,,,,,,,,
IDFC - NIPHAD BRANCH,MANISH KUMAR SHARMA,,,,,,,,,
IDFC - PIMPALGAON NASHIK,MANISH KUMAR SHARMA,,,,,,,,,
IDFC - BILIMORA BRANCH,RAJESH DAVE,,,,,,,,,
IDFC - NAVASARI,RAJESH DAVE,,,,,,,,,
IDFC - Newada,BALA JEE SHARMA,,,,,,,,,
IDFC - NAYAGARH BRANCH,Satyaprajna Jena,,,,,,,,,
IDFC - NEEMUCH BRANCH,KAMAL PRAJAPATI,,,,,,,,,
IDFC - MBL - NEEMUCH,KAMAL PRAJAPATI,,,,,,,,,
IDFC - NOIDA-BHAGWAN SAHAI PALACE,RAVI MISHRA,,,,,,,,,
IDFC - NOIDA SECTOR 12 BRANCH,RAVI MISHRA,,,,,,,,,
IDFC - NOIDA SECTOR 137 BRANCH,RAVI MISHRA,,,,,,,,,
IDFC - NOIDA SECTOR 50 BRANCH,RAVI MISHRA,,,,,,,,,
IDFC - NOIDA- SECTOR 18 BRANCH,RAVI MISHRA,,,,,,,,,
IDFC - NOIDA SECTOR-45 BRANCH,RAVI MISHRA,,,,,,,,,
IDFC - NOIDA SECTOR 77 BRANCH,RAVI MISHRA,,,,,,,,,
IDFC - GREATER NOIDA BRANCH,RAVI MISHRA,,,,,,,,,
IDFC - SECTOR-110 NOIDA BRANCH,RAVI MISHRA,,,,,,,,,
IDFC - BOC- SECTOR-132- NOIDA,RAVI MISHRA,,,,,,,,,
IDFC - NOIDA-16 BRANCH,RAVI MISHRA,,,,,,,,,
IDFC - NOIDA SECTOR 18 - SALES HUB,RAVI MISHRA,,,,,,,,,
IDFC - JEWAR BRANCH,RAVI MISHRA,,,,,,,,,
IDFC - GREATER NOIDA - BETA PLAZA BRANCH,RAVI MISHRA,,,,,,,,,
IDFC - NOIDA SECTOR 63 BRANCH,RAVI MISHRA,,,,,,,,,
IDFC - Noida DBU,RAVI MISHRA,,,,,,,,,
IDFC - NOIDA SECTOR 51,RAVI MISHRA,,,,,,,,,
IDFC - SALT LAKE- KOLKATA BRANCH,Barsha Kumari Singh,,,,,,,,,
IDFC - KOLKATA-SALT LAKE SECTOR 2 BRANCH,Barsha Kumari Singh,,,,,,,,,
IDFC - KOLKATA - LAKE TOWN BRANCH,Barsha Kumari Singh,,,,,,,,,
IDFC - MBL - MADHYAMGRAM,Barsha Kumari Singh,,,,,,,,,
IDFC - BARASAT BRANCH,Barsha Kumari Singh,,,,,,,,,
IDFC - MBL - BARASAT,Barsha Kumari Singh,,,,,,,,,
IDFC - MBL - HABRA,Barsha Kumari Singh,,,,,,,,,
IDFC - JAITARAN BRANCH,Mahindra Kumar Tiwari,,,,,,,,,
IDFC - SOJAT BRANCH,Mahindra Kumar Tiwari,,,,,,,,,
IDFC - SUMERPUR BRANCH,Mahindra Kumar Tiwari,,,,,,,,,
IDFC - PALI BRANCH,Mahindra Kumar Tiwari,,,,,,,,,
IDFC - PANJIM BRANCH,VINOD GANPAT SURYAWANSHI,,,,,,,,,
IDFC - PANCHKULA BRANCH,SUNIL THAKUR,,,,,,,,,
IDFC - PANCHKULA SECTOR 20 BRANCH,SUNIL THAKUR,,,,,,,,,
IDFC - PANIPAT BRANCH,SUNIL THAKUR,,,,,,,,,
IDFC - MBL - PANIPAT,SUNIL THAKUR,,,,,,,,,
IDFC - SAMALAKHA BRANCH,SUNIL THAKUR,,,,,,,,,
IDFC - MBL-ASANSOL,Barsha Kumari Singh,,,,,,,,,
IDFC - DURGAPUR - KARUKRIT HOUSE,Barsha Kumari Singh,,,,,,,,,
"IDFC - Paschim Bardhaman, Durgapur, West Bengal",Barsha Kumari Singh,,,,,,,,,
IDFC - KHARAGPUR BRANCH,Barsha Kumari Singh,,,,,,,,,
IDFC - PATIALA-PREM HEIGHTS,SUNIL THAKUR,,,,,,,,,
IDFC - PATIALA - LEELA BHAWAN BRANCH,SUNIL THAKUR,,,,,,,,,
IDFC - Samana Branch,SUNIL THAKUR,,,,,,,,,
IDFC - Nabha,SUNIL THAKUR,,,,,,,,,
IDFC - PATNA - KANKARBAGH BRANCH,BALA JEE SHARMA,,,,,,,,,
IDFC - PATNA-EXHIBITION ROAD BRANCH,BALA JEE SHARMA,,,,,,,,,
IDFC - PATNA-ASHIANA DIGHA ROAD BRANCH,BALA JEE SHARMA,,,,,,,,,
IDFC - MBL - PATNA,BALA JEE SHARMA,,,,,,,,,
IDFC - Bihta,BALA JEE SHARMA,,,,,,,,,
IDFC - Barh,BALA JEE SHARMA,,,,,,,,,
IDFC - PRAYAGRAJ BRANCH,GOVIND KUMAR SINGH,,,,,,,,,
IDFC - MBL - ALLAHABAD,GOVIND KUMAR SINGH,,,,,,,,,
IDFC - Naini,GOVIND KUMAR SINGH,,,,,,,,,
IDFC - PUNE BUND GARDEN ROAD BRANCH,VINOD GANPAT SURYAWANSHI,,,,,,,,,
IDFC - PUNE LAW COLLEGE ROAD BRANCH,VINOD GANPAT SURYAWANSHI,,,,,,,,,
IDFC - CAMP BRANCH,VINOD GANPAT SURYAWANSHI,,,,,,,,,
IDFC - WAKAD BRANCH,VINOD GANPAT SURYAWANSHI,,,,,,,,,
IDFC - AUNDH BRANCH,VINOD GANPAT SURYAWANSHI,,,,,,,,,
IDFC - PIMPRI BRANCH,VINOD GANPAT SURYAWANSHI,,,,,,,,,
IDFC - WANOWRIE BRANCH,VINOD GANPAT SURYAWANSHI,,,,,,,,,
IDFC - KALYANI NAGAR BRANCH,VINOD GANPAT SURYAWANSHI,,,,,,,,,
IDFC - KARVE NAGAR BRANCH,VINOD GANPAT SURYAWANSHI,,,,,,,,,
IDFC - KONCORD TOWERS - PUNE BUND GARDEN,VINOD GANPAT SURYAWANSHI,,,,,,,,,
IDFC - PUNE -CHINCHWAD,VINOD GANPAT SURYAWANSHI,,,,,,,,,
IDFC - PUNE-WAGHOLI,VINOD GANPAT SURYAWANSHI,,,,,,,,,
IDFC - PUNE NIGDI BRANCH,VINOD GANPAT SURYAWANSHI,,,,,,,,,
IDFC - BIBWEWADI BRANCH,VINOD GANPAT SURYAWANSHI,,,,,,,,,
IDFC - UNDRI BRANCH,VINOD GANPAT SURYAWANSHI,,,,,,,,,
IDFC - PIMPLE SAUDAGAR BRANCH,VINOD GANPAT SURYAWANSHI,,,,,,,,,
IDFC - BANER BRANCH,VINOD GANPAT SURYAWANSHI,,,,,,,,,
IDFC - KHARADI BRANCH,VINOD GANPAT SURYAWANSHI,,,,,,,,,
IDFC - MBL - CAMP,VINOD GANPAT SURYAWANSHI,,,,,,,,,
IDFC - PUNE - HINJEWADI BRANCH,VINOD GANPAT SURYAWANSHI,,,,,,,,,
IDFC - PUNE SWARGATE BRANCH,VINOD GANPAT SURYAWANSHI,,,,,,,,,
IDFC - PUNE - BALEWADI BRANCH,VINOD GANPAT SURYAWANSHI,,,,,,,,,
IDFC - PUNE - BHOSARI BRANCH,VINOD GANPAT SURYAWANSHI,,,,,,,,,
IDFC - CHAKAN BRANCH,VINOD GANPAT SURYAWANSHI,,,,,,,,,
IDFC - VIMAN ANGAR PUNE,VINOD GANPAT SURYAWANSHI,,,,,,,,,
IDFC - MBL - BARAMATI,VINOD GANPAT SURYAWANSHI,,,,,,,,,
IDFC - SHIRUR BRANCH,VINOD GANPAT SURYAWANSHI,,,,,,,,,
IDFC - NAVI PETH PUNE,VINOD GANPAT SURYAWANSHI,,,,,,,,,
IDFC - PUNE - KOTHRUD BRANCH,VINOD GANPAT SURYAWANSHI,,,,,,,,,
IDFC - KHARADI REGIONAL OFFICE,VINOD GANPAT SURYAWANSHI,,,,,,,,,
IDFC - MBL - BURDWAN CITY,Barsha Kumari Singh,,,,,,,,,
IDFC - CHANDANPUR BRANCH,Satyaprajna Jena,,,,,,,,,
IDFC - RAIGARH BRANCH,BALA JEE SHARMA,,,,,,,,,
IDFC - KHARSIA BRANCH,BALA JEE SHARMA,,,,,,,,,
IDFC - SARANGARH BRANCH,BALA JEE SHARMA,,,,,,,,,
IDFC - RAIPUR BRANCH,BALA JEE SHARMA,,,,,,,,,
IDFC - RAIPUR-DB CITY,BALA JEE SHARMA,,,,,,,,,
IDFC - Raipur-Lalpur Branch,BALA JEE SHARMA,,,,,,,,,
IDFC - RAIPUR-G. E ROAD BRANCH,BALA JEE SHARMA,,,,,,,,,
IDFC - RAIPUR-TAGORE NAGAR BRANCH,BALA JEE SHARMA,,,,,,,,,
IDFC - Bhanpuri,BALA JEE SHARMA,,,,,,,,,
IDFC - RAIPUR REGIONAL OFFICE,BALA JEE SHARMA,,,,,,,,,
IDFC - MANDIDEEP BRANCH,KAMAL PRAJAPATI,,,,,,,,,
IDFC - KURAWAR BRANCH,KAMAL PRAJAPATI,,,,,,,,,
IDFC - BIAORA BRANCH,KAMAL PRAJAPATI,,,,,,,,,
IDFC - MBL - BIAORA,KAMAL PRAJAPATI,,,,,,,,,
IDFC - RAJKOT BRANCH,RAJESH DAVE,,,,,,,,,
IDFC - RAJKOT-IMPERIAL HEIGHTS,RAJESH DAVE,,,,,,,,,
IDFC - MBL - RAJKOT - GONDAL ROAD,RAJESH DAVE,,,,,,,,,
IDFC - RAJKOT BHAKTI NAGAR BRANCH,RAJESH DAVE,,,,,,,,,
IDFC - GONDAL BRANCH,RAJESH DAVE,,,,,,,,,
IDFC - SHAPAR VERAVAL BRANCH,RAJESH DAVE,,,,,,,,,
IDFC - MBL - JETPUR,RAJESH DAVE,,,,,,,,,
IDFC - MBL - Rajkot Pedak Road,RAJESH DAVE,,,,,,,,,
IDFC - RAJNANDGAON BRANCH,BALA JEE SHARMA,,,,,,,,,
IDFC - RAJSAMAND BRANCH,Mahindra Kumar Tiwari,,,,,,,,,
IDFC - RANCHI BRANCH,BALA JEE SHARMA,,,,,,,,,
IDFC - RANCHI-PACIFIC HEIGHTS,BALA JEE SHARMA,,,,,,,,,
IDFC - RANCHI- LALPUR BRANCH,BALA JEE SHARMA,,,,,,,,,
IDFC - SEJAWATA BRANCH,KAMAL PRAJAPATI,,,,,,,,,
IDFC - RATLAM BRANCH,KAMAL PRAJAPATI,,,,,,,,,
IDFC - MBL - RATLAM,KAMAL PRAJAPATI,,,,,,,,,
IDFC - MBL - REWA,KAMAL PRAJAPATI,,,,,,,,,
IDFC - DHARUHERA BRANCH,SUNIL THAKUR,,,,,,,,,
IDFC - ROHTAK BRANCH,SUNIL THAKUR,,,,,,,,,
IDFC - MBL - SAGAR,KAMAL PRAJAPATI,,,,,,,,,
IDFC - MBL - SAHARANPUR,GOVIND KUMAR SINGH,,,,,,,,,
IDFC - SAHARANPUR BRANCH,GOVIND KUMAR SINGH,,,,,,,,,
IDFC - MOHALI BRANCH,SUNIL THAKUR,,,,,,,,,
IDFC - ZIRAKPUR - KALGIDHAR ENCLAVE,SUNIL THAKUR,,,,,,,,,
IDFC - MOHALI PHASE 10 BRANCH,SUNIL THAKUR,,,,,,,,,
IDFC - ZIRAKPUR BRANCH,SUNIL THAKUR,,,,,,,,,
IDFC - HIRAKUD ROAD BRANCH,Satyaprajna Jena,,,,,,,,,
IDFC - MBL - SATNA,KAMAL PRAJAPATI,,,,,,,,,
IDFC - SEHORE BRANCH,KAMAL PRAJAPATI,,,,,,,,,
IDFC - NASRULLAGANJ BRANCH,KAMAL PRAJAPATI,,,,,,,,,
IDFC - SEONI,KAMAL PRAJAPATI,,,,,,,,,
IDFC - AKODIA BRANCH,KAMAL PRAJAPATI,,,,,,,,,
IDFC - MBL - SHAJAPUR,KAMAL PRAJAPATI,,,,,,,,,
IDFC - SHIMLA BRANCH,SUNIL THAKUR,,,,,,,,,
IDFC - MBL - SHIVPURI,KAMAL PRAJAPATI,,,,,,,,,
IDFC - SIKAR BRANCH,Mahindra Kumar Tiwari,,,,,,,,,
IDFC - SRIMADHOPUR BRANCH,Mahindra Kumar Tiwari,,,,,,,,,
IDFC - NEEM KA THANA BRANCH,Mahindra Kumar Tiwari,,,,,,,,,
IDFC - FATEHPUR BRANCH,Mahindra Kumar Tiwari,,,,,,,,,
IDFC - MBL - SIKAR,Mahindra Kumar Tiwari,,,,,,,,,
IDFC - MANDI DABWALI BRANCH,SUNIL THAKUR,,,,,,,,,
IDFC - SIRSA,SUNIL THAKUR,,,,,,,,,
IDFC - Sitapur Branch,GOVIND KUMAR SINGH,,,,,,,,,
IDFC - SOLAPUR BRANCH,MANISH KUMAR SHARMA,,,,,,,,,
IDFC - Rural barshi,MANISH KUMAR SHARMA,,,,,,,,,
IDFC - AKLUJ BRANCH,MANISH KUMAR SHARMA,,,,,,,,,
IDFC - PANDHARPUR BRANCH,MANISH KUMAR SHARMA,,,,,,,,,
IDFC - MBL Solapaur,MANISH KUMAR SHARMA,,,,,,,,,
IDFC - SONIPAT,SUNIL THAKUR,,,,,,,,,
IDFC - Gohana Branch,SUNIL THAKUR,,,,,,,,,
IDFC - KOLKATA-GARIA BRANCH,Barsha Kumari Singh,,,,,,,,,
IDFC - MBL - GARIA,Barsha Kumari Singh,,,,,,,,,
IDFC - MBL - SRIGANGANAGAR,Mahindra Kumar Tiwari,,,,,,,,,
IDFC - PANPOSH ROAD BRANCH,Satyaprajna Jena,,,,,,,,,
IDFC - ROURKELA,Satyaprajna Jena,,,,,,,,,
IDFC - SURAJPUR BRANCH,BALA JEE SHARMA,,,,,,,,,
IDFC - SURAT BRANCH,RAJESH DAVE,,,,,,,,,
IDFC - RING ROAD BRANCH,RAJESH DAVE,,,,,,,,,
IDFC - SURAT- INTERNATIONAL BUSINESS CENTRE,RAJESH DAVE,,,,,,,,,
IDFC - KAMREJ BRANCH,RAJESH DAVE,,,,,,,,,
IDFC - SURAT - VESU BRANCH,RAJESH DAVE,,,,,,,,,
IDFC - SURAT ADAJAN BRANCH,RAJESH DAVE,,,,,,,,,
IDFC - KIM BRANCH,RAJESH DAVE,,,,,,,,,
IDFC - VARACHHA BRANCH,RAJESH DAVE,,,,,,,,,
IDFC - MBL- ADAJAN,RAJESH DAVE,,,,,,,,,
IDFC - MBL - KAMREJ,RAJESH DAVE,,,,,,,,,
IDFC - SACHIN BRANCH,RAJESH DAVE,,,,,,,,,
IDFC - Katagram,RAJESH DAVE,,,,,,,,,
IDFC - Udhana,RAJESH DAVE,,,,,,,,,
IDFC - VIP Road Surat CPC,RAJESH DAVE,,,,,,,,,
IDFC - DHRANGADHRA BRANCH,RAJESH DAVE,,,,,,,,,
IDFC - AMBIKAPUR BRANCH,BALA JEE SHARMA,,,,,,,,,
IDFC - QUANTUM THANE HIRANANDANI ESTATE,MANISH KUMAR SHARMA,,,,,,,,,
IDFC - THANE - CROSSVILLA,MANISH KUMAR SHARMA,,,,,,,,,
IDFC - VASHI SALES HUB,MANISH KUMAR SHARMA,,,,,,,,,
"IDFC - VASHI,SECTOR-17 BRANCH",MANISH KUMAR SHARMA,,,,,,,,,
IDFC - GHODBUNDER ROAD - THANE BRANCH,MANISH KUMAR SHARMA,,,,,,,,,
IDFC - THANE BRANCH,MANISH KUMAR SHARMA,,,,,,,,,
IDFC - THANE-RAM MARUTI ROAD BRANCH,MANISH KUMAR SHARMA,,,,,,,,,
IDFC - KALYAN-SARVODAY MALL,MANISH KUMAR SHARMA,,,,,,,,,
IDFC - NERUL BRANCH,MANISH KUMAR SHARMA,,,,,,,,,
IDFC - KALYAN BRANCH,MANISH KUMAR SHARMA,,,,,,,,,
IDFC - VARTAK NAGAR- THANE BRANCH,MANISH KUMAR SHARMA,,,,,,,,,
IDFC - SANPADA BRANCH,MANISH KUMAR SHARMA,,,,,,,,,
IDFC - Bhiwandi,MANISH KUMAR SHARMA,,,,,,,,,
IDFC - NAVI MUMBAI-AIROLI BRANCH,MANISH KUMAR SHARMA,,,,,,,,,
IDFC - SEAWOODS BRANCH,MANISH KUMAR SHARMA,,,,,,,,,
IDFC - THANE-HIRANANDANI ESTATE BRANCH,MANISH KUMAR SHARMA,,,,,,,,,
IDFC - MUMBAI-DOMBIVLI BRANCH,MANISH KUMAR SHARMA,,,,,,,,,
IDFC - Vashi APMC,MANISH KUMAR SHARMA,,,,,,,,,
IDFC - Thane Anand Nagar,MANISH KUMAR SHARMA,,,,,,,,,
IDFC - Ulhasnagar,MANISH KUMAR SHARMA,,,,,,,,,
IDFC - Thane Waghle Estate,MANISH KUMAR SHARMA,,,,,,,,,
IDFC - Ghansoli,MANISH KUMAR SHARMA,,,,,,,,,
IDFC - Kopar Khairne,MANISH KUMAR SHARMA,,,,,,,,,
IDFC - UDAIPUR-APEX CHAMBER,Mahindra Kumar Tiwari,,,,,,,,,
IDFC - FATEHNAGAR BRANCH,Mahindra Kumar Tiwari,,,,,,,,,
IDFC - UDAIPUR BRANCH,Mahindra Kumar Tiwari,,,,,,,,,
IDFC - UDAIPUR HIRAN MAGRI BRANCH,Mahindra Kumar Tiwari,,,,,,,,,
IDFC - RUDRAPUR,GOVIND KUMAR SINGH,,,,,,,,,
IDFC - UJJAIN BRANCH,KAMAL PRAJAPATI,,,,,,,,,
IDFC - MBL - UJJAIN-FREEGUNJ,KAMAL PRAJAPATI,,,,,,,,,
IDFC - UJJAIN FREEGANJ BRANCH,KAMAL PRAJAPATI,,,,,,,,,
IDFC - NAGDA BRANCH,KAMAL PRAJAPATI,,,,,,,,,
IDFC - VADODARA BRANCH,RAJESH DAVE,,,,,,,,,
IDFC - PADRA BRANCH,RAJESH DAVE,,,,,,,,,
IDFC - MAKARPURA BRANCH,RAJESH DAVE,,,,,,,,,
IDFC - KARELIBAUGH BRANCH,RAJESH DAVE,,,,,,,,,
IDFC - VADODARA VASNA BHAYLIBRANCH,RAJESH DAVE,,,,,,,,,
IDFC - DABHOI BRANCH,RAJESH DAVE,,,,,,,,,
IDFC - MBL- WAGHODIA ROAD,RAJESH DAVE,,,,,,,,,
IDFC - VADODARA- SALES HUB,RAJESH DAVE,,,,,,,,,
IDFC - KANHA CAPITAL,RAJESH DAVE,,,,,,,,,
IDFC - Nizampura,RAJESH DAVE,,,,,,,,,
IDFC - SAHYOG ATRIUM VADODARA,RAJESH DAVE,,,,,,,,,
IDFC - VAPI BRANCH,RAJESH DAVE,,,,,,,,,
IDFC - KILLA-PARDI BRANCH,RAJESH DAVE,,,,,,,,,
IDFC - MBL - VAPI - SILVASSA ROAD,RAJESH DAVE,,,,,,,,,
IDFC - MBL - VARANASI,GOVIND KUMAR SINGH,,,,,,,,,
IDFC - VARANASI BRANCH,GOVIND KUMAR SINGH,,,,,,,,,
IDFC - VARANASI - LANKA BRANCH,GOVIND KUMAR SINGH,,,,,,,,,
IDFC - Vasco CPC,VINOD GANPAT SURYAWANSHI,,,,,,,,,
IDFC - Vidisha,KAMAL PRAJAPATI,,,,,,,,,
IDFC - LADVI BRANCH,KAMAL PRAJAPATI,,,,,,,,,
IDFC - SANAWAD BRANCH,KAMAL PRAJAPATI,,,,,,,,,
IDFC - SIRLAI BRANCH,KAMAL PRAJAPATI,,,,,,,,,
IDFC - BHIKANGAON BRANCH,KAMAL PRAJAPATI,,,,,,,,,
IDFC - KHARGONE BRANCH,KAMAL PRAJAPATI,,,,,,,,,
IDFC - AGARTALA BRANCH,Barsha Kumari Singh,,,,,,,,,
IDFC - YAMUNA NAGAR- SCO 184-185,SUNIL THAKUR,,,,,,,,,
IDFC - JAGADHRI BRANCH,SUNIL THAKUR,,,,,,,,,
IDFC - NOIDA SEC 121 BRANCH,RAVI MISHRA,,,,,,,,,
IDFC - GURGAON - SECTOR 67 BRANCH,RAVI MISHRA,,,,,,,,,
IDFC - AMRITSAR RANJIT AVENUE,SUNIL THAKUR,,,,,,,,,
IDFC - SOHNA ROAD,RAVI MISHRA,,,,,,,,,
IDFC - SUNDER NAGAR BRANCH,SUNIL THAKUR,,,,,,,,,
IDFC - FARIDABAD SEC -37,RAVI MISHRA,,,,,,,,,
IDFC - Faridabad - Sec 9,RAVI MISHRA,,,,,,,,,
IDFC - Gaur Chowk Greater Noida,RAVI MISHRA,,,,,,,,,
IDFC - MOHALI SEC 82,SUNIL THAKUR,,,,,,,,,
IDFC - Dera Bassi,SUNIL THAKUR,,,,,,,,,
IDFC - MODI NAGAR,RAVI MISHRA,,,,,,,,,
IDFC - AMBEDKAR ROAD GHAZIABAD,RAVI MISHRA,,,,,,,,,
IDFC - Yamuna Nagar,SUNIL THAKUR,,,,,,,,,
IDFC - AMBALA ROAD,SUNIL THAKUR,,,,,,,,,
IDFC - ROORKEE,GOVIND KUMAR SINGH,,,,,,,,,
IDFC - MUZAFFAR NAGAR,GOVIND KUMAR SINGH,,,,,,,,,
IDFC - SOLANBRANCH NAME YET TO BE FINALIZED,SUNIL THAKUR,,,,,,,,,
IDFC - Baddi,SUNIL THAKUR,,,,,,,,,
IDFC - REWARI,SUNIL THAKUR,,,,,,,,,
IDFC - HOSHIYARPUR,SUNIL THAKUR,,,,,,,,,
IDFC - PATHANKOT,SUNIL THAKUR,,,,,,,,,
IDFC - MOGA,SUNIL THAKUR,,,,,,,,,
IDFC - BULANDSHAHAR,RAVI MISHRA,,,,,,,,,
IDFC - KHAR WEST BRANCH,MANISH KUMAR SHARMA,,,,,,,,,
IDFC - Matunga,MANISH KUMAR SHARMA,,,,,,,,,
IDFC - Bhayandar West,MANISH KUMAR SHARMA,,,,,,,,,
IDFC - Shela Ahmedabad,RAJESH DAVE,,,,,,,,,
IDFC - Sattadhar Ahmedabad,RAJESH DAVE,,,,,,,,,
IDFC - DN Road Fort,MANISH KUMAR SHARMA,,,,,,,,,
"IDFC - Itwariya Bazar,Indore",KAMAL PRAJAPATI,,,,,,,,,
IDFC - Bhopal MP Nagar,KAMAL PRAJAPATI,,,,,,,,,
IDFC - Magob,RAJESH DAVE,,,,,,,,,
IDFC - NASHIK - NASHIK ROAD,MANISH KUMAR SHARMA,,,,,,,,,
IDFC - Bhilwara,Mahindra Kumar Tiwari,,,,,,,,,
IDFC - Kudasan,RAJESH DAVE,,,,,,,,,
IDFC - Basni,Mahindra Kumar Tiwari,,,,,,,,,
IDFC - Bikaner,Mahindra Kumar Tiwari,,,,,,,,,
IDFC - Virar,MANISH KUMAR SHARMA,,,,,,,,,
IDFC - Vasai E,MANISH KUMAR SHARMA,,,,,,,,,
IDFC - Pratap Nagar Jaipur,Mahindra Kumar Tiwari,,,,,,,,,
IDFC - Akola,MANISH KUMAR SHARMA,,,,,,,,,
IDFC - Ved Road,RAJESH DAVE,,,,,,,,,
IDFC - DAMAN/VALSAD,RAJESH DAVE,,,,,,,,,
IDFC - SILVASSA,RAJESH DAVE,,,,,,,,,
IDFC - Merlin House,Barsha Kumari Singh,,,,,,,,,
IDFC - Girish Park,Barsha Kumari Singh,,,,,,,,,
IDFC - PATNA CITY BRANCH,BALA JEE SHARMA,,,,,,,,,
IDFC - Kanke,BALA JEE SHARMA,,,,,,,,,
IDFC - Cuttack-CDA,Satyaprajna Jena,,,,,,,,,
IDFC - ASANSOL,Barsha Kumari Singh,,,,,,,,,
IDFC - PURI/ GRAND ROAD,Satyaprajna Jena,,,,,,,,,
IDFC - DHANBAD,BALA JEE SHARMA,,,,,,,,,
IDFC - DIBRUGARH THANA CHARIALI/ HH ROAD,Barsha Kumari Singh,,,,,,,,,
IDFC - GAYA GANDHI MAIDAN,BALA JEE SHARMA,,,,,,,,,
IDFC - KOHIMA,Barsha Kumari Singh,,,,,,,,,
IDFC - COOCH BEHAR,Barsha Kumari Singh,,,,,,,,,
IDFC - SILCHAR SHILLONG PATTI,Barsha Kumari Singh,,,,,,,,,
IDFC - PATNA RURAL REGIONAL OFFICE,BALA JEE SHARMA,,,,,,,,,
IDFC - KANPUR M CORP. OGKidwai Nagar,GOVIND KUMAR SINGH,,,,,,,,,
IDFC - Quantum -18th Floor 19th Floor,MANISH KUMAR SHARMA,,,,,,,,,
IDFC - Bhawanipur/ Chowringhee Road- Kolkata,Barsha Kumari Singh,,,,,,,,,
IDFC - Bhopal,KAMAL PRAJAPATI,,,,,,,,,
IDFC - Kanpur,GOVIND KUMAR SINGH,,,,,,,,,
IDFC - Raj Nagar Extention,RAVI MISHRA,,,,,,,,,
IDFC - Gift City,RAJESH DAVE,,,,,,,,,
IDFC - Tinsukhia,Barsha Kumari Singh,,,,,,,,,
IDFC - Nalbari,Barsha Kumari Singh,,,,,,,,,
IDFC - BARAN BRANCH,Mahindra Kumar Tiwari,,,,,,,,,
IDFC - CHHABRA BRANCH,Mahindra Kumar Tiwari,,,,,,,,,
IDFC - BARWANI BRANCH,KAMAL PRAJAPATI,,,,,,,,,
IDFC - AMBAJOGAI BRANCH,MANISH KUMAR SHARMA,,,,,,,,,
IDFC - BOTAD BRANCH,RAJESH DAVE,,,,,,,,,
IDFC - Mughalsarai Chandauli UP,GOVIND KUMAR SINGH,,,,,,,,,
IDFC - MBL - CHANDRAPUR,MANISH KUMAR SHARMA,,,,,,,,,
IDFC - CHARKHI DADRI BRANCH,RAVI MISHRA,,,,,,,,,
IDFC - SUJANGARH BRANCH,Mahindra Kumar Tiwari,,,,,,,,,
IDFC - DIMAPUR-CHURCH ROAD BRANCH,Barsha Kumari Singh,,,,,,,,,
IDFC - DIMAPUR -DBU BRANCH,Barsha Kumari Singh,,,,,,,,,
IDFC - UTAI BRANCH,BALA JEE SHARMA,,,,,,,,,
IDFC - BHILAI BRANCH,BALA JEE SHARMA,,,,,,,,,
IDFC - MBL - BHILAI,BALA JEE SHARMA,,,,,,,,,
IDFC - TOHANA BRANCH,RAVI MISHRA,,,,,,,,,
IDFC - FATEHABAD BRANCH,RAVI MISHRA,,,,,,,,,
IDFC - FATEHABAD CLUSTER OFFICE,RAVI MISHRA,,,,,,,,,
IDFC - PENDRA ROAD BRANCH,BALA JEE SHARMA,,,,,,,,,
IDFC - MBL - VERAVAL,RAJESH DAVE,,,,,,,,,
IDFC - Veraval,RAJESH DAVE,,,,,,,,,
IDFC - HOWRAH - AC MARKET BRANCH,Barsha Kumari Singh,,,,,,,,,
IDFC - MBL - HAZARIBAUG,BALA JEE SHARMA,,,,,,,,,
IDFC - LATUR,MANISH KUMAR SHARMA,,,,,,,,,
IDFC - JALORE BRANCH,Mahindra Kumar Tiwari,,,,,,,,,
IDFC - JHAJJAR BRANCH,RAVI MISHRA,,,,,,,,,
IDFC - MBL - BAHADURGARH,RAVI MISHRA,,,,,,,,,
IDFC - JHALRAPATAN BRANCH,Mahindra Kumar Tiwari,,,,,,,,,
IDFC - JHUNJHUNU BRANCH,Mahindra Kumar Tiwari,,,,,,,,,
IDFC - SINGHANA BRANCH,Mahindra Kumar Tiwari,,,,,,,,,
IDFC - MBL - BHUJ,RAJESH DAVE,,,,,,,,,
IDFC - MBL - GANDHIDHAM,RAJESH DAVE,,,,,,,,,
IDFC - GANDHIDHAM BRANCH,RAJESH DAVE,,,,,,,,,
IDFC - GUWAHATI BRANCH,Barsha Kumari Singh,,,,,,,,,
IDFC - GUWAHATI- ITAG PLAZA,Barsha Kumari Singh,,,,,,,,,
"IDFC - FANCY BAZAR,GUWAHATI ASSAM",Barsha Kumari Singh,,,,,,,,,
IDFC - NADIAD BRANCH,RAJESH DAVE,,,,,,,,,
IDFC - BHUBANESWAR BRANCH,Satyaprajna Jena,,,,,,,,,
IDFC - BHUBANESWAR-MODI BHAWAN,Satyaprajna Jena,,,,,,,,,
IDFC - Baramunda,Satyaprajna Jena,,,,,,,,,
IDFC - KHORDHA BRANCH,Satyaprajna Jena,,,,,,,,,
IDFC - SINGESWAR,Satyaprajna Jena,,,,,,,,,
IDFC - RASULGARH BRANCH,Satyaprajna Jena,,,,,,,,,
IDFC - BHUBANESWAR REGIONAL OFFICE,Satyaprajna Jena,,,,,,,,,
IDFC - Padrauna,GOVIND KUMAR SINGH,,,,,,,,,
IDFC - NANDED,MANISH KUMAR SHARMA,,,,,,,,,
IDFC - NARNAUL BRANCH,SUNIL THAKUR,,,,,,,,,
IDFC - LUNAWADA BRANCH,RAJESH DAVE,,,,,,,,,
IDFC - Maunath,GOVIND KUMAR SINGH,,,,,,,,,
IDFC - MBL- VARACHA,RAJESH DAVE,,,,,,,,,
IDFC - RAJPIPLA BRANCH,RAJESH DAVE,,,,,,,,,
IDFC - SONKHEDA BRANCH,KAMAL PRAJAPATI,,,,,,,,,
IDFC - PIPARIYA BRANCH,KAMAL PRAJAPATI,,,,,,,,,
IDFC - BANKHEDI BRANCH,KAMAL PRAJAPATI,,,,,,,,,
IDFC - SEONI MALWA BRANCH,KAMAL PRAJAPATI,,,,,,,,,
IDFC - NARMADAPURAM BRANCH,KAMAL PRAJAPATI,,,,,,,,,
IDFC - GOA-MAPUSA BRANCH,VINOD GANPAT SURYAWANSHI,,,,,,,,,
IDFC - GOA-PORVORIM BRANCH,VINOD GANPAT SURYAWANSHI,,,,,,,,,
IDFC - OSMANABAD BRANCH,MANISH KUMAR SHARMA,,,,,,,,,
IDFC - MUMBAI-VIRAR,MANISH KUMAR SHARMA,,,,,,,,,
IDFC - Vasai,MANISH KUMAR SHARMA,,,,,,,,,
IDFC - GODHRA BRANCH,RAJESH DAVE,,,,,,,,,
IDFC - HALOL BRANCH,RAJESH DAVE,,,,,,,,,
IDFC - MBL-Patan,RAJESH DAVE,,,,,,,,,
IDFC - PATAN BRANCH,RAJESH DAVE,,,,,,,,,
IDFC - BELA PRATAPGARH BRANCH,GOVIND KUMAR SINGH,,,,,,,,,
IDFC - JAMSHEDPUR-HEMKALI TOWER,BALA JEE SHARMA,,,,,,,,,
IDFC - JAMSHEDPUR - JAMSHEDPUR MAIN BRANCH,BALA JEE SHARMA,,,,,,,,,
IDFC - KHARGHAR BRANCH,MANISH KUMAR SHARMA,,,,,,,,,
IDFC - PANVEL BRANCH,MANISH KUMAR SHARMA,,,,,,,,,
IDFC - KALAMBOLI BRANCH,MANISH KUMAR SHARMA,,,,,,,,,
IDFC - MUMBAI-PANVEL,MANISH KUMAR SHARMA,,,,,,,,,
IDFC - HIMMATNAGAR BRANCH,RAJESH DAVE,,,,,,,,,
IDFC - IDAR BRANCH,RAJESH DAVE,,,,,,,,,
IDFC - SANGLI BRANCH,VINOD GANPAT SURYAWANSHI,,,,,,,,,
IDFC - MBL - SANGLI,VINOD GANPAT SURYAWANSHI,,,,,,,,,
IDFC - TASGAON BRANCH,VINOD GANPAT SURYAWANSHI,,,,,,,,,
IDFC - BHADOHI BRANCH,GOVIND KUMAR SINGH,,,,,,,,,
IDFC - PHALTAN BRANCH,VINOD GANPAT SURYAWANSHI,,,,,,,,,
IDFC - GOA-MARGAO BRANCH,VINOD GANPAT SURYAWANSHI,,,,,,,,,
IDFC - VYARA BRANCH,RAJESH DAVE,,,,,,,,,
IDFC - Newai Branch,Mahindra Kumar Tiwari,,,,,,,,,
IDFC - YAVTMAL,MANISH KUMAR SHARMA,,,,,,,,,
IDFC - NAWANSHAR,SUNIL THAKUR,,,,,,,,,
IDFC - LATUR - D,MANISH KUMAR SHARMA,,,,,,,,,
IDFC - COLVA-BENAULIM ROAD,VINOD GANPAT SURYAWANSHI,,,,,,,,,
IDFC - Durg,BALA JEE SHARMA,,,,,,,,,
IDFC - DBU Dimapur,Barsha Kumari Singh,,,,,,,,,
IDFC - Bongaigaon,Barsha Kumari Singh,,,,,,,,,
IDFC - AGAR MALWA BRANCH,KAMAL PRAJAPATI,,,,,,,,,
IDFC - AGRA BRANCH,GOVIND KUMAR SINGH,,,,,,,,,
Flipkart - Ahmedabad BTS - 3385,RAJESH DAVE,,,,,,,,,
Flipkart - Ahmedabad Large,RAJESH DAVE,,,,,,,,,
JLL - Airtel Store-Sundarapuram Mini (Coimbatore),PADAM LOCHAN MALLICK,,,,,,,,,
JLL - Airtel Store-Helabattala Mini - WB,Barsha Kumari Singh,,,,,,,,,
JLL - Airtel Store-Nana Chiloda - GJ,RAJESH DAVE,,,,,,,,,
JLL - Airtel Store-Ambala City - HR,SUNIL THAKUR,,,,,,,,,
IBM - Kolkata,Barsha Kumari Singh,,,,,,,,,
Bajaj - Ahmedabad,RAJESH DAVE,,,,,,,,,
Bajaj - Andheri Mumbai,SHILPA MORE,,,,,,,,,
Bajaj - Nariman Point Mumbai,SHILPA MORE,,,,,,,,,
Bajaj - Kolkata,Barsha Kumari Singh,,,,,,,,,
Bajaj - Lucknow,GOVIND KUMAR SINGH,,,,,,,,,
Bajaj - CP New Delhi,DINESH KUMAR,,,,,,,,,
Bajaj - Patna,BALA JEE SHARMA,,,,,,,,,
Tresvista - Goregaon East Mumbai,SHILPA MORE,,,,,,,,,
JLL - Airtel Store-Nonachandanpukur AOR - WB,Barsha Kumari Singh,,,,,,,,,
JLL - Airtel Store-hanmkonda NGS 2 - TS,DEEPAK KUMAR,,,,,,,,,
1050 - Anandpur Sahib,SUNIL THAKUR,,,,,,,,,
90 - Gandhi Nagar Jammu,SUNIL THAKUR,,,,,,,,,
171 - Bhatinda,SUNIL THAKUR,,,,,,,,,
1163 - Malout,SUNIL THAKUR,,,,,,,,,
315 - Kangra,SUNIL THAKUR,,,,,,,,,
602 - Srinagar,SUNIL THAKUR,,,,,,,,,
369 - Pinjore,SUNIL THAKUR,,,,,,,,,
138 - Katra,SUNIL THAKUR,,,,,,,,,
IDFC - Siolim,VINOD GANPAT SURYAWANSHI,,,,,,,,,
IDFC - Vadodara Manjalpur,RAJESH DAVE,,,,,,,,,
IDFC - Gotri - Sewasi,RAJESH DAVE,,,,,,,,,
IDFC - FARIDABAD DBU,RAVI MISHRA,,,,,,,,,
IDFC - Dewas Urban,KAMAL PRAJAPATI,,,,,,,,,
IDFC - Shirdhon,MANISH KUMAR SHARMA,,,,,,,,,
IDFC - Jalna,MANISH KUMAR SHARMA,,,,,,,,,
IDFC - Moshi,VINOD GANPAT SURYAWANSHI,,,,,,,,,
IDFC - Mahim,MANISH KUMAR SHARMA,,,,,,,,,
IDFC - Kandivali West,MANISH KUMAR SHARMA,,,,,,,,,
IDFC - LEWIS ROAD,Satyaprajna Jena,,,,,,,,,
IDFC - Khanna,SUNIL THAKUR,,,,,,,,,
IDFC - SANGRUR,SUNIL THAKUR,,,,,,,,,
IDFC - Malerkotla,SUNIL THAKUR,,,,,,,,,
IDFC - JHANSI,GOVIND KUMAR SINGH,,,,,,,,,
IDFC - ALIGARH,GOVIND KUMAR SINGH,,,,,,,,,
IDFC - GANGA NAGAR MEERUT,RAVI MISHRA,,,,,,,,,
IDFC - PALLAVPURAM MEERUT,RAVI MISHRA,,,,,,,,,
IDFC - NOIDA SEC 26,RAVI MISHRA,,,,,,,,,
IDFC - BIJNOR,GOVIND KUMAR SINGH,,,,,,,,,
IDFC - HAPUR,RAVI MISHRA,,,,,,,,,
IDFC - CHANDAN NAGAR,Barsha Kumari Singh,,,,,,,,,
IDFC - Firozpur Branch,SUNIL THAKUR,,,,,,,,,
IDFC - Dehradun-Sahastradhara Road Branch,GOVIND KUMAR SINGH,,,,,,,,,
IDFC - Mumbai-Matunga East Branch,MANISH KUMAR SHARMA,,,,,,,,,
IDFC - Jaipur Sales Hub,Mahindra Kumar Tiwari,,,,,,,,,
IDFC - Kanpur-Kidwai Nagar Branch,GOVIND KUMAR SINGH,,,,,,,,,
IDFC - Tinsukia-Asset Outlet,Barsha Kumari Singh,,,,,,,,,
IDFC - Ghaziabad-Raj Nagar Extension Branch,RAVI MISHRA,,,,,,,,,
IDFC - Mumbai-Andheri Technopolis Asset Outlet,MANISH KUMAR SHARMA,,,,,,,,,
IDFC - Navi Mumbai-Juinagar-Mindspace Office,MANISH KUMAR SHARMA,,,,,,,,,
IDFC - Rajkot-Nana Mauva Branch,RAJESH DAVE,,,,,,,,,
IDFC - Dehradun-Arhat Bazar Branch,GOVIND KUMAR SINGH,,,,,,,,,
IDFC - Indore-Benchmark Business Park Loan Centre Asset Outlet,KAMAL PRAJAPATI,,,,,,,,,
IDFC - Noida-Sector 132 Branch,RAVI MISHRA,,,,,,,,,
DXC - Bangalore Shimoga,Anshu Kumar Maurya,,,,,,,,,
353 - Paonta Sahib,SUNIL THAKUR,,,,,,,,,
JLL - Airtel Store-Trichy NGS - TN,PADAM LOCHAN MALLICK,,,,,,,,,
IBM - Gurgaon,YASHVENDER SINGH,,,,,,,,,
PIRAMAL - THANE - MH,BARGE DEVIDAS RAMCHANDRA,,,,,,,,,
JLL - Airtel Store-Newtown mini - WB,Barsha Kumari Singh,,,,,,,,,
WIPRO - Tech Boulevard SEC 127 NOI,GOVIND KUMAR SINGH,,,,,,,,,
Sharekhan - Banashankari,Anshu Kumar Maurya,,,,,,,,,
Sharekhan - Marathalli,Anshu Kumar Maurya,,,,,,,,,
Sharekhan - BTM Layout,Anshu Kumar Maurya,,,,,,,,,
Flipkart - Surat_BTS - 3466,RAJESH DAVE,,,,,,,,,
IDFC - Surat-Ring Road Branch,RAJESH DAVE,,,,,,,,,
IDFC - BANGALORE RESIDENCY ROAD BRANCH,Anshu Kumar Maurya,,,,,,,,,
IDFC - HYDERABAD JUBILEE TOWN BRANCH,DEEPAK KUMAR,,,,,,,,,
IDFC - CHENNAI - KRM TOWERS,PADAM LOCHAN MALLICK,,,,,,,,,
IDFC - NUNGAMBAKKAM BRANCH,PADAM LOCHAN MALLICK,,,,,,,,,
IDFC - HUBBALLI BRANCH,Anshu Kumar Maurya,,,,,,,,,
IDFC - HUBLI - REGIONAL OFFICE,Anshu Kumar Maurya,,,,,,,,,
IDFC - PRIDE HULKUL - BANGALORE CONSUMER SALES HUB,Anshu Kumar Maurya,,,,,,,,,
IDFC - KOTTURPURAM - CHENNAI CONSUMER SALES HUB,PADAM LOCHAN MALLICK,,,,,,,,,
IDFC - GUNTUR BRANCH,DEEPAK KUMAR,,,,,,,,,
IDFC - VIJAYWADA BRANCH,DEEPAK KUMAR,,,,,,,,,
IDFC - BELAGAVI BRANCH,Anshu Kumar Maurya,,,,,,,,,
IDFC - RAJAHMUNDRY BRANCH,DEEPAK KUMAR,,,,,,,,,
IDFC - HOSUR BRANCH,Anshu Kumar Maurya,,,,,,,,,
IDFC - TIRUCHIRAPPALLI BRANCH,PADAM LOCHAN MALLICK,,,,,,,,,
IDFC - SHIVAMOGGA BRANCH,Anshu Kumar Maurya,,,,,,,,,
IDFC - VIJAYAWADA GAYATRI NAGAR BRANCH,DEEPAK KUMAR,,,,,,,,,
IDFC - COIMBATORE BRANCH,PADAM LOCHAN MALLICK,,,,,,,,,
IDFC - MADURAI BRANCH,PADAM LOCHAN MALLICK,,,,,,,,,
IDFC - SALEM BRANCH,PADAM LOCHAN MALLICK,,,,,,,,,
IDFC - DHARWAD BRANCH,Anshu Kumar Maurya,,,,,,,,,
IDFC - HYDERABAD - JUBILEE HILLS ROAD NO. 36 BRANCH,DEEPAK KUMAR,,,,,,,,,
IDFC - PARRYS CORNER BRANCH,PADAM LOCHAN MALLICK,,,,,,,,,
IDFC - KORAMANGALA BRANCH,Anshu Kumar Maurya,,,,,,,,,
IDFC - MALLESWARAM BRANCH,Anshu Kumar Maurya,,,,,,,,,
IDFC - ANNA NAGAR BRANCH,PADAM LOCHAN MALLICK,,,,,,,,,
IDFC - ADYAR BRANCH,PADAM LOCHAN MALLICK,,,,,,,,,
IDFC - RA PURAM BRANCH,PADAM LOCHAN MALLICK,,,,,,,,,
IDFC - WHITEFIELD BRANCH,Anshu Kumar Maurya,,,,,,,,,
IDFC - JAYANAGAR BRANCH,Anshu Kumar Maurya,,,,,,,,,
IDFC - INDIRANAGAR BRANCH,Anshu Kumar Maurya,,,,,,,,,
IDFC - PARADISE SECUNDERABAD BRANCH,DEEPAK KUMAR,,,,,,,,,
IDFC - KALYAN NAGAR BRANCH,Anshu Kumar Maurya,,,,,,,,,
IDFC - SARJAPURA ROAD BRANCH,Anshu Kumar Maurya,,,,,,,,,
IDFC - GACHIBOWLI BRANCH,DEEPAK KUMAR,,,,,,,,,
IDFC - SOMAJIGUDA BRANCH,DEEPAK KUMAR,,,,,,,,,
IDFC - T NAGAR BRANCH,PADAM LOCHAN MALLICK,,,,,,,,,
IDFC - EGATTUR BRANCH,PADAM LOCHAN MALLICK,,,,,,,,,
IDFC - BANGALORE-KCA ENCLAVE,Anshu Kumar Maurya,,,,,,,,,
IDFC - BANGALORE-VIJAYNAGAR,Anshu Kumar Maurya,,,,,,,,,
IDFC - BANGLORE-VG COMPLEX,Anshu Kumar Maurya,,,,,,,,,
IDFC - BELGAUM - MEENAKSHI TOWER,Anshu Kumar Maurya,,,,,,,,,
IDFC - CHENNAI-AMARASRI 1ST FLR 3RD FLR - 2 FLRS,PADAM LOCHAN MALLICK,,,,,,,,,
IDFC - CHENNAI-AMBATTUR,PADAM LOCHAN MALLICK,,,,,,,,,
IDFC - CHENNAI-PERAMBUR,PADAM LOCHAN MALLICK,,,,,,,,,
IDFC - CHENNAI-TAMBARAM,PADAM LOCHAN MALLICK,,,,,,,,,
IDFC - COCHIN-GRACE CORNER,PADAM LOCHAN MALLICK,,,,,,,,,
IDFC - COIMBATORE- PEELAMEDU,PADAM LOCHAN MALLICK,,,,,,,,,
IDFC - GUNTUR-WEST KRISHNA PLAZA,DEEPAK KUMAR,,,,,,,,,
IDFC - HOSUR-GKV TOWERS,PADAM LOCHAN MALLICK,,,,,,,,,
IDFC - HUBLI-CHALLAMARAD BUILDING,Anshu Kumar Maurya,,,,,,,,,
IDFC - HYDERABAD- BN REDDY NAGAR,DEEPAK KUMAR,,,,,,,,,
IDFC - HYDERABAD-BHEL,DEEPAK KUMAR,,,,,,,,,
IDFC - VEER CHAMBERS LOAN CENTRE,DEEPAK KUMAR,,,,,,,,,
IDFC - KAKINADA-PJR COMPLEX,DEEPAK KUMAR,,,,,,,,,
IDFC - MADURAI-BYPASS ROAD,PADAM LOCHAN MALLICK,,,,,,,,,
IDFC - PONDICHERRY-VALLALAR SALAI,PADAM LOCHAN MALLICK,,,,,,,,,
IDFC - RAJAHMUNDRY-SAI SRI COMPLEX,DEEPAK KUMAR,,,,,,,,,
IDFC - SALEM-BHIMARATHA ARACADE,PADAM LOCHAN MALLICK,,,,,,,,,
IDFC - TIRUCHIRAPPALLI ASSET OUTLET,PADAM LOCHAN MALLICK,,,,,,,,,
IDFC - TRIVANDRUM-FELICITY SQUARE,PADAM LOCHAN MALLICK,,,,,,,,,
IDFC - VELLORE ASSET OUTLET,PADAM LOCHAN MALLICK,,,,,,,,,
IDFC - VIJAYWADA-LABBIPET,DEEPAK KUMAR,,,,,,,,,
IDFC - VISAKAPATNAM-DWARAKA PLAZA,DEEPAK KUMAR,,,,,,,,,
IDFC - TIRUPATHI,DEEPAK KUMAR,,,,,,,,,
IDFC - NAGERCOIL,PADAM LOCHAN MALLICK,,,,,,,,,
IDFC - R T NAGAR BRANCH,Anshu Kumar Maurya,,,,,,,,,
IDFC - BANASHANKARI 3RD STAGE BRANCH,Anshu Kumar Maurya,,,,,,,,,
IDFC - RAJAJINAGAR BRANCH,Anshu Kumar Maurya,,,,,,,,,
IDFC - KILPAUK BRANCH,PADAM LOCHAN MALLICK,,,,,,,,,
IDFC - ASHOK NAGAR BRANCH,PADAM LOCHAN MALLICK,,,,,,,,,
IDFC - HSR LAYOUT BRANCH,Anshu Kumar Maurya,,,,,,,,,
IDFC - BASAVANAGUDI BRANCH,Anshu Kumar Maurya,,,,,,,,,
IDFC - DR. RADHAKRISHNAN SALAI BRANCH,PADAM LOCHAN MALLICK,,,,,,,,,
IDFC - THUBARAHALLI BRANCH,Anshu Kumar Maurya,,,,,,,,,
IDFC - FRAZER TOWN BRANCH,Anshu Kumar Maurya,,,,,,,,,
IDFC - KK NAGAR BRANCH,PADAM LOCHAN MALLICK,,,,,,,,,
IDFC - GANDHI NAGAR- ADYAR BRIDGE ROAD BRANCH,PADAM LOCHAN MALLICK,,,,,,,,,
IDFC - CUNNINGHAM ROAD BRANCH,Anshu Kumar Maurya,,,,,,,,,
IDFC - SANJAY NAGAR BRANCH,Anshu Kumar Maurya,,,,,,,,,
IDFC - BANGALORE-RP PRIDE -KORAMANGALA,Anshu Kumar Maurya,,,,,,,,,
IDFC - MAHINDRA WORLD CITY PARANUR BRANCH,PADAM LOCHAN MALLICK,,,,,,,,,
IDFC - CHANDRA LAYOUT BRANCH,Anshu Kumar Maurya,,,,,,,,,
IDFC - ITPB BRANCH,Anshu Kumar Maurya,,,,,,,,,
IDFC - VIDYARANYAPURA BRANCH,Anshu Kumar Maurya,,,,,,,,,
IDFC - BTM LAYOUT BRANCH,Anshu Kumar Maurya,,,,,,,,,
IDFC - BANGALORE - SAHAKAR NAGAR BRANCH,Anshu Kumar Maurya,,,,,,,,,
IDFC - JEEVAN BIMA NAGAR BRANCH,Anshu Kumar Maurya,,,,,,,,,
IDFC - BANGALORE JP NAGAR 7TH PHASE BRANCH,Anshu Kumar Maurya,,,,,,,,,
IDFC - BANGALORE - RAJA RAJESHWARI NAGAR BRANCH,Anshu Kumar Maurya,,,,,,,,,
IDFC - BESANT NAGAR BRANCH,PADAM LOCHAN MALLICK,,,,,,,,,
IDFC - VELACHERY BRANCH,PADAM LOCHAN MALLICK,,,,,,,,,
IDFC - THIRUVANMIYUR BRANCH,PADAM LOCHAN MALLICK,,,,,,,,,
IDFC - CHENNAI - TEYNAMPET BRANCH,PADAM LOCHAN MALLICK,,,,,,,,,
IDFC - CHENNAI KODAMBAKKAM BRANCH,PADAM LOCHAN MALLICK,,,,,,,,,
IDFC - ANNA NAGAR WEST BRANCH,PADAM LOCHAN MALLICK,,,,,,,,,
IDFC - PERAMBUR BRANCH,PADAM LOCHAN MALLICK,,,,,,,,,
IDFC - CHENNAI - ARUMBAKKAM BRANCH,PADAM LOCHAN MALLICK,,,,,,,,,
IDFC - HYDERABAD KUKATPALLY BRANCH,DEEPAK KUMAR,,,,,,,,,
IDFC - MANIKONDA BRANCH,DEEPAK KUMAR,,,,,,,,,
IDFC - HYDERABAD-KARKHANA BRANCH,DEEPAK KUMAR,,,,,,,,,
IDFC - HYDERABAD TOLI CHOWKI BRANCH,DEEPAK KUMAR,,,,,,,,,
IDFC - HYDERABAD - HIMAYAT NAGAR BRANCH,DEEPAK KUMAR,,,,,,,,,
IDFC - HI TECH CITYBRANCH,DEEPAK KUMAR,,,,,,,,,
IDFC - HYDERABAD-BANJARA HILLS ROAD NO. 12 BRANCH,DEEPAK KUMAR,,,,,,,,,
IDFC - EAST MARREDPALLY BRANCH,DEEPAK KUMAR,,,,,,,,,
IDFC - HYDERABAD - S.R.NAGAR BRANCH,DEEPAK KUMAR,,,,,,,,,
"IDFC - M.G. ROAD, KOCHI BRANCH",PADAM LOCHAN MALLICK,,,,,,,,,
IDFC - THIRUVANANTHAPURAM BRANCH,PADAM LOCHAN MALLICK,,,,,,,,,
IDFC - CALICUT BRANCH,PADAM LOCHAN MALLICK,,,,,,,,,
"IDFC - AUROBINDO GALAXY - 14, 15 20th FLRS",DEEPAK KUMAR,,,,,,,,,
IDFC - TIRUPPUR BRANCH,PADAM LOCHAN MALLICK,,,,,,,,,
IDFC - ERODE BRANCH,PADAM LOCHAN MALLICK,,,,,,,,,
IDFC - MANYATA EMBASSY TECH PARK BRANCH,Anshu Kumar Maurya,,,,,,,,,
IDFC - BANGALORE - KADUGODI BRANCH,Anshu Kumar Maurya,,,,,,,,,
IDFC - SADASHIVA NAGAR BRANCH,Anshu Kumar Maurya,,,,,,,,,
IDFC - BANGALORE - ELECTRONIC CITY BRANCH,Anshu Kumar Maurya,,,,,,,,,
IDFC - VALASARAVAKKAM BRANCH,PADAM LOCHAN MALLICK,,,,,,,,,
IDFC - NANGANALLUR BRANCH,PADAM LOCHAN MALLICK,,,,,,,,,
IDFC - CHENNAI - KOTTIVAKKAM BRANCH,PADAM LOCHAN MALLICK,,,,,,,,,
IDFC - NUZVID BRANCH,DEEPAK KUMAR,,,,,,,,,
IDFC - BANGALORE - YELAHANKA BRANCH,Anshu Kumar Maurya,,,,,,,,,
IDFC - BANGALORE - BANNERGHATTA ROADBRANCH,Anshu Kumar Maurya,,,,,,,,,
IDFC - CHENNAI - EGMORE BRANCH,PADAM LOCHAN MALLICK,,,,,,,,,
IDFC - NIZAMABAD BRANCH,DEEPAK KUMAR,,,,,,,,,
IDFC - MBL- VUYYUR,DEEPAK KUMAR,,,,,,,,,
IDFC - MBL - BANGALORE-YAHALANKA NEW TOWN,Anshu Kumar Maurya,,,,,,,,,
IDFC - MBL - RAMMOORTHY NAGAR,Anshu Kumar Maurya,,,,,,,,,
IDFC - VIJAYWADA - REGIONAL OFFICE,DEEPAK KUMAR,,,,,,,,,
IDFC - COIMBATORE - AVINASHI ROAD BRANCH,PADAM LOCHAN MALLICK,,,,,,,,,
IDFC - NELLORE BRANCH,DEEPAK KUMAR,,,,,,,,,
IDFC - CHENNAI - MOGAPPAIR BRANCH,PADAM LOCHAN MALLICK,,,,,,,,,
IDFC - HYDERABAD -NALLAGANDLA BRANCH,DEEPAK KUMAR,,,,,,,,,
IDFC - SALES HUB - HSR LAYOUT,Anshu Kumar Maurya,,,,,,,,,
IDFC - HYDERABAD - JNTU BRANCH,DEEPAK KUMAR,,,,,,,,,
IDFC - VELLORE BRANCH,PADAM LOCHAN MALLICK,,,,,,,,,
IDFC - BANGALORE - LANGFORD ROAD BRANCH,Anshu Kumar Maurya,,,,,,,,,
IDFC - BANGALORE UTTARAHALLI BRANCH,Anshu Kumar Maurya,,,,,,,,,
IDFC - KAKINADA BRANCH,DEEPAK KUMAR,,,,,,,,,
IDFC - HYDERABAD - KAVURI HILLS BRANCH,DEEPAK KUMAR,,,,,,,,,
IDFC - KOLLAM BRANCH,PADAM LOCHAN MALLICK,,,,,,,,,
IDFC - KOTTAYAM BRANCH,PADAM LOCHAN MALLICK,,,,,,,,,
IDFC - PALAKKAD BRANCH,PADAM LOCHAN MALLICK,,,,,,,,,
IDFC - TIRUNELVELI - VANNARAPETTAI BRANCH,PADAM LOCHAN MALLICK,,,,,,,,,
IDFC - BANGALORE - JP NAGAR 5TH PHASE BRANCH,Anshu Kumar Maurya,,,,,,,,,
IDFC - BANGALORE -BANASHANKARI BRANCH,Anshu Kumar Maurya,,,,,,,,,
IDFC - JALAHALLI CROSS BRANCH,Anshu Kumar Maurya,,,,,,,,,
IDFC - BANGALORE - BASAVESHWARA NAGAR BRANCH,Anshu Kumar Maurya,,,,,,,,,
IDFC - BANGALORE - AECS LAYOUT BRANCH,Anshu Kumar Maurya,,,,,,,,,
IDFC - BANGALORE - KASTURI NAGAR BRANCH,Anshu Kumar Maurya,,,,,,,,,
IDFC - CHENNAI THURAIPAKKAM BRANCH,PADAM LOCHAN MALLICK,,,,,,,,,
IDFC - CHENNAI - PURASAWALKAM BRANCH,PADAM LOCHAN MALLICK,,,,,,,,,
IDFC - COIMBATORE - SAIBABA COLONY BRANCH,PADAM LOCHAN MALLICK,,,,,,,,,
IDFC - BANGALORE - VIJAYANAGAR BRANCH,Anshu Kumar Maurya,,,,,,,,,
IDFC - KENGERI SATELLITE TOWN BRANCH,Anshu Kumar Maurya,,,,,,,,,
IDFC - BANGALORE - NAGARBHAVI BRANCH,Anshu Kumar Maurya,,,,,,,,,
IDFC - BANGALORE - JAYANAGAR 7TH BLOCK BRANCH,Anshu Kumar Maurya,,,,,,,,,
IDFC - KOLHAPUR CIRCLE BELAGAVI,Anshu Kumar Maurya,,,,,,,,,
IDFC - MBL - VISHAKAHAPATNAM GAJUWAKA,DEEPAK KUMAR,,,,,,,,,
IDFC - MBL - TUMKUR,Anshu Kumar Maurya,,,,,,,,,
IDFC - MBL - ERODE,PADAM LOCHAN MALLICK,,,,,,,,,
IDFC - MBL - DINDIGUL,PADAM LOCHAN MALLICK,,,,,,,,,
IDFC - MBL - KARUR,PADAM LOCHAN MALLICK,,,,,,,,,
IDFC - MBL - KUMBAKONAM,PADAM LOCHAN MALLICK,,,,,,,,,
IDFC - MBL - WARANGAL,DEEPAK KUMAR,,,,,,,,,
IDFC - MBL - NELLOR,DEEPAK KUMAR,,,,,,,,,
IDFC - MBL - ELURU,DEEPAK KUMAR,,,,,,,,,
IDFC - MBL - VIJAYAWADA BHAVANIPURAM,DEEPAK KUMAR,,,,,,,,,
IDFC - MBL - PUDUKOTAI,PADAM LOCHAN MALLICK,,,,,,,,,
IDFC - MBL - SULUR,PADAM LOCHAN MALLICK,,,,,,,,,
IDFC - K G ROAD BRANCH,Anshu Kumar Maurya,,,,,,,,,
IDFC - NALGONDA BRANCH,DEEPAK KUMAR,,,,,,,,,
IDFC - MIRYALAGUDA BRANCH,DEEPAK KUMAR,,,,,,,,,
IDFC - HYDERABAD-KOTHAPET BRANCH,DEEPAK KUMAR,,,,,,,,,
IDFC - HYDERABAD - A S RAO NAGAR BRANCH,DEEPAK KUMAR,,,,,,,,,
IDFC - RAICHUR BRANCH,Anshu Kumar Maurya,,,,,,,,,
IDFC - SALEM - GUGAI BRANCH,PADAM LOCHAN MALLICK,,,,,,,,,
IDFC - CHENNAI IYYAPANTHANGAL BRANCH,PADAM LOCHAN MALLICK,,,,,,,,,
IDFC - HYDERABAD-UPPAL BRANCH,DEEPAK KUMAR,,,,,,,,,
IDFC - CHENNAI - MOUNT ROAD BRANCH,PADAM LOCHAN MALLICK,,,,,,,,,
IDFC - BANGALORE - JAKKUR BRANCH,Anshu Kumar Maurya,,,,,,,,,
IDFC - Kokapet,DEEPAK KUMAR,,,,,,,,,
IDFC - BANGALORE - HSR LAYOUT SECTOR 3 BRANCH,Anshu Kumar Maurya,,,,,,,,,
IDFC - HYDERABAD - BEGUMPET BRANCH,DEEPAK KUMAR,,,,,,,,,
IDFC - CHENNAI - NEELANKARAI BRANCH,PADAM LOCHAN MALLICK,,,,,,,,,
IDFC - BANGALORE - KORAMANGALA 7TH BLOCK BRANCH,Anshu Kumar Maurya,,,,,,,,,
IDFC - Bangalore Girinagar Branch,Anshu Kumar Maurya,,,,,,,,,
"IDFC - Bangalore Kanakapura Road, Raghuvanahalli Branch",Anshu Kumar Maurya,,,,,,,,,
IDFC - Bangalore Banaswadi Branch,Anshu Kumar Maurya,,,,,,,,,
IDFC - Karimnagar,DEEPAK KUMAR,,,,,,,,,
IDFC - Bangalore Seshadripuram Branch.,Anshu Kumar Maurya,,,,,,,,,
IDFC - Hubli,Anshu Kumar Maurya,,,,,,,,,
IDFC - Bellary,Anshu Kumar Maurya,,,,,,,,,
IDFC - Kochi Thrippunithura,PADAM LOCHAN MALLICK,,,,,,,,,
IDFC - Kannur Urban Branch,PADAM LOCHAN MALLICK,,,,,,,,,
IDFC - Thrissur Patturakkal Urban branch,PADAM LOCHAN MALLICK,,,,,,,,,
IDFC - Pollachi,PADAM LOCHAN MALLICK,,,,,,,,,
IDFC - Sembakkam Branch,PADAM LOCHAN MALLICK,,,,,,,,,
IDFC - HYDERABAD - MIYAPUR BRANCH,DEEPAK KUMAR,,,,,,,,,
IDFC - Kondapur,DEEPAK KUMAR,,,,,,,,,
IDFC - Chintal,DEEPAK KUMAR,,,,,,,,,
IDFC - WARANGAL BRANCH,DEEPAK KUMAR,,,,,,,,,
IDFC - Anantapur,DEEPAK KUMAR,,,,,,,,,
IDFC - MVP Colony,DEEPAK KUMAR,,,,,,,,,
IDFC - COIMBATORE KAMARAJ ROAD,PADAM LOCHAN MALLICK,,,,,,,,,
IDFC - PATTOM,PADAM LOCHAN MALLICK,,,,,,,,,
IDFC - CHENNAI TECH HUB,PADAM LOCHAN MALLICK,,,,,,,,,
IDFC - Sowcarpet,PADAM LOCHAN MALLICK,,,,,,,,,
IDFC - Calavalas Centenary Centre - Chennai,PADAM LOCHAN MALLICK,,,,,,,,,
IDFC - Fortius Origin,Anshu Kumar Maurya,,,,,,,,,
IDFC - PUNE CAMP BRANCH,VINOD GANPAT SURYAWANSHI,,,,,,,,,
JLL - Airtel Store-Vijaynagar OR mysore - KA,Anshu Kumar Maurya,,,,,,,,,
IDFC - BORING ROAD BRANCH,BALA JEE SHARMA,,,,,,,,,
JLL - Airtel Mini Store-NR MOHALLA - KA,Anshu Kumar Maurya,,,,,,,,,
JLL - Airtel Store-Bogadi_Mini OR - KA,Anshu Kumar Maurya,,,,,,,,,
JLL - Airtel Store-Gayathri Complex OR - KA,Anshu Kumar Maurya,,,,,,,,,
JLL - Airtel Mini Store-JP Nagar Mysore - KA,Anshu Kumar Maurya,,,,,,,,,
JLL - Airtel Store-URS Road MYS - KA,Anshu Kumar Maurya,,,,,,,,,
Tenon - Jaipur,Mahindra Kumar Tiwari,,,,,,,,,
Tenon - Jaipur,Mahindra Kumar Tiwari,,,,,,,,,
IDFC - CHIKKODI BRANCH,Anshu Kumar Maurya,,,,,,,,,
IDFC - GOKAK BRANCH,Anshu Kumar Maurya,,,,,,,,,
IDFC - HONAGA BRANCH,Anshu Kumar Maurya,,,,,,,,,
IDFC - SHIGGAON BRANCH,Anshu Kumar Maurya,,,,,,,,,
IDFC - MAKARVALLI BRANCH,Anshu Kumar Maurya,,,,,,,,,
IDFC - JAMKHANDI BRANCH,Anshu Kumar Maurya,,,,,,,,,
IDFC - RAMDURGA BRANCH,Anshu Kumar Maurya,,,,,,,,,
IDFC - KOPPAL BRANCH,Anshu Kumar Maurya,,,,,,,,,
IDFC - GANGAWATI BRANCH,Anshu Kumar Maurya,,,,,,,,,
IDFC - HAVERI BRANCH,Anshu Kumar Maurya,,,,,,,,,
IDFC - RANEBENNUR BRANCH,Anshu Kumar Maurya,,,,,,,,,
IDFC - MUCHANDI BRANCH,Anshu Kumar Maurya,,,,,,,,,
IDFC - KUSHTAGI BRANCH,Anshu Kumar Maurya,,,,,,,,,
IDFC - MUDHOL BRANCH,Anshu Kumar Maurya,,,,,,,,,
IDFC - BETADUR BRANCH,Anshu Kumar Maurya,,,,,,,,,
IDFC - DAVANGERE BRANCH,Anshu Kumar Maurya,,,,,,,,,
IDFC - VIZAG BRANCH,DEEPAK KUMAR,,,,,,,,,
IDFC - ATHANI BRANCH,Anshu Kumar Maurya,,,,,,,,,
IDFC - CHANNAGIRI BRANCH,Anshu Kumar Maurya,,,,,,,,,
IDFC - HUVINAHADAGALI BRANCH,Anshu Kumar Maurya,,,,,,,,,
IDFC - HONALLI BRANCH,Anshu Kumar Maurya,,,,,,,,,
IDFC - BAILAHONGAL BRANCH,Anshu Kumar Maurya,,,,,,,,,
IDFC - VISAKHAPATNAM - DABA GARDEN BRANCH,DEEPAK KUMAR,,,,,,,,,
IDFC - AMALAPURUM BRANCH,DEEPAK KUMAR,,,,,,,,,
IDFC - ANAKAPALLI BRANCH,DEEPAK KUMAR,,,,,,,,,
IDFC - KOTTURU BRANCH,Anshu Kumar Maurya,,,,,,,,,
IDFC - SHIKARIPURA BRANCH,Anshu Kumar Maurya,,,,,,,,,
IDFC - MANGALURU BRANCH,Anshu Kumar Maurya,,,,,,,,,
IDFC - DHARMAVARAM BRANCH,DEEPAK KUMAR,,,,,,,,,
IDFC - BASAVANA BAGEWADI BRANCH,Anshu Kumar Maurya,,,,,,,,,
IDFC - SANKESHWAR BRANCH,Anshu Kumar Maurya,,,,,,,,,
IDFC - KARATAGI BRANCH,Anshu Kumar Maurya,,,,,,,,,
IDFC - BILAGI BRANCH,Anshu Kumar Maurya,,,,,,,,,
IDFC - BANHATTI BRANCH,Anshu Kumar Maurya,,,,,,,,,
IDFC - MUNDARGI BRANCH,Anshu Kumar Maurya,,,,,,,,,
IDFC - SAGARA BRANCH,Anshu Kumar Maurya,,,,,,,,,
IDFC - CHIKMANGLUR BRANCH,Anshu Kumar Maurya,,,,,,,,,
IDFC - KADUR BRANCH,Anshu Kumar Maurya,,,,,,,,,
IDFC - SIRSI BRANCH,Anshu Kumar Maurya,,,,,,,,,
IDFC - HOSADURGA BRANCH,Anshu Kumar Maurya,,,,,,,,,
IDFC - JAGTIAL BRANCH,DEEPAK KUMAR,,,,,,,,,
IDFC - KAMAREDDY BRANCH,DEEPAK KUMAR,,,,,,,,,
IDFC - CHITRADURGA BRANCH,Anshu Kumar Maurya,,,,,,,,,
IDFC - HIRIYUR BRANCH,Anshu Kumar Maurya,,,,,,,,,
IDFC - TARIKERE BRANCH,Anshu Kumar Maurya,,,,,,,,,
IDFC - HANUMAN JUNCTION BRANCH,DEEPAK KUMAR,,,,,,,,,
IDFC - JAGGAYYAPET BRANCH,DEEPAK KUMAR,,,,,,,,,
IDFC - JANGAREDDYGUDEM BRANCH,DEEPAK KUMAR,,,,,,,,,
IDFC - GADAG BRANCH,Anshu Kumar Maurya,,,,,,,,,
IDFC - MACHILIPATNAM BRANCH,DEEPAK KUMAR,,,,,,,,,
IDFC - GUDIVADA BRANCH,DEEPAK KUMAR,,,,,,,,,
IDFC - NARASARAOPET BRANCH,DEEPAK KUMAR,,,,,,,,,
IDFC - CHILAKALURIPET BRANCH,DEEPAK KUMAR,,,,,,,,,
IDFC - TENALI BRANCH,DEEPAK KUMAR,,,,,,,,,
IDFC - MANGALAGIRI BRANCH,DEEPAK KUMAR,,,,,,,,,
IDFC - TANUKU BRANCH,DEEPAK KUMAR,,,,,,,,,
IDFC - IBRAHIMPATNAM GOLLAPUDI BRANCH,DEEPAK KUMAR,,,,,,,,,
IDFC - CHINAMIRAM BRANCH,DEEPAK KUMAR,,,,,,,,,
IDFC - KARWAR BRANCH,Anshu Kumar Maurya,,,,,,,,,
IDFC - BAGALKOT BRANCH,Anshu Kumar Maurya,,,,,,,,,
IDFC - HOSAPETE BRANCH,Anshu Kumar Maurya,,,,,,,,,
IDFC - CHIRALA BRANCH,DEEPAK KUMAR,,,,,,,,,
IDFC - MBL - BIDADI,Anshu Kumar Maurya,,,,,,,,,
IDFC - MBL - JIGANI,Anshu Kumar Maurya,,,,,,,,,
IDFC - MBL - THIRUVALLUR,PADAM LOCHAN MALLICK,,,,,,,,,
IDFC - THOOTHUKUDI BRANCH,PADAM LOCHAN MALLICK,,,,,,,,,
IDFC - UDUPI BRANCH,Anshu Kumar Maurya,,,,,,,,,
IDFC - KAVALI BRANCH,DEEPAK KUMAR,,,,,,,,,
IDFC - GUDUR BRANCH,DEEPAK KUMAR,,,,,,,,,
IDFC - MADANAPALLE BRANCH,DEEPAK KUMAR,,,,,,,,,
IDFC - MBL - TIRUPATTUR,PADAM LOCHAN MALLICK,,,,,,,,,
IDFC - MBL - KRISHNAGIRI,PADAM LOCHAN MALLICK,,,,,,,,,
IDFC - MBL - NAMAKKAL,PADAM LOCHAN MALLICK,,,,,,,,,
IDFC - MBL - SIVAKASI,PADAM LOCHAN MALLICK,,,,,,,,,
IDFC - MBL - THENI,PADAM LOCHAN MALLICK,,,,,,,,,
IDFC - MBL - THANJAVUR,PADAM LOCHAN MALLICK,,,,,,,,,
IDFC - MBL - PERAMBALUR,PADAM LOCHAN MALLICK,,,,,,,,,
IDFC - MBL - TIRUVANNAMALAI,PADAM LOCHAN MALLICK,,,,,,,,,
IDFC - MBL - SIDDIPET,DEEPAK KUMAR,,,,,,,,,
IDFC - MANCHERIAL BRANCH,DEEPAK KUMAR,,,,,,,,,
IDFC - MBL - KANCHIPURAM,PADAM LOCHAN MALLICK,,,,,,,,,
IDFC - MAHABUBNAGAR BRANCH,DEEPAK KUMAR,,,,,,,,,
IDFC - MANDAPETA BRANCH,DEEPAK KUMAR,,,,,,,,,
IDFC - NARASAPURAM BRANCH,DEEPAK KUMAR,,,,,,,,,
IDFC - MBL - ONGOLE,DEEPAK KUMAR,,,,,,,,,
IDFC - PEDDAPALLI BRANCH,DEEPAK KUMAR,,,,,,,,,
IDFC - MYSURU BRANCH,Anshu Kumar Maurya,,,,,,,,,
IDFC - MYSORE- SIDDU COMPLEX,Anshu Kumar Maurya,,,,,,,,,
IDFC - MBL - KUMARAPALYAM,PADAM LOCHAN MALLICK,,,,,,,,,
IDFC - MBL - POLLACHI,PADAM LOCHAN MALLICK,,,,,,,,,
IDFC - MBL - THIRUCHEGODU,PADAM LOCHAN MALLICK,,,,,,,,,
IDFC - MBL - THIRUMANGALAM,PADAM LOCHAN MALLICK,,,,,,,,,
IDFC - MBL - RASIPURAM,PADAM LOCHAN MALLICK,,,,,,,,,
IDFC - MBL - KARAIKUDI,PADAM LOCHAN MALLICK,,,,,,,,,
IDFC - MBL - GUDIAYATHAM,PADAM LOCHAN MALLICK,,,,,,,,,
IDFC - MBL - CHENGALPET,PADAM LOCHAN MALLICK,,,,,,,,,
IDFC - MBL - AVINASHI,PADAM LOCHAN MALLICK,,,,,,,,,
IDFC - MBL - VILLUPURAM,PADAM LOCHAN MALLICK,,,,,,,,,
IDFC - MBL - DHARMAPURI,PADAM LOCHAN MALLICK,,,,,,,,,
IDFC - MBL - KALLAKURICHI,PADAM LOCHAN MALLICK,,,,,,,,,
IDFC - MBL - ATTUR,PADAM LOCHAN MALLICK,,,,,,,,,
IDFC - MBL - PERIYANAKAPALAYAM,PADAM LOCHAN MALLICK,,,,,,,,,
IDFC - MBL - MAHBUBNAGAR,DEEPAK KUMAR,,,,,,,,,
IDFC - KARNATAKA-DEVARAJA URS ROAD BRANCH,Anshu Kumar Maurya,,,,,,,,,
IDFC - ERNAKULAM BRANCH,PADAM LOCHAN MALLICK,,,,,,,,,
IDFC - SURYAPET BRANCH,DEEPAK KUMAR,,,,,,,,,
IDFC - PONDICHERRY BRANCH,PADAM LOCHAN MALLICK,,,,,,,,,
IDFC - LINGSUGUR BRANCH,Anshu Kumar Maurya,,,,,,,,,
IDFC - JANGAON BRANCH,DEEPAK KUMAR,,,,,,,,,
IDFC - BAILHONGAL - OFFICE - RURAL,Anshu Kumar Maurya,,,,,,,,,
IDFC - RAMDURGA - OFFICE - RURAL,Anshu Kumar Maurya,,,,,,,,,
IDFC - MBL - TADEPALLIGUDEM,DEEPAK KUMAR,,,,,,,,,
IDFC - ADILABAD BRANCH,DEEPAK KUMAR,,,,,,,,,
IDFC - SIDDIPET BRANCH,DEEPAK KUMAR,,,,,,,,,
IDFC - YADGIR BRANCH,Anshu Kumar Maurya,,,,,,,,,
IDFC - TADPATRI BRANCH,DEEPAK KUMAR,,,,,,,,,
IDFC - MBL - KARIMNAGAR,DEEPAK KUMAR,,,,,,,,,
IDFC - THRISSUR - EAST FORT THRISSUR BRANCH,PADAM LOCHAN MALLICK,,,,,,,,,
IDFC - GHATKESAR BRANCH,DEEPAK KUMAR,,,,,,,,,
IDFC - Tirupati,DEEPAK KUMAR,,,,,,,,,
IDFC - KOCHI - KAKKANAD BRANCH,PADAM LOCHAN MALLICK,,,,,,,,,
IDFC - TUNI BRANCH,DEEPAK KUMAR,,,,,,,,,
IDFC - Vijayapura Branch,Anshu Kumar Maurya,,,,,,,,,
IDFC - HINDUPUR BRANCH,DEEPAK KUMAR,,,,,,,,,
IDFC - Kanpur-Meghdoot,GOVIND KUMAR SINGH,,,,,,,,,
Sector 57 Bestech Central Square Branch,RAVI MISHRA,,,,,,,,,
JLL - Airtel Store-Talab Tillo - J&K,SUNIL THAKUR,,,,,,,,,
JLL - Airtel Store-Andheri Chakla MUM - MH,BARGE DEVIDAS RAMCHANDRA,,,,,,,,,
JLL - Airtel Ministore Nirnaynagar - GJ,RAJESH DAVE,,,,,,,,,
IDFC - Nawada Branch,BALA JEE SHARMA,,,,,,,,,
CBRE - IDFC - Airoli,SHILPA MORE,,,,,,,,,
ITTC - Kanjurmarg,SHILPA MORE,,,,,,,,,
JLL - Black Rock - Goregaon Western,SHILPA MORE,,,,,,,,,
CBRE - WIPRO - Hosur - KK,Anshu Kumar Maurya,,,,,,,,,
IBM - Bangalore,Anshu Kumar Maurya,,,,,,,,,
IDFC - Hoshangabad Branch,KAMAL PRAJAPATI,,,,,,,,,
IDFC - Gurgaon-Sec 65/Sec 67 Branch (WIP),RAVI MISHRA,,,,,,,,,
JLL - Airtel Mini Store-Hari nagar - DL,DINESH KUMAR,,,,,,,,,
JLL - Airtel Mini Store-Paharganj Delhi,DINESH KUMAR,,,,,,,,,
IDFC - Dummy Branch,RAVI MISHRA,,,,,,,,,
JLL - Airtel Mini Store-Saroor Nagar - TS,DEEPAK KUMAR,,,,,,,,,
JLL - Airtel Mini Store-BN reddy Nagar - TS,DEEPAK KUMAR,,,,,,,,,
JLL - Airtel Store-Dharwad - KA,Anshu Kumar Maurya,,,,,,,,,
JLL - Airtel Mini Store-Jaipuria Sun Plaza - UP,DINESH KUMAR,,,,,,,,,
JLL - Airtel Mini Store-Shimlapuri - PB,SUNIL THAKUR,,,,,,,,,
JLL - Airtel Store-Gajularamaram Mini - TS,DEEPAK KUMAR,,,,,,,,,
JLL - Airtel Mini Store-CHHERTHA ROAD AMRITSAR - PB,SUNIL THAKUR,,,,,,,,,
JLL - Airtel MINI Store Ram nagar panipat - HR,SUNIL THAKUR,,,,,,,,,
BA - Bahu Plaza - J&K,SUNIL THAKUR,,,,,,,,,
JLL - Airtel Store-Jail Road DEL - DL,DINESH KUMAR,,,,,,,,,
JLL - Airtel Store-Mayur Vihar-1,DINESH KUMAR,,,,,,,,,
WIPRO - Onyx GGN,KHUSHBOO RAI,,,,,,,,,
TATA 1MG - Old Railway Road - GGN,YASHVENDER SINGH,,,,,,,,,
91 - Shimla,SUNIL THAKUR,,,,,,,,,
JLL - Airtel Store-Veerapandi Mini - TN,PADAM LOCHAN MALLICK,,,,,,,,,
JLL - Airtel Store-Tirunelveli NGS - TN,PADAM LOCHAN MALLICK,,,,,,,,,
JLL - Airtel Mini Store-Kottar - TN,PADAM LOCHAN MALLICK,,,,,,,,,
NTT - Noida SEC-144,GOVIND KUMAR SINGH,,,,,,,,,
Rolls Royce - Connaught Place - DL,KHUSHBOO RAI,,,,,,,,,
JLL - Airtel Mini Store-Santacruz - MH,BARGE DEVIDAS RAMCHANDRA,,,,,,,,,
JLL - Airtel Store-Dimapur - NG,Barsha Kumari Singh,,,,,,,,,
JLL - Airtel Store-Korattur Mini - TN,PADAM LOCHAN MALLICK,,,,,,,,,
JLL - Airtel Store NGSÂ Jagat Farm - UP,DINESH KUMAR,,,,,,,,,
JLL - Airtel Store-Chetpet Mini - TN,PADAM LOCHAN MALLICK,,,,,,,,,
